# https://github.com/mikedh/trimesh

o gripper_finger_pad_66x26_bump_minus_0p5mm_sim.stl
v -0.01116351 -0.01300496 0.04262116 0.25490196 0.25490196 0.25490196
v -0.00732594 -0.01300496 0.04272609 0.25490196 0.25490196 0.25490196
v -0.00831531 -0.01300496 0.04313833 0.25490196 0.25490196 0.25490196
v -0.01349453 -0.01300496 0.04565674 0.25490196 0.25490196 0.25490196
v -0.01209292 -0.01300496 0.04696841 0.25490196 0.25490196 0.25490196
v -0.01366693 -0.01300496 0.04695342 0.25490196 0.25490196 0.25490196
v -0.01299985 -0.01300496 0.04445000 0.25490196 0.25490196 0.25490196
v -0.01220535 -0.01300496 0.04341566 0.25490196 0.25490196 0.25490196
v -0.01366693 -0.01300496 0.04696841 0.25490196 0.25490196 0.25490196
v -0.01363694 -0.01300496 0.04752306 0.25490196 0.25490196 0.25490196
v -0.01209292 -0.01300496 0.05206519 0.25490196 0.25490196 0.25490196
v -0.01302233 -0.01300496 0.05206519 0.25490196 0.25490196 0.25490196
v -0.01209292 -0.01300496 0.04333321 0.25490196 0.25490196 0.25490196
v -0.01036901 -0.01300496 0.04576167 0.25490196 0.25490196 0.25490196
v -0.01036901 -0.01300496 0.04798777 0.25490196 0.25490196 0.25490196
v -0.01209292 -0.01300496 0.05425380 0.25490196 0.25490196 0.25490196
v -0.01272252 -0.01300496 0.05425380 0.25490196 0.25490196 0.25490196
v -0.01231028 -0.01300496 0.05734935 0.25490196 0.25490196 0.25490196
v -0.01209292 -0.01300496 0.05858606 0.25490196 0.25490196 0.25490196
v -0.01183808 -0.01300496 0.04313833 0.25490196 0.25490196 0.25490196
v -0.00925222 -0.01300496 0.04383539 0.25490196 0.25490196 0.25490196
v -0.00993429 -0.01300496 0.04472733 0.25490196 0.25490196 0.25490196
v -0.01051142 -0.01300496 0.04687847 0.25490196 0.25490196 0.25490196
v -0.01050393 -0.01300496 0.04696841 0.25490196 0.25490196 0.25490196
v -0.00993429 -0.01300496 0.04902961 0.25490196 0.25490196 0.25490196
v -0.00925222 -0.01300496 0.04992154 0.25490196 0.25490196 0.25490196
v -0.00836028 -0.01300496 0.04315332 0.25490196 0.25490196 0.25490196
v -0.00631408 -0.01300496 0.05206519 0.25490196 0.25490196 0.25490196
v -0.00667385 -0.01300496 0.05761917 0.25490196 0.25490196 0.25490196
v -0.00836028 -0.01300496 0.05060361 0.25490196 0.25490196 0.25490196
v -0.01036901 -0.00650496 0.04576167 0.25490196 0.25490196 0.25490196
v -0.00993429 -0.00650496 0.04472733 0.25490196 0.25490196 0.25490196
v -0.01051142 -0.00650496 0.04687847 0.25490196 0.25490196 0.25490196
v -0.01036901 -0.00650496 0.04798777 0.25490196 0.25490196 0.25490196
v -0.00925222 -0.00650496 0.04383539 0.25490196 0.25490196 0.25490196
v -0.00993429 -0.00650496 0.04902961 0.25490196 0.25490196 0.25490196
v -0.00925222 -0.00650496 0.04992154 0.25490196 0.25490196 0.25490196
v -0.00836028 -0.00650496 0.04315332 0.25490196 0.25490196 0.25490196
v -0.00934966 -0.00650496 0.04603900 0.25490196 0.25490196 0.25490196
v -0.00946208 -0.00650496 0.04687847 0.25490196 0.25490196 0.25490196
v -0.00902736 -0.00650496 0.04525200 0.25490196 0.25490196 0.25490196
v -0.00851019 -0.00650496 0.04457742 0.25490196 0.25490196 0.25490196
v -0.00934966 -0.00650496 0.04771793 0.25490196 0.25490196 0.25490196
v -0.00902736 -0.00650496 0.04850494 0.25490196 0.25490196 0.25490196
v -0.00851019 -0.00650496 0.04917951 0.25490196 0.25490196 0.25490196
v -0.00836028 -0.00650496 0.05060361 0.25490196 0.25490196 0.25490196
v -0.00684624 -0.01300496 0.04012524 0.25490196 0.25490196 0.25490196
v -0.00631408 -0.01300496 0.04259118 0.25490196 0.25490196 0.25490196
v -0.00631408 -0.01300496 0.03981793 0.25490196 0.25490196 0.25490196
v -0.00631408 -0.01300496 0.04012524 0.25490196 0.25490196 0.25490196
v -0.00620914 -0.01300496 0.04257619 0.25490196 0.25490196 0.25490196
v -0.00732594 -0.00650496 0.04272609 0.25490196 0.25490196 0.25490196
v -0.00620914 -0.00650496 0.04257619 0.25490196 0.25490196 0.25490196
v -0.00418542 -0.01300496 0.03859620 0.25490196 0.25490196 0.25490196
v -0.00509984 -0.01300496 0.04272609 0.25490196 0.25490196 0.25490196
v -0.00418542 -0.01300496 0.04012524 0.25490196 0.25490196 0.25490196
v -0.00418542 -0.01300496 0.04310085 0.25490196 0.25490196 0.25490196
v -0.00285127 -0.01300496 0.04012524 0.25490196 0.25490196 0.25490196
v -0.00411047 -0.01300496 0.04313833 0.25490196 0.25490196 0.25490196
v -0.00509984 -0.00650496 0.04272609 0.25490196 0.25490196 0.25490196
v -0.00631408 -0.01300496 0.05425380 0.25490196 0.25490196 0.25490196
v -0.00647147 -0.01300496 0.05725940 0.25490196 0.25490196 0.25490196
v -0.00659889 -0.01300496 0.05742430 0.25490196 0.25490196 0.25490196
v -0.00631408 -0.01300496 0.05713948 0.25490196 0.25490196 0.25490196
v -0.00670383 -0.01300496 0.05782904 0.25490196 0.25490196 0.25490196
v -0.00669633 -0.01300496 0.05794897 0.25490196 0.25490196 0.25490196
v -0.00732594 -0.01300496 0.05103084 0.25490196 0.25490196 0.25490196
v -0.00631408 -0.01300496 0.05116576 0.25490196 0.25490196 0.25490196
v -0.00620914 -0.01300496 0.05118074 0.25490196 0.25490196 0.25490196
v -0.00630658 -0.01300496 0.05713198 0.25490196 0.25490196 0.25490196
v -0.00732594 -0.00650496 0.05103084 0.25490196 0.25490196 0.25490196
v -0.00620914 -0.00650496 0.05118074 0.25490196 0.25490196 0.25490196
v -0.00418542 -0.01300496 0.05206519 0.25490196 0.25490196 0.25490196
v -0.00509984 -0.01300496 0.05103084 0.25490196 0.25490196 0.25490196
v -0.00418542 -0.01300496 0.05591026 0.25490196 0.25490196 0.25490196
v -0.00418542 -0.01300496 0.05065608 0.25490196 0.25490196 0.25490196
v -0.00418542 -0.01300496 0.05425380 0.25490196 0.25490196 0.25490196
v -0.00406550 -0.01300496 0.05060361 0.25490196 0.25490196 0.25490196
v -0.00285127 -0.01300496 0.05206519 0.25490196 0.25490196 0.25490196
v -0.00342091 -0.01300496 0.05547553 0.25490196 0.25490196 0.25490196
v -0.00406550 -0.00650496 0.04315332 0.25490196 0.25490196 0.25490196
v -0.00406550 -0.01300496 0.04315332 0.25490196 0.25490196 0.25490196
v -0.00406550 -0.00650496 0.05060361 0.25490196 0.25490196 0.25490196
v -0.00317356 -0.01300496 0.04992154 0.25490196 0.25490196 0.25490196
v -0.00509984 -0.00650496 0.05103084 0.25490196 0.25490196 0.25490196
v -0.00783561 -0.00650496 0.04406025 0.25490196 0.25490196 0.25490196
v -0.00705611 -0.00650496 0.04373795 0.25490196 0.25490196 0.25490196
v -0.00783561 -0.00650496 0.04968919 0.25490196 0.25490196 0.25490196
v -0.00620914 -0.00650496 0.04362552 0.25490196 0.25490196 0.25490196
v -0.00705611 -0.00650496 0.05001898 0.25490196 0.25490196 0.25490196
v -0.00620914 -0.00650496 0.05013141 0.25490196 0.25490196 0.25490196
v -0.00317356 -0.00650496 0.04383539 0.25490196 0.25490196 0.25490196
v -0.00536967 -0.00650496 0.04373795 0.25490196 0.25490196 0.25490196
v -0.00459017 -0.00650496 0.04406025 0.25490196 0.25490196 0.25490196
v -0.00536967 -0.00650496 0.05001898 0.25490196 0.25490196 0.25490196
v -0.00391559 -0.00650496 0.04457742 0.25490196 0.25490196 0.25490196
v -0.00459017 -0.00650496 0.04968919 0.25490196 0.25490196 0.25490196
v -0.00391559 -0.00650496 0.04917951 0.25490196 0.25490196 0.25490196
v -0.00317356 -0.00650496 0.04992154 0.25490196 0.25490196 0.25490196
v -0.01177063 -0.01300496 0.06038493 0.25490196 0.25490196 0.25490196
v -0.00631408 -0.01300496 0.06038493 0.25490196 0.25490196 0.25490196
v -0.01058637 -0.01300496 0.06711567 0.25490196 0.25490196 0.25490196
v -0.00631408 -0.01300496 0.06821748 0.25490196 0.25490196 0.25490196
v -0.01034652 -0.01300496 0.06821748 0.25490196 0.25490196 0.25490196
v -0.00649396 -0.01300496 0.05923815 0.25490196 0.25490196 0.25490196
v -0.00644149 -0.01300496 0.05941804 0.25490196 0.25490196 0.25490196
v -0.00635155 -0.01300496 0.05957544 0.25490196 0.25490196 0.25490196
v -0.00631408 -0.01300496 0.05962041 0.25490196 0.25490196 0.25490196
v -0.00622413 -0.01300496 0.05971785 0.25490196 0.25490196 0.25490196
v -0.00607423 -0.01300496 0.05982278 0.25490196 0.25490196 0.25490196
v -0.00591683 -0.01300496 0.06267098 0.25490196 0.25490196 0.25490196
v -0.00631408 -0.01300496 0.07392886 0.25490196 0.25490196 0.25490196
v -0.00910231 -0.01300496 0.07392886 0.25490196 0.25490196 0.25490196
v -0.00589434 -0.01300496 0.05989024 0.25490196 0.25490196 0.25490196
v -0.00571445 -0.01300496 0.05991273 0.25490196 0.25490196 0.25490196
v -0.00584187 -0.01300496 0.06232620 0.25490196 0.25490196 0.25490196
v -0.00590183 -0.01300496 0.06249109 0.25490196 0.25490196 0.25490196
v -0.00574444 -0.01300496 0.06216880 0.25490196 0.25490196 0.25490196
v -0.00561702 -0.01300496 0.06204138 0.25490196 0.25490196 0.25490196
v -0.00546711 -0.01300496 0.06195144 0.25490196 0.25490196 0.25490196
v -0.00529472 -0.01300496 0.06189148 0.25490196 0.25490196 0.25490196
v -0.00552707 -0.01300496 0.05989024 0.25490196 0.25490196 0.25490196
v -0.00418542 -0.01300496 0.06038493 0.25490196 0.25490196 0.25490196
v -0.00418542 -0.01300496 0.06163663 0.25490196 0.25490196 0.25490196
v -0.00590933 -0.01300496 0.06280589 0.25490196 0.25490196 0.25490196
v -0.00546711 -0.01300496 0.06533179 0.25490196 0.25490196 0.25490196
v -0.00418542 -0.01300496 0.05958294 0.25490196 0.25490196 0.25490196
v -0.00285127 -0.01300496 0.05928312 0.25490196 0.25490196 0.25490196
v -0.00285127 -0.01300496 0.06038493 0.25490196 0.25490196 0.25490196
v -0.00540715 -0.01300496 0.06551169 0.25490196 0.25490196 0.25490196
v -0.00460516 -0.01300496 0.06821748 0.25490196 0.25490196 0.25490196
v -0.00530971 -0.01300496 0.06567658 0.25490196 0.25490196 0.25490196
v -0.00443277 -0.01300496 0.06806757 0.25490196 0.25490196 0.25490196
v -0.00517480 -0.01300496 0.06581899 0.25490196 0.25490196 0.25490196
v -0.00479254 -0.01300496 0.06854726 0.25490196 0.25490196 0.25490196
v -0.00481502 -0.01300496 0.06874963 0.25490196 0.25490196 0.25490196
v -0.00471758 -0.01300496 0.06835988 0.25490196 0.25490196 0.25490196
v -0.00480003 -0.01300496 0.06889954 0.25490196 0.25490196 0.25490196
v -0.00429035 -0.01300496 0.07149290 0.25490196 0.25490196 0.25490196
v -0.00423039 -0.01300496 0.07168028 0.25490196 0.25490196 0.25490196
v -0.00500990 -0.01300496 0.06591643 0.25490196 0.25490196 0.25490196
v -0.00482252 -0.01300496 0.06597639 0.25490196 0.25490196 0.25490196
v -0.00463514 -0.01300496 0.06598389 0.25490196 0.25490196 0.25490196
v -0.00459017 -0.01300496 0.06819499 0.25490196 0.25490196 0.25490196
v -0.00444026 -0.01300496 0.06595390 0.25490196 0.25490196 0.25490196
v -0.00418542 -0.01300496 0.06797013 0.25490196 0.25490196 0.25490196
v -0.00425288 -0.01300496 0.06798512 0.25490196 0.25490196 0.25490196
v -0.00418542 -0.01300496 0.06587146 0.25490196 0.25490196 0.25490196
v -0.00285127 -0.01300496 0.06545922 0.25490196 0.25490196 0.25490196
v -0.00418542 -0.01300496 0.07392886 0.25490196 0.25490196 0.25490196
v -0.00418542 -0.01300496 0.07174025 0.25490196 0.25490196 0.25490196
v -0.00411796 -0.01300496 0.07184518 0.25490196 0.25490196 0.25490196
v -0.00397555 -0.01300496 0.07198009 0.25490196 0.25490196 0.25490196
v -0.00379567 -0.01300496 0.07207753 0.25490196 0.25490196 0.25490196
v -0.00360829 -0.01300496 0.07213000 0.25490196 0.25490196 0.25490196
v -0.00847271 -0.01300496 0.07680704 0.25490196 0.25490196 0.25490196
v -0.00765573 -0.01300496 0.07991758 0.25490196 0.25490196 0.25490196
v -0.00631408 -0.01300496 0.07991758 0.25490196 0.25490196 0.25490196
v -0.00631408 -0.01300496 0.08508930 0.25490196 0.25490196 0.25490196
v -0.00354083 -0.01300496 0.07471587 0.25490196 0.25490196 0.25490196
v -0.00356331 -0.01300496 0.07491074 0.25490196 0.25490196 0.25490196
v -0.00347337 -0.01300496 0.07453598 0.25490196 0.25490196 0.25490196
v -0.00354083 -0.01300496 0.07507564 0.25490196 0.25490196 0.25490196
v -0.00418542 -0.01300496 0.07991758 0.25490196 0.25490196 0.25490196
v -0.00418542 -0.01300496 0.08628854 0.25490196 0.25490196 0.25490196
v -0.00599927 -0.01300496 0.08628854 0.25490196 0.25490196 0.25490196
v -0.00596929 -0.01300496 0.08640098 0.25490196 0.25490196 0.25490196
v -0.00285127 -0.01300496 0.07991758 0.25490196 0.25490196 0.25490196
v -0.00418542 -0.01300496 0.09252113 0.25490196 0.25490196 0.25490196
v -0.00285127 -0.01300496 0.08628854 0.25490196 0.25490196 0.25490196
v -0.01116351 0.01299504 0.04262116 0.25490196 0.25490196 0.25490196
v -0.01299985 0.01299504 0.04445000 0.25490196 0.25490196 0.25490196
v -0.01349453 0.01299504 0.04565674 0.25490196 0.25490196 0.25490196
v -0.01220535 0.01299504 0.04341566 0.25490196 0.25490196 0.25490196
v -0.01366693 0.01299504 0.04696841 0.25490196 0.25490196 0.25490196
v -0.01363694 0.01299504 0.04752306 0.25490196 0.25490196 0.25490196
v -0.01302233 0.01299504 0.05206519 0.25490196 0.25490196 0.25490196
v -0.01209292 0.01299504 0.04333321 0.25490196 0.25490196 0.25490196
v -0.01183808 0.01299504 0.04313833 0.25490196 0.25490196 0.25490196
v -0.01272252 0.01299504 0.05425380 0.25490196 0.25490196 0.25490196
v -0.01231028 0.01299504 0.05734935 0.25490196 0.25490196 0.25490196
v -0.01209292 0.01299504 0.05858606 0.25490196 0.25490196 0.25490196
v -0.00934966 0.00649504 0.04603900 0.25490196 0.25490196 0.25490196
v -0.00851019 0.00649504 0.04457742 0.25490196 0.25490196 0.25490196
v -0.00902736 0.00649504 0.04525200 0.25490196 0.25490196 0.25490196
v -0.00946208 0.00649504 0.04687847 0.25490196 0.25490196 0.25490196
v -0.00934966 0.00649504 0.04771793 0.25490196 0.25490196 0.25490196
v -0.00902736 0.00649504 0.04850494 0.25490196 0.25490196 0.25490196
v -0.00684624 0.01299504 0.04012524 0.25490196 0.25490196 0.25490196
v -0.00631408 0.01299504 0.03981793 0.25490196 0.25490196 0.25490196
v -0.00418542 0.01299504 0.03859620 0.25490196 0.25490196 0.25490196
v -0.00357830 -0.01300496 0.03824393 0.25490196 0.25490196 0.25490196
v -0.00647147 0.01299504 0.05725940 0.25490196 0.25490196 0.25490196
v -0.00667385 0.01299504 0.05761917 0.25490196 0.25490196 0.25490196
v -0.00670383 0.01299504 0.05782904 0.25490196 0.25490196 0.25490196
v -0.00659889 0.01299504 0.05742430 0.25490196 0.25490196 0.25490196
v -0.00631408 0.01299504 0.05713948 0.25490196 0.25490196 0.25490196
v -0.00630658 0.01299504 0.05713198 0.25490196 0.25490196 0.25490196
v -0.00418542 0.01299504 0.05591026 0.25490196 0.25490196 0.25490196
v -0.00783561 0.00649504 0.04406025 0.25490196 0.25490196 0.25490196
v -0.00851019 0.00649504 0.04917951 0.25490196 0.25490196 0.25490196
v -0.00783561 0.00649504 0.04968919 0.25490196 0.25490196 0.25490196
v -0.00705611 0.00649504 0.04373795 0.25490196 0.25490196 0.25490196
v -0.00620914 0.00649504 0.04362552 0.25490196 0.25490196 0.25490196
v -0.00705611 0.00649504 0.05001898 0.25490196 0.25490196 0.25490196
v -0.00536967 0.00649504 0.04373795 0.25490196 0.25490196 0.25490196
v -0.00620914 0.00649504 0.05013141 0.25490196 0.25490196 0.25490196
v -0.00536967 0.00649504 0.05001898 0.25490196 0.25490196 0.25490196
v -0.00459017 0.00649504 0.04406025 0.25490196 0.25490196 0.25490196
v -0.00391559 0.00649504 0.04457742 0.25490196 0.25490196 0.25490196
v -0.00459017 0.00649504 0.04968919 0.25490196 0.25490196 0.25490196
v -0.00391559 0.00649504 0.04917951 0.25490196 0.25490196 0.25490196
v -0.00339842 -0.00650496 0.04850494 0.25490196 0.25490196 0.25490196
v -0.01177063 0.01299504 0.06038493 0.25490196 0.25490196 0.25490196
v -0.01058637 0.01299504 0.06711567 0.25490196 0.25490196 0.25490196
v -0.01034652 0.01299504 0.06821748 0.25490196 0.25490196 0.25490196
v -0.00910231 0.01299504 0.07392886 0.25490196 0.25490196 0.25490196
v -0.00847271 0.01299504 0.07680704 0.25490196 0.25490196 0.25490196
v -0.00669633 0.01299504 0.05794897 0.25490196 0.25490196 0.25490196
v -0.00649396 0.01299504 0.05923815 0.25490196 0.25490196 0.25490196
v -0.00644149 0.01299504 0.05941804 0.25490196 0.25490196 0.25490196
v -0.00635155 0.01299504 0.05957544 0.25490196 0.25490196 0.25490196
v -0.00631408 0.01299504 0.05962041 0.25490196 0.25490196 0.25490196
v -0.00622413 0.01299504 0.05971785 0.25490196 0.25490196 0.25490196
v -0.00607423 0.01299504 0.05982278 0.25490196 0.25490196 0.25490196
v -0.00589434 0.01299504 0.05989024 0.25490196 0.25490196 0.25490196
v -0.00571445 0.01299504 0.05991273 0.25490196 0.25490196 0.25490196
v -0.00561702 0.01299504 0.06204138 0.25490196 0.25490196 0.25490196
v -0.00552707 0.01299504 0.05989024 0.25490196 0.25490196 0.25490196
v -0.00546711 0.01299504 0.06195144 0.25490196 0.25490196 0.25490196
v -0.00529472 0.01299504 0.06189148 0.25490196 0.25490196 0.25490196
v -0.00590183 0.01299504 0.06249109 0.25490196 0.25490196 0.25490196
v -0.00584187 0.01299504 0.06232620 0.25490196 0.25490196 0.25490196
v -0.00591683 0.01299504 0.06267098 0.25490196 0.25490196 0.25490196
v -0.00574444 0.01299504 0.06216880 0.25490196 0.25490196 0.25490196
v -0.00590933 0.01299504 0.06280589 0.25490196 0.25490196 0.25490196
v -0.00546711 0.01299504 0.06533179 0.25490196 0.25490196 0.25490196
v -0.00540715 0.01299504 0.06551169 0.25490196 0.25490196 0.25490196
v -0.00530971 0.01299504 0.06567658 0.25490196 0.25490196 0.25490196
v -0.00517480 0.01299504 0.06581899 0.25490196 0.25490196 0.25490196
v -0.00500990 0.01299504 0.06591643 0.25490196 0.25490196 0.25490196
v -0.00418542 0.01299504 0.06163663 0.25490196 0.25490196 0.25490196
v -0.00418542 0.01299504 0.05958294 0.25490196 0.25490196 0.25490196
v -0.00444026 0.01299504 0.06595390 0.25490196 0.25490196 0.25490196
v -0.00418542 0.01299504 0.06587146 0.25490196 0.25490196 0.25490196
v -0.00482252 0.01299504 0.06597639 0.25490196 0.25490196 0.25490196
v -0.00463514 0.01299504 0.06598389 0.25490196 0.25490196 0.25490196
v -0.00481502 0.01299504 0.06874963 0.25490196 0.25490196 0.25490196
v -0.00479254 0.01299504 0.06854726 0.25490196 0.25490196 0.25490196
v -0.00460516 0.01299504 0.06821748 0.25490196 0.25490196 0.25490196
v -0.00471758 0.01299504 0.06835988 0.25490196 0.25490196 0.25490196
v -0.00480003 0.01299504 0.06889954 0.25490196 0.25490196 0.25490196
v -0.00459017 0.01299504 0.06819499 0.25490196 0.25490196 0.25490196
v -0.00443277 0.01299504 0.06806757 0.25490196 0.25490196 0.25490196
v -0.00425288 0.01299504 0.06798512 0.25490196 0.25490196 0.25490196
v -0.00418542 0.01299504 0.06797013 0.25490196 0.25490196 0.25490196
v -0.00429035 0.01299504 0.07149290 0.25490196 0.25490196 0.25490196
v -0.00423039 0.01299504 0.07168028 0.25490196 0.25490196 0.25490196
v -0.00418542 0.01299504 0.07174025 0.25490196 0.25490196 0.25490196
v -0.00411796 0.01299504 0.07184518 0.25490196 0.25490196 0.25490196
v -0.00397555 0.01299504 0.07198009 0.25490196 0.25490196 0.25490196
v -0.00379567 0.01299504 0.07207753 0.25490196 0.25490196 0.25490196
v -0.00765573 0.01299504 0.07991758 0.25490196 0.25490196 0.25490196
v -0.00631408 0.01299504 0.08508930 0.25490196 0.25490196 0.25490196
v -0.00599927 0.01299504 0.08628854 0.25490196 0.25490196 0.25490196
v -0.00596929 0.01299504 0.08640098 0.25490196 0.25490196 0.25490196
v -0.00347337 -0.01300496 0.03819895 0.25490196 0.25490196 0.25490196
v -0.00336094 -0.01300496 0.03817647 0.25490196 0.25490196 0.25490196
v -0.00324102 -0.01300496 0.03818396 0.25490196 0.25490196 0.25490196
v -0.00312859 -0.01300496 0.03821394 0.25490196 0.25490196 0.25490196
v -0.00303115 -0.01300496 0.03827391 0.25490196 0.25490196 0.25490196
v -0.00294870 -0.01300496 0.03835635 0.25490196 0.25490196 0.25490196
v -0.00285127 -0.01300496 0.03853624 0.25490196 0.25490196 0.25490196
v -0.00284377 -0.01300496 0.03855873 0.25490196 0.25490196 0.25490196
v -0.00282878 -0.01300496 0.03867116 0.25490196 0.25490196 0.25490196
v -0.00288125 -0.01300496 0.03844630 0.25490196 0.25490196 0.25490196
v -0.00282878 -0.01300496 0.03982543 0.25490196 0.25490196 0.25490196
v -0.00285127 -0.01300496 0.04313833 0.25490196 0.25490196 0.25490196
v -0.00281379 -0.01300496 0.03996034 0.25490196 0.25490196 0.25490196
v -0.00276132 -0.01300496 0.04008027 0.25490196 0.25490196 0.25490196
v -0.00272385 -0.01300496 0.04012524 0.25490196 0.25490196 0.25490196
v -0.00268637 -0.01300496 0.04018520 0.25490196 0.25490196 0.25490196
v -0.00258144 -0.01300496 0.04026015 0.25490196 0.25490196 0.25490196
v -0.00246151 -0.01300496 0.04031262 0.25490196 0.25490196 0.25490196
v -0.00232660 -0.01300496 0.04032761 0.25490196 0.25490196 0.25490196
v -0.00219918 -0.01300496 0.04031262 0.25490196 0.25490196 0.25490196
v 0.00232046 -0.01300496 0.04313833 0.25490196 0.25490196 0.25490196
v -0.00207925 -0.01300496 0.04026015 0.25490196 0.25490196 0.25490196
v -0.00184690 -0.01300496 0.04012524 0.25490196 0.25490196 0.25490196
v 0.00232046 -0.01300496 0.04012524 0.25490196 0.25490196 0.25490196
v 0.00232046 -0.01300496 0.03771926 0.25490196 0.25490196 0.25490196
v -0.00317356 -0.01300496 0.04383539 0.25490196 0.25490196 0.25490196
v -0.00285127 -0.01300496 0.04425512 0.25490196 0.25490196 0.25490196
v -0.00249149 -0.01300496 0.04472733 0.25490196 0.25490196 0.25490196
v -0.00285127 -0.01300496 0.04950181 0.25490196 0.25490196 0.25490196
v -0.00285127 -0.01300496 0.05425380 0.25490196 0.25490196 0.25490196
v -0.00328599 -0.01300496 0.05540807 0.25490196 0.25490196 0.25490196
v -0.00314358 -0.01300496 0.05537060 0.25490196 0.25490196 0.25490196
v -0.00285127 -0.01300496 0.05533312 0.25490196 0.25490196 0.25490196
v -0.00249149 -0.00650496 0.04472733 0.25490196 0.25490196 0.25490196
v -0.00249149 -0.00650496 0.04902961 0.25490196 0.25490196 0.25490196
v -0.00249149 -0.01300496 0.04902961 0.25490196 0.25490196 0.25490196
v -0.00205677 -0.01300496 0.04576167 0.25490196 0.25490196 0.25490196
v -0.00205677 -0.00650496 0.04576167 0.25490196 0.25490196 0.25490196
v -0.00191436 -0.01300496 0.04687847 0.25490196 0.25490196 0.25490196
v -0.00191436 -0.00650496 0.04687847 0.25490196 0.25490196 0.25490196
v -0.00205677 -0.01300496 0.04798777 0.25490196 0.25490196 0.25490196
v -0.00205677 -0.00650496 0.04798777 0.25490196 0.25490196 0.25490196
v -0.00192185 -0.01300496 0.04696841 0.25490196 0.25490196 0.25490196
v 0.00232046 -0.01300496 0.05206519 0.25490196 0.25490196 0.25490196
v 0.00232046 -0.01300496 0.04696841 0.25490196 0.25490196 0.25490196
v 0.00232046 -0.01300496 0.05425380 0.25490196 0.25490196 0.25490196
v 0.00232046 -0.01300496 0.05455361 0.25490196 0.25490196 0.25490196
v -0.00339842 -0.00650496 0.04525200 0.25490196 0.25490196 0.25490196
v -0.00307612 -0.00650496 0.04603900 0.25490196 0.25490196 0.25490196
v -0.00296369 -0.00650496 0.04687847 0.25490196 0.25490196 0.25490196
v -0.00307612 -0.00650496 0.04771793 0.25490196 0.25490196 0.25490196
v 0.00402938 -0.01300496 0.03673738 0.25490196 0.25490196 0.25490196
v 0.00402938 -0.01300496 0.04012524 0.25490196 0.25490196 0.25490196
v 0.00402938 -0.01300496 0.04313833 0.25490196 0.25490196 0.25490196
v 0.00402938 -0.01300496 0.04696841 0.25490196 0.25490196 0.25490196
v 0.00402938 -0.01300496 0.05206519 0.25490196 0.25490196 0.25490196
v 0.00402938 -0.01300496 0.05425380 0.25490196 0.25490196 0.25490196
v 0.00402938 -0.01300496 0.05429128 0.25490196 0.25490196 0.25490196
v 0.00473394 -0.01300496 0.05103084 0.25490196 0.25490196 0.25490196
v 0.00481639 -0.01300496 0.05083596 0.25490196 0.25490196 0.25490196
v 0.00494381 -0.01300496 0.05067107 0.25490196 0.25490196 0.25490196
v 0.00510870 -0.01300496 0.05054365 0.25490196 0.25490196 0.25490196
v 0.00827170 -0.01300496 0.04872230 0.25490196 0.25490196 0.25490196
v 0.00429172 -0.01300496 0.05425380 0.25490196 0.25490196 0.25490196
v 0.00471145 -0.01300496 0.05124071 0.25490196 0.25490196 0.25490196
v 0.00473394 -0.01300496 0.05143559 0.25490196 0.25490196 0.25490196
v 0.00480140 -0.01300496 0.05161547 0.25490196 0.25490196 0.25490196
v 0.00491383 -0.01300496 0.05177287 0.25490196 0.25490196 0.25490196
v 0.00506373 -0.01300496 0.05190029 0.25490196 0.25490196 0.25490196
v 0.00524362 -0.01300496 0.05199023 0.25490196 0.25490196 0.25490196
v 0.00543100 -0.01300496 0.05203521 0.25490196 0.25490196 0.25490196
v -0.00285127 -0.01300496 0.06132933 0.25490196 0.25490196 0.25490196
v 0.00128612 -0.01300496 0.06038493 0.25490196 0.25490196 0.25490196
v -0.00285127 -0.01300496 0.06755789 0.25490196 0.25490196 0.25490196
v -0.00285127 -0.01300496 0.07392886 0.25490196 0.25490196 0.25490196
v -0.00340591 -0.01300496 0.07213000 0.25490196 0.25490196 0.25490196
v -0.00321104 -0.01300496 0.07207753 0.25490196 0.25490196 0.25490196
v -0.00285127 -0.01300496 0.07193512 0.25490196 0.25490196 0.25490196
v -0.00245402 -0.01300496 0.07392886 0.25490196 0.25490196 0.25490196
v 0.00232046 -0.01300496 0.06387022 0.25490196 0.25490196 0.25490196
v 0.00232046 -0.01300496 0.05809887 0.25490196 0.25490196 0.25490196
v 0.00232046 -0.01300496 0.06596140 0.25490196 0.25490196 0.25490196
v 0.00232046 -0.01300496 0.06990391 0.25490196 0.25490196 0.25490196
v 0.00232046 -0.01300496 0.07205505 0.25490196 0.25490196 0.25490196
v -0.00336094 -0.01300496 0.07437858 0.25490196 0.25490196 0.25490196
v -0.00322603 -0.01300496 0.07425116 0.25490196 0.25490196 0.25490196
v -0.00305364 -0.01300496 0.07416122 0.25490196 0.25490196 0.25490196
v -0.00285127 -0.01300496 0.07408627 0.25490196 0.25490196 0.25490196
v -0.00295620 -0.01300496 0.07775894 0.25490196 0.25490196 0.25490196
v -0.00288125 -0.01300496 0.07795381 0.25490196 0.25490196 0.25490196
v -0.00285127 -0.01300496 0.07799879 0.25490196 0.25490196 0.25490196
v -0.00276882 -0.01300496 0.07812621 0.25490196 0.25490196 0.25490196
v -0.00261142 -0.01300496 0.07825362 0.25490196 0.25490196 0.25490196
v -0.00242403 -0.01300496 0.07834357 0.25490196 0.25490196 0.25490196
v -0.00222916 -0.01300496 0.07838854 0.25490196 0.25490196 0.25490196
v -0.00168950 -0.01300496 0.08046473 0.25490196 0.25490196 0.25490196
v -0.00183940 -0.01300496 0.08055467 0.25490196 0.25490196 0.25490196
v -0.00212422 -0.01300496 0.08100439 0.25490196 0.25490196 0.25490196
v -0.00213922 -0.01300496 0.08118427 0.25490196 0.25490196 0.25490196
v -0.00212422 -0.01300496 0.08136416 0.25490196 0.25490196 0.25490196
v -0.00206426 -0.01300496 0.08083200 0.25490196 0.25490196 0.25490196
v -0.00196682 -0.01300496 0.08068209 0.25490196 0.25490196 0.25490196
v -0.00056521 -0.01300496 0.07991758 0.25490196 0.25490196 0.25490196
v -0.00201929 -0.01300496 0.07837355 0.25490196 0.25490196 0.25490196
v -0.00182441 -0.01300496 0.07830609 0.25490196 0.25490196 0.25490196
v -0.00143466 -0.01300496 0.08418238 0.25490196 0.25490196 0.25490196
v -0.00137470 -0.01300496 0.08435477 0.25490196 0.25490196 0.25490196
v -0.00126976 -0.01300496 0.08451217 0.25490196 0.25490196 0.25490196
v -0.00113485 -0.01300496 0.08463959 0.25490196 0.25490196 0.25490196
v -0.00051274 -0.01300496 0.08781758 0.25490196 0.25490196 0.25490196
v -0.00285127 -0.01300496 0.09290375 0.25490196 0.25490196 0.25490196
v -0.00096995 -0.01300496 0.08472953 0.25490196 0.25490196 0.25490196
v -0.00079756 -0.01300496 0.08478200 0.25490196 0.25490196 0.25490196
v -0.00046777 -0.01300496 0.08729291 0.25490196 0.25490196 0.25490196
v -0.00052024 -0.01300496 0.08745031 0.25490196 0.25490196 0.25490196
v -0.00038532 -0.01300496 0.08714301 0.25490196 0.25490196 0.25490196
v -0.00053523 -0.01300496 0.08761520 0.25490196 0.25490196 0.25490196
v 0.00232046 -0.01300496 0.07853095 0.25490196 0.25490196 0.25490196
v 0.00232046 -0.01300496 0.07631236 0.25490196 0.25490196 0.25490196
v 0.00097132 -0.01300496 0.08628854 0.25490196 0.25490196 0.25490196
v -0.00027290 -0.01300496 0.08702309 0.25490196 0.25490196 0.25490196
v -0.00013798 -0.01300496 0.08692564 0.25490196 0.25490196 0.25490196
v -0.00061018 -0.01300496 0.08478950 0.25490196 0.25490196 0.25490196
v -0.00043030 -0.01300496 0.08475951 0.25490196 0.25490196 0.25490196
v -0.00025790 -0.01300496 0.08468456 0.25490196 0.25490196 0.25490196
v 0.00232046 -0.01300496 0.08550154 0.25490196 0.25490196 0.25490196
v 0.00232046 -0.01300496 0.06015257 0.25490196 0.25490196 0.25490196
v 0.00402938 -0.01300496 0.05770912 0.25490196 0.25490196 0.25490196
v 0.00402938 -0.01300496 0.05976282 0.25490196 0.25490196 0.25490196
v 0.00402938 -0.01300496 0.06333806 0.25490196 0.25490196 0.25490196
v 0.00402938 -0.01300496 0.06542924 0.25490196 0.25490196 0.25490196
v 0.00402938 -0.01300496 0.06923683 0.25490196 0.25490196 0.25490196
v 0.00402938 -0.01300496 0.07138047 0.25490196 0.25490196 0.25490196
v 0.00663024 -0.01300496 0.06821748 0.25490196 0.25490196 0.25490196
v 0.00402938 -0.01300496 0.07548788 0.25490196 0.25490196 0.25490196
v 0.00402938 -0.01300496 0.07770647 0.25490196 0.25490196 0.25490196
v 0.00232046 -0.01300496 0.08319300 0.25490196 0.25490196 0.25490196
v 0.00402938 -0.01300496 0.08220363 0.25490196 0.25490196 0.25490196
v 0.00402938 -0.01300496 0.08451967 0.25490196 0.25490196 0.25490196
v 0.00726734 -0.01300496 0.07392886 0.25490196 0.25490196 0.25490196
v 0.00799438 -0.01300496 0.07991758 0.25490196 0.25490196 0.25490196
v -0.00347337 0.01299504 0.03819895 0.25490196 0.25490196 0.25490196
v -0.00336094 0.01299504 0.03817647 0.25490196 0.25490196 0.25490196
v -0.00324102 0.01299504 0.03818396 0.25490196 0.25490196 0.25490196
v -0.00312859 0.01299504 0.03821394 0.25490196 0.25490196 0.25490196
v -0.00303115 0.01299504 0.03827391 0.25490196 0.25490196 0.25490196
v -0.00294870 0.01299504 0.03835635 0.25490196 0.25490196 0.25490196
v -0.00288125 0.01299504 0.03844630 0.25490196 0.25490196 0.25490196
v -0.00285127 0.01299504 0.03853624 0.25490196 0.25490196 0.25490196
v -0.00282878 0.01299504 0.03867116 0.25490196 0.25490196 0.25490196
v -0.00282878 0.01299504 0.03982543 0.25490196 0.25490196 0.25490196
v -0.00281379 0.01299504 0.03996034 0.25490196 0.25490196 0.25490196
v -0.00276132 0.01299504 0.04008027 0.25490196 0.25490196 0.25490196
v -0.00272385 0.01299504 0.04012524 0.25490196 0.25490196 0.25490196
v -0.00268637 0.01299504 0.04018520 0.25490196 0.25490196 0.25490196
v -0.00258144 0.01299504 0.04026015 0.25490196 0.25490196 0.25490196
v -0.00246151 0.01299504 0.04031262 0.25490196 0.25490196 0.25490196
v -0.00232660 0.01299504 0.04032761 0.25490196 0.25490196 0.25490196
v -0.00219918 0.01299504 0.04031262 0.25490196 0.25490196 0.25490196
v -0.00207925 0.01299504 0.04026015 0.25490196 0.25490196 0.25490196
v -0.00184690 0.01299504 0.04012524 0.25490196 0.25490196 0.25490196
v -0.00342091 0.01299504 0.05547553 0.25490196 0.25490196 0.25490196
v -0.00314358 0.01299504 0.05537060 0.25490196 0.25490196 0.25490196
v -0.00328599 0.01299504 0.05540807 0.25490196 0.25490196 0.25490196
v -0.00285127 0.01299504 0.05533312 0.25490196 0.25490196 0.25490196
v 0.00232046 0.01299504 0.05455361 0.25490196 0.25490196 0.25490196
v -0.00339842 0.00649504 0.04525200 0.25490196 0.25490196 0.25490196
v -0.00307612 0.00649504 0.04603900 0.25490196 0.25490196 0.25490196
v -0.00296369 0.00649504 0.04687847 0.25490196 0.25490196 0.25490196
v -0.00339842 0.00649504 0.04850494 0.25490196 0.25490196 0.25490196
v -0.00307612 0.00649504 0.04771793 0.25490196 0.25490196 0.25490196
v 0.00232046 0.01299504 0.03771926 0.25490196 0.25490196 0.25490196
v 0.00402938 0.01299504 0.03673738 0.25490196 0.25490196 0.25490196
v 0.00892379 -0.01300496 0.03391167 0.25490196 0.25490196 0.25490196
v 0.00402938 0.01299504 0.05429128 0.25490196 0.25490196 0.25490196
v 0.00232046 0.01299504 0.05809887 0.25490196 0.25490196 0.25490196
v 0.00510870 0.01299504 0.05054365 0.25490196 0.25490196 0.25490196
v 0.00429172 0.01299504 0.05425380 0.25490196 0.25490196 0.25490196
v 0.00473394 0.01299504 0.05103084 0.25490196 0.25490196 0.25490196
v 0.00471145 0.01299504 0.05124071 0.25490196 0.25490196 0.25490196
v 0.00481639 0.01299504 0.05083596 0.25490196 0.25490196 0.25490196
v 0.00494381 0.01299504 0.05067107 0.25490196 0.25490196 0.25490196
v 0.00473394 0.01299504 0.05143559 0.25490196 0.25490196 0.25490196
v 0.00480140 0.01299504 0.05161547 0.25490196 0.25490196 0.25490196
v 0.00491383 0.01299504 0.05177287 0.25490196 0.25490196 0.25490196
v 0.00506373 0.01299504 0.05190029 0.25490196 0.25490196 0.25490196
v 0.00524362 0.01299504 0.05199023 0.25490196 0.25490196 0.25490196
v 0.00543100 0.01299504 0.05203521 0.25490196 0.25490196 0.25490196
v 0.00562587 -0.01300496 0.05202771 0.25490196 0.25490196 0.25490196
v -0.00285127 0.01299504 0.06132933 0.25490196 0.25490196 0.25490196
v -0.00285127 0.01299504 0.06755789 0.25490196 0.25490196 0.25490196
v -0.00360829 0.01299504 0.07213000 0.25490196 0.25490196 0.25490196
v -0.00340591 0.01299504 0.07213000 0.25490196 0.25490196 0.25490196
v -0.00321104 0.01299504 0.07207753 0.25490196 0.25490196 0.25490196
v -0.00285127 0.01299504 0.05928312 0.25490196 0.25490196 0.25490196
v 0.00128612 0.01299504 0.06038493 0.25490196 0.25490196 0.25490196
v -0.00285127 0.01299504 0.06545922 0.25490196 0.25490196 0.25490196
v -0.00285127 0.01299504 0.07193512 0.25490196 0.25490196 0.25490196
v 0.00232046 0.01299504 0.06596140 0.25490196 0.25490196 0.25490196
v 0.00232046 0.01299504 0.07205505 0.25490196 0.25490196 0.25490196
v -0.00347337 0.01299504 0.07453598 0.25490196 0.25490196 0.25490196
v -0.00336094 0.01299504 0.07437858 0.25490196 0.25490196 0.25490196
v -0.00354083 0.01299504 0.07471587 0.25490196 0.25490196 0.25490196
v -0.00356331 0.01299504 0.07491074 0.25490196 0.25490196 0.25490196
v -0.00322603 0.01299504 0.07425116 0.25490196 0.25490196 0.25490196
v -0.00305364 0.01299504 0.07416122 0.25490196 0.25490196 0.25490196
v -0.00354083 0.01299504 0.07507564 0.25490196 0.25490196 0.25490196
v -0.00285127 0.01299504 0.07408627 0.25490196 0.25490196 0.25490196
v -0.00245402 0.01299504 0.07392886 0.25490196 0.25490196 0.25490196
v -0.00295620 0.01299504 0.07775894 0.25490196 0.25490196 0.25490196
v -0.00288125 0.01299504 0.07795381 0.25490196 0.25490196 0.25490196
v -0.00285127 0.01299504 0.07799879 0.25490196 0.25490196 0.25490196
v -0.00276882 0.01299504 0.07812621 0.25490196 0.25490196 0.25490196
v -0.00261142 0.01299504 0.07825362 0.25490196 0.25490196 0.25490196
v -0.00242403 0.01299504 0.07834357 0.25490196 0.25490196 0.25490196
v -0.00222916 0.01299504 0.07838854 0.25490196 0.25490196 0.25490196
v -0.00201929 0.01299504 0.07837355 0.25490196 0.25490196 0.25490196
v -0.00212422 0.01299504 0.08100439 0.25490196 0.25490196 0.25490196
v -0.00213922 0.01299504 0.08118427 0.25490196 0.25490196 0.25490196
v -0.00196682 0.01299504 0.08068209 0.25490196 0.25490196 0.25490196
v -0.00206426 0.01299504 0.08083200 0.25490196 0.25490196 0.25490196
v -0.00183940 0.01299504 0.08055467 0.25490196 0.25490196 0.25490196
v -0.00168950 0.01299504 0.08046473 0.25490196 0.25490196 0.25490196
v -0.00212422 0.01299504 0.08136416 0.25490196 0.25490196 0.25490196
v -0.00143466 0.01299504 0.08418238 0.25490196 0.25490196 0.25490196
v -0.00137470 0.01299504 0.08435477 0.25490196 0.25490196 0.25490196
v -0.00126976 0.01299504 0.08451217 0.25490196 0.25490196 0.25490196
v -0.00056521 0.01299504 0.07991758 0.25490196 0.25490196 0.25490196
v -0.00182441 0.01299504 0.07830609 0.25490196 0.25490196 0.25490196
v -0.00113485 0.01299504 0.08463959 0.25490196 0.25490196 0.25490196
v -0.00096995 0.01299504 0.08472953 0.25490196 0.25490196 0.25490196
v -0.00079756 0.01299504 0.08478200 0.25490196 0.25490196 0.25490196
v -0.00061018 0.01299504 0.08478950 0.25490196 0.25490196 0.25490196
v -0.00043030 0.01299504 0.08475951 0.25490196 0.25490196 0.25490196
v -0.00027290 0.01299504 0.08702309 0.25490196 0.25490196 0.25490196
v -0.00013798 0.01299504 0.08692564 0.25490196 0.25490196 0.25490196
v -0.00052024 0.01299504 0.08745031 0.25490196 0.25490196 0.25490196
v -0.00046777 0.01299504 0.08729291 0.25490196 0.25490196 0.25490196
v -0.00038532 0.01299504 0.08714301 0.25490196 0.25490196 0.25490196
v -0.00053523 0.01299504 0.08761520 0.25490196 0.25490196 0.25490196
v -0.00051274 0.01299504 0.08781758 0.25490196 0.25490196 0.25490196
v 0.00028925 -0.01300496 0.09094988 0.25490196 0.25490196 0.25490196
v -0.00025790 0.01299504 0.08468456 0.25490196 0.25490196 0.25490196
v 0.00097132 0.01299504 0.08628854 0.25490196 0.25490196 0.25490196
v 0.00232046 0.01299504 0.06015257 0.25490196 0.25490196 0.25490196
v 0.00402938 0.01299504 0.05976282 0.25490196 0.25490196 0.25490196
v 0.00232046 0.01299504 0.06387022 0.25490196 0.25490196 0.25490196
v 0.00402938 0.01299504 0.06542924 0.25490196 0.25490196 0.25490196
v 0.00232046 0.01299504 0.06990391 0.25490196 0.25490196 0.25490196
v 0.00402938 0.01299504 0.07138047 0.25490196 0.25490196 0.25490196
v 0.00402938 0.01299504 0.06923683 0.25490196 0.25490196 0.25490196
v 0.00232046 0.01299504 0.07853095 0.25490196 0.25490196 0.25490196
v 0.00232046 0.01299504 0.07631236 0.25490196 0.25490196 0.25490196
v 0.00402938 0.01299504 0.07770647 0.25490196 0.25490196 0.25490196
v 0.00232046 0.01299504 0.08550154 0.25490196 0.25490196 0.25490196
v 0.00232046 0.01299504 0.08319300 0.25490196 0.25490196 0.25490196
v 0.00402938 0.01299504 0.08451967 0.25490196 0.25490196 0.25490196
v 0.00402938 0.01299504 0.07548788 0.25490196 0.25490196 0.25490196
v 0.00402938 0.01299504 0.08220363 0.25490196 0.25490196 0.25490196
v 0.00402938 -0.01300496 0.08957404 0.25490196 0.25490196 0.25490196
v 0.00402938 0.01299504 0.08957404 0.25490196 0.25490196 0.25490196
v 0.00879637 -0.01300496 0.08628854 0.25490196 0.25490196 0.25490196
v -0.00408049 -0.01300496 0.09290375 0.25490196 0.25490196 0.25490196
v -0.00418542 0.01299504 0.09252113 0.25490196 0.25490196 0.25490196
v -0.00408049 0.01299504 0.09290375 0.25490196 0.25490196 0.25490196
v -0.00308362 -0.01300496 0.09647770 0.25490196 0.25490196 0.25490196
v -0.00285127 -0.01300496 0.09718598 0.25490196 0.25490196 0.25490196
v 0.00128612 -0.01300496 0.09469479 0.25490196 0.25490196 0.25490196
v 0.00036420 -0.01300496 0.09114527 0.25490196 0.25490196 0.25490196
v 0.00046914 -0.01300496 0.09130810 0.25490196 0.25490196 0.25490196
v 0.00061155 -0.01300496 0.09144650 0.25490196 0.25490196 0.25490196
v 0.00078394 -0.01300496 0.09153605 0.25490196 0.25490196 0.25490196
v 0.00137606 -0.01300496 0.09428774 0.25490196 0.25490196 0.25490196
v 0.00130860 -0.01300496 0.09449126 0.25490196 0.25490196 0.25490196
v 0.00148849 -0.01300496 0.09411678 0.25490196 0.25490196 0.25490196
v 0.00129361 -0.01300496 0.09481691 0.25490196 0.25490196 0.25490196
v 0.00131610 -0.01300496 0.09493903 0.25490196 0.25490196 0.25490196
v 0.00232046 -0.01300496 0.09290375 0.25490196 0.25490196 0.25490196
v 0.00232046 -0.01300496 0.09347363 0.25490196 0.25490196 0.25490196
v 0.00163840 -0.01300496 0.09397838 0.25490196 0.25490196 0.25490196
v -0.00171198 -0.01300496 0.10072736 0.25490196 0.25490196 0.25490196
v 0.00225301 -0.01300496 0.09840714 0.25490196 0.25490196 0.25490196
v 0.00232046 -0.01300496 0.10072736 0.25490196 0.25490196 0.25490196
v 0.00018432 -0.01300496 0.10664595 0.25490196 0.25490196 0.25490196
v 0.00115120 -0.01300496 0.10929181 0.25490196 0.25490196 0.25490196
v 0.00097132 -0.01300496 0.09158490 0.25490196 0.25490196 0.25490196
v 0.00115870 -0.01300496 0.09158490 0.25490196 0.25490196 0.25490196
v 0.00134608 -0.01300496 0.09153605 0.25490196 0.25490196 0.25490196
v 0.00151098 -0.01300496 0.09143835 0.25490196 0.25490196 0.25490196
v 0.00232046 -0.01300496 0.09084405 0.25490196 0.25490196 0.25490196
v 0.00308498 -0.01300496 0.09290375 0.25490196 0.25490196 0.25490196
v 0.00402938 -0.01300496 0.09220363 0.25490196 0.25490196 0.25490196
v 0.00232046 -0.01300496 0.09856996 0.25490196 0.25490196 0.25490196
v 0.00232796 -0.01300496 0.09860252 0.25490196 0.25490196 0.25490196
v 0.00244788 -0.01300496 0.09876535 0.25490196 0.25490196 0.25490196
v 0.00260528 -0.01300496 0.09890375 0.25490196 0.25490196 0.25490196
v 0.00277768 -0.01300496 0.09898516 0.25490196 0.25490196 0.25490196
v 0.00297255 -0.01300496 0.09902586 0.25490196 0.25490196 0.25490196
v 0.00402938 -0.01300496 0.10072736 0.25490196 0.25490196 0.25490196
v 0.00352720 -0.01300496 0.10163103 0.25490196 0.25490196 0.25490196
v 0.00342976 -0.01300496 0.10180199 0.25490196 0.25490196 0.25490196
v 0.00365462 -0.01300496 0.10150078 0.25490196 0.25490196 0.25490196
v 0.00316743 -0.01300496 0.09900958 0.25490196 0.25490196 0.25490196
v 0.00402938 -0.01300496 0.10117513 0.25490196 0.25490196 0.25490196
v 0.00335481 -0.01300496 0.09894445 0.25490196 0.25490196 0.25490196
v 0.00351971 -0.01300496 0.09883862 0.25490196 0.25490196 0.25490196
v 0.00337730 -0.01300496 0.10198109 0.25490196 0.25490196 0.25490196
v 0.00335481 -0.01300496 0.10217649 0.25490196 0.25490196 0.25490196
v 0.00336231 -0.01300496 0.10230674 0.25490196 0.25490196 0.25490196
v 0.00232046 -0.01300496 0.10929181 0.25490196 0.25490196 0.25490196
v 0.00339229 -0.01300496 0.10243700 0.25490196 0.25490196 0.25490196
v 0.00402938 -0.01300496 0.10461067 0.25490196 0.25490196 0.25490196
v 0.00402938 -0.01300496 0.09839085 0.25490196 0.25490196 0.25490196
v 0.00454656 -0.01300496 0.10072736 0.25490196 0.25490196 0.25490196
v 0.00232046 -0.01300496 0.11250756 0.25490196 0.25490196 0.25490196
v 0.00402938 -0.01300496 0.10929181 0.25490196 0.25490196 0.25490196
v 0.00382701 -0.01300496 0.11666767 0.25490196 0.25490196 0.25490196
v 0.00449409 -0.01300496 0.10618191 0.25490196 0.25490196 0.25490196
v 0.00458403 -0.01300496 0.10637730 0.25490196 0.25490196 0.25490196
v 0.00471145 -0.01300496 0.10654826 0.25490196 0.25490196 0.25490196
v 0.00486885 -0.01300496 0.10667037 0.25490196 0.25490196 0.25490196
v 0.00505623 -0.01300496 0.10675179 0.25490196 0.25490196 0.25490196
v 0.00525111 -0.01300496 0.10678436 0.25490196 0.25490196 0.25490196
v 0.00543849 -0.01300496 0.10921854 0.25490196 0.25490196 0.25490196
v 0.00545348 -0.01300496 0.10929181 0.25490196 0.25490196 0.25490196
v 0.00546847 -0.01300496 0.10935694 0.25490196 0.25490196 0.25490196
v 0.00402938 -0.01300496 0.11715614 0.25490196 0.25490196 0.25490196
v 0.00545348 -0.01300496 0.10675179 0.25490196 0.25490196 0.25490196
v 0.00568584 -0.01300496 0.10844514 0.25490196 0.25490196 0.25490196
v 0.00564086 -0.01300496 0.10667852 0.25490196 0.25490196 0.25490196
v 0.00544599 -0.01300496 0.10890103 0.25490196 0.25490196 0.25490196
v 0.00543100 -0.01300496 0.10908014 0.25490196 0.25490196 0.25490196
v 0.00549846 -0.01300496 0.10873007 0.25490196 0.25490196 0.25490196
v 0.00557341 -0.01300496 0.10857539 0.25490196 0.25490196 0.25490196
v 0.00579827 -0.01300496 0.10654826 0.25490196 0.25490196 0.25490196
v 0.00689257 -0.01300496 0.11380199 0.25490196 0.25490196 0.25490196
v 0.00698252 -0.01300496 0.11400552 0.25490196 0.25490196 0.25490196
v 0.00711743 -0.01300496 0.11416833 0.25490196 0.25490196 0.25490196
v 0.00621050 -0.01300496 0.12251299 0.25490196 0.25490196 0.25490196
v -0.00308362 0.01299504 0.09647770 0.25490196 0.25490196 0.25490196
v -0.00285127 0.01299504 0.09718598 0.25490196 0.25490196 0.25490196
v -0.00171198 0.01299504 0.10072736 0.25490196 0.25490196 0.25490196
v 0.00028925 0.01299504 0.09094988 0.25490196 0.25490196 0.25490196
v 0.00036420 0.01299504 0.09114527 0.25490196 0.25490196 0.25490196
v 0.00046914 0.01299504 0.09130810 0.25490196 0.25490196 0.25490196
v 0.00061155 0.01299504 0.09144650 0.25490196 0.25490196 0.25490196
v 0.00078394 0.01299504 0.09153605 0.25490196 0.25490196 0.25490196
v 0.00097132 0.01299504 0.09158490 0.25490196 0.25490196 0.25490196
v 0.00115870 0.01299504 0.09158490 0.25490196 0.25490196 0.25490196
v 0.00130860 0.01299504 0.09449126 0.25490196 0.25490196 0.25490196
v 0.00128612 0.01299504 0.09469479 0.25490196 0.25490196 0.25490196
v 0.00129361 0.01299504 0.09481691 0.25490196 0.25490196 0.25490196
v 0.00018432 0.01299504 0.10664595 0.25490196 0.25490196 0.25490196
v 0.00115120 0.01299504 0.10929181 0.25490196 0.25490196 0.25490196
v 0.00134608 0.01299504 0.09153605 0.25490196 0.25490196 0.25490196
v 0.00151098 0.01299504 0.09143835 0.25490196 0.25490196 0.25490196
v 0.00148849 0.01299504 0.09411678 0.25490196 0.25490196 0.25490196
v 0.00163840 0.01299504 0.09397838 0.25490196 0.25490196 0.25490196
v 0.00137606 0.01299504 0.09428774 0.25490196 0.25490196 0.25490196
v 0.00131610 0.01299504 0.09493903 0.25490196 0.25490196 0.25490196
v 0.00232046 0.01299504 0.09347363 0.25490196 0.25490196 0.25490196
v 0.00232046 0.01299504 0.09084405 0.25490196 0.25490196 0.25490196
v 0.00308498 0.01299504 0.09290375 0.25490196 0.25490196 0.25490196
v 0.00402938 0.01299504 0.09220363 0.25490196 0.25490196 0.25490196
v 0.00225301 0.01299504 0.09840714 0.25490196 0.25490196 0.25490196
v 0.00232046 0.01299504 0.09856996 0.25490196 0.25490196 0.25490196
v 0.00232796 0.01299504 0.09860252 0.25490196 0.25490196 0.25490196
v 0.00244788 0.01299504 0.09876535 0.25490196 0.25490196 0.25490196
v 0.00260528 0.01299504 0.09890375 0.25490196 0.25490196 0.25490196
v 0.00277768 0.01299504 0.09898516 0.25490196 0.25490196 0.25490196
v 0.00297255 0.01299504 0.09902586 0.25490196 0.25490196 0.25490196
v 0.00316743 0.01299504 0.09900958 0.25490196 0.25490196 0.25490196
v 0.00335481 0.01299504 0.09894445 0.25490196 0.25490196 0.25490196
v 0.00351971 0.01299504 0.09883862 0.25490196 0.25490196 0.25490196
v 0.00342976 0.01299504 0.10180199 0.25490196 0.25490196 0.25490196
v 0.00352720 0.01299504 0.10163103 0.25490196 0.25490196 0.25490196
v 0.00337730 0.01299504 0.10198109 0.25490196 0.25490196 0.25490196
v 0.00335481 0.01299504 0.10217649 0.25490196 0.25490196 0.25490196
v 0.00336231 0.01299504 0.10230674 0.25490196 0.25490196 0.25490196
v 0.00365462 0.01299504 0.10150078 0.25490196 0.25490196 0.25490196
v 0.00339229 0.01299504 0.10243700 0.25490196 0.25490196 0.25490196
v 0.00402938 0.01299504 0.09839085 0.25490196 0.25490196 0.25490196
v 0.01036288 -0.01300496 0.09290375 0.25490196 0.25490196 0.25490196
v 0.00402938 0.01299504 0.10117513 0.25490196 0.25490196 0.25490196
v 0.00454656 0.01299504 0.10072736 0.25490196 0.25490196 0.25490196
v 0.00402938 0.01299504 0.10461067 0.25490196 0.25490196 0.25490196
v 0.00232046 0.01299504 0.11250756 0.25490196 0.25490196 0.25490196
v 0.00382701 0.01299504 0.11666767 0.25490196 0.25490196 0.25490196
v 0.00449409 0.01299504 0.10618191 0.25490196 0.25490196 0.25490196
v 0.00458403 0.01299504 0.10637730 0.25490196 0.25490196 0.25490196
v 0.00471145 0.01299504 0.10654826 0.25490196 0.25490196 0.25490196
v 0.00486885 0.01299504 0.10667037 0.25490196 0.25490196 0.25490196
v 0.00505623 0.01299504 0.10675179 0.25490196 0.25490196 0.25490196
v 0.00525111 0.01299504 0.10678436 0.25490196 0.25490196 0.25490196
v 0.00545348 0.01299504 0.10675179 0.25490196 0.25490196 0.25490196
v 0.00557341 0.01299504 0.10857539 0.25490196 0.25490196 0.25490196
v 0.00568584 0.01299504 0.10844514 0.25490196 0.25490196 0.25490196
v 0.00544599 0.01299504 0.10890103 0.25490196 0.25490196 0.25490196
v 0.00543100 0.01299504 0.10908014 0.25490196 0.25490196 0.25490196
v 0.00543849 0.01299504 0.10921854 0.25490196 0.25490196 0.25490196
v 0.00549846 0.01299504 0.10873007 0.25490196 0.25490196 0.25490196
v 0.00545348 0.01299504 0.10929181 0.25490196 0.25490196 0.25490196
v 0.00564086 0.01299504 0.10667852 0.25490196 0.25490196 0.25490196
v 0.00546847 0.01299504 0.10935694 0.25490196 0.25490196 0.25490196
v 0.00402938 0.01299504 0.11715614 0.25490196 0.25490196 0.25490196
v 0.00621050 0.01299504 0.12251299 0.25490196 0.25490196 0.25490196
v -0.01366693 0.01299504 0.04695342 0.25490196 0.25490196 0.25490196
v -0.01036901 0.00649504 0.04576167 0.25490196 0.25490196 0.25490196
v -0.01051142 0.00649504 0.04687847 0.25490196 0.25490196 0.25490196
v -0.01036901 0.00649504 0.04798777 0.25490196 0.25490196 0.25490196
v -0.00993429 0.00649504 0.04472733 0.25490196 0.25490196 0.25490196
v -0.00925222 0.00649504 0.04383539 0.25490196 0.25490196 0.25490196
v -0.00836028 0.00649504 0.04315332 0.25490196 0.25490196 0.25490196
v -0.00993429 0.00649504 0.04902961 0.25490196 0.25490196 0.25490196
v -0.00925222 0.00649504 0.04992154 0.25490196 0.25490196 0.25490196
v -0.00357830 0.01299504 0.03824393 0.25490196 0.25490196 0.25490196
v -0.00732594 0.00649504 0.04272609 0.25490196 0.25490196 0.25490196
v -0.00836028 0.00649504 0.05060361 0.25490196 0.25490196 0.25490196
v -0.00732594 0.00649504 0.05103084 0.25490196 0.25490196 0.25490196
v -0.00620914 0.00649504 0.04257619 0.25490196 0.25490196 0.25490196
v -0.00620914 0.00649504 0.05118074 0.25490196 0.25490196 0.25490196
v -0.00509984 0.00649504 0.04272609 0.25490196 0.25490196 0.25490196
v -0.00509984 0.00649504 0.05103084 0.25490196 0.25490196 0.25490196
v -0.00406550 0.00649504 0.04315332 0.25490196 0.25490196 0.25490196
v -0.00317356 0.00649504 0.04383539 0.25490196 0.25490196 0.25490196
v -0.00406550 0.00649504 0.05060361 0.25490196 0.25490196 0.25490196
v -0.00317356 0.00649504 0.04992154 0.25490196 0.25490196 0.25490196
v -0.01036901 0.01299504 0.04576167 0.25490196 0.25490196 0.25490196
v -0.00993429 0.01299504 0.04472733 0.25490196 0.25490196 0.25490196
v -0.01050393 0.01299504 0.04696841 0.25490196 0.25490196 0.25490196
v -0.01036901 0.01299504 0.04798777 0.25490196 0.25490196 0.25490196
v -0.00925222 0.01299504 0.04383539 0.25490196 0.25490196 0.25490196
v -0.00993429 0.01299504 0.04902961 0.25490196 0.25490196 0.25490196
v -0.00925222 0.01299504 0.04992154 0.25490196 0.25490196 0.25490196
v -0.00831531 0.01299504 0.04313833 0.25490196 0.25490196 0.25490196
v -0.01209292 0.01299504 0.04696841 0.25490196 0.25490196 0.25490196
v -0.01209292 0.01299504 0.05206519 0.25490196 0.25490196 0.25490196
v -0.01051142 0.01299504 0.04687847 0.25490196 0.25490196 0.25490196
v -0.01209292 0.01299504 0.05425380 0.25490196 0.25490196 0.25490196
v -0.00836028 0.01299504 0.04315332 0.25490196 0.25490196 0.25490196
v -0.00631408 0.01299504 0.05206519 0.25490196 0.25490196 0.25490196
v -0.00836028 0.01299504 0.05060361 0.25490196 0.25490196 0.25490196
v -0.00732594 0.01299504 0.05103084 0.25490196 0.25490196 0.25490196
v -0.00631408 0.01299504 0.04259118 0.25490196 0.25490196 0.25490196
v -0.00509984 0.01299504 0.04272609 0.25490196 0.25490196 0.25490196
v -0.00631408 0.01299504 0.05116576 0.25490196 0.25490196 0.25490196
v -0.00418542 0.01299504 0.04310085 0.25490196 0.25490196 0.25490196
v -0.00406550 0.01299504 0.05060361 0.25490196 0.25490196 0.25490196
v -0.00620914 0.01299504 0.05118074 0.25490196 0.25490196 0.25490196
v -0.00418542 0.01299504 0.05065608 0.25490196 0.25490196 0.25490196
v -0.00732594 0.01299504 0.04272609 0.25490196 0.25490196 0.25490196
v -0.00620914 0.01299504 0.04257619 0.25490196 0.25490196 0.25490196
v -0.00631408 0.01299504 0.04012524 0.25490196 0.25490196 0.25490196
v -0.00418542 0.01299504 0.04012524 0.25490196 0.25490196 0.25490196
v -0.00411047 0.01299504 0.04313833 0.25490196 0.25490196 0.25490196
v -0.00285127 0.01299504 0.04012524 0.25490196 0.25490196 0.25490196
v -0.00631408 0.01299504 0.05425380 0.25490196 0.25490196 0.25490196
v -0.00406550 0.01299504 0.04315332 0.25490196 0.25490196 0.25490196
v -0.00317356 0.01299504 0.04383539 0.25490196 0.25490196 0.25490196
v -0.00509984 0.01299504 0.05103084 0.25490196 0.25490196 0.25490196
v -0.00418542 0.01299504 0.05206519 0.25490196 0.25490196 0.25490196
v -0.00418542 0.01299504 0.05425380 0.25490196 0.25490196 0.25490196
v -0.00285127 0.01299504 0.05206519 0.25490196 0.25490196 0.25490196
v -0.00631408 0.01299504 0.06038493 0.25490196 0.25490196 0.25490196
v -0.00631408 0.01299504 0.06821748 0.25490196 0.25490196 0.25490196
v -0.00631408 0.01299504 0.07392886 0.25490196 0.25490196 0.25490196
v -0.00418542 0.01299504 0.06038493 0.25490196 0.25490196 0.25490196
v -0.00285127 0.01299504 0.06038493 0.25490196 0.25490196 0.25490196
v -0.00418542 0.01299504 0.07392886 0.25490196 0.25490196 0.25490196
v -0.00631408 0.01299504 0.07991758 0.25490196 0.25490196 0.25490196
v -0.00418542 0.01299504 0.07991758 0.25490196 0.25490196 0.25490196
v -0.00418542 0.01299504 0.08628854 0.25490196 0.25490196 0.25490196
v -0.00285127 0.01299504 0.07991758 0.25490196 0.25490196 0.25490196
v -0.00285127 0.01299504 0.08628854 0.25490196 0.25490196 0.25490196
v -0.00284377 0.01299504 0.03855873 0.25490196 0.25490196 0.25490196
v -0.00249149 0.00649504 0.04472733 0.25490196 0.25490196 0.25490196
v -0.00205677 0.00649504 0.04576167 0.25490196 0.25490196 0.25490196
v -0.00191436 0.00649504 0.04687847 0.25490196 0.25490196 0.25490196
v -0.00249149 0.00649504 0.04902961 0.25490196 0.25490196 0.25490196
v -0.00205677 0.00649504 0.04798777 0.25490196 0.25490196 0.25490196
v 0.00402938 0.01299504 0.05770912 0.25490196 0.25490196 0.25490196
v 0.00562587 0.01299504 0.05202771 0.25490196 0.25490196 0.25490196
v 0.00402938 0.01299504 0.06333806 0.25490196 0.25490196 0.25490196
v 0.00663024 0.01299504 0.06821748 0.25490196 0.25490196 0.25490196
v 0.00726734 0.01299504 0.07392886 0.25490196 0.25490196 0.25490196
v -0.00285127 0.01299504 0.04425512 0.25490196 0.25490196 0.25490196
v -0.00285127 0.01299504 0.04950181 0.25490196 0.25490196 0.25490196
v -0.00205677 0.01299504 0.04576167 0.25490196 0.25490196 0.25490196
v -0.00191436 0.01299504 0.04687847 0.25490196 0.25490196 0.25490196
v -0.00249149 0.01299504 0.04902961 0.25490196 0.25490196 0.25490196
v -0.00192185 0.01299504 0.04696841 0.25490196 0.25490196 0.25490196
v -0.00285127 0.01299504 0.04313833 0.25490196 0.25490196 0.25490196
v 0.00232046 0.01299504 0.04313833 0.25490196 0.25490196 0.25490196
v 0.00232046 0.01299504 0.04012524 0.25490196 0.25490196 0.25490196
v -0.00249149 0.01299504 0.04472733 0.25490196 0.25490196 0.25490196
v -0.00317356 0.01299504 0.04992154 0.25490196 0.25490196 0.25490196
v -0.00205677 0.01299504 0.04798777 0.25490196 0.25490196 0.25490196
v -0.00285127 0.01299504 0.05425380 0.25490196 0.25490196 0.25490196
v 0.00232046 0.01299504 0.04696841 0.25490196 0.25490196 0.25490196
v 0.00232046 0.01299504 0.05206519 0.25490196 0.25490196 0.25490196
v 0.00232046 0.01299504 0.05425380 0.25490196 0.25490196 0.25490196
v 0.00402938 0.01299504 0.04012524 0.25490196 0.25490196 0.25490196
v 0.00402938 0.01299504 0.04313833 0.25490196 0.25490196 0.25490196
v 0.00892379 0.01299504 0.03391167 0.25490196 0.25490196 0.25490196
v 0.00402938 0.01299504 0.04696841 0.25490196 0.25490196 0.25490196
v 0.00402938 0.01299504 0.05206519 0.25490196 0.25490196 0.25490196
v 0.00402938 0.01299504 0.05425380 0.25490196 0.25490196 0.25490196
v 0.00827170 0.01299504 0.04872230 0.25490196 0.25490196 0.25490196
v -0.00285127 0.01299504 0.07392886 0.25490196 0.25490196 0.25490196
v -0.00285127 0.01299504 0.09290375 0.25490196 0.25490196 0.25490196
v 0.00579827 0.01299504 0.10654826 0.25490196 0.25490196 0.25490196
v 0.00232046 0.01299504 0.09290375 0.25490196 0.25490196 0.25490196
v 0.00232046 0.01299504 0.10072736 0.25490196 0.25490196 0.25490196
v 0.00232046 0.01299504 0.10929181 0.25490196 0.25490196 0.25490196
v 0.00402938 0.01299504 0.10072736 0.25490196 0.25490196 0.25490196
v 0.01036288 0.01299504 0.09290375 0.25490196 0.25490196 0.25490196
v 0.00402938 0.01299504 0.10929181 0.25490196 0.25490196 0.25490196
v 0.00689257 0.01299504 0.11380199 0.25490196 0.25490196 0.25490196
v 0.00698252 0.01299504 0.11400552 0.25490196 0.25490196 0.25490196
v 0.00711743 0.01299504 0.11416833 0.25490196 0.25490196 0.25490196
v 0.00728982 0.01299504 0.11429045 0.25490196 0.25490196 0.25490196
v 0.00923859 -0.01300496 0.03092106 0.25490196 0.25490196 0.25490196
v 0.01301620 -0.01300496 0.03226271 0.25490196 0.25490196 0.25490196
v 0.00918612 -0.01300496 0.03104098 0.25490196 0.25490196 0.25490196
v 0.00931354 -0.01300496 0.03081612 0.25490196 0.25490196 0.25490196
v 0.00941848 -0.01300496 0.03073368 0.25490196 0.25490196 0.25490196
v 0.01344343 -0.01300496 0.03122836 0.25490196 0.25490196 0.25490196
v 0.00917113 -0.01300496 0.03116840 0.25490196 0.25490196 0.25490196
v 0.00917113 -0.01300496 0.03347694 0.25490196 0.25490196 0.25490196
v 0.00915614 -0.01300496 0.03360436 0.25490196 0.25490196 0.25490196
v 0.01287379 -0.01300496 0.03337950 0.25490196 0.25490196 0.25490196
v 0.00910367 -0.01300496 0.03373178 0.25490196 0.25490196 0.25490196
v 0.01301620 -0.01300496 0.03448880 0.25490196 0.25490196 0.25490196
v 0.00902123 -0.01300496 0.03382922 0.25490196 0.25490196 0.25490196
v 0.02043651 -0.01300496 0.04012524 0.25490196 0.25490196 0.25490196
v 0.00843660 -0.01300496 0.04864735 0.25490196 0.25490196 0.25490196
v 0.00861648 -0.01300496 0.04861736 0.25490196 0.25490196 0.25490196
v 0.01508489 -0.01300496 0.04505712 0.25490196 0.25490196 0.25490196
v 0.01845027 -0.01300496 0.04787534 0.25490196 0.25490196 0.25490196
v 0.01854021 -0.01300496 0.05210266 0.25490196 0.25490196 0.25490196
v 0.02043651 -0.01300496 0.05206519 0.25490196 0.25490196 0.25490196
v 0.01863015 -0.01300496 0.05642743 0.25490196 0.25490196 0.25490196
v 0.01357835 -0.01300496 0.02833519 0.25490196 0.25490196 0.25490196
v 0.01413300 -0.01300496 0.03033642 0.25490196 0.25490196 0.25490196
v 0.01344343 -0.01300496 0.03553064 0.25490196 0.25490196 0.25490196
v 0.01413300 -0.01300496 0.03641508 0.25490196 0.25490196 0.25490196
v 0.01501744 -0.01300496 0.03710464 0.25490196 0.25490196 0.25490196
v 0.01301620 -0.00650496 0.03226271 0.25490196 0.25490196 0.25490196
v 0.01287379 -0.00650496 0.03337950 0.25490196 0.25490196 0.25490196
v 0.01301620 -0.00650496 0.03448880 0.25490196 0.25490196 0.25490196
v 0.01344343 -0.00650496 0.03122836 0.25490196 0.25490196 0.25490196
v 0.01344343 -0.00650496 0.03553064 0.25490196 0.25490196 0.25490196
v 0.01501744 -0.01300496 0.02965436 0.25490196 0.25490196 0.25490196
v 0.01605928 -0.01300496 0.02922713 0.25490196 0.25490196 0.25490196
v 0.01716858 -0.01300496 0.02907722 0.25490196 0.25490196 0.25490196
v 0.01486753 -0.01300496 0.02759316 0.25490196 0.25490196 0.25490196
v 0.02043651 -0.01300496 0.02833519 0.25490196 0.25490196 0.25490196
v 0.02043651 -0.01300496 0.04313833 0.25490196 0.25490196 0.25490196
v 0.01413300 -0.00650496 0.03033642 0.25490196 0.25490196 0.25490196
v 0.01501744 -0.00650496 0.02965436 0.25490196 0.25490196 0.25490196
v 0.01605928 -0.00650496 0.02922713 0.25490196 0.25490196 0.25490196
v 0.01413300 -0.00650496 0.03641508 0.25490196 0.25490196 0.25490196
v 0.01501744 -0.00650496 0.03710464 0.25490196 0.25490196 0.25490196
v 0.01605928 -0.01300496 0.03753188 0.25490196 0.25490196 0.25490196
v 0.01516734 -0.01300496 0.04486224 0.25490196 0.25490196 0.25490196
v 0.01529476 -0.01300496 0.04469735 0.25490196 0.25490196 0.25490196
v 0.01545966 -0.01300496 0.04456993 0.25490196 0.25490196 0.25490196
v 0.01505491 -0.01300496 0.04526698 0.25490196 0.25490196 0.25490196
v 0.01507740 -0.01300496 0.04544687 0.25490196 0.25490196 0.25490196
v 0.01514485 -0.01300496 0.04562676 0.25490196 0.25490196 0.25490196
v 0.01524979 -0.01300496 0.04578416 0.25490196 0.25490196 0.25490196
v 0.01538470 -0.01300496 0.04591158 0.25490196 0.25490196 0.25490196
v 0.01554960 -0.01300496 0.04600152 0.25490196 0.25490196 0.25490196
v 0.01572949 -0.01300496 0.04605399 0.25490196 0.25490196 0.25490196
v 0.01679381 -0.01300496 0.04379792 0.25490196 0.25490196 0.25490196
v 0.01698869 -0.01300496 0.04372296 0.25490196 0.25490196 0.25490196
v 0.01719106 -0.01300496 0.04369298 0.25490196 0.25490196 0.25490196
v 0.02043651 -0.01300496 0.04696841 0.25490196 0.25490196 0.25490196
v 0.01872759 -0.01300496 0.05210266 0.25490196 0.25490196 0.25490196
v 0.01865264 -0.01300496 0.05006395 0.25490196 0.25490196 0.25490196
v 0.01885501 -0.01300496 0.05432875 0.25490196 0.25490196 0.25490196
v 0.01402806 -0.00650496 0.03254003 0.25490196 0.25490196 0.25490196
v 0.01435785 -0.00650496 0.03175303 0.25490196 0.25490196 0.25490196
v 0.01392313 -0.00650496 0.03337950 0.25490196 0.25490196 0.25490196
v 0.01402806 -0.00650496 0.03421898 0.25490196 0.25490196 0.25490196
v 0.01605928 -0.00650496 0.03753188 0.25490196 0.25490196 0.25490196
v 0.01487503 -0.00650496 0.03107846 0.25490196 0.25490196 0.25490196
v 0.01554210 -0.00650496 0.03056128 0.25490196 0.25490196 0.25490196
v 0.01435785 -0.00650496 0.03500597 0.25490196 0.25490196 0.25490196
v 0.01632911 -0.00650496 0.03023899 0.25490196 0.25490196 0.25490196
v 0.01487503 -0.00650496 0.03567305 0.25490196 0.25490196 0.25490196
v 0.01554210 -0.00650496 0.03619022 0.25490196 0.25490196 0.25490196
v 0.01632911 -0.00650496 0.03652002 0.25490196 0.25490196 0.25490196
v 0.01210178 -0.01300496 0.06821748 0.25490196 0.25490196 0.25490196
v 0.01872759 -0.01300496 0.06090210 0.25490196 0.25490196 0.25490196
v 0.01187692 -0.01300496 0.07392886 0.25490196 0.25490196 0.25490196
v 0.01198935 -0.01300496 0.07991758 0.25490196 0.25490196 0.25490196
v 0.01234912 -0.01300496 0.08628854 0.25490196 0.25490196 0.25490196
v 0.01360083 -0.01300496 0.06038493 0.25490196 0.25490196 0.25490196
v 0.01883252 -0.01300496 0.06557165 0.25490196 0.25490196 0.25490196
v 0.01895245 -0.01300496 0.07051852 0.25490196 0.25490196 0.25490196
v 0.01928224 -0.01300496 0.06324812 0.25490196 0.25490196 0.25490196
v 0.01913233 -0.01300496 0.06821748 0.25490196 0.25490196 0.25490196
v 0.01907987 -0.01300496 0.07582516 0.25490196 0.25490196 0.25490196
v 0.01922977 -0.01300496 0.08159651 0.25490196 0.25490196 0.25490196
v 0.01837531 -0.01300496 0.07392886 0.25490196 0.25490196 0.25490196
v 0.01813547 -0.01300496 0.07991758 0.25490196 0.25490196 0.25490196
v 0.01828537 -0.01300496 0.08628854 0.25490196 0.25490196 0.25490196
v 0.01940216 -0.01300496 0.08795249 0.25490196 0.25490196 0.25490196
v 0.00918612 0.01299504 0.03104098 0.25490196 0.25490196 0.25490196
v 0.00923859 0.01299504 0.03092106 0.25490196 0.25490196 0.25490196
v 0.00931354 0.01299504 0.03081612 0.25490196 0.25490196 0.25490196
v 0.00941848 0.01299504 0.03073368 0.25490196 0.25490196 0.25490196
v 0.00917113 0.01299504 0.03116840 0.25490196 0.25490196 0.25490196
v 0.00902123 0.01299504 0.03382922 0.25490196 0.25490196 0.25490196
v 0.00910367 0.01299504 0.03373178 0.25490196 0.25490196 0.25490196
v 0.00915614 0.01299504 0.03360436 0.25490196 0.25490196 0.25490196
v 0.00843660 0.01299504 0.04864735 0.25490196 0.25490196 0.25490196
v 0.00861648 0.01299504 0.04861736 0.25490196 0.25490196 0.25490196
v 0.01357835 0.01299504 0.02833519 0.25490196 0.25490196 0.25490196
v 0.01854021 0.01299504 0.05210266 0.25490196 0.25490196 0.25490196
v 0.01863015 0.01299504 0.05642743 0.25490196 0.25490196 0.25490196
v 0.01529476 0.01299504 0.04469735 0.25490196 0.25490196 0.25490196
v 0.01545966 0.01299504 0.04456993 0.25490196 0.25490196 0.25490196
v 0.01508489 0.01299504 0.04505712 0.25490196 0.25490196 0.25490196
v 0.01505491 0.01299504 0.04526698 0.25490196 0.25490196 0.25490196
v 0.01516734 0.01299504 0.04486224 0.25490196 0.25490196 0.25490196
v 0.01507740 0.01299504 0.04544687 0.25490196 0.25490196 0.25490196
v 0.01514485 0.01299504 0.04562676 0.25490196 0.25490196 0.25490196
v 0.01524979 0.01299504 0.04578416 0.25490196 0.25490196 0.25490196
v 0.01538470 0.01299504 0.04591158 0.25490196 0.25490196 0.25490196
v 0.01554960 0.01299504 0.04600152 0.25490196 0.25490196 0.25490196
v 0.01572949 0.01299504 0.04605399 0.25490196 0.25490196 0.25490196
v 0.01591687 -0.01300496 0.04606149 0.25490196 0.25490196 0.25490196
v 0.01865264 0.01299504 0.05006395 0.25490196 0.25490196 0.25490196
v 0.01487503 0.00649504 0.03107846 0.25490196 0.25490196 0.25490196
v 0.01402806 0.00649504 0.03254003 0.25490196 0.25490196 0.25490196
v 0.01435785 0.00649504 0.03175303 0.25490196 0.25490196 0.25490196
v 0.01392313 0.00649504 0.03337950 0.25490196 0.25490196 0.25490196
v 0.01402806 0.00649504 0.03421898 0.25490196 0.25490196 0.25490196
v 0.01435785 0.00649504 0.03500597 0.25490196 0.25490196 0.25490196
v 0.01554210 0.00649504 0.03056128 0.25490196 0.25490196 0.25490196
v 0.01632911 0.00649504 0.03023899 0.25490196 0.25490196 0.25490196
v 0.01487503 0.00649504 0.03567305 0.25490196 0.25490196 0.25490196
v 0.01554210 0.00649504 0.03619022 0.25490196 0.25490196 0.25490196
v 0.01210178 0.01299504 0.06821748 0.25490196 0.25490196 0.25490196
v 0.01187692 0.01299504 0.07392886 0.25490196 0.25490196 0.25490196
v 0.01198935 0.01299504 0.07991758 0.25490196 0.25490196 0.25490196
v 0.01234912 0.01299504 0.08628854 0.25490196 0.25490196 0.25490196
v 0.01872759 0.01299504 0.06090210 0.25490196 0.25490196 0.25490196
v 0.01360083 0.01299504 0.06038493 0.25490196 0.25490196 0.25490196
v 0.01906488 -0.01300496 0.05869849 0.25490196 0.25490196 0.25490196
v 0.00799438 0.01299504 0.07991758 0.25490196 0.25490196 0.25490196
v 0.00879637 0.01299504 0.08628854 0.25490196 0.25490196 0.25490196
v 0.01979192 -0.01300496 0.02759316 0.25490196 0.25490196 0.25490196
v 0.01828537 -0.01300496 0.02922713 0.25490196 0.25490196 0.25490196
v 0.01716858 -0.01300496 0.03768178 0.25490196 0.25490196 0.25490196
v 0.01828537 -0.01300496 0.03753188 0.25490196 0.25490196 0.25490196
v 0.01716858 -0.00650496 0.02907722 0.25490196 0.25490196 0.25490196
v 0.01828537 -0.00650496 0.02922713 0.25490196 0.25490196 0.25490196
v 0.01716858 -0.00650496 0.03768178 0.25490196 0.25490196 0.25490196
v 0.01828537 -0.00650496 0.03753188 0.25490196 0.25490196 0.25490196
v 0.01931972 -0.01300496 0.03710464 0.25490196 0.25490196 0.25490196
v 0.01931972 -0.01300496 0.02965436 0.25490196 0.25490196 0.25490196
v 0.02021165 -0.01300496 0.03033642 0.25490196 0.25490196 0.25490196
v 0.02043651 -0.01300496 0.02767561 0.25490196 0.25490196 0.25490196
v 0.02108860 -0.01300496 0.02776555 0.25490196 0.25490196 0.25490196
v 0.02043651 -0.01300496 0.03063624 0.25490196 0.25490196 0.25490196
v 0.02089372 -0.01300496 0.03122836 0.25490196 0.25490196 0.25490196
v 0.02156829 -0.01300496 0.02833519 0.25490196 0.25490196 0.25490196
v 0.02132095 -0.01300496 0.03226271 0.25490196 0.25490196 0.25490196
v 0.02021165 -0.01300496 0.03641508 0.25490196 0.25490196 0.25490196
v 0.02043651 -0.01300496 0.03612277 0.25490196 0.25490196 0.25490196
v 0.02132095 -0.01300496 0.03448880 0.25490196 0.25490196 0.25490196
v 0.02156829 -0.01300496 0.04012524 0.25490196 0.25490196 0.25490196
v 0.02089372 -0.01300496 0.03553064 0.25490196 0.25490196 0.25490196
v 0.02156829 -0.01300496 0.04313833 0.25490196 0.25490196 0.25490196
v 0.01931972 -0.00650496 0.02965436 0.25490196 0.25490196 0.25490196
v 0.02021165 -0.00650496 0.03033642 0.25490196 0.25490196 0.25490196
v 0.02089372 -0.00650496 0.03122836 0.25490196 0.25490196 0.25490196
v 0.02132095 -0.00650496 0.03226271 0.25490196 0.25490196 0.25490196
v 0.02089372 -0.00650496 0.03553064 0.25490196 0.25490196 0.25490196
v 0.01931972 -0.00650496 0.03710464 0.25490196 0.25490196 0.25490196
v 0.02021165 -0.00650496 0.03641508 0.25490196 0.25490196 0.25490196
v 0.01836032 -0.01300496 0.04369298 0.25490196 0.25490196 0.25490196
v 0.01844277 -0.01300496 0.04587410 0.25490196 0.25490196 0.25490196
v 0.01883252 -0.01300496 0.05641244 0.25490196 0.25490196 0.25490196
v 0.01856270 -0.01300496 0.04372296 0.25490196 0.25490196 0.25490196
v 0.01875757 -0.01300496 0.04379792 0.25490196 0.25490196 0.25490196
v 0.01892247 -0.01300496 0.04391784 0.25490196 0.25490196 0.25490196
v 0.01863765 -0.01300496 0.04582913 0.25490196 0.25490196 0.25490196
v 0.01881753 -0.01300496 0.04574668 0.25490196 0.25490196 0.25490196
v 0.01896744 -0.01300496 0.04561926 0.25490196 0.25490196 0.25490196
v 0.01904988 -0.01300496 0.04407524 0.25490196 0.25490196 0.25490196
v 0.01913233 -0.01300496 0.04426262 0.25490196 0.25490196 0.25490196
v 0.01916232 -0.01300496 0.04446499 0.25490196 0.25490196 0.25490196
v 0.01918480 -0.01300496 0.04504962 0.25490196 0.25490196 0.25490196
v 0.01918480 -0.01300496 0.04507211 0.25490196 0.25490196 0.25490196
v 0.01916232 -0.01300496 0.04527448 0.25490196 0.25490196 0.25490196
v 0.01908736 -0.01300496 0.04545436 0.25490196 0.25490196 0.25490196
v 0.01863015 -0.01300496 0.04788283 0.25490196 0.25490196 0.25490196
v 0.01881004 -0.01300496 0.04793530 0.25490196 0.25490196 0.25490196
v 0.01897493 -0.01300496 0.04802524 0.25490196 0.25490196 0.25490196
v 0.01910985 -0.01300496 0.04814516 0.25490196 0.25490196 0.25490196
v 0.01921478 -0.01300496 0.04829507 0.25490196 0.25490196 0.25490196
v 0.01928224 -0.01300496 0.04846746 0.25490196 0.25490196 0.25490196
v 0.01931222 -0.01300496 0.04864735 0.25490196 0.25490196 0.25490196
v 0.01932721 -0.01300496 0.04924697 0.25490196 0.25490196 0.25490196
v 0.01932721 -0.01300496 0.04927695 0.25490196 0.25490196 0.25490196
v 0.01899742 -0.01300496 0.04992154 0.25490196 0.25490196 0.25490196
v 0.01913983 -0.01300496 0.04979412 0.25490196 0.25490196 0.25490196
v 0.01924476 -0.01300496 0.04964422 0.25490196 0.25490196 0.25490196
v 0.01930473 -0.01300496 0.04946433 0.25490196 0.25490196 0.25490196
v 0.02156829 -0.01300496 0.04696841 0.25490196 0.25490196 0.25490196
v 0.02156829 -0.01300496 0.05206519 0.25490196 0.25490196 0.25490196
v 0.01883252 -0.01300496 0.05001898 0.25490196 0.25490196 0.25490196
v 0.01891497 -0.01300496 0.05214014 0.25490196 0.25490196 0.25490196
v 0.01908736 -0.01300496 0.05222259 0.25490196 0.25490196 0.25490196
v 0.01923727 -0.01300496 0.05235001 0.25490196 0.25490196 0.25490196
v 0.01934970 -0.01300496 0.05249991 0.25490196 0.25490196 0.25490196
v 0.01942465 -0.01300496 0.05267980 0.25490196 0.25490196 0.25490196
v 0.01904988 -0.01300496 0.05425380 0.25490196 0.25490196 0.25490196
v 0.01917731 -0.01300496 0.05417136 0.25490196 0.25490196 0.25490196
v 0.02043651 -0.01300496 0.05425380 0.25490196 0.25490196 0.25490196
v 0.01930473 -0.01300496 0.05404393 0.25490196 0.25490196 0.25490196
v 0.01940216 -0.01300496 0.05389403 0.25490196 0.25490196 0.25490196
v 0.01945463 -0.01300496 0.05286718 0.25490196 0.25490196 0.25490196
v 0.01947712 -0.01300496 0.05351927 0.25490196 0.25490196 0.25490196
v 0.01946213 -0.01300496 0.05372164 0.25490196 0.25490196 0.25490196
v 0.01947712 -0.01300496 0.05354925 0.25490196 0.25490196 0.25490196
v 0.01902740 -0.01300496 0.05426880 0.25490196 0.25490196 0.25490196
v 0.01902740 -0.01300496 0.05644242 0.25490196 0.25490196 0.25490196
v 0.01921478 -0.01300496 0.05651737 0.25490196 0.25490196 0.25490196
v 0.01937218 -0.01300496 0.05664479 0.25490196 0.25490196 0.25490196
v 0.01949211 -0.01300496 0.05680219 0.25490196 0.25490196 0.25490196
v 0.01957456 -0.01300496 0.05698208 0.25490196 0.25490196 0.25490196
v 0.01960454 -0.01300496 0.05718445 0.25490196 0.25490196 0.25490196
v 0.01963452 -0.01300496 0.05791149 0.25490196 0.25490196 0.25490196
v 0.02156829 -0.01300496 0.05425380 0.25490196 0.25490196 0.25490196
v 0.02043651 -0.01300496 0.06038493 0.25490196 0.25490196 0.25490196
v 0.01716858 -0.00650496 0.03012656 0.25490196 0.25490196 0.25490196
v 0.01800805 -0.00650496 0.03023899 0.25490196 0.25490196 0.25490196
v 0.01879505 -0.00650496 0.03056128 0.25490196 0.25490196 0.25490196
v 0.01716858 -0.00650496 0.03662495 0.25490196 0.25490196 0.25490196
v 0.01800805 -0.00650496 0.03652002 0.25490196 0.25490196 0.25490196
v 0.01879505 -0.00650496 0.03619022 0.25490196 0.25490196 0.25490196
v 0.02132095 -0.00650496 0.03448880 0.25490196 0.25490196 0.25490196
v 0.01946962 -0.00650496 0.03107846 0.25490196 0.25490196 0.25490196
v 0.01998679 -0.00650496 0.03175303 0.25490196 0.25490196 0.25490196
v 0.02030909 -0.00650496 0.03254003 0.25490196 0.25490196 0.25490196
v 0.01998679 -0.00650496 0.03500597 0.25490196 0.25490196 0.25490196
v 0.02030909 -0.00650496 0.03421898 0.25490196 0.25490196 0.25490196
v 0.02042152 -0.00650496 0.03337950 0.25490196 0.25490196 0.25490196
v 0.02147086 -0.00650496 0.03337950 0.25490196 0.25490196 0.25490196
v 0.01946962 -0.00650496 0.03567305 0.25490196 0.25490196 0.25490196
v 0.02156829 -0.01300496 0.02796043 0.25490196 0.25490196 0.25490196
v 0.02229534 -0.01300496 0.02826024 0.25490196 0.25490196 0.25490196
v 0.02147086 -0.01300496 0.03337950 0.25490196 0.25490196 0.25490196
v 0.02239277 -0.01300496 0.02833519 0.25490196 0.25490196 0.25490196
v 0.02332968 -0.01300496 0.02905474 0.25490196 0.25490196 0.25490196
v 0.02412418 -0.01300496 0.03009657 0.25490196 0.25490196 0.25490196
v 0.02462636 -0.01300496 0.03129582 0.25490196 0.25490196 0.25490196
v 0.02479125 -0.01300496 0.03259250 0.25490196 0.25490196 0.25490196
v 0.02479125 -0.01300496 0.04012524 0.25490196 0.25490196 0.25490196
v 0.02479125 -0.01300496 0.04313833 0.25490196 0.25490196 0.25490196
v 0.02479125 -0.01300496 0.04696841 0.25490196 0.25490196 0.25490196
v 0.02479125 -0.01300496 0.05206519 0.25490196 0.25490196 0.25490196
v 0.02479125 -0.01300496 0.05425380 0.25490196 0.25490196 0.25490196
v 0.02156829 -0.01300496 0.06038493 0.25490196 0.25490196 0.25490196
v 0.01890747 -0.01300496 0.06086462 0.25490196 0.25490196 0.25490196
v 0.01925226 -0.01300496 0.05861604 0.25490196 0.25490196 0.25490196
v 0.01940966 -0.01300496 0.05848862 0.25490196 0.25490196 0.25490196
v 0.01952958 -0.01300496 0.05832373 0.25490196 0.25490196 0.25490196
v 0.01960454 -0.01300496 0.05813635 0.25490196 0.25490196 0.25490196
v 0.01963452 -0.01300496 0.05793398 0.25490196 0.25490196 0.25490196
v 0.01908736 -0.01300496 0.06087212 0.25490196 0.25490196 0.25490196
v 0.01926725 -0.01300496 0.06092459 0.25490196 0.25490196 0.25490196
v 0.01942465 -0.01300496 0.06101453 0.25490196 0.25490196 0.25490196
v 0.01955956 -0.01300496 0.06113445 0.25490196 0.25490196 0.25490196
v 0.01966450 -0.01300496 0.06128436 0.25490196 0.25490196 0.25490196
v 0.01973196 -0.01300496 0.06145675 0.25490196 0.25490196 0.25490196
v 0.01976194 -0.01300496 0.06163663 0.25490196 0.25490196 0.25490196
v 0.01979192 -0.01300496 0.06247610 0.25490196 0.25490196 0.25490196
v 0.01979192 -0.01300496 0.06250608 0.25490196 0.25490196 0.25490196
v 0.01945463 -0.01300496 0.06315817 0.25490196 0.25490196 0.25490196
v 0.01920729 -0.01300496 0.06551918 0.25490196 0.25490196 0.25490196
v 0.01901991 -0.01300496 0.06552667 0.25490196 0.25490196 0.25490196
v 0.01939467 -0.01300496 0.06556416 0.25490196 0.25490196 0.25490196
v 0.01956706 -0.01300496 0.06564660 0.25490196 0.25490196 0.25490196
v 0.01970947 -0.01300496 0.06577402 0.25490196 0.25490196 0.25490196
v 0.01982190 -0.01300496 0.06592393 0.25490196 0.25490196 0.25490196
v 0.01989685 -0.01300496 0.06610381 0.25490196 0.25490196 0.25490196
v 0.01959704 -0.01300496 0.06303075 0.25490196 0.25490196 0.25490196
v 0.02043651 -0.01300496 0.06821748 0.25490196 0.25490196 0.25490196
v 0.01976943 -0.01300496 0.06269347 0.25490196 0.25490196 0.25490196
v 0.01970197 -0.01300496 0.06287335 0.25490196 0.25490196 0.25490196
v 0.02156829 -0.01300496 0.06821748 0.25490196 0.25490196 0.25490196
v 0.01913983 -0.01300496 0.07045856 0.25490196 0.25490196 0.25490196
v 0.01933471 -0.01300496 0.07044357 0.25490196 0.25490196 0.25490196
v 0.01952958 -0.01300496 0.07048104 0.25490196 0.25490196 0.25490196
v 0.01950710 -0.01300496 0.06803759 0.25490196 0.25490196 0.25490196
v 0.01965700 -0.01300496 0.06794015 0.25490196 0.25490196 0.25490196
v 0.01978442 -0.01300496 0.06781273 0.25490196 0.25490196 0.25490196
v 0.01988186 -0.01300496 0.06766283 0.25490196 0.25490196 0.25490196
v 0.01970947 -0.01300496 0.07055600 0.25490196 0.25490196 0.25490196
v 0.01986687 -0.01300496 0.07068342 0.25490196 0.25490196 0.25490196
v 0.01973945 -0.01300496 0.07314186 0.25490196 0.25490196 0.25490196
v 0.01987437 -0.01300496 0.07303693 0.25490196 0.25490196 0.25490196
v 0.02043651 -0.01300496 0.07392886 0.25490196 0.25490196 0.25490196
v 0.01992683 -0.01300496 0.06629119 0.25490196 0.25490196 0.25490196
v 0.01995682 -0.01300496 0.06728806 0.25490196 0.25490196 0.25490196
v 0.01995682 -0.01300496 0.06731055 0.25490196 0.25490196 0.25490196
v 0.01994182 -0.01300496 0.06749043 0.25490196 0.25490196 0.25490196
v 0.01998679 -0.01300496 0.07084081 0.25490196 0.25490196 0.25490196
v 0.02006924 -0.01300496 0.07102070 0.25490196 0.25490196 0.25490196
v 0.02009922 -0.01300496 0.07121558 0.25490196 0.25490196 0.25490196
v 0.02013670 -0.01300496 0.07241482 0.25490196 0.25490196 0.25490196
v 0.01998679 -0.01300496 0.07291700 0.25490196 0.25490196 0.25490196
v 0.02006924 -0.01300496 0.07277459 0.25490196 0.25490196 0.25490196
v 0.02012171 -0.01300496 0.07260970 0.25490196 0.25490196 0.25490196
v 0.02013670 -0.01300496 0.07244480 0.25490196 0.25490196 0.25490196
v 0.02156829 -0.01300496 0.07392886 0.25490196 0.25490196 0.25490196
v 0.01927474 -0.01300496 0.07575021 0.25490196 0.25490196 0.25490196
v 0.01947712 -0.01300496 0.07572023 0.25490196 0.25490196 0.25490196
v 0.01967949 -0.01300496 0.07574271 0.25490196 0.25490196 0.25490196
v 0.01986687 -0.01300496 0.07581767 0.25490196 0.25490196 0.25490196
v 0.01940216 -0.01300496 0.08150657 0.25490196 0.25490196 0.25490196
v 0.01958205 -0.01300496 0.08146159 0.25490196 0.25490196 0.25490196
v 0.01976943 -0.01300496 0.08146159 0.25490196 0.25490196 0.25490196
v 0.01998679 -0.01300496 0.07865837 0.25490196 0.25490196 0.25490196
v 0.02043651 -0.01300496 0.07991758 0.25490196 0.25490196 0.25490196
v 0.02003176 -0.01300496 0.07594508 0.25490196 0.25490196 0.25490196
v 0.02016668 -0.01300496 0.07610249 0.25490196 0.25490196 0.25490196
v 0.02024913 -0.01300496 0.07628987 0.25490196 0.25490196 0.25490196
v 0.02027911 -0.01300496 0.07649224 0.25490196 0.25490196 0.25490196
v 0.02033158 -0.01300496 0.07796880 0.25490196 0.25490196 0.25490196
v 0.02033158 -0.01300496 0.07799879 0.25490196 0.25490196 0.25490196
v 0.02012920 -0.01300496 0.07853095 0.25490196 0.25490196 0.25490196
v 0.02030909 -0.01300496 0.07819366 0.25490196 0.25490196 0.25490196
v 0.02024163 -0.01300496 0.07837355 0.25490196 0.25490196 0.25490196
v 0.01995682 -0.01300496 0.08150657 0.25490196 0.25490196 0.25490196
v 0.02012171 -0.01300496 0.08158902 0.25490196 0.25490196 0.25490196
v 0.02027161 -0.01300496 0.08170894 0.25490196 0.25490196 0.25490196
v 0.02038404 -0.01300496 0.08186634 0.25490196 0.25490196 0.25490196
v 0.02043651 -0.01300496 0.08200875 0.25490196 0.25490196 0.25490196
v 0.02156829 -0.01300496 0.07991758 0.25490196 0.25490196 0.25490196
v 0.02045150 -0.01300496 0.08203873 0.25490196 0.25490196 0.25490196
v 0.01957456 -0.01300496 0.08784756 0.25490196 0.25490196 0.25490196
v 0.01975444 -0.01300496 0.08779510 0.25490196 0.25490196 0.25490196
v 0.01995682 -0.01300496 0.08778011 0.25490196 0.25490196 0.25490196
v 0.02024163 -0.01300496 0.08472204 0.25490196 0.25490196 0.25490196
v 0.02043651 -0.01300496 0.08628854 0.25490196 0.25490196 0.25490196
v 0.02036905 -0.01300496 0.08459462 0.25490196 0.25490196 0.25490196
v 0.02043651 -0.01300496 0.08448969 0.25490196 0.25490196 0.25490196
v 0.02048148 -0.01300496 0.08222612 0.25490196 0.25490196 0.25490196
v 0.02054894 -0.01300496 0.08406995 0.25490196 0.25490196 0.25490196
v 0.02046649 -0.01300496 0.08444471 0.25490196 0.25490196 0.25490196
v 0.02156829 -0.01300496 0.08628854 0.25490196 0.25490196 0.25490196
v 0.02054894 -0.01300496 0.08409993 0.25490196 0.25490196 0.25490196
v 0.02052645 -0.01300496 0.08427982 0.25490196 0.25490196 0.25490196
v 0.02014419 -0.01300496 0.08781758 0.25490196 0.25490196 0.25490196
v 0.02032408 -0.01300496 0.08790002 0.25490196 0.25490196 0.25490196
v 0.02043651 -0.01300496 0.08798997 0.25490196 0.25490196 0.25490196
v 0.02047399 -0.01300496 0.08801995 0.25490196 0.25490196 0.25490196
v 0.02059391 -0.01300496 0.08817735 0.25490196 0.25490196 0.25490196
v 0.02066886 -0.01300496 0.08835724 0.25490196 0.25490196 0.25490196
v 0.02069884 -0.01300496 0.08855212 0.25490196 0.25490196 0.25490196
v 0.02078129 -0.01300496 0.09103944 0.25490196 0.25490196 0.25490196
v 0.02479125 -0.01300496 0.06038493 0.25490196 0.25490196 0.25490196
v 0.02479125 -0.01300496 0.06821748 0.25490196 0.25490196 0.25490196
v 0.02479125 -0.01300496 0.07392886 0.25490196 0.25490196 0.25490196
v 0.02479125 -0.01300496 0.07991758 0.25490196 0.25490196 0.25490196
v 0.02479125 -0.01300496 0.08628854 0.25490196 0.25490196 0.25490196
v 0.02156829 -0.01300496 0.09290375 0.25490196 0.25490196 0.25490196
v 0.02479125 -0.01300496 0.08906929 0.25490196 0.25490196 0.25490196
v 0.02409657 -0.01300496 0.08906929 0.25490196 0.25490196 0.25490196
v 0.01979192 0.01299504 0.02759316 0.25490196 0.25490196 0.25490196
v 0.02043651 0.01299504 0.02767561 0.25490196 0.25490196 0.25490196
v 0.02108860 0.01299504 0.02776555 0.25490196 0.25490196 0.25490196
v 0.01698869 0.01299504 0.04372296 0.25490196 0.25490196 0.25490196
v 0.01719106 0.01299504 0.04369298 0.25490196 0.25490196 0.25490196
v 0.01844277 0.01299504 0.04587410 0.25490196 0.25490196 0.25490196
v 0.01856270 0.01299504 0.04372296 0.25490196 0.25490196 0.25490196
v 0.01875757 0.01299504 0.04379792 0.25490196 0.25490196 0.25490196
v 0.01863765 0.01299504 0.04582913 0.25490196 0.25490196 0.25490196
v 0.01863015 0.01299504 0.04788283 0.25490196 0.25490196 0.25490196
v 0.01881004 0.01299504 0.04793530 0.25490196 0.25490196 0.25490196
v 0.01872759 0.01299504 0.05210266 0.25490196 0.25490196 0.25490196
v 0.01883252 0.01299504 0.05641244 0.25490196 0.25490196 0.25490196
v 0.01892247 0.01299504 0.04391784 0.25490196 0.25490196 0.25490196
v 0.01904988 0.01299504 0.04407524 0.25490196 0.25490196 0.25490196
v 0.01913233 0.01299504 0.04426262 0.25490196 0.25490196 0.25490196
v 0.01916232 0.01299504 0.04446499 0.25490196 0.25490196 0.25490196
v 0.01881753 0.01299504 0.04574668 0.25490196 0.25490196 0.25490196
v 0.01896744 0.01299504 0.04561926 0.25490196 0.25490196 0.25490196
v 0.01908736 0.01299504 0.04545436 0.25490196 0.25490196 0.25490196
v 0.01918480 0.01299504 0.04507211 0.25490196 0.25490196 0.25490196
v 0.01916232 0.01299504 0.04527448 0.25490196 0.25490196 0.25490196
v 0.01897493 0.01299504 0.04802524 0.25490196 0.25490196 0.25490196
v 0.01910985 0.01299504 0.04814516 0.25490196 0.25490196 0.25490196
v 0.01921478 0.01299504 0.04829507 0.25490196 0.25490196 0.25490196
v 0.01928224 0.01299504 0.04846746 0.25490196 0.25490196 0.25490196
v 0.01931222 0.01299504 0.04864735 0.25490196 0.25490196 0.25490196
v 0.01883252 0.01299504 0.05001898 0.25490196 0.25490196 0.25490196
v 0.01899742 0.01299504 0.04992154 0.25490196 0.25490196 0.25490196
v 0.01924476 0.01299504 0.04964422 0.25490196 0.25490196 0.25490196
v 0.01932721 0.01299504 0.04927695 0.25490196 0.25490196 0.25490196
v 0.01930473 0.01299504 0.04946433 0.25490196 0.25490196 0.25490196
v 0.01913983 0.01299504 0.04979412 0.25490196 0.25490196 0.25490196
v 0.01891497 0.01299504 0.05214014 0.25490196 0.25490196 0.25490196
v 0.01908736 0.01299504 0.05222259 0.25490196 0.25490196 0.25490196
v 0.01923727 0.01299504 0.05235001 0.25490196 0.25490196 0.25490196
v 0.01934970 0.01299504 0.05249991 0.25490196 0.25490196 0.25490196
v 0.01885501 0.01299504 0.05432875 0.25490196 0.25490196 0.25490196
v 0.01902740 0.01299504 0.05426880 0.25490196 0.25490196 0.25490196
v 0.01904988 0.01299504 0.05425380 0.25490196 0.25490196 0.25490196
v 0.01942465 0.01299504 0.05267980 0.25490196 0.25490196 0.25490196
v 0.01917731 0.01299504 0.05417136 0.25490196 0.25490196 0.25490196
v 0.01940216 0.01299504 0.05389403 0.25490196 0.25490196 0.25490196
v 0.01930473 0.01299504 0.05404393 0.25490196 0.25490196 0.25490196
v 0.01945463 0.01299504 0.05286718 0.25490196 0.25490196 0.25490196
v 0.01947712 0.01299504 0.05354925 0.25490196 0.25490196 0.25490196
v 0.01946213 0.01299504 0.05372164 0.25490196 0.25490196 0.25490196
v 0.01902740 0.01299504 0.05644242 0.25490196 0.25490196 0.25490196
v 0.01921478 0.01299504 0.05651737 0.25490196 0.25490196 0.25490196
v 0.01937218 0.01299504 0.05664479 0.25490196 0.25490196 0.25490196
v 0.01949211 0.01299504 0.05680219 0.25490196 0.25490196 0.25490196
v 0.01957456 0.01299504 0.05698208 0.25490196 0.25490196 0.25490196
v 0.01960454 0.01299504 0.05718445 0.25490196 0.25490196 0.25490196
v 0.01952958 0.01299504 0.05832373 0.25490196 0.25490196 0.25490196
v 0.01963452 0.01299504 0.05793398 0.25490196 0.25490196 0.25490196
v 0.01960454 0.01299504 0.05813635 0.25490196 0.25490196 0.25490196
v 0.01716858 0.00649504 0.03012656 0.25490196 0.25490196 0.25490196
v 0.01800805 0.00649504 0.03023899 0.25490196 0.25490196 0.25490196
v 0.01879505 0.00649504 0.03056128 0.25490196 0.25490196 0.25490196
v 0.01632911 0.00649504 0.03652002 0.25490196 0.25490196 0.25490196
v 0.01716858 0.00649504 0.03662495 0.25490196 0.25490196 0.25490196
v 0.01800805 0.00649504 0.03652002 0.25490196 0.25490196 0.25490196
v 0.01946962 0.00649504 0.03107846 0.25490196 0.25490196 0.25490196
v 0.01998679 0.00649504 0.03175303 0.25490196 0.25490196 0.25490196
v 0.02030909 0.00649504 0.03254003 0.25490196 0.25490196 0.25490196
v 0.02042152 0.00649504 0.03337950 0.25490196 0.25490196 0.25490196
v 0.02030909 0.00649504 0.03421898 0.25490196 0.25490196 0.25490196
v 0.01998679 0.00649504 0.03500597 0.25490196 0.25490196 0.25490196
v 0.01879505 0.00649504 0.03619022 0.25490196 0.25490196 0.25490196
v 0.01946962 0.00649504 0.03567305 0.25490196 0.25490196 0.25490196
v 0.02156829 0.01299504 0.02796043 0.25490196 0.25490196 0.25490196
v 0.02229534 0.01299504 0.02826024 0.25490196 0.25490196 0.25490196
v 0.02239277 0.01299504 0.02833519 0.25490196 0.25490196 0.25490196
v 0.02412418 0.01299504 0.03009657 0.25490196 0.25490196 0.25490196
v 0.02462636 0.01299504 0.03129582 0.25490196 0.25490196 0.25490196
v 0.02479125 0.01299504 0.03259250 0.25490196 0.25490196 0.25490196
v 0.02479125 0.01299504 0.04012524 0.25490196 0.25490196 0.25490196
v 0.02479125 0.01299504 0.04313833 0.25490196 0.25490196 0.25490196
v 0.02479125 0.01299504 0.04696841 0.25490196 0.25490196 0.25490196
v 0.02479125 0.01299504 0.05206519 0.25490196 0.25490196 0.25490196
v 0.02479125 0.01299504 0.05425380 0.25490196 0.25490196 0.25490196
v 0.01883252 0.01299504 0.06557165 0.25490196 0.25490196 0.25490196
v 0.01895245 0.01299504 0.07051852 0.25490196 0.25490196 0.25490196
v 0.01906488 0.01299504 0.05869849 0.25490196 0.25490196 0.25490196
v 0.01925226 0.01299504 0.05861604 0.25490196 0.25490196 0.25490196
v 0.01890747 0.01299504 0.06086462 0.25490196 0.25490196 0.25490196
v 0.01908736 0.01299504 0.06087212 0.25490196 0.25490196 0.25490196
v 0.01926725 0.01299504 0.06092459 0.25490196 0.25490196 0.25490196
v 0.01942465 0.01299504 0.06101453 0.25490196 0.25490196 0.25490196
v 0.01940966 0.01299504 0.05848862 0.25490196 0.25490196 0.25490196
v 0.01955956 0.01299504 0.06113445 0.25490196 0.25490196 0.25490196
v 0.01966450 0.01299504 0.06128436 0.25490196 0.25490196 0.25490196
v 0.01973196 0.01299504 0.06145675 0.25490196 0.25490196 0.25490196
v 0.01976194 0.01299504 0.06163663 0.25490196 0.25490196 0.25490196
v 0.01928224 0.01299504 0.06324812 0.25490196 0.25490196 0.25490196
v 0.01901991 0.01299504 0.06552667 0.25490196 0.25490196 0.25490196
v 0.01920729 0.01299504 0.06551918 0.25490196 0.25490196 0.25490196
v 0.01939467 0.01299504 0.06556416 0.25490196 0.25490196 0.25490196
v 0.01959704 0.01299504 0.06303075 0.25490196 0.25490196 0.25490196
v 0.01970197 0.01299504 0.06287335 0.25490196 0.25490196 0.25490196
v 0.01945463 0.01299504 0.06315817 0.25490196 0.25490196 0.25490196
v 0.01979192 0.01299504 0.06250608 0.25490196 0.25490196 0.25490196
v 0.01976943 0.01299504 0.06269347 0.25490196 0.25490196 0.25490196
v 0.01956706 0.01299504 0.06564660 0.25490196 0.25490196 0.25490196
v 0.01970947 0.01299504 0.06577402 0.25490196 0.25490196 0.25490196
v 0.01982190 0.01299504 0.06592393 0.25490196 0.25490196 0.25490196
v 0.01913233 0.01299504 0.06821748 0.25490196 0.25490196 0.25490196
v 0.01989685 0.01299504 0.06610381 0.25490196 0.25490196 0.25490196
v 0.01992683 0.01299504 0.06629119 0.25490196 0.25490196 0.25490196
v 0.01978442 0.01299504 0.06781273 0.25490196 0.25490196 0.25490196
v 0.01995682 0.01299504 0.06731055 0.25490196 0.25490196 0.25490196
v 0.01988186 0.01299504 0.06766283 0.25490196 0.25490196 0.25490196
v 0.01994182 0.01299504 0.06749043 0.25490196 0.25490196 0.25490196
v 0.01950710 0.01299504 0.06803759 0.25490196 0.25490196 0.25490196
v 0.01965700 0.01299504 0.06794015 0.25490196 0.25490196 0.25490196
v 0.01913983 0.01299504 0.07045856 0.25490196 0.25490196 0.25490196
v 0.01933471 0.01299504 0.07044357 0.25490196 0.25490196 0.25490196
v 0.01952958 0.01299504 0.07048104 0.25490196 0.25490196 0.25490196
v 0.01970947 0.01299504 0.07055600 0.25490196 0.25490196 0.25490196
v 0.01986687 0.01299504 0.07068342 0.25490196 0.25490196 0.25490196
v 0.01998679 0.01299504 0.07084081 0.25490196 0.25490196 0.25490196
v 0.02006924 0.01299504 0.07102070 0.25490196 0.25490196 0.25490196
v 0.01973945 0.01299504 0.07314186 0.25490196 0.25490196 0.25490196
v 0.01987437 0.01299504 0.07303693 0.25490196 0.25490196 0.25490196
v 0.01998679 0.01299504 0.07291700 0.25490196 0.25490196 0.25490196
v 0.02009922 0.01299504 0.07121558 0.25490196 0.25490196 0.25490196
v 0.02012171 0.01299504 0.07260970 0.25490196 0.25490196 0.25490196
v 0.02013670 0.01299504 0.07244480 0.25490196 0.25490196 0.25490196
v 0.02006924 0.01299504 0.07277459 0.25490196 0.25490196 0.25490196
v 0.01907987 0.01299504 0.07582516 0.25490196 0.25490196 0.25490196
v 0.01813547 0.01299504 0.07991758 0.25490196 0.25490196 0.25490196
v 0.01922977 0.01299504 0.08159651 0.25490196 0.25490196 0.25490196
v 0.01837531 0.01299504 0.07392886 0.25490196 0.25490196 0.25490196
v 0.01927474 0.01299504 0.07575021 0.25490196 0.25490196 0.25490196
v 0.01947712 0.01299504 0.07572023 0.25490196 0.25490196 0.25490196
v 0.01967949 0.01299504 0.07574271 0.25490196 0.25490196 0.25490196
v 0.01986687 0.01299504 0.07581767 0.25490196 0.25490196 0.25490196
v 0.02003176 0.01299504 0.07594508 0.25490196 0.25490196 0.25490196
v 0.01998679 0.01299504 0.07865837 0.25490196 0.25490196 0.25490196
v 0.02016668 0.01299504 0.07610249 0.25490196 0.25490196 0.25490196
v 0.02024913 0.01299504 0.07628987 0.25490196 0.25490196 0.25490196
v 0.02027911 0.01299504 0.07649224 0.25490196 0.25490196 0.25490196
v 0.02024163 0.01299504 0.07837355 0.25490196 0.25490196 0.25490196
v 0.02030909 0.01299504 0.07819366 0.25490196 0.25490196 0.25490196
v 0.02033158 0.01299504 0.07799879 0.25490196 0.25490196 0.25490196
v 0.02012920 0.01299504 0.07853095 0.25490196 0.25490196 0.25490196
v 0.01940216 0.01299504 0.08150657 0.25490196 0.25490196 0.25490196
v 0.01958205 0.01299504 0.08146159 0.25490196 0.25490196 0.25490196
v 0.01976943 0.01299504 0.08146159 0.25490196 0.25490196 0.25490196
v 0.01995682 0.01299504 0.08150657 0.25490196 0.25490196 0.25490196
v 0.01828537 0.01299504 0.08628854 0.25490196 0.25490196 0.25490196
v 0.01957456 0.01299504 0.08784756 0.25490196 0.25490196 0.25490196
v 0.01975444 0.01299504 0.08779510 0.25490196 0.25490196 0.25490196
v 0.01995682 0.01299504 0.08778011 0.25490196 0.25490196 0.25490196
v 0.02012171 0.01299504 0.08158902 0.25490196 0.25490196 0.25490196
v 0.02027161 0.01299504 0.08170894 0.25490196 0.25490196 0.25490196
v 0.02038404 0.01299504 0.08186634 0.25490196 0.25490196 0.25490196
v 0.02043651 0.01299504 0.08200875 0.25490196 0.25490196 0.25490196
v 0.02045150 0.01299504 0.08203873 0.25490196 0.25490196 0.25490196
v 0.02048148 0.01299504 0.08222612 0.25490196 0.25490196 0.25490196
v 0.02024163 0.01299504 0.08472204 0.25490196 0.25490196 0.25490196
v 0.02054894 0.01299504 0.08409993 0.25490196 0.25490196 0.25490196
v 0.02036905 0.01299504 0.08459462 0.25490196 0.25490196 0.25490196
v 0.02046649 0.01299504 0.08444471 0.25490196 0.25490196 0.25490196
v 0.02043651 0.01299504 0.08448969 0.25490196 0.25490196 0.25490196
v 0.02052645 0.01299504 0.08427982 0.25490196 0.25490196 0.25490196
v 0.02014419 0.01299504 0.08781758 0.25490196 0.25490196 0.25490196
v 0.02032408 0.01299504 0.08790002 0.25490196 0.25490196 0.25490196
v 0.02043651 0.01299504 0.08798997 0.25490196 0.25490196 0.25490196
v 0.02047399 0.01299504 0.08801995 0.25490196 0.25490196 0.25490196
v 0.02059391 0.01299504 0.08817735 0.25490196 0.25490196 0.25490196
v 0.02066886 0.01299504 0.08835724 0.25490196 0.25490196 0.25490196
v 0.02069884 0.01299504 0.08855212 0.25490196 0.25490196 0.25490196
v 0.02479125 0.01299504 0.06038493 0.25490196 0.25490196 0.25490196
v 0.02479125 0.01299504 0.06821748 0.25490196 0.25490196 0.25490196
v 0.02479125 0.01299504 0.07392886 0.25490196 0.25490196 0.25490196
v 0.02479125 0.01299504 0.07991758 0.25490196 0.25490196 0.25490196
v 0.02479125 0.01299504 0.08628854 0.25490196 0.25490196 0.25490196
v 0.01357085 -0.01300496 0.09290375 0.25490196 0.25490196 0.25490196
v 0.01333850 -0.01300496 0.10072736 0.25490196 0.25490196 0.25490196
v 0.01157711 -0.01300496 0.10072736 0.25490196 0.25490196 0.25490196
v 0.00728982 -0.01300496 0.11429045 0.25490196 0.25490196 0.25490196
v 0.00748470 -0.01300496 0.11436372 0.25490196 0.25490196 0.25490196
v 0.00768707 -0.01300496 0.11438000 0.25490196 0.25490196 0.25490196
v 0.00788195 -0.01300496 0.11433930 0.25490196 0.25490196 0.25490196
v 0.00806933 -0.01300496 0.11424974 0.25490196 0.25490196 0.25490196
v 0.00793441 -0.01300496 0.11649670 0.25490196 0.25490196 0.25490196
v 0.00791193 -0.01300496 0.11671651 0.25490196 0.25490196 0.25490196
v 0.00792692 -0.01300496 0.11687119 0.25490196 0.25490196 0.25490196
v 0.00796440 -0.01300496 0.11701774 0.25490196 0.25490196 0.25490196
v 0.00822673 -0.01300496 0.11411134 0.25490196 0.25490196 0.25490196
v 0.00812929 -0.01300496 0.11612221 0.25490196 0.25490196 0.25490196
v 0.00800937 -0.01300496 0.11629317 0.25490196 0.25490196 0.25490196
v 0.00961335 -0.01300496 0.12177214 0.25490196 0.25490196 0.25490196
v 0.00971079 -0.01300496 0.12197568 0.25490196 0.25490196 0.25490196
v 0.00985320 -0.01300496 0.12213850 0.25490196 0.25490196 0.25490196
v 0.01003309 -0.01300496 0.12225247 0.25490196 0.25490196 0.25490196
v 0.01406554 -0.01300496 0.10929181 0.25490196 0.25490196 0.25490196
v 0.01064020 -0.01300496 0.12227689 0.25490196 0.25490196 0.25490196
v 0.01082009 -0.01300496 0.12217106 0.25490196 0.25490196 0.25490196
v 0.01214675 -0.01300496 0.12251299 0.25490196 0.25490196 0.25490196
v 0.01956706 -0.01300496 0.09445056 0.25490196 0.25490196 0.25490196
v 0.01241658 -0.01300496 0.10929181 0.25490196 0.25490196 0.25490196
v 0.01097749 -0.01300496 0.12201638 0.25490196 0.25490196 0.25490196
v 0.01979941 -0.01300496 0.10269753 0.25490196 0.25490196 0.25490196
v 0.02006174 -0.01300496 0.11211678 0.25490196 0.25490196 0.25490196
v 0.01073015 -0.01300496 0.12470293 0.25490196 0.25490196 0.25490196
v 0.00784447 -0.01300496 0.12651841 0.25490196 0.25490196 0.25490196
v 0.01022797 -0.01300496 0.12231760 0.25490196 0.25490196 0.25490196
v 0.01043783 -0.01300496 0.12232574 0.25490196 0.25490196 0.25490196
v 0.01081260 -0.01300496 0.12431216 0.25490196 0.25490196 0.25490196
v 0.01074514 -0.01300496 0.12449941 0.25490196 0.25490196 0.25490196
v 0.01091003 -0.01300496 0.12414934 0.25490196 0.25490196 0.25490196
v 0.01074514 -0.01300496 0.12486576 0.25490196 0.25490196 0.25490196
v 0.01078261 -0.01300496 0.12502045 0.25490196 0.25490196 0.25490196
v 0.01085007 -0.01300496 0.13316156 0.25490196 0.25490196 0.25490196
v 0.01270889 -0.01300496 0.13013307 0.25490196 0.25490196 0.25490196
v 0.01279884 -0.01300496 0.13031216 0.25490196 0.25490196 0.25490196
v 0.01292626 -0.01300496 0.13045871 0.25490196 0.25490196 0.25490196
v 0.01308366 -0.01300496 0.13057268 0.25490196 0.25490196 0.25490196
v 0.01399058 -0.01300496 0.13341394 0.25490196 0.25490196 0.25490196
v 0.01221421 -0.01300496 0.13618192 0.25490196 0.25490196 0.25490196
v 0.01393062 -0.01300496 0.13316156 0.25490196 0.25490196 0.25490196
v 0.01394561 -0.01300496 0.13324297 0.25490196 0.25490196 0.25490196
v 0.01326354 -0.01300496 0.13064595 0.25490196 0.25490196 0.25490196
v 0.01345093 -0.01300496 0.13067038 0.25490196 0.25490196 0.25490196
v 0.01363831 -0.01300496 0.13064595 0.25490196 0.25490196 0.25490196
v 0.01407303 -0.01300496 0.13255913 0.25490196 0.25490196 0.25490196
v 0.01399058 -0.01300496 0.13272194 0.25490196 0.25490196 0.25490196
v 0.01394561 -0.01300496 0.13289290 0.25490196 0.25490196 0.25490196
v 0.01392313 -0.01300496 0.13307201 0.25490196 0.25490196 0.25490196
v 0.01409552 -0.01300496 0.13030402 0.25490196 0.25490196 0.25490196
v 0.02037655 -0.01300496 0.12306658 0.25490196 0.25490196 0.25490196
v 0.01381070 -0.01300496 0.13057268 0.25490196 0.25490196 0.25490196
v 0.01396810 -0.01300496 0.13045871 0.25490196 0.25490196 0.25490196
v 0.01623916 -0.01300496 0.13892548 0.25490196 0.25490196 0.25490196
v 0.01694372 -0.01300496 0.14565002 0.25490196 0.25490196 0.25490196
v 0.01357085 0.01299504 0.09290375 0.25490196 0.25490196 0.25490196
v 0.01333850 0.01299504 0.10072736 0.25490196 0.25490196 0.25490196
v 0.00748470 0.01299504 0.11436372 0.25490196 0.25490196 0.25490196
v 0.00768707 0.01299504 0.11438000 0.25490196 0.25490196 0.25490196
v 0.00788195 0.01299504 0.11433930 0.25490196 0.25490196 0.25490196
v 0.00806933 0.01299504 0.11424974 0.25490196 0.25490196 0.25490196
v 0.00793441 0.01299504 0.11649670 0.25490196 0.25490196 0.25490196
v 0.00800937 0.01299504 0.11629317 0.25490196 0.25490196 0.25490196
v 0.00791193 0.01299504 0.11671651 0.25490196 0.25490196 0.25490196
v 0.00792692 0.01299504 0.11687119 0.25490196 0.25490196 0.25490196
v 0.00812929 0.01299504 0.11612221 0.25490196 0.25490196 0.25490196
v 0.00796440 0.01299504 0.11701774 0.25490196 0.25490196 0.25490196
v 0.00822673 0.01299504 0.11411134 0.25490196 0.25490196 0.25490196
v 0.00961335 0.01299504 0.12177214 0.25490196 0.25490196 0.25490196
v 0.00971079 0.01299504 0.12197568 0.25490196 0.25490196 0.25490196
v 0.00985320 0.01299504 0.12213850 0.25490196 0.25490196 0.25490196
v 0.01003309 0.01299504 0.12225247 0.25490196 0.25490196 0.25490196
v 0.01022797 0.01299504 0.12231760 0.25490196 0.25490196 0.25490196
v 0.01043783 0.01299504 0.12232574 0.25490196 0.25490196 0.25490196
v 0.01064020 0.01299504 0.12227689 0.25490196 0.25490196 0.25490196
v 0.01082009 0.01299504 0.12217106 0.25490196 0.25490196 0.25490196
v 0.01157711 0.01299504 0.10072736 0.25490196 0.25490196 0.25490196
v 0.01933471 -0.01300496 0.09290375 0.25490196 0.25490196 0.25490196
v 0.01406554 0.01299504 0.10929181 0.25490196 0.25490196 0.25490196
v 0.01241658 0.01299504 0.10929181 0.25490196 0.25490196 0.25490196
v 0.01985938 -0.01300496 0.10072736 0.25490196 0.25490196 0.25490196
v 0.01097749 0.01299504 0.12201638 0.25490196 0.25490196 0.25490196
v 0.02043651 -0.01300496 0.10957675 0.25490196 0.25490196 0.25490196
v 0.00784447 0.01299504 0.12651841 0.25490196 0.25490196 0.25490196
v 0.01081260 0.01299504 0.12431216 0.25490196 0.25490196 0.25490196
v 0.01091003 0.01299504 0.12414934 0.25490196 0.25490196 0.25490196
v 0.01074514 0.01299504 0.12449941 0.25490196 0.25490196 0.25490196
v 0.01073015 0.01299504 0.12470293 0.25490196 0.25490196 0.25490196
v 0.01074514 0.01299504 0.12486576 0.25490196 0.25490196 0.25490196
v 0.01085007 0.01299504 0.13316156 0.25490196 0.25490196 0.25490196
v 0.01214675 0.01299504 0.12251299 0.25490196 0.25490196 0.25490196
v 0.01078261 0.01299504 0.12502045 0.25490196 0.25490196 0.25490196
v 0.01270889 0.01299504 0.13013307 0.25490196 0.25490196 0.25490196
v 0.01279884 0.01299504 0.13031216 0.25490196 0.25490196 0.25490196
v 0.01292626 0.01299504 0.13045871 0.25490196 0.25490196 0.25490196
v 0.01308366 0.01299504 0.13057268 0.25490196 0.25490196 0.25490196
v 0.01326354 0.01299504 0.13064595 0.25490196 0.25490196 0.25490196
v 0.01345093 0.01299504 0.13067038 0.25490196 0.25490196 0.25490196
v 0.01363831 0.01299504 0.13064595 0.25490196 0.25490196 0.25490196
v 0.01221421 0.01299504 0.13618192 0.25490196 0.25490196 0.25490196
v 0.01381070 0.01299504 0.13057268 0.25490196 0.25490196 0.25490196
v 0.01396810 0.01299504 0.13045871 0.25490196 0.25490196 0.25490196
v 0.01409552 0.01299504 0.13030402 0.25490196 0.25490196 0.25490196
v 0.01926725 -0.01300496 0.12251299 0.25490196 0.25490196 0.25490196
v 0.01407303 0.01299504 0.13255913 0.25490196 0.25490196 0.25490196
v 0.01394561 0.01299504 0.13289290 0.25490196 0.25490196 0.25490196
v 0.01392313 0.01299504 0.13307201 0.25490196 0.25490196 0.25490196
v 0.01393062 0.01299504 0.13316156 0.25490196 0.25490196 0.25490196
v 0.01394561 0.01299504 0.13324297 0.25490196 0.25490196 0.25490196
v 0.01399058 0.01299504 0.13272194 0.25490196 0.25490196 0.25490196
v 0.01399058 0.01299504 0.13341394 0.25490196 0.25490196 0.25490196
v 0.01623916 0.01299504 0.13892548 0.25490196 0.25490196 0.25490196
v 0.01633660 -0.01300496 0.13910455 0.25490196 0.25490196 0.25490196
v 0.01973196 -0.01300496 0.09432030 0.25490196 0.25490196 0.25490196
v 0.01991934 -0.01300496 0.09424703 0.25490196 0.25490196 0.25490196
v 0.02012171 -0.01300496 0.09422260 0.25490196 0.25490196 0.25490196
v 0.02043651 -0.01300496 0.09290375 0.25490196 0.25490196 0.25490196
v 0.02043651 -0.01300496 0.09179657 0.25490196 0.25490196 0.25490196
v 0.02052645 -0.01300496 0.09170702 0.25490196 0.25490196 0.25490196
v 0.02063888 -0.01300496 0.09156862 0.25490196 0.25490196 0.25490196
v 0.02071383 -0.01300496 0.09141393 0.25490196 0.25490196 0.25490196
v 0.02078129 -0.01300496 0.09107201 0.25490196 0.25490196 0.25490196
v 0.02076630 -0.01300496 0.09125111 0.25490196 0.25490196 0.25490196
v 0.02032408 -0.01300496 0.09424703 0.25490196 0.25490196 0.25490196
v 0.02043651 -0.01300496 0.09430402 0.25490196 0.25490196 0.25490196
v 0.02051146 -0.01300496 0.09433659 0.25490196 0.25490196 0.25490196
v 0.02067636 -0.01300496 0.09446684 0.25490196 0.25490196 0.25490196
v 0.02079628 -0.01300496 0.09463781 0.25490196 0.25490196 0.25490196
v 0.02087873 -0.01300496 0.09484133 0.25490196 0.25490196 0.25490196
v 0.02091621 -0.01300496 0.09506115 0.25490196 0.25490196 0.25490196
v 0.02103613 -0.01300496 0.09899330 0.25490196 0.25490196 0.25490196
v 0.01995682 -0.01300496 0.10255911 0.25490196 0.25490196 0.25490196
v 0.02014419 -0.01300496 0.10246957 0.25490196 0.25490196 0.25490196
v 0.02043651 -0.01300496 0.10005979 0.25490196 0.25490196 0.25490196
v 0.02043651 -0.01300496 0.10072736 0.25490196 0.25490196 0.25490196
v 0.02035406 -0.01300496 0.10242886 0.25490196 0.25490196 0.25490196
v 0.02081877 -0.01300496 0.09962017 0.25490196 0.25490196 0.25490196
v 0.02156829 -0.01300496 0.10072736 0.25490196 0.25490196 0.25490196
v 0.02075131 -0.01300496 0.10253470 0.25490196 0.25490196 0.25490196
v 0.02093869 -0.01300496 0.09944920 0.25490196 0.25490196 0.25490196
v 0.02104363 -0.01300496 0.09902586 0.25490196 0.25490196 0.25490196
v 0.02101365 -0.01300496 0.09924568 0.25490196 0.25490196 0.25490196
v 0.02043651 -0.01300496 0.10243700 0.25490196 0.25490196 0.25490196
v 0.02055643 -0.01300496 0.10245329 0.25490196 0.25490196 0.25490196
v 0.02092370 -0.01300496 0.10266496 0.25490196 0.25490196 0.25490196
v 0.02105862 -0.01300496 0.10283592 0.25490196 0.25490196 0.25490196
v 0.02114107 -0.01300496 0.10304759 0.25490196 0.25490196 0.25490196
v 0.02117854 -0.01300496 0.10326738 0.25490196 0.25490196 0.25490196
v 0.02065387 -0.01300496 0.10929181 0.25490196 0.25490196 0.25490196
v 0.02114856 -0.01300496 0.10864052 0.25490196 0.25490196 0.25490196
v 0.02156829 -0.01300496 0.10929181 0.25490196 0.25490196 0.25490196
v 0.02020415 -0.01300496 0.11197025 0.25490196 0.25490196 0.25490196
v 0.02036905 -0.01300496 0.11187255 0.25490196 0.25490196 0.25490196
v 0.02075131 -0.01300496 0.11180743 0.25490196 0.25490196 0.25490196
v 0.02043651 -0.01300496 0.11184813 0.25490196 0.25490196 0.25490196
v 0.02055643 -0.01300496 0.11181556 0.25490196 0.25490196 0.25490196
v 0.02093869 -0.01300496 0.11184813 0.25490196 0.25490196 0.25490196
v 0.02111109 -0.01300496 0.11193768 0.25490196 0.25490196 0.25490196
v 0.02043651 -0.01300496 0.12074636 0.25490196 0.25490196 0.25490196
v 0.02043651 -0.01300496 0.12251299 0.25490196 0.25490196 0.25490196
v 0.02156829 -0.01300496 0.12251299 0.25490196 0.25490196 0.25490196
v 0.02151583 -0.01300496 0.11911813 0.25490196 0.25490196 0.25490196
v 0.02132845 -0.01300496 0.10806252 0.25490196 0.25490196 0.25490196
v 0.02409657 -0.01300496 0.12469557 0.25490196 0.25490196 0.25490196
v 0.02124600 -0.01300496 0.10847769 0.25490196 0.25490196 0.25490196
v 0.02131345 -0.01300496 0.10829044 0.25490196 0.25490196 0.25490196
v 0.02132845 -0.01300496 0.10808694 0.25490196 0.25490196 0.25490196
v 0.02126099 -0.01300496 0.11207608 0.25490196 0.25490196 0.25490196
v 0.02137342 -0.01300496 0.11223890 0.25490196 0.25490196 0.25490196
v 0.02144837 -0.01300496 0.11243429 0.25490196 0.25490196 0.25490196
v 0.02147835 -0.01300496 0.11263782 0.25490196 0.25490196 0.25490196
v 0.02156829 -0.01300496 0.11549534 0.25490196 0.25490196 0.25490196
v 0.02166573 -0.01300496 0.11858082 0.25490196 0.25490196 0.25490196
v 0.02156829 -0.01300496 0.11902044 0.25490196 0.25490196 0.25490196
v 0.02167323 -0.01300496 0.11861339 0.25490196 0.25490196 0.25490196
v 0.02165074 -0.01300496 0.11879249 0.25490196 0.25490196 0.25490196
v 0.02159827 -0.01300496 0.11896346 0.25490196 0.25490196 0.25490196
v 0.02043651 -0.01300496 0.12299331 0.25490196 0.25490196 0.25490196
v 0.02051146 -0.01300496 0.12290376 0.25490196 0.25490196 0.25490196
v 0.02068385 -0.01300496 0.12278979 0.25490196 0.25490196 0.25490196
v 0.02087124 -0.01300496 0.12271651 0.25490196 0.25490196 0.25490196
v 0.02106611 -0.01300496 0.12270023 0.25490196 0.25490196 0.25490196
v 0.02126099 -0.01300496 0.12274094 0.25490196 0.25490196 0.25490196
v 0.01764827 -0.01300496 0.13903128 0.25490196 0.25490196 0.25490196
v 0.02043651 -0.01300496 0.13417104 0.25490196 0.25490196 0.25490196
v 0.02043651 -0.01300496 0.13662967 0.25490196 0.25490196 0.25490196
v 0.02102114 -0.01300496 0.13316156 0.25490196 0.25490196 0.25490196
v 0.02124600 -0.01300496 0.13568530 0.25490196 0.25490196 0.25490196
v 0.02076630 -0.01300496 0.13605978 0.25490196 0.25490196 0.25490196
v 0.02105862 -0.01300496 0.13575858 0.25490196 0.25490196 0.25490196
v 0.02089372 -0.01300496 0.13588882 0.25490196 0.25490196 0.25490196
v 0.02144837 -0.01300496 0.13565274 0.25490196 0.25490196 0.25490196
v 0.01647152 -0.01300496 0.13925110 0.25490196 0.25490196 0.25490196
v 0.01663641 -0.01300496 0.13935695 0.25490196 0.25490196 0.25490196
v 0.01682379 -0.01300496 0.13942207 0.25490196 0.25490196 0.25490196
v 0.01701118 -0.01300496 0.13943835 0.25490196 0.25490196 0.25490196
v 0.01719856 -0.01300496 0.13939764 0.25490196 0.25490196 0.25490196
v 0.01737844 -0.01300496 0.13931624 0.25490196 0.25490196 0.25490196
v 0.01769324 -0.01300496 0.14140851 0.25490196 0.25490196 0.25490196
v 0.01752835 -0.01300496 0.13919412 0.25490196 0.25490196 0.25490196
v 0.01758082 -0.01300496 0.14170973 0.25490196 0.25490196 0.25490196
v 0.01757332 -0.01300496 0.14187256 0.25490196 0.25490196 0.25490196
v 0.01762579 -0.01300496 0.14155505 0.25490196 0.25490196 0.25490196
v 0.01758831 -0.01300496 0.14205980 0.25490196 0.25490196 0.25490196
v 0.01764827 -0.01300496 0.14223889 0.25490196 0.25490196 0.25490196
v 0.02043651 -0.01300496 0.15202452 0.25490196 0.25490196 0.25490196
v 0.02043651 -0.01300496 0.14845872 0.25490196 0.25490196 0.25490196
v 0.02156829 -0.01300496 0.15097432 0.25490196 0.25490196 0.25490196
v 0.02156829 -0.01300496 0.15408423 0.25490196 0.25490196 0.25490196
v 0.02144087 -0.01300496 0.12283049 0.25490196 0.25490196 0.25490196
v 0.02156829 -0.01300496 0.12293633 0.25490196 0.25490196 0.25490196
v 0.02159827 -0.01300496 0.12296075 0.25490196 0.25490196 0.25490196
v 0.02171820 -0.01300496 0.12313171 0.25490196 0.25490196 0.25490196
v 0.02180065 -0.01300496 0.12332710 0.25490196 0.25490196 0.25490196
v 0.02183063 -0.01300496 0.12353877 0.25490196 0.25490196 0.25490196
v 0.02207048 -0.01300496 0.13106116 0.25490196 0.25490196 0.25490196
v 0.02409657 -0.01300496 0.13406923 0.25490196 0.25490196 0.25490196
v 0.02156829 -0.01300496 0.13220906 0.25490196 0.25490196 0.25490196
v 0.02156829 -0.01300496 0.13316156 0.25490196 0.25490196 0.25490196
v 0.02156829 -0.01300496 0.13566902 0.25490196 0.25490196 0.25490196
v 0.02195055 -0.01300496 0.13154961 0.25490196 0.25490196 0.25490196
v 0.02183812 -0.01300496 0.13576672 0.25490196 0.25490196 0.25490196
v 0.02165074 -0.01300496 0.13568530 0.25490196 0.25490196 0.25490196
v 0.02201801 -0.01300496 0.13140309 0.25490196 0.25490196 0.25490196
v 0.02207048 -0.01300496 0.13108557 0.25490196 0.25490196 0.25490196
v 0.02205549 -0.01300496 0.13124840 0.25490196 0.25490196 0.25490196
v 0.02200302 -0.01300496 0.13589697 0.25490196 0.25490196 0.25490196
v 0.02213044 -0.01300496 0.13607608 0.25490196 0.25490196 0.25490196
v 0.02221289 -0.01300496 0.13627147 0.25490196 0.25490196 0.25490196
v 0.02224287 -0.01300496 0.13649129 0.25490196 0.25490196 0.25490196
v 0.02409657 -0.01300496 0.15506929 0.25490196 0.25490196 0.25490196
v 0.02177067 -0.01300496 0.15142207 0.25490196 0.25490196 0.25490196
v 0.02183812 -0.01300496 0.15153604 0.25490196 0.25490196 0.25490196
v 0.02192807 -0.01300496 0.15161748 0.25490196 0.25490196 0.25490196
v 0.02204050 -0.01300496 0.15168259 0.25490196 0.25490196 0.25490196
v 0.02202551 -0.01300496 0.15490646 0.25490196 0.25490196 0.25490196
v 0.02216042 -0.01300496 0.15171515 0.25490196 0.25490196 0.25490196
v 0.02228035 -0.01300496 0.15171515 0.25490196 0.25490196 0.25490196
v 0.02226535 -0.01300496 0.15521919 0.25490196 0.25490196 0.25490196
v 0.02240027 -0.01300496 0.15168259 0.25490196 0.25490196 0.25490196
v 0.02293993 -0.01300496 0.15557896 0.25490196 0.25490196 0.25490196
v 0.02258015 -0.01300496 0.15544406 0.25490196 0.25490196 0.25490196
v 0.02271507 -0.01300496 0.15115343 0.25490196 0.25490196 0.25490196
v 0.02270757 -0.01300496 0.15129181 0.25490196 0.25490196 0.25490196
v 0.02250520 -0.01300496 0.15161748 0.25490196 0.25490196 0.25490196
v 0.02259514 -0.01300496 0.15152791 0.25490196 0.25490196 0.25490196
v 0.02266260 -0.01300496 0.15141393 0.25490196 0.25490196 0.25490196
v 0.02332219 -0.01300496 0.15562395 0.25490196 0.25490196 0.25490196
v 0.02370444 -0.01300496 0.15556398 0.25490196 0.25490196 0.25490196
v 0.02406422 -0.01300496 0.15541408 0.25490196 0.25490196 0.25490196
v 0.02444337 -0.01300496 0.15506929 0.25490196 0.25490196 0.25490196
v 0.02436403 -0.01300496 0.15517422 0.25490196 0.25490196 0.25490196
v 0.02436403 -0.01053944 0.15517422 0.25490196 0.25490196 0.25490196
v 0.02444337 -0.01053944 0.15506929 0.25490196 0.25490196 0.25490196
v 0.02427408 -0.01053944 0.15525667 0.25490196 0.25490196 0.25490196
v 0.02429657 -0.01053944 0.15506929 0.25490196 0.25490196 0.25490196
v 0.01940216 0.01299504 0.08795249 0.25490196 0.25490196 0.25490196
v 0.01956706 0.01299504 0.09445056 0.25490196 0.25490196 0.25490196
v 0.01979941 0.01299504 0.10269753 0.25490196 0.25490196 0.25490196
v 0.01933471 0.01299504 0.09290375 0.25490196 0.25490196 0.25490196
v 0.01973196 0.01299504 0.09432030 0.25490196 0.25490196 0.25490196
v 0.01991934 0.01299504 0.09424703 0.25490196 0.25490196 0.25490196
v 0.02043651 0.01299504 0.09179657 0.25490196 0.25490196 0.25490196
v 0.02063888 0.01299504 0.09156862 0.25490196 0.25490196 0.25490196
v 0.02052645 0.01299504 0.09170702 0.25490196 0.25490196 0.25490196
v 0.02078129 0.01299504 0.09107201 0.25490196 0.25490196 0.25490196
v 0.02071383 0.01299504 0.09141393 0.25490196 0.25490196 0.25490196
v 0.02076630 0.01299504 0.09125111 0.25490196 0.25490196 0.25490196
v 0.02012171 0.01299504 0.09422260 0.25490196 0.25490196 0.25490196
v 0.02032408 0.01299504 0.09424703 0.25490196 0.25490196 0.25490196
v 0.02043651 0.01299504 0.09430402 0.25490196 0.25490196 0.25490196
v 0.02051146 0.01299504 0.09433659 0.25490196 0.25490196 0.25490196
v 0.02067636 0.01299504 0.09446684 0.25490196 0.25490196 0.25490196
v 0.02079628 0.01299504 0.09463781 0.25490196 0.25490196 0.25490196
v 0.02087873 0.01299504 0.09484133 0.25490196 0.25490196 0.25490196
v 0.02091621 0.01299504 0.09506115 0.25490196 0.25490196 0.25490196
v 0.01985938 0.01299504 0.10072736 0.25490196 0.25490196 0.25490196
v 0.01995682 0.01299504 0.10255911 0.25490196 0.25490196 0.25490196
v 0.02043651 0.01299504 0.10005979 0.25490196 0.25490196 0.25490196
v 0.02093869 0.01299504 0.09944920 0.25490196 0.25490196 0.25490196
v 0.02104363 0.01299504 0.09902586 0.25490196 0.25490196 0.25490196
v 0.02101365 0.01299504 0.09924568 0.25490196 0.25490196 0.25490196
v 0.02081877 0.01299504 0.09962017 0.25490196 0.25490196 0.25490196
v 0.02014419 0.01299504 0.10246957 0.25490196 0.25490196 0.25490196
v 0.02035406 0.01299504 0.10242886 0.25490196 0.25490196 0.25490196
v 0.02043651 0.01299504 0.10243700 0.25490196 0.25490196 0.25490196
v 0.02055643 0.01299504 0.10245329 0.25490196 0.25490196 0.25490196
v 0.02075131 0.01299504 0.10253470 0.25490196 0.25490196 0.25490196
v 0.02092370 0.01299504 0.10266496 0.25490196 0.25490196 0.25490196
v 0.02105862 0.01299504 0.10283592 0.25490196 0.25490196 0.25490196
v 0.02114107 0.01299504 0.10304759 0.25490196 0.25490196 0.25490196
v 0.02117854 0.01299504 0.10326738 0.25490196 0.25490196 0.25490196
v 0.02006174 0.01299504 0.11211678 0.25490196 0.25490196 0.25490196
v 0.02043651 0.01299504 0.10957675 0.25490196 0.25490196 0.25490196
v 0.02065387 0.01299504 0.10929181 0.25490196 0.25490196 0.25490196
v 0.02114856 0.01299504 0.10864052 0.25490196 0.25490196 0.25490196
v 0.02124600 0.01299504 0.10847769 0.25490196 0.25490196 0.25490196
v 0.02036905 0.01299504 0.11187255 0.25490196 0.25490196 0.25490196
v 0.02043651 0.01299504 0.11184813 0.25490196 0.25490196 0.25490196
v 0.02055643 0.01299504 0.11181556 0.25490196 0.25490196 0.25490196
v 0.02020415 0.01299504 0.11197025 0.25490196 0.25490196 0.25490196
v 0.02075131 0.01299504 0.11180743 0.25490196 0.25490196 0.25490196
v 0.02093869 0.01299504 0.11184813 0.25490196 0.25490196 0.25490196
v 0.02111109 0.01299504 0.11193768 0.25490196 0.25490196 0.25490196
v 0.02126099 0.01299504 0.11207608 0.25490196 0.25490196 0.25490196
v 0.01926725 0.01299504 0.12251299 0.25490196 0.25490196 0.25490196
v 0.02043651 0.01299504 0.12074636 0.25490196 0.25490196 0.25490196
v 0.02132845 0.01299504 0.10808694 0.25490196 0.25490196 0.25490196
v 0.02131345 0.01299504 0.10829044 0.25490196 0.25490196 0.25490196
v 0.02137342 0.01299504 0.11223890 0.25490196 0.25490196 0.25490196
v 0.02144837 0.01299504 0.11243429 0.25490196 0.25490196 0.25490196
v 0.02147835 0.01299504 0.11263782 0.25490196 0.25490196 0.25490196
v 0.02156829 0.01299504 0.11549534 0.25490196 0.25490196 0.25490196
v 0.02166573 0.01299504 0.11858082 0.25490196 0.25490196 0.25490196
v 0.02151583 0.01299504 0.11911813 0.25490196 0.25490196 0.25490196
v 0.02156829 0.01299504 0.11902044 0.25490196 0.25490196 0.25490196
v 0.02167323 0.01299504 0.11861339 0.25490196 0.25490196 0.25490196
v 0.02159827 0.01299504 0.11896346 0.25490196 0.25490196 0.25490196
v 0.02165074 0.01299504 0.11879249 0.25490196 0.25490196 0.25490196
v 0.01764827 0.01299504 0.13903128 0.25490196 0.25490196 0.25490196
v 0.02043651 0.01299504 0.12299331 0.25490196 0.25490196 0.25490196
v 0.02051146 0.01299504 0.12290376 0.25490196 0.25490196 0.25490196
v 0.02068385 0.01299504 0.12278979 0.25490196 0.25490196 0.25490196
v 0.02087124 0.01299504 0.12271651 0.25490196 0.25490196 0.25490196
v 0.02106611 0.01299504 0.12270023 0.25490196 0.25490196 0.25490196
v 0.02126099 0.01299504 0.12274094 0.25490196 0.25490196 0.25490196
v 0.02043651 0.01299504 0.13662967 0.25490196 0.25490196 0.25490196
v 0.02043651 0.01299504 0.13417104 0.25490196 0.25490196 0.25490196
v 0.02102114 0.01299504 0.13316156 0.25490196 0.25490196 0.25490196
v 0.02076630 0.01299504 0.13605978 0.25490196 0.25490196 0.25490196
v 0.02089372 0.01299504 0.13588882 0.25490196 0.25490196 0.25490196
v 0.02105862 0.01299504 0.13575858 0.25490196 0.25490196 0.25490196
v 0.02124600 0.01299504 0.13568530 0.25490196 0.25490196 0.25490196
v 0.01633660 0.01299504 0.13910455 0.25490196 0.25490196 0.25490196
v 0.01647152 0.01299504 0.13925110 0.25490196 0.25490196 0.25490196
v 0.01663641 0.01299504 0.13935695 0.25490196 0.25490196 0.25490196
v 0.01682379 0.01299504 0.13942207 0.25490196 0.25490196 0.25490196
v 0.01701118 0.01299504 0.13943835 0.25490196 0.25490196 0.25490196
v 0.01719856 0.01299504 0.13939764 0.25490196 0.25490196 0.25490196
v 0.01737844 0.01299504 0.13931624 0.25490196 0.25490196 0.25490196
v 0.01752835 0.01299504 0.13919412 0.25490196 0.25490196 0.25490196
v 0.01769324 0.01299504 0.14140851 0.25490196 0.25490196 0.25490196
v 0.01758082 0.01299504 0.14170973 0.25490196 0.25490196 0.25490196
v 0.01762579 0.01299504 0.14155505 0.25490196 0.25490196 0.25490196
v 0.01757332 0.01299504 0.14187256 0.25490196 0.25490196 0.25490196
v 0.01758831 0.01299504 0.14205980 0.25490196 0.25490196 0.25490196
v 0.01764827 0.01299504 0.14223889 0.25490196 0.25490196 0.25490196
v 0.02043651 0.01299504 0.15202452 0.25490196 0.25490196 0.25490196
v 0.02043651 0.01299504 0.14845872 0.25490196 0.25490196 0.25490196
v 0.02156829 0.01299504 0.15408423 0.25490196 0.25490196 0.25490196
v 0.02144087 0.01299504 0.12283049 0.25490196 0.25490196 0.25490196
v 0.02156829 0.01299504 0.12293633 0.25490196 0.25490196 0.25490196
v 0.02159827 0.01299504 0.12296075 0.25490196 0.25490196 0.25490196
v 0.02171820 0.01299504 0.12313171 0.25490196 0.25490196 0.25490196
v 0.02180065 0.01299504 0.12332710 0.25490196 0.25490196 0.25490196
v 0.02183063 0.01299504 0.12353877 0.25490196 0.25490196 0.25490196
v 0.02156829 0.01299504 0.13220906 0.25490196 0.25490196 0.25490196
v 0.02207048 0.01299504 0.13108557 0.25490196 0.25490196 0.25490196
v 0.02195055 0.01299504 0.13154961 0.25490196 0.25490196 0.25490196
v 0.02201801 0.01299504 0.13140309 0.25490196 0.25490196 0.25490196
v 0.02205549 0.01299504 0.13124840 0.25490196 0.25490196 0.25490196
v 0.02144837 0.01299504 0.13565274 0.25490196 0.25490196 0.25490196
v 0.02156829 0.01299504 0.13566902 0.25490196 0.25490196 0.25490196
v 0.02165074 0.01299504 0.13568530 0.25490196 0.25490196 0.25490196
v 0.02183812 0.01299504 0.13576672 0.25490196 0.25490196 0.25490196
v 0.02200302 0.01299504 0.13589697 0.25490196 0.25490196 0.25490196
v 0.02213044 0.01299504 0.13607608 0.25490196 0.25490196 0.25490196
v 0.02221289 0.01299504 0.13627147 0.25490196 0.25490196 0.25490196
v 0.02224287 0.01299504 0.13649129 0.25490196 0.25490196 0.25490196
v 0.02156829 0.01299504 0.15097432 0.25490196 0.25490196 0.25490196
v 0.02177067 0.01299504 0.15142207 0.25490196 0.25490196 0.25490196
v 0.02183812 0.01299504 0.15153604 0.25490196 0.25490196 0.25490196
v 0.02202551 0.01299504 0.15490646 0.25490196 0.25490196 0.25490196
v 0.02192807 0.01299504 0.15161748 0.25490196 0.25490196 0.25490196
v 0.02204050 0.01299504 0.15168259 0.25490196 0.25490196 0.25490196
v 0.02216042 0.01299504 0.15171515 0.25490196 0.25490196 0.25490196
v 0.02228035 0.01299504 0.15171515 0.25490196 0.25490196 0.25490196
v 0.02240027 0.01299504 0.15168259 0.25490196 0.25490196 0.25490196
v 0.02250520 0.01299504 0.15161748 0.25490196 0.25490196 0.25490196
v 0.02226535 0.01299504 0.15521919 0.25490196 0.25490196 0.25490196
v 0.02259514 0.01299504 0.15152791 0.25490196 0.25490196 0.25490196
v 0.02266260 0.01299504 0.15141393 0.25490196 0.25490196 0.25490196
v 0.02270757 0.01299504 0.15129181 0.25490196 0.25490196 0.25490196
v 0.02258015 0.01299504 0.15544406 0.25490196 0.25490196 0.25490196
v 0.02293993 0.01299504 0.15557896 0.25490196 0.25490196 0.25490196
v 0.02332219 0.01299504 0.15562395 0.25490196 0.25490196 0.25490196
v 0.02370444 0.01299504 0.15556398 0.25490196 0.25490196 0.25490196
v 0.02406422 0.01299504 0.15541408 0.25490196 0.25490196 0.25490196
v 0.02427408 0.01052952 0.15525667 0.25490196 0.25490196 0.25490196
v 0.00917113 0.01299504 0.03347694 0.25490196 0.25490196 0.25490196
v 0.01301620 0.00649504 0.03226271 0.25490196 0.25490196 0.25490196
v 0.01287379 0.00649504 0.03337950 0.25490196 0.25490196 0.25490196
v 0.01344343 0.00649504 0.03122836 0.25490196 0.25490196 0.25490196
v 0.01301620 0.00649504 0.03448880 0.25490196 0.25490196 0.25490196
v 0.01344343 0.00649504 0.03553064 0.25490196 0.25490196 0.25490196
v 0.01486753 0.01299504 0.02759316 0.25490196 0.25490196 0.25490196
v 0.01413300 0.00649504 0.03033642 0.25490196 0.25490196 0.25490196
v 0.01501744 0.00649504 0.02965436 0.25490196 0.25490196 0.25490196
v 0.01605928 0.00649504 0.02922713 0.25490196 0.25490196 0.25490196
v 0.01413300 0.00649504 0.03641508 0.25490196 0.25490196 0.25490196
v 0.01501744 0.00649504 0.03710464 0.25490196 0.25490196 0.25490196
v 0.01605928 0.00649504 0.03753188 0.25490196 0.25490196 0.25490196
v 0.01591687 0.01299504 0.04606149 0.25490196 0.25490196 0.25490196
v 0.01845027 0.01299504 0.04787534 0.25490196 0.25490196 0.25490196
v 0.01301620 0.01299504 0.03226271 0.25490196 0.25490196 0.25490196
v 0.01287379 0.01299504 0.03337950 0.25490196 0.25490196 0.25490196
v 0.01301620 0.01299504 0.03448880 0.25490196 0.25490196 0.25490196
v 0.02043651 0.01299504 0.04012524 0.25490196 0.25490196 0.25490196
v 0.02043651 0.01299504 0.04696841 0.25490196 0.25490196 0.25490196
v 0.02043651 0.01299504 0.05206519 0.25490196 0.25490196 0.25490196
v 0.01344343 0.01299504 0.03122836 0.25490196 0.25490196 0.25490196
v 0.01344343 0.01299504 0.03553064 0.25490196 0.25490196 0.25490196
v 0.01413300 0.01299504 0.03033642 0.25490196 0.25490196 0.25490196
v 0.01501744 0.01299504 0.02965436 0.25490196 0.25490196 0.25490196
v 0.01605928 0.01299504 0.02922713 0.25490196 0.25490196 0.25490196
v 0.01413300 0.01299504 0.03641508 0.25490196 0.25490196 0.25490196
v 0.01501744 0.01299504 0.03710464 0.25490196 0.25490196 0.25490196
v 0.01605928 0.01299504 0.03753188 0.25490196 0.25490196 0.25490196
v 0.01716858 0.01299504 0.02907722 0.25490196 0.25490196 0.25490196
v 0.02043651 0.01299504 0.04313833 0.25490196 0.25490196 0.25490196
v 0.01679381 0.01299504 0.04379792 0.25490196 0.25490196 0.25490196
v 0.01716858 0.00649504 0.02907722 0.25490196 0.25490196 0.25490196
v 0.01828537 0.00649504 0.02922713 0.25490196 0.25490196 0.25490196
v 0.01931972 0.00649504 0.02965436 0.25490196 0.25490196 0.25490196
v 0.01716858 0.00649504 0.03768178 0.25490196 0.25490196 0.25490196
v 0.01828537 0.00649504 0.03753188 0.25490196 0.25490196 0.25490196
v 0.01931972 0.00649504 0.03710464 0.25490196 0.25490196 0.25490196
v 0.02021165 0.00649504 0.03033642 0.25490196 0.25490196 0.25490196
v 0.02089372 0.00649504 0.03122836 0.25490196 0.25490196 0.25490196
v 0.02132095 0.00649504 0.03226271 0.25490196 0.25490196 0.25490196
v 0.02089372 0.00649504 0.03553064 0.25490196 0.25490196 0.25490196
v 0.02147086 0.00649504 0.03337950 0.25490196 0.25490196 0.25490196
v 0.02132095 0.00649504 0.03448880 0.25490196 0.25490196 0.25490196
v 0.02021165 0.00649504 0.03641508 0.25490196 0.25490196 0.25490196
v 0.01836032 0.01299504 0.04369298 0.25490196 0.25490196 0.25490196
v 0.01918480 0.01299504 0.04504962 0.25490196 0.25490196 0.25490196
v 0.01932721 0.01299504 0.04924697 0.25490196 0.25490196 0.25490196
v 0.01947712 0.01299504 0.05351927 0.25490196 0.25490196 0.25490196
v 0.01963452 0.01299504 0.05791149 0.25490196 0.25490196 0.25490196
v 0.02332968 0.01299504 0.02905474 0.25490196 0.25490196 0.25490196
v 0.01979192 0.01299504 0.06247610 0.25490196 0.25490196 0.25490196
v 0.01995682 0.01299504 0.06728806 0.25490196 0.25490196 0.25490196
v 0.02013670 0.01299504 0.07241482 0.25490196 0.25490196 0.25490196
v 0.02033158 0.01299504 0.07796880 0.25490196 0.25490196 0.25490196
v 0.02054894 0.01299504 0.08406995 0.25490196 0.25490196 0.25490196
v 0.02479125 0.01299504 0.08906929 0.25490196 0.25490196 0.25490196
v 0.01828537 0.01299504 0.02922713 0.25490196 0.25490196 0.25490196
v 0.01716858 0.01299504 0.03768178 0.25490196 0.25490196 0.25490196
v 0.01828537 0.01299504 0.03753188 0.25490196 0.25490196 0.25490196
v 0.01931972 0.01299504 0.02965436 0.25490196 0.25490196 0.25490196
v 0.02021165 0.01299504 0.03033642 0.25490196 0.25490196 0.25490196
v 0.02043651 0.01299504 0.03063624 0.25490196 0.25490196 0.25490196
v 0.02132095 0.01299504 0.03226271 0.25490196 0.25490196 0.25490196
v 0.02089372 0.01299504 0.03553064 0.25490196 0.25490196 0.25490196
v 0.01931972 0.01299504 0.03710464 0.25490196 0.25490196 0.25490196
v 0.02043651 0.01299504 0.03612277 0.25490196 0.25490196 0.25490196
v 0.02043651 0.01299504 0.02833519 0.25490196 0.25490196 0.25490196
v 0.02089372 0.01299504 0.03122836 0.25490196 0.25490196 0.25490196
v 0.02132095 0.01299504 0.03448880 0.25490196 0.25490196 0.25490196
v 0.02021165 0.01299504 0.03641508 0.25490196 0.25490196 0.25490196
v 0.02156829 0.01299504 0.02833519 0.25490196 0.25490196 0.25490196
v 0.02156829 0.01299504 0.04012524 0.25490196 0.25490196 0.25490196
v 0.02156829 0.01299504 0.04313833 0.25490196 0.25490196 0.25490196
v 0.02156829 0.01299504 0.04696841 0.25490196 0.25490196 0.25490196
v 0.02156829 0.01299504 0.05206519 0.25490196 0.25490196 0.25490196
v 0.02043651 0.01299504 0.05425380 0.25490196 0.25490196 0.25490196
v 0.02156829 0.01299504 0.05425380 0.25490196 0.25490196 0.25490196
v 0.02043651 0.01299504 0.06038493 0.25490196 0.25490196 0.25490196
v 0.02147086 0.01299504 0.03337950 0.25490196 0.25490196 0.25490196
v 0.02156829 0.01299504 0.06038493 0.25490196 0.25490196 0.25490196
v 0.02043651 0.01299504 0.06821748 0.25490196 0.25490196 0.25490196
v 0.02156829 0.01299504 0.06821748 0.25490196 0.25490196 0.25490196
v 0.02043651 0.01299504 0.07392886 0.25490196 0.25490196 0.25490196
v 0.02156829 0.01299504 0.07392886 0.25490196 0.25490196 0.25490196
v 0.02043651 0.01299504 0.07991758 0.25490196 0.25490196 0.25490196
v 0.02156829 0.01299504 0.07991758 0.25490196 0.25490196 0.25490196
v 0.02043651 0.01299504 0.08628854 0.25490196 0.25490196 0.25490196
v 0.02156829 0.01299504 0.08628854 0.25490196 0.25490196 0.25490196
v 0.02156829 0.01299504 0.09290375 0.25490196 0.25490196 0.25490196
v 0.02409657 0.01299504 0.08906929 0.25490196 0.25490196 0.25490196
v 0.01694372 0.01299504 0.14565002 0.25490196 0.25490196 0.25490196
v 0.02078129 0.01299504 0.09103944 0.25490196 0.25490196 0.25490196
v 0.02103613 0.01299504 0.09899330 0.25490196 0.25490196 0.25490196
v 0.02132845 0.01299504 0.10806252 0.25490196 0.25490196 0.25490196
v 0.02037655 0.01299504 0.12306658 0.25490196 0.25490196 0.25490196
v 0.02207048 0.01299504 0.13106116 0.25490196 0.25490196 0.25490196
v 0.02271507 0.01299504 0.15115343 0.25490196 0.25490196 0.25490196
v 0.02429657 0.01052952 0.15506929 0.25490196 0.25490196 0.25490196
v 0.02043651 0.01299504 0.09290375 0.25490196 0.25490196 0.25490196
v 0.02043651 0.01299504 0.10072736 0.25490196 0.25490196 0.25490196
v 0.02156829 0.01299504 0.10072736 0.25490196 0.25490196 0.25490196
v 0.02156829 0.01299504 0.10929181 0.25490196 0.25490196 0.25490196
v 0.02043651 0.01299504 0.12251299 0.25490196 0.25490196 0.25490196
v 0.02156829 0.01299504 0.12251299 0.25490196 0.25490196 0.25490196
v 0.02409657 0.01299504 0.12100038 0.25490196 0.25490196 0.25490196
v 0.02156829 0.01299504 0.13316156 0.25490196 0.25490196 0.25490196
v 0.02409657 0.01299504 0.13267575 0.25490196 0.25490196 0.25490196
v 0.02409657 0.01299504 0.15506929 0.25490196 0.25490196 0.25490196
v 0.02436403 0.01052952 0.15517422 0.25490196 0.25490196 0.25490196
v 0.02444337 0.01052952 0.15506929 0.25490196 0.25490196 0.25490196
v 0.02444337 0.01299504 0.15506929 0.25490196 0.25490196 0.25490196
v 0.02436403 0.01299504 0.15517422 0.25490196 0.25490196 0.25490196
v 0.02579657 -0.01300496 0.08906929 0.25490196 0.25490196 0.25490196
v 0.02579657 -0.01300496 0.15506929 0.25490196 0.25490196 0.25490196
v 0.02579657 0.01299504 0.08906929 0.25490196 0.25490196 0.25490196
v 0.02579657 0.01299504 0.15506929 0.25490196 0.25490196 0.25490196
f 1 2 3
f 4 5 6
f 4 7 5
f 7 8 5
f 6 5 9
f 9 5 10
f 10 11 12
f 10 5 11
f 8 13 5
f 13 14 5
f 5 15 11
f 12 16 17
f 12 11 16
f 17 16 18
f 16 19 18
f 13 20 21
f 13 22 14
f 5 14 23
f 1 3 20
f 13 21 22
f 5 23 24
f 5 24 15
f 11 15 25
f 11 25 26
f 20 27 21
f 20 3 27
f 11 28 16
f 16 29 19
f 11 26 30
f 11 30 28
f 14 31 23
f 14 22 32
f 23 33 24
f 24 34 15
f 15 34 25
f 22 21 35
f 25 36 26
f 26 37 30
f 23 31 33
f 14 32 31
f 24 33 34
f 25 34 36
f 22 35 32
f 21 38 35
f 26 36 37
f 31 39 33
f 33 40 34
f 31 32 41
f 33 39 40
f 31 41 39
f 32 35 42
f 32 42 41
f 34 40 43
f 34 43 36
f 36 43 44
f 36 44 37
f 44 45 37
f 37 45 46
f 1 47 2
f 2 47 48
f 47 49 50
f 47 50 48
f 50 51 48
f 2 52 3
f 2 48 52
f 48 51 53
f 49 54 50
f 50 55 51
f 50 56 55
f 50 54 56
f 55 56 57
f 54 58 56
f 56 59 57
f 56 58 59
f 51 55 60
f 16 28 61
f 16 62 63
f 16 61 64
f 16 64 62
f 16 63 29
f 29 65 19
f 65 66 19
f 30 67 28
f 67 68 28
f 68 69 28
f 61 70 64
f 21 27 38
f 27 3 38
f 30 46 67
f 67 71 68
f 68 72 69
f 69 73 28
f 28 73 61
f 69 74 73
f 61 75 70
f 74 76 73
f 61 73 77
f 78 79 76
f 76 79 73
f 73 79 77
f 61 77 75
f 77 80 75
f 55 57 81
f 57 59 81
f 59 82 81
f 78 83 84
f 69 72 74
f 74 85 76
f 78 76 83
f 48 53 52
f 51 60 53
f 55 81 60
f 3 52 38
f 37 46 30
f 67 46 71
f 68 71 72
f 35 38 86
f 35 86 42
f 38 87 86
f 52 87 38
f 45 88 46
f 46 88 71
f 52 89 87
f 52 53 89
f 88 90 71
f 90 91 72
f 90 72 71
f 82 92 81
f 74 72 85
f 76 85 83
f 53 93 89
f 53 60 93
f 60 94 93
f 91 95 85
f 60 81 94
f 94 81 96
f 81 92 96
f 95 83 85
f 95 97 83
f 97 98 99
f 97 99 83
f 91 85 72
f 66 100 19
f 100 101 102
f 102 103 104
f 66 105 100
f 100 105 106
f 100 106 107
f 100 107 101
f 102 101 103
f 107 108 101
f 108 109 101
f 109 110 101
f 101 111 103
f 104 112 113
f 104 103 112
f 110 114 101
f 114 115 101
f 101 116 117
f 101 117 111
f 101 118 116
f 101 119 118
f 101 120 119
f 101 121 120
f 115 122 123
f 101 115 123
f 101 124 121
f 111 125 103
f 125 126 103
f 122 127 123
f 101 123 124
f 127 128 123
f 123 129 124
f 126 130 103
f 130 131 103
f 130 132 133
f 132 134 133
f 103 135 136
f 103 137 135
f 103 136 138
f 103 131 137
f 103 138 112
f 138 139 112
f 139 140 112
f 134 141 133
f 141 142 133
f 142 143 133
f 130 144 131
f 130 133 144
f 145 146 143
f 143 147 133
f 143 146 147
f 145 148 146
f 148 149 146
f 140 150 112
f 140 151 150
f 151 152 150
f 152 153 150
f 150 153 154
f 150 154 155
f 113 112 156
f 156 112 157
f 157 112 158
f 157 158 159
f 112 150 158
f 150 160 161
f 150 162 160
f 150 161 163
f 150 163 164
f 158 150 164
f 158 164 159
f 159 165 166
f 166 165 167
f 164 165 159
f 164 168 165
f 167 165 169
f 165 170 169
f 1 171 47
f 4 172 7
f 4 6 173
f 7 174 8
f 6 9 175
f 9 10 176
f 10 12 177
f 8 174 13
f 13 178 20
f 1 20 179
f 12 17 180
f 17 18 181
f 18 19 182
f 39 183 40
f 41 42 184
f 39 41 185
f 40 186 43
f 43 187 44
f 44 188 45
f 47 189 49
f 49 190 54
f 54 191 192
f 62 193 63
f 29 194 65
f 65 195 66
f 29 63 196
f 62 64 197
f 70 198 64
f 70 75 199
f 42 86 200
f 45 201 88
f 88 202 90
f 86 87 203
f 87 89 204
f 90 205 91
f 89 93 206
f 91 207 95
f 95 208 97
f 93 94 209
f 94 96 210
f 97 211 98
f 98 212 213
f 19 100 214
f 100 102 215
f 102 104 216
f 104 113 217
f 113 156 218
f 66 219 105
f 105 220 106
f 106 221 107
f 107 222 108
f 108 223 109
f 109 224 110
f 110 225 114
f 114 226 115
f 115 227 122
f 119 228 118
f 122 229 127
f 119 120 230
f 120 121 231
f 117 232 111
f 117 116 233
f 111 234 125
f 116 118 235
f 125 236 126
f 126 237 130
f 130 238 132
f 132 239 134
f 134 240 141
f 141 241 142
f 121 124 242
f 127 243 128
f 145 244 148
f 148 245 149
f 142 246 143
f 145 143 247
f 136 248 138
f 136 135 249
f 137 131 250
f 137 251 135
f 138 252 139
f 131 144 253
f 144 133 254
f 133 147 255
f 147 146 256
f 139 257 140
f 140 258 151
f 151 259 152
f 152 260 153
f 153 261 154
f 154 262 155
f 156 157 263
f 157 159 264
f 159 166 265
f 166 167 266
f 54 192 58
f 192 267 58
f 267 268 58
f 268 269 58
f 269 270 58
f 270 271 58
f 271 272 58
f 273 274 275
f 272 276 58
f 276 273 58
f 273 275 277
f 59 58 278
f 273 277 58
f 58 277 279
f 58 279 280
f 58 280 281
f 58 281 278
f 281 282 278
f 282 283 278
f 283 284 278
f 284 285 278
f 285 286 278
f 286 287 278
f 286 288 287
f 288 289 290
f 289 291 290
f 288 290 287
f 59 278 82
f 82 278 292
f 292 278 293
f 278 294 293
f 84 295 79
f 78 84 79
f 77 79 296
f 77 297 80
f 77 298 297
f 77 296 298
f 296 299 298
f 82 292 92
f 292 293 92
f 293 294 300
f 84 99 295
f 295 301 302
f 294 303 304
f 303 305 306
f 302 301 307
f 307 308 309
f 305 309 306
f 278 287 294
f 294 287 303
f 303 287 305
f 295 302 310
f 302 307 310
f 305 311 309
f 307 309 311
f 305 287 311
f 307 311 310
f 295 310 79
f 79 310 296
f 296 312 299
f 296 310 312
f 299 312 313
f 293 300 92
f 83 99 84
f 295 99 301
f 294 304 300
f 303 306 304
f 307 301 308
f 309 308 306
f 96 92 314
f 92 300 314
f 314 300 315
f 315 300 304
f 315 304 316
f 98 213 301
f 98 301 99
f 213 317 308
f 317 316 306
f 213 308 301
f 316 304 306
f 317 306 308
f 291 318 290
f 290 318 319
f 290 319 287
f 319 320 287
f 287 320 311
f 311 320 321
f 311 321 310
f 310 321 322
f 310 322 312
f 312 323 313
f 312 322 323
f 313 323 324
f 321 325 322
f 321 326 325
f 321 327 326
f 321 328 327
f 321 329 328
f 322 330 323
f 324 323 330
f 322 325 331
f 322 331 332
f 322 332 333
f 322 333 334
f 322 334 335
f 322 335 336
f 322 336 337
f 123 128 129
f 124 129 338
f 128 339 129
f 129 339 338
f 146 149 340
f 150 155 341
f 155 342 341
f 342 343 341
f 343 344 341
f 344 345 341
f 149 346 340
f 347 339 128
f 340 346 348
f 344 349 345
f 345 349 350
f 150 351 162
f 150 352 351
f 150 353 352
f 150 354 353
f 150 341 354
f 341 345 354
f 164 163 355
f 164 355 356
f 164 356 168
f 356 357 168
f 357 358 168
f 168 358 359
f 168 359 360
f 168 360 361
f 168 362 363
f 168 364 365
f 168 365 366
f 168 367 364
f 168 368 367
f 168 363 368
f 168 361 369
f 361 370 369
f 370 371 369
f 168 369 362
f 165 168 170
f 168 366 170
f 170 366 372
f 170 372 373
f 170 373 374
f 170 374 375
f 170 376 377
f 170 375 378
f 170 378 379
f 170 380 381
f 170 382 380
f 170 381 383
f 170 383 376
f 371 384 369
f 371 385 384
f 170 379 386
f 170 387 382
f 170 388 387
f 170 386 388
f 379 389 386
f 389 390 386
f 390 391 386
f 391 392 386
f 347 393 339
f 347 394 393
f 394 395 393
f 346 396 348
f 348 396 397
f 349 398 350
f 350 398 399
f 398 400 399
f 385 401 384
f 384 401 402
f 391 403 392
f 403 404 392
f 392 404 405
f 401 406 402
f 404 407 405
f 192 408 267
f 267 409 268
f 268 410 269
f 269 411 270
f 270 412 271
f 271 413 272
f 272 414 276
f 276 414 273
f 273 415 274
f 274 416 275
f 275 417 277
f 277 417 279
f 279 418 280
f 280 419 281
f 281 420 282
f 282 421 283
f 283 422 284
f 284 423 285
f 285 424 286
f 286 425 288
f 288 426 289
f 289 427 291
f 75 80 428
f 297 298 429
f 297 430 80
f 298 299 431
f 299 313 432
f 96 314 433
f 314 315 434
f 315 316 435
f 213 436 317
f 317 437 316
f 291 438 318
f 318 439 440
f 313 324 441
f 347 442 394
f 328 443 327
f 328 329 443
f 324 330 444
f 325 445 331
f 331 446 332
f 325 326 447
f 326 327 448
f 332 449 333
f 333 450 334
f 334 451 335
f 335 452 336
f 336 453 337
f 337 454 455
f 124 338 456
f 146 340 457
f 155 458 342
f 342 459 343
f 343 460 344
f 347 128 461
f 338 339 462
f 149 463 346
f 344 464 349
f 340 348 465
f 345 350 466
f 162 467 160
f 162 351 468
f 160 469 161
f 161 470 163
f 351 352 471
f 352 353 472
f 163 473 355
f 353 354 474
f 354 345 475
f 355 476 356
f 356 477 357
f 357 478 358
f 358 479 359
f 359 480 360
f 360 481 361
f 361 482 370
f 370 483 371
f 364 484 365
f 365 485 366
f 367 368 486
f 364 367 487
f 368 363 488
f 363 362 489
f 366 490 372
f 372 491 373
f 373 492 374
f 374 493 375
f 362 369 494
f 371 495 385
f 375 496 378
f 378 497 379
f 379 498 389
f 389 499 390
f 390 500 391
f 387 501 382
f 387 388 502
f 381 503 383
f 380 504 381
f 380 382 505
f 383 506 376
f 376 507 508
f 391 509 403
f 388 386 510
f 339 393 511
f 393 395 512
f 346 513 396
f 348 397 514
f 349 515 398
f 350 399 516
f 398 517 400
f 369 384 518
f 385 519 401
f 384 402 520
f 386 392 521
f 403 522 404
f 392 405 523
f 401 524 406
f 404 525 407
f 526 527 528
f 169 377 529
f 167 169 530
f 169 529 531
f 170 377 169
f 529 377 532
f 377 533 532
f 377 534 533
f 376 508 377
f 377 508 535
f 377 535 536
f 377 536 537
f 377 537 538
f 377 539 540
f 377 540 534
f 377 541 539
f 533 534 542
f 533 542 543
f 377 538 544
f 377 544 545
f 377 546 541
f 377 545 546
f 533 543 547
f 547 543 548
f 547 548 549
f 547 549 550
f 550 549 551
f 538 552 544
f 552 553 544
f 553 554 544
f 554 555 544
f 555 556 544
f 556 557 544
f 544 557 545
f 556 558 557
f 556 526 558
f 548 559 549
f 560 549 559
f 560 561 549
f 561 562 549
f 549 562 563
f 549 563 564
f 549 564 565
f 549 566 567
f 549 568 566
f 564 569 565
f 549 570 568
f 549 565 570
f 569 571 565
f 571 572 565
f 549 573 574
f 549 574 575
f 549 567 573
f 549 575 576
f 575 577 576
f 577 578 576
f 526 528 558
f 572 579 565
f 579 580 565
f 565 580 570
f 549 576 551
f 551 576 581
f 578 582 576
f 576 583 581
f 576 582 583
f 578 584 582
f 582 584 585
f 582 585 586
f 582 586 587
f 582 587 588
f 582 588 589
f 582 589 590
f 582 590 591
f 582 591 592
f 582 592 593
f 589 594 595
f 594 596 595
f 589 597 598
f 589 598 590
f 589 599 597
f 589 600 599
f 589 595 600
f 596 601 595
f 592 602 593
f 582 593 583
f 593 602 603
f 593 603 604
f 593 604 605
f 529 532 606
f 532 533 607
f 533 547 608
f 508 609 535
f 535 610 536
f 536 611 537
f 537 612 538
f 538 613 552
f 552 614 553
f 553 615 554
f 540 616 534
f 534 617 542
f 542 618 543
f 547 550 619
f 550 551 620
f 554 621 555
f 555 622 556
f 541 623 539
f 541 546 624
f 540 539 625
f 543 626 548
f 546 545 627
f 556 628 526
f 557 629 545
f 557 558 630
f 548 631 559
f 560 559 632
f 560 633 561
f 561 634 562
f 562 635 563
f 563 636 564
f 564 637 569
f 569 638 571
f 571 639 572
f 572 640 579
f 573 567 641
f 567 566 642
f 573 643 574
f 574 644 575
f 575 645 577
f 566 568 646
f 577 647 578
f 579 648 649
f 570 650 568
f 570 580 651
f 578 652 584
f 551 581 653
f 581 583 654
f 584 655 585
f 585 656 586
f 586 657 587
f 587 658 588
f 588 659 589
f 589 660 594
f 594 661 596
f 599 600 662
f 600 595 663
f 597 664 598
f 598 665 590
f 590 666 591
f 599 667 597
f 591 668 592
f 596 669 601
f 592 670 602
f 583 593 671
f 593 605 672
f 40 183 186
f 39 185 183
f 41 184 185
f 43 186 187
f 44 187 188
f 45 188 201
f 1 179 171
f 6 673 173
f 4 173 172
f 7 172 174
f 6 175 673
f 9 176 175
f 10 177 176
f 13 174 178
f 20 178 179
f 12 180 177
f 17 181 180
f 18 182 181
f 674 675 186
f 675 676 187
f 677 185 678
f 674 183 677
f 674 186 183
f 677 183 185
f 678 184 679
f 678 185 184
f 675 187 186
f 676 680 188
f 676 188 187
f 680 201 188
f 680 681 201
f 42 200 184
f 86 203 200
f 88 201 202
f 87 204 203
f 90 202 205
f 91 205 207
f 89 206 204
f 93 209 206
f 95 207 208
f 94 210 209
f 96 433 210
f 97 208 211
f 98 211 212
f 47 171 189
f 49 189 190
f 54 190 191
f 192 191 682
f 29 196 194
f 65 194 195
f 66 195 219
f 63 193 196
f 62 197 193
f 64 198 197
f 679 184 200
f 683 679 200
f 681 202 201
f 681 684 202
f 684 205 202
f 684 685 205
f 683 200 203
f 683 203 686
f 686 203 204
f 205 685 207
f 685 687 207
f 70 199 198
f 75 428 199
f 686 204 688
f 688 204 206
f 207 687 208
f 208 689 211
f 688 206 690
f 206 209 690
f 209 691 690
f 209 210 691
f 211 689 692
f 211 692 212
f 692 693 212
f 208 687 689
f 19 214 182
f 100 215 214
f 102 216 215
f 104 217 216
f 113 218 217
f 105 219 220
f 106 220 221
f 107 221 222
f 108 222 223
f 109 223 224
f 110 224 225
f 114 225 226
f 115 226 227
f 122 227 229
f 118 228 235
f 119 230 228
f 120 231 230
f 121 242 231
f 117 233 232
f 111 232 234
f 125 234 236
f 116 235 233
f 126 236 237
f 130 237 238
f 132 238 239
f 134 239 240
f 141 240 241
f 127 229 243
f 124 456 242
f 142 241 246
f 145 247 244
f 148 244 245
f 143 246 247
f 136 249 248
f 137 250 251
f 135 251 249
f 138 248 252
f 131 253 250
f 144 254 253
f 133 255 254
f 146 457 256
f 147 256 255
f 139 252 257
f 140 257 258
f 151 258 259
f 152 259 260
f 153 260 261
f 154 261 262
f 156 263 218
f 157 264 263
f 159 265 264
f 166 266 265
f 167 530 266
f 674 694 675
f 674 677 695
f 675 696 676
f 676 697 680
f 677 678 698
f 680 699 681
f 681 700 684
f 171 701 189
f 173 673 702
f 173 702 172
f 172 702 174
f 673 175 702
f 175 176 702
f 176 177 703
f 176 703 702
f 174 702 178
f 178 695 179
f 178 702 704
f 702 703 699
f 177 180 703
f 180 705 703
f 180 181 705
f 705 181 182
f 675 694 704
f 674 695 694
f 675 704 696
f 676 696 697
f 680 697 699
f 677 698 695
f 678 706 698
f 681 699 700
f 178 694 695
f 178 704 694
f 171 179 701
f 179 695 698
f 702 696 704
f 702 697 696
f 702 699 697
f 703 700 699
f 179 698 706
f 179 706 701
f 703 705 707
f 705 182 195
f 703 708 700
f 703 709 708
f 683 686 710
f 686 688 711
f 678 679 706
f 683 701 679
f 684 708 685
f 685 712 687
f 688 690 713
f 692 714 693
f 687 715 689
f 692 689 716
f 683 717 701
f 683 710 717
f 686 718 710
f 717 189 701
f 717 719 189
f 189 719 190
f 717 710 719
f 719 710 718
f 686 711 718
f 688 713 711
f 190 719 720
f 719 718 720
f 718 711 720
f 191 720 682
f 190 720 191
f 711 713 720
f 720 713 721
f 720 721 722
f 679 701 706
f 684 700 708
f 685 708 709
f 685 709 712
f 687 712 715
f 703 707 709
f 705 723 707
f 705 196 193
f 705 193 723
f 705 195 194
f 705 194 196
f 195 182 219
f 709 707 712
f 712 707 715
f 193 197 723
f 723 197 198
f 690 721 713
f 690 724 721
f 690 725 724
f 689 715 726
f 689 726 716
f 692 716 714
f 715 707 726
f 707 723 727
f 707 727 726
f 723 198 728
f 726 727 716
f 723 728 727
f 714 716 727
f 714 727 729
f 727 728 729
f 198 199 728
f 728 199 428
f 182 214 220
f 214 215 730
f 215 216 731
f 219 182 220
f 214 221 220
f 214 222 221
f 214 223 222
f 214 730 223
f 215 731 730
f 223 730 224
f 224 730 225
f 730 731 234
f 216 217 731
f 217 732 731
f 225 730 226
f 226 730 227
f 730 229 227
f 730 232 233
f 730 234 232
f 730 233 235
f 730 235 228
f 730 228 230
f 730 230 231
f 730 733 229
f 730 231 733
f 234 731 236
f 236 731 237
f 229 733 243
f 231 242 733
f 243 733 734
f 733 242 456
f 237 731 253
f 237 253 238
f 238 254 239
f 239 254 240
f 731 248 249
f 731 249 251
f 731 252 248
f 731 251 250
f 731 250 253
f 731 257 252
f 731 732 257
f 257 732 258
f 240 254 241
f 241 254 246
f 246 254 247
f 238 253 254
f 244 247 255
f 247 254 255
f 244 256 245
f 244 255 256
f 245 256 457
f 258 732 259
f 259 732 735
f 259 735 260
f 260 735 261
f 735 262 261
f 735 458 262
f 735 459 458
f 217 218 732
f 218 263 736
f 218 736 732
f 263 264 736
f 732 736 735
f 735 470 469
f 735 469 467
f 735 473 470
f 735 737 473
f 736 737 735
f 736 264 737
f 264 265 738
f 265 266 738
f 737 264 738
f 737 738 739
f 266 530 738
f 738 530 740
f 314 434 433
f 315 435 434
f 317 436 437
f 213 212 436
f 316 437 435
f 192 682 408
f 267 408 409
f 268 409 410
f 269 410 411
f 270 411 412
f 271 412 413
f 272 413 414
f 273 414 415
f 274 741 416
f 274 415 741
f 275 416 417
f 279 417 418
f 280 418 419
f 281 419 420
f 282 420 421
f 283 421 422
f 284 422 423
f 285 423 424
f 286 424 425
f 288 425 426
f 289 426 427
f 291 427 438
f 80 430 428
f 297 429 430
f 298 431 429
f 210 433 742
f 210 742 691
f 433 434 743
f 433 743 742
f 434 435 744
f 212 693 436
f 436 745 437
f 437 746 435
f 437 745 746
f 436 693 745
f 434 744 743
f 435 746 744
f 299 432 431
f 318 438 439
f 313 441 432
f 394 442 747
f 324 444 441
f 331 445 446
f 332 446 449
f 325 447 445
f 326 448 447
f 333 449 450
f 327 443 448
f 334 450 451
f 335 451 452
f 336 452 453
f 337 453 454
f 454 748 455
f 128 243 461
f 149 245 463
f 338 462 456
f 155 262 458
f 342 458 459
f 343 459 460
f 344 460 464
f 347 461 442
f 346 463 513
f 340 465 457
f 345 466 475
f 349 464 515
f 162 468 467
f 161 469 470
f 163 470 473
f 160 467 469
f 351 471 468
f 352 472 471
f 355 473 476
f 353 474 472
f 354 475 474
f 356 476 477
f 357 477 478
f 358 478 479
f 359 479 480
f 360 480 481
f 361 481 482
f 370 482 483
f 371 483 495
f 365 484 485
f 366 485 490
f 367 486 487
f 364 487 484
f 368 488 486
f 363 489 488
f 362 494 489
f 372 490 491
f 373 491 492
f 374 492 493
f 375 493 496
f 385 495 519
f 369 518 494
f 378 496 497
f 379 497 498
f 389 498 499
f 390 499 500
f 391 500 509
f 387 502 501
f 381 504 503
f 380 505 504
f 383 503 506
f 376 506 507
f 382 501 505
f 388 510 502
f 339 511 462
f 393 512 511
f 348 514 465
f 396 513 749
f 398 515 517
f 350 516 466
f 517 750 400
f 401 519 524
f 384 520 518
f 403 509 522
f 386 521 510
f 404 522 525
f 392 523 521
f 524 751 406
f 690 691 725
f 691 742 752
f 693 753 745
f 742 743 754
f 743 744 755
f 745 756 746
f 746 757 744
f 682 722 408
f 408 722 409
f 409 722 410
f 410 722 411
f 411 722 412
f 412 722 413
f 415 416 741
f 413 722 414
f 414 722 415
f 415 417 416
f 720 722 682
f 721 758 722
f 415 722 417
f 722 418 417
f 722 419 418
f 722 420 419
f 722 421 420
f 722 758 421
f 421 758 422
f 422 758 423
f 423 758 424
f 424 758 425
f 425 758 426
f 426 758 759
f 426 759 427
f 427 760 438
f 427 759 760
f 691 752 725
f 742 761 752
f 714 762 693
f 693 762 753
f 745 753 756
f 742 754 761
f 743 755 754
f 746 756 763
f 746 763 757
f 744 757 755
f 721 724 758
f 724 725 758
f 725 752 758
f 762 729 753
f 753 729 756
f 714 729 762
f 728 764 729
f 728 428 430
f 728 430 764
f 764 430 429
f 764 429 431
f 758 752 759
f 752 761 759
f 761 754 759
f 754 755 765
f 756 766 763
f 755 757 765
f 763 766 757
f 754 765 759
f 757 766 765
f 756 729 766
f 729 764 766
f 764 431 432
f 764 767 766
f 764 432 767
f 438 768 439
f 438 760 768
f 760 759 768
f 768 759 769
f 439 768 770
f 759 765 769
f 765 771 769
f 765 766 771
f 766 772 771
f 766 767 772
f 767 432 441
f 767 773 772
f 767 441 773
f 771 772 445
f 771 445 447
f 771 447 448
f 771 448 443
f 771 443 774
f 772 773 444
f 441 444 773
f 772 446 445
f 772 449 446
f 772 450 449
f 772 451 450
f 772 452 451
f 772 453 452
f 772 454 453
f 243 734 461
f 733 456 734
f 461 734 462
f 734 456 462
f 245 457 463
f 735 775 459
f 459 775 460
f 460 775 464
f 464 775 475
f 442 461 462
f 463 465 513
f 463 457 465
f 464 475 515
f 475 466 515
f 735 467 468
f 735 468 471
f 735 471 472
f 735 472 775
f 472 474 775
f 775 474 475
f 737 476 473
f 737 477 476
f 737 478 477
f 737 739 478
f 478 739 479
f 739 480 479
f 739 481 480
f 739 482 481
f 739 483 482
f 739 488 489
f 739 485 484
f 739 490 485
f 739 484 487
f 739 487 486
f 739 486 488
f 739 494 483
f 483 494 495
f 739 489 494
f 738 740 739
f 739 740 490
f 740 491 490
f 740 492 491
f 740 493 492
f 740 496 493
f 740 497 496
f 740 498 497
f 740 499 498
f 740 503 504
f 740 504 505
f 740 506 503
f 740 507 506
f 495 494 519
f 740 505 501
f 740 501 502
f 740 510 499
f 740 502 510
f 740 609 507
f 499 510 500
f 509 510 522
f 500 510 509
f 442 462 511
f 442 511 512
f 442 512 747
f 513 465 514
f 513 514 749
f 515 466 516
f 515 516 517
f 494 518 519
f 519 520 524
f 519 518 520
f 510 521 522
f 522 521 523
f 522 523 525
f 169 531 530
f 529 606 531
f 530 531 776
f 532 607 606
f 533 608 607
f 508 507 609
f 535 609 610
f 536 610 611
f 537 611 612
f 538 612 613
f 552 613 614
f 553 614 615
f 554 615 621
f 534 616 617
f 542 617 618
f 543 618 626
f 547 619 608
f 550 620 619
f 555 621 622
f 556 622 628
f 541 624 623
f 540 625 616
f 539 623 625
f 546 627 624
f 548 626 631
f 526 628 527
f 557 630 629
f 545 629 627
f 560 632 633
f 559 631 632
f 561 633 634
f 562 634 635
f 563 635 636
f 564 636 637
f 569 637 638
f 571 638 639
f 572 639 640
f 568 650 646
f 573 641 643
f 567 642 641
f 574 643 644
f 575 644 645
f 577 645 647
f 566 646 642
f 578 647 652
f 579 640 648
f 570 651 650
f 551 653 620
f 581 654 653
f 584 652 655
f 585 655 656
f 586 656 657
f 587 657 658
f 588 658 659
f 589 659 660
f 594 660 661
f 661 669 596
f 599 662 667
f 600 663 662
f 598 664 665
f 590 665 666
f 591 666 668
f 597 667 664
f 592 668 670
f 601 669 777
f 583 671 654
f 593 672 671
f 740 530 776
f 531 606 776
f 776 606 607
f 740 776 609
f 776 607 618
f 776 610 609
f 776 611 610
f 776 612 611
f 776 613 612
f 776 614 613
f 776 618 617
f 776 616 625
f 776 617 616
f 776 625 623
f 607 626 618
f 776 778 614
f 776 623 624
f 776 624 778
f 607 631 626
f 607 608 631
f 608 632 631
f 608 779 632
f 608 619 779
f 619 620 780
f 614 778 615
f 615 778 621
f 621 778 622
f 622 778 628
f 624 627 778
f 628 778 629
f 778 627 629
f 628 629 527
f 629 630 527
f 633 632 779
f 633 779 634
f 634 779 635
f 779 636 635
f 619 780 779
f 779 637 636
f 779 638 637
f 779 781 638
f 779 641 642
f 779 642 646
f 779 646 781
f 638 781 639
f 639 781 640
f 779 645 644
f 779 644 643
f 779 647 645
f 779 643 641
f 779 780 647
f 647 780 652
f 640 781 648
f 781 646 650
f 648 781 651
f 781 650 651
f 648 651 782
f 620 653 780
f 652 780 783
f 780 653 783
f 653 654 783
f 652 783 655
f 783 656 655
f 783 657 656
f 783 658 657
f 783 659 658
f 783 665 659
f 783 668 666
f 783 666 665
f 783 670 668
f 783 671 784
f 659 665 660
f 660 662 661
f 661 663 669
f 660 665 664
f 660 664 667
f 660 667 662
f 661 662 663
f 669 663 777
f 783 784 670
f 783 654 671
f 671 785 784
f 671 786 785
f 671 787 786
f 671 672 787
f 788 789 790
f 788 791 789
f 791 792 793
f 790 789 794
f 794 789 795
f 796 795 797
f 798 799 800
f 798 796 799
f 318 801 319
f 319 801 320
f 318 440 801
f 321 802 329
f 321 803 802
f 320 804 321
f 321 805 803
f 322 806 330
f 322 337 807
f 394 808 395
f 337 455 807
f 792 809 810
f 792 810 793
f 791 793 789
f 795 789 797
f 796 797 799
f 800 799 811
f 800 811 812
f 800 812 813
f 440 800 801
f 789 814 797
f 797 815 799
f 799 816 811
f 793 817 789
f 811 818 812
f 809 819 810
f 809 820 819
f 809 821 820
f 809 822 823
f 800 813 801
f 320 801 824
f 793 810 825
f 810 819 826
f 819 820 827
f 812 828 813
f 813 829 830
f 320 831 804
f 320 832 831
f 320 833 832
f 321 804 834
f 321 834 835
f 321 835 836
f 321 836 837
f 321 837 838
f 321 838 839
f 321 839 840
f 320 841 833
f 320 842 841
f 320 843 842
f 321 840 844
f 322 845 806
f 320 824 843
f 321 844 805
f 322 807 845
f 455 846 807
f 394 847 808
f 793 825 817
f 789 817 814
f 797 814 815
f 799 815 816
f 811 816 818
f 814 848 815
f 817 849 814
f 814 849 848
f 815 848 850
f 815 850 816
f 816 850 851
f 816 851 818
f 810 826 825
f 819 827 826
f 812 818 828
f 813 828 829
f 829 852 830
f 817 825 853
f 817 853 849
f 825 826 854
f 825 854 853
f 851 855 818
f 826 856 854
f 826 827 856
f 855 828 818
f 855 857 828
f 828 857 829
f 857 858 829
f 829 858 852
f 858 859 852
f 399 400 860
f 396 861 397
f 402 406 862
f 405 407 863
f 558 528 864
f 396 865 861
f 400 866 860
f 406 867 862
f 400 868 866
f 406 869 867
f 407 870 863
f 528 871 864
f 407 872 870
f 528 873 871
f 874 875 649
f 790 794 876
f 788 790 877
f 788 878 791
f 791 879 792
f 794 795 880
f 440 770 800
f 798 800 881
f 798 882 796
f 796 883 795
f 792 879 809
f 802 884 329
f 802 803 885
f 394 747 847
f 809 886 822
f 803 805 885
f 330 806 887
f 395 808 888
f 831 832 889
f 832 833 890
f 804 891 834
f 834 892 835
f 804 831 893
f 835 894 836
f 836 895 837
f 837 896 838
f 838 897 839
f 839 898 840
f 833 841 890
f 840 899 900
f 455 901 846
f 853 902 849
f 850 848 903
f 848 849 904
f 850 905 851
f 851 906 855
f 855 907 857
f 853 854 908
f 854 856 909
f 857 910 858
f 858 911 859
f 396 749 865
f 399 860 912
f 400 750 868
f 406 751 869
f 402 862 913
f 405 863 914
f 558 864 915
f 397 861 916
f 865 917 918
f 407 919 872
f 528 920 873
f 809 823 821
f 822 921 823
f 821 823 922
f 813 830 801
f 830 923 801
f 923 924 801
f 820 821 925
f 821 922 926
f 830 852 923
f 923 927 924
f 924 928 929
f 922 823 930
f 930 823 931
f 921 932 823
f 932 933 823
f 823 934 931
f 823 935 934
f 823 936 935
f 823 933 936
f 935 936 937
f 924 929 801
f 929 938 801
f 938 939 801
f 940 941 942
f 939 942 941
f 939 941 801
f 801 941 824
f 941 943 824
f 922 930 944
f 930 931 945
f 931 934 945
f 934 935 946
f 935 937 947
f 940 942 948
f 929 949 938
f 938 950 939
f 939 948 942
f 840 900 844
f 843 824 951
f 900 952 844
f 808 847 953
f 951 824 954
f 954 824 955
f 955 824 956
f 952 957 844
f 957 958 844
f 958 959 844
f 956 824 960
f 960 824 961
f 961 824 962
f 962 824 963
f 963 824 964
f 964 844 965
f 959 966 844
f 965 844 966
f 964 824 844
f 805 844 967
f 967 844 968
f 968 844 969
f 969 844 970
f 970 844 971
f 971 844 972
f 972 844 973
f 973 844 974
f 974 844 975
f 976 977 807
f 978 807 977
f 978 979 807
f 979 975 807
f 824 943 844
f 844 943 980
f 975 844 807
f 844 980 807
f 980 981 807
f 846 982 807
f 982 976 807
f 845 807 983
f 983 807 984
f 984 807 985
f 985 807 986
f 986 807 987
f 988 989 990
f 989 991 990
f 991 992 990
f 987 807 993
f 993 807 994
f 992 995 990
f 996 990 995
f 994 990 996
f 847 997 998
f 997 988 998
f 847 998 953
f 988 999 998
f 988 990 999
f 999 990 1000
f 1000 990 1001
f 1001 990 1002
f 1002 990 1003
f 1003 990 1004
f 994 807 990
f 807 981 990
f 990 981 1005
f 1004 990 1006
f 990 1005 1006
f 820 925 827
f 821 926 925
f 922 944 926
f 923 852 927
f 924 927 928
f 827 925 1007
f 827 1007 856
f 925 1008 1007
f 925 926 1008
f 1008 926 1009
f 926 944 1009
f 859 1010 927
f 859 927 852
f 1010 928 927
f 1010 1011 928
f 1011 949 928
f 1011 1012 949
f 930 945 944
f 934 946 945
f 935 947 946
f 940 948 1013
f 929 928 949
f 949 950 938
f 939 950 948
f 1009 944 1014
f 944 945 1014
f 1014 945 1015
f 945 946 1015
f 946 1016 1015
f 1017 1018 1013
f 946 947 1016
f 1016 947 1019
f 1019 947 1020
f 1019 1020 1018
f 1017 1013 948
f 1018 1020 1013
f 1012 1021 950
f 1012 950 949
f 1021 1017 948
f 1021 948 950
f 933 1022 936
f 1022 1023 936
f 936 1024 937
f 936 1023 1025
f 936 1025 1026
f 936 941 1024
f 936 1026 1027
f 936 1027 1028
f 936 1028 1029
f 936 1029 941
f 1024 941 940
f 941 1029 1030
f 941 1030 943
f 1030 1031 943
f 937 1024 1020
f 1024 940 1013
f 943 1031 980
f 980 1031 1032
f 980 1032 981
f 981 1032 1033
f 981 1033 1005
f 1005 1033 1034
f 1005 1034 1035
f 937 1020 947
f 1024 1013 1020
f 865 1036 861
f 865 918 1006
f 865 1006 1036
f 918 1037 1006
f 1037 1038 1006
f 1038 1039 1006
f 1040 1006 1039
f 1040 1041 1006
f 1004 1006 1041
f 1036 1006 1042
f 1042 1006 1043
f 1043 1006 1044
f 1044 1006 1045
f 1045 1006 1046
f 1046 1006 1047
f 1047 1006 1048
f 1048 1006 1049
f 1049 1006 1050
f 868 1051 1052
f 868 1053 866
f 868 1052 1053
f 1052 1051 1054
f 1051 1055 1054
f 1051 1056 1055
f 1051 1057 1056
f 1051 1058 1057
f 1059 1060 1051
f 1050 1060 1061
f 1059 1062 1060
f 1062 1061 1060
f 1051 1060 1058
f 1005 1035 1006
f 1050 1006 1060
f 1006 1035 1060
f 1035 1063 1060
f 869 1064 867
f 869 1065 1064
f 869 1066 1065
f 869 1067 1060
f 869 1060 1066
f 1067 1068 1060
f 1069 1060 1068
f 1069 1070 1060
f 1066 1060 1071
f 1071 1060 1072
f 1073 1074 1075
f 1058 1060 1076
f 1076 1060 1077
f 1077 1060 1078
f 1070 1079 1060
f 1078 1060 1079
f 1072 1060 1080
f 1060 1081 1080
f 1060 1082 1081
f 1060 1083 1082
f 1060 1075 1083
f 1074 1084 1075
f 1084 1085 1075
f 1086 1087 1075
f 1083 1075 1087
f 1086 1075 1085
f 1060 1063 1075
f 1063 1088 1075
f 872 1089 870
f 872 1090 1089
f 1073 1075 872
f 872 1075 1090
f 1090 1075 1091
f 1091 1075 1092
f 873 1093 871
f 873 1094 1093
f 873 1095 1094
f 873 1096 1097
f 873 1097 1095
f 1092 1075 1098
f 1075 1099 1098
f 1075 1100 1099
f 1075 1101 1100
f 1075 1102 1101
f 1075 1103 1102
f 1075 1097 1103
f 1075 1088 1097
f 1096 1104 1097
f 1105 1103 1097
f 1106 1105 1097
f 1106 1097 1104
f 1095 1097 1107
f 1107 1097 1108
f 1097 1109 1108
f 1097 1110 1109
f 1097 1111 1110
f 1097 1088 1112
f 1097 1112 1113
f 874 1114 875
f 874 1115 1114
f 874 1116 1115
f 874 1117 1118
f 874 1118 1116
f 1097 1113 1111
f 1119 1120 1118
f 1112 1121 1113
f 1112 1122 1121
f 1120 1123 1124
f 1125 1124 1126
f 1122 1124 1125
f 1123 1126 1124
f 1112 1124 1122
f 1117 1119 1118
f 1116 1118 1127
f 1118 1128 1127
f 1118 1129 1128
f 1118 1130 1129
f 1120 1124 1118
f 1118 1124 1130
f 1130 1124 1131
f 1131 1124 1132
f 1132 1124 1133
f 1133 1124 1134
f 1034 1135 1035
f 1035 1135 1063
f 1063 1135 1136
f 1063 1136 1088
f 1136 1137 1088
f 1088 1137 1112
f 1112 1137 1138
f 1112 1138 1124
f 1124 1138 1139
f 1124 1139 1140
f 1139 1141 1142
f 822 1143 921
f 921 1143 932
f 932 1144 933
f 933 1145 1022
f 841 842 1146
f 842 843 1147
f 843 951 1147
f 900 1148 952
f 951 954 1149
f 954 955 1150
f 957 1151 958
f 952 1148 957
f 805 967 1152
f 967 968 1153
f 846 901 982
f 806 845 1154
f 808 953 1155
f 955 956 1156
f 956 960 1157
f 960 961 1158
f 961 962 1159
f 962 963 1159
f 958 1160 959
f 959 1161 966
f 965 966 1162
f 963 964 1163
f 964 965 1164
f 968 969 1165
f 969 970 1166
f 970 971 1167
f 971 972 1168
f 972 973 1169
f 982 1170 976
f 976 1171 977
f 978 1172 979
f 973 974 1169
f 974 975 1173
f 979 1174 975
f 978 977 1175
f 845 983 1176
f 983 984 1177
f 984 985 1178
f 985 986 1179
f 847 1180 997
f 997 1181 988
f 988 1182 989
f 986 987 1183
f 989 1184 991
f 992 1185 995
f 991 1186 992
f 987 993 1187
f 993 994 1187
f 994 996 1188
f 996 995 1189
f 953 998 1190
f 998 999 1191
f 999 1000 1192
f 1000 1001 1193
f 1001 1002 1194
f 1002 1003 1195
f 1040 1039 1196
f 1003 1004 1195
f 1004 1041 1197
f 1040 1198 1041
f 856 1007 1199
f 1007 1008 1200
f 1008 1009 1201
f 859 1202 1010
f 1010 1203 1011
f 1011 1204 1012
f 1009 1014 1205
f 1014 1015 1206
f 1015 1016 1207
f 1016 1019 1208
f 1019 1018 1209
f 1017 1210 1018
f 1012 1211 1021
f 1021 1212 1017
f 1022 1213 1023
f 1023 1214 1025
f 1025 1215 1026
f 1026 1216 1027
f 1027 1217 1028
f 1028 1218 1029
f 1029 1218 1030
f 1030 1219 1031
f 1031 1220 1032
f 1032 1221 1033
f 1033 1222 1034
f 1034 1223 1135
f 860 866 1224
f 862 867 1225
f 918 1226 1037
f 1037 1227 1038
f 861 1036 1228
f 1036 1042 1229
f 1042 1043 1230
f 1043 1044 1231
f 1038 1232 1039
f 1044 1045 1233
f 1045 1046 1234
f 1046 1047 1235
f 1047 1048 1236
f 1048 1049 1236
f 868 1237 1051
f 866 1053 1238
f 1053 1052 1239
f 1052 1054 1240
f 1059 1241 1062
f 1062 1242 1061
f 1059 1051 1243
f 1049 1050 1244
f 1050 1061 1245
f 1054 1055 1246
f 1055 1056 1247
f 1056 1057 1248
f 869 1249 1067
f 1057 1058 1250
f 1058 1076 1251
f 1076 1077 1251
f 1069 1252 1070
f 1077 1078 1253
f 1070 1254 1079
f 1078 1079 1255
f 1067 1256 1068
f 1069 1068 1257
f 867 1064 1258
f 1064 1065 1259
f 1065 1066 1260
f 1066 1071 1261
f 1071 1072 1262
f 1072 1080 1263
f 1080 1081 1264
f 1073 1265 1074
f 1074 1266 1084
f 1084 1267 1085
f 1081 1082 1268
f 1082 1083 1268
f 1086 1269 1087
f 1083 1087 1270
f 1086 1085 1271
f 863 870 1272
f 873 1273 1096
f 864 871 1274
f 1073 872 1275
f 870 1089 1276
f 1089 1090 1277
f 1090 1091 1278
f 1091 1092 1279
f 1092 1098 1280
f 1096 1281 1104
f 1098 1099 1282
f 1099 1100 1283
f 1100 1101 1284
f 1101 1102 1284
f 1106 1285 1105
f 1105 1286 1103
f 1102 1103 1287
f 1106 1104 1288
f 871 1093 1289
f 1093 1094 1290
f 1094 1095 1291
f 1095 1107 1292
f 874 1293 1117
f 875 1114 1294
f 1114 1115 1295
f 1115 1116 1296
f 1107 1108 1297
f 1108 1109 1298
f 1109 1110 1299
f 1110 1111 1300
f 1111 1113 1301
f 1113 1121 1302
f 1121 1122 1302
f 1117 1303 1119
f 1122 1125 1304
f 1119 1305 1120
f 1123 1306 1126
f 1120 1307 1123
f 1125 1126 1308
f 1116 1127 1309
f 1127 1128 1310
f 1128 1129 1311
f 1129 1130 1312
f 1130 1131 1313
f 1131 1132 1314
f 1132 1133 1315
f 1135 1316 1136
f 1136 1317 1137
f 1137 1318 1138
f 1138 1319 1139
f 1139 1320 1141
f 579 1321 580
f 601 1322 595
f 579 649 1321
f 601 1323 1322
f 604 1324 605
f 1324 1325 605
f 1325 1326 605
f 1326 1327 605
f 1327 1328 605
f 1329 605 1328
f 1329 1330 605
f 1330 1331 605
f 1331 1332 605
f 1328 1333 1334
f 1329 1328 1335
f 1328 1334 1335
f 1332 1336 605
f 1336 1337 605
f 1337 1338 605
f 1338 1339 605
f 1333 1340 1334
f 1341 1342 1343
f 875 1321 649
f 1323 1344 1322
f 1333 1345 1340
f 1342 1346 1343
f 1345 1347 1340
f 1346 1348 1343
f 605 1349 1350
f 1339 1351 605
f 1351 1352 605
f 605 1353 1354
f 605 1354 1349
f 605 1355 1353
f 1352 1343 605
f 605 1343 1355
f 1350 1349 1356
f 1350 1356 1357
f 1350 1357 1358
f 1352 1341 1343
f 1357 1359 1358
f 1359 1360 1358
f 1358 1360 1361
f 1358 1361 1362
f 1358 1363 1364
f 1358 1362 1365
f 1358 1365 1366
f 1358 1366 1363
f 1362 1367 1365
f 1367 1368 1365
f 1369 1370 1368
f 1368 1371 1372
f 1368 1372 1373
f 1368 1373 1365
f 1374 1375 1370
f 1369 1376 1370
f 1376 1377 1370
f 1377 1374 1370
f 1368 1370 1371
f 1364 1363 1378
f 1364 1378 1379
f 601 777 1323
f 580 1321 1380
f 595 1322 1381
f 602 784 603
f 603 785 604
f 604 786 1324
f 1324 787 1325
f 1325 1382 1326
f 1326 1383 1327
f 1327 1384 1328
f 1328 1385 1333
f 1329 1386 1330
f 1329 1335 1387
f 1330 1388 1331
f 1331 1389 1332
f 1335 1334 1390
f 1332 1391 1336
f 1333 1392 1345
f 1336 1393 1337
f 1337 1394 1338
f 1338 1395 1339
f 1339 1396 1351
f 1351 1397 1352
f 1352 1398 1341
f 1341 1399 1342
f 1342 1400 1346
f 874 649 782
f 1323 1401 1402
f 1334 1340 1403
f 1345 1404 1405
f 1346 1406 1407
f 605 1350 1408
f 1353 1409 1354
f 1353 1355 1410
f 1349 1354 1411
f 1349 1412 1356
f 1356 1413 1357
f 1350 1358 1414
f 1355 1343 1415
f 1357 1416 1359
f 1359 1417 1360
f 1360 1418 1361
f 1361 1419 1362
f 1362 1420 1367
f 1367 1421 1368
f 1369 1368 1422
f 1369 1423 1376
f 1358 1364 1424
f 1376 1425 1377
f 1377 1426 1374
f 1374 1427 1428
f 1370 1375 1429
f 1371 1370 1429
f 1372 1430 1373
f 1373 1431 1365
f 1365 1432 1366
f 1366 1433 1363
f 1372 1371 1434
f 1363 1435 1378
f 1378 1436 1437
f 1364 1379 1424
f 1323 1402 1344
f 1345 1405 1347
f 1402 1438 1344
f 1402 1439 1438
f 1402 1440 1439
f 1402 1441 1440
f 1402 1442 1441
f 1443 1444 1140
f 1444 1445 1140
f 1442 1140 1441
f 1442 1443 1140
f 1134 1140 1446
f 1447 1446 1140
f 1445 1447 1140
f 1441 1448 1440
f 1441 1449 1448
f 1441 1450 1449
f 1441 1140 1450
f 1450 1140 1451
f 1451 1140 1452
f 1452 1140 1453
f 1453 1140 1454
f 1454 1140 1455
f 1405 1456 1347
f 1405 1457 1456
f 1405 1458 1459
f 1405 1459 1460
f 1458 1461 1462
f 1458 1462 1459
f 1459 1462 1463
f 1461 1464 1462
f 1455 1462 1465
f 1466 1462 1464
f 1466 1465 1462
f 1405 1460 1457
f 1459 1467 1460
f 1459 1468 1467
f 1459 1463 1468
f 1463 1462 1469
f 1469 1462 1470
f 1470 1462 1471
f 1471 1462 1472
f 1346 1407 1348
f 1473 1474 1475
f 1407 1476 1348
f 1407 1477 1476
f 1407 1473 1478
f 1407 1479 1477
f 1407 1480 1479
f 1407 1478 1480
f 1473 1481 1478
f 1473 1475 1481
f 1481 1475 1482
f 1483 1484 1428
f 1483 1485 1484
f 1483 1486 1485
f 1124 1140 1134
f 1139 1142 1140
f 1140 1462 1455
f 1472 1462 1487
f 1140 1142 1488
f 1462 1475 1487
f 1489 1490 1475
f 1491 1487 1475
f 1491 1475 1490
f 1474 1489 1475
f 1140 1488 1462
f 1482 1475 1492
f 1475 1493 1492
f 1475 1494 1493
f 1475 1495 1494
f 1475 1496 1495
f 1462 1488 1475
f 1475 1497 1496
f 1475 1488 1497
f 1486 1498 1485
f 1499 1497 1488
f 1499 1488 1500
f 1498 1501 1488
f 1501 1500 1488
f 1498 1488 1485
f 1374 1428 1375
f 1428 1484 1502
f 1428 1502 1375
f 1484 1503 1502
f 1484 1504 1503
f 1484 1505 1504
f 1484 1506 1505
f 1484 1485 1506
f 1506 1485 1507
f 1508 1509 1510
f 1509 1511 1512
f 1509 1513 1510
f 1509 1514 1515
f 1509 1515 1513
f 1509 1512 1514
f 1511 1516 1512
f 1378 1437 1379
f 1437 1517 1379
f 1517 1518 1379
f 1518 1519 1379
f 1519 1520 1379
f 1521 1522 1523
f 1522 1524 1523
f 1520 1521 1523
f 1520 1525 1526
f 1520 1523 1527
f 1520 1527 1525
f 1520 1526 1379
f 1526 1528 1379
f 1379 1528 1529
f 1524 1508 1523
f 1508 1510 1523
f 1379 1529 1530
f 1529 1531 1530
f 1531 1532 1530
f 1530 1532 1533
f 1507 1485 1534
f 1534 1485 1535
f 1485 1536 1535
f 1485 1488 1536
f 1536 1488 1537
f 1537 1488 1538
f 1538 1488 1539
f 1539 1488 1540
f 1540 1488 1541
f 1511 1542 1543
f 1511 1543 1516
f 1543 1544 1516
f 1542 1545 1541
f 1542 1541 1543
f 1543 1541 1546
f 1543 1547 1544
f 1543 1546 1547
f 1545 1548 1541
f 1549 1541 1550
f 1549 1540 1541
f 1548 1550 1541
f 1546 1541 1551
f 1551 1541 1552
f 1552 1541 1553
f 1553 1541 1554
f 1554 1541 1555
f 1532 1556 1533
f 1556 1557 1533
f 1533 1557 1558
f 1533 1558 1559
f 1533 1559 1560
f 1559 1561 1560
f 1561 1562 1563
f 1562 1564 1565
f 1561 1563 1560
f 1562 1566 1563
f 1554 1555 1567
f 1567 1555 1568
f 1564 1569 1555
f 1569 1570 1555
f 1571 1555 1570
f 1571 1568 1555
f 1562 1565 1566
f 1564 1572 1565
f 1564 1573 1572
f 1564 1574 1573
f 1564 1555 1574
f 1574 1555 1575
f 1574 1575 1576
f 1574 1576 1577
f 1576 1575 1578
f 1574 1577 1579
f 1576 1578 1577
f 1577 1578 1580
f 1579 1577 1580
f 875 1581 1321
f 1322 1344 1582
f 1340 1347 1583
f 1402 1584 1442
f 1344 1438 1585
f 1438 1439 1586
f 1442 1587 1443
f 1444 1588 1445
f 1443 1589 1444
f 1133 1134 1315
f 1134 1446 1590
f 1445 1591 1447
f 1447 1592 1446
f 1439 1440 1593
f 1440 1448 1594
f 1448 1449 1595
f 1449 1450 1596
f 1450 1451 1597
f 1451 1452 1598
f 1452 1453 1599
f 1453 1454 1600
f 1454 1455 1600
f 1405 1601 1458
f 1347 1456 1602
f 1458 1603 1461
f 1466 1464 1604
f 1455 1465 1605
f 1466 1606 1465
f 1461 1607 1464
f 1456 1457 1608
f 1457 1460 1609
f 1460 1467 1610
f 1467 1468 1611
f 1468 1463 1612
f 1463 1469 1613
f 1469 1470 1614
f 1470 1471 1615
f 1471 1472 1616
f 1472 1487 1616
f 1343 1348 1617
f 1407 1618 1473
f 1473 1619 1474
f 1474 1620 1489
f 1489 1621 1490
f 1477 1622 1476
f 1477 1479 1623
f 1479 1480 1624
f 1348 1476 1625
f 1480 1478 1626
f 1478 1481 1627
f 1481 1482 1628
f 1482 1492 1629
f 1483 1428 1630
f 1483 1631 1486
f 1491 1632 1487
f 1491 1490 1633
f 1492 1493 1634
f 1493 1494 1635
f 1494 1495 1636
f 1495 1496 1637
f 1496 1497 1638
f 1486 1639 1498
f 1498 1640 1501
f 1499 1641 1497
f 1501 1642 1500
f 1499 1500 1643
f 1508 1644 1509
f 1375 1502 1645
f 1502 1503 1646
f 1503 1504 1647
f 1504 1505 1648
f 1505 1506 1649
f 1506 1507 1650
f 1523 1510 1651
f 1509 1652 1511
f 1511 1653 1542
f 1510 1513 1654
f 1513 1515 1655
f 1514 1656 1515
f 1514 1512 1657
f 1437 1658 1517
f 1517 1659 1518
f 1518 1660 1519
f 1519 1661 1520
f 1520 1662 1521
f 1521 1663 1522
f 1522 1664 1524
f 1524 1665 1508
f 1527 1523 1666
f 1526 1525 1667
f 1527 1668 1525
f 1526 1669 1528
f 1528 1670 1529
f 1529 1671 1531
f 1379 1530 1672
f 1531 1673 1532
f 1530 1533 1674
f 1507 1534 1675
f 1534 1535 1676
f 1535 1536 1677
f 1536 1537 1678
f 1537 1538 1679
f 1538 1539 1680
f 1539 1540 1680
f 1542 1681 1545
f 1549 1682 1540
f 1545 1683 1548
f 1548 1684 1550
f 1549 1550 1685
f 1512 1516 1686
f 1516 1544 1687
f 1544 1547 1688
f 1547 1546 1689
f 1546 1551 1690
f 1551 1552 1691
f 1552 1553 1692
f 1553 1554 1693
f 1554 1567 1693
f 1532 1694 1556
f 1556 1695 1557
f 1557 1696 1558
f 1533 1560 1697
f 1558 1698 1559
f 1559 1699 1561
f 1561 1700 1562
f 1562 1701 1564
f 1564 1702 1569
f 1569 1703 1570
f 1560 1563 1697
f 1563 1566 1704
f 1571 1570 1705
f 1571 1706 1568
f 1567 1568 1707
f 1566 1565 1708
f 1565 1572 1709
f 1572 1573 1710
f 1573 1574 1711
f 1574 1579 1712
f 1579 1580 1713
f 439 770 440
f 788 877 878
f 794 880 876
f 790 876 877
f 791 878 879
f 795 1714 880
f 798 881 882
f 800 770 881
f 795 883 1714
f 796 882 883
f 443 329 774
f 329 884 774
f 802 885 884
f 330 887 444
f 455 748 901
f 850 903 905
f 848 904 903
f 851 905 906
f 855 906 907
f 849 902 904
f 853 908 902
f 854 909 908
f 857 907 910
f 858 910 911
f 859 911 1202
f 809 879 886
f 1715 1716 905
f 1717 1715 903
f 1715 905 903
f 1716 1718 906
f 1716 906 905
f 1718 1719 907
f 1718 907 906
f 822 886 1720
f 1717 904 1721
f 1721 902 1722
f 1721 904 902
f 1717 903 904
f 902 908 1722
f 1722 908 1723
f 908 909 1723
f 907 1719 910
f 1719 1724 910
f 1724 911 910
f 1724 1725 911
f 1725 1202 911
f 1725 1726 1202
f 831 889 893
f 832 890 889
f 804 893 891
f 834 891 892
f 835 892 894
f 836 894 895
f 837 895 896
f 838 896 897
f 839 897 898
f 840 898 899
f 900 899 1727
f 805 1728 885
f 747 1180 847
f 399 912 516
f 395 888 512
f 397 916 514
f 749 917 865
f 402 913 520
f 525 919 407
f 405 914 523
f 527 920 528
f 868 750 1237
f 860 1224 912
f 862 1225 913
f 869 751 1249
f 872 919 1275
f 863 1272 914
f 873 920 1273
f 864 1274 915
f 874 782 1293
f 877 876 1729
f 877 1729 878
f 878 1729 879
f 876 880 1729
f 880 1714 1730
f 882 881 1731
f 882 1731 883
f 883 1731 1714
f 768 769 1732
f 768 1732 770
f 771 774 884
f 771 884 885
f 769 771 892
f 771 885 1733
f 772 444 887
f 772 1734 454
f 747 512 1180
f 454 1734 748
f 1715 1729 1716
f 1716 1730 1718
f 1718 1731 1719
f 1717 1735 1715
f 1719 1736 1724
f 1717 1721 1737
f 1721 1722 1738
f 1722 1723 1739
f 1724 1740 1725
f 1725 1741 1726
f 1717 1737 1735
f 1715 1735 1729
f 1716 1729 1730
f 1718 1730 1731
f 1719 1731 1736
f 879 1735 886
f 879 1729 1735
f 880 1730 1729
f 1714 1731 1730
f 881 1736 1731
f 881 1740 1736
f 886 1735 1737
f 881 1741 1740
f 770 1732 881
f 1721 1738 1737
f 1722 1739 1738
f 1724 1736 1740
f 1725 1740 1741
f 1741 1742 1726
f 886 1737 1738
f 886 1738 1739
f 886 1739 1743
f 886 1143 1720
f 881 1732 1741
f 769 1744 1732
f 769 891 893
f 769 892 891
f 769 893 889
f 769 889 890
f 771 894 892
f 771 895 894
f 771 896 895
f 771 897 896
f 771 898 897
f 771 899 898
f 769 890 1745
f 769 1745 1146
f 769 1146 1147
f 771 1733 899
f 772 887 1154
f 769 1147 1744
f 885 1728 1733
f 772 1154 1734
f 748 1734 901
f 512 888 1180
f 749 514 917
f 517 516 912
f 517 912 750
f 524 520 913
f 524 913 751
f 525 914 919
f 525 523 914
f 527 915 920
f 514 916 917
f 750 912 1237
f 751 913 1249
f 919 914 1275
f 920 915 1273
f 856 1199 909
f 1007 1200 1199
f 1008 1201 1200
f 1010 1202 1203
f 1011 1203 1204
f 1012 1204 1211
f 1009 1205 1201
f 1014 1206 1205
f 1017 1212 1210
f 1015 1207 1206
f 1016 1208 1207
f 1018 1210 1209
f 1019 1209 1208
f 1021 1211 1212
f 822 1720 1143
f 1723 909 1746
f 909 1199 1746
f 1746 1199 1747
f 1199 1200 1747
f 1200 1748 1747
f 1200 1201 1748
f 1202 1726 1203
f 1726 1749 1203
f 1203 1749 1204
f 1749 1750 1204
f 1204 1750 1211
f 1750 1751 1211
f 932 1143 1144
f 933 1144 1145
f 1201 1752 1748
f 1201 1205 1752
f 1205 1753 1752
f 1205 1206 1753
f 1206 1207 1754
f 1210 1755 1209
f 1753 1206 1754
f 1207 1208 1756
f 1207 1756 1754
f 1208 1209 1757
f 1209 1755 1757
f 1208 1757 1756
f 1211 1751 1212
f 1751 1758 1212
f 1212 1758 1210
f 1210 1758 1755
f 841 1745 890
f 841 1146 1745
f 900 1727 1148
f 842 1147 1146
f 951 1759 1147
f 951 1149 1759
f 954 1150 1149
f 958 1151 1160
f 957 1148 1151
f 805 1152 1728
f 967 1153 1152
f 982 901 1170
f 806 1154 887
f 845 1176 1154
f 808 1155 888
f 955 1156 1150
f 956 1157 1156
f 960 1158 1157
f 961 1159 1158
f 963 1760 1159
f 959 1160 1161
f 966 1161 1162
f 963 1163 1760
f 965 1162 1164
f 964 1164 1163
f 968 1165 1153
f 969 1166 1165
f 970 1167 1166
f 971 1168 1167
f 972 1169 1168
f 976 1170 1171
f 977 1171 1175
f 974 1761 1169
f 974 1173 1761
f 975 1174 1173
f 979 1172 1174
f 978 1175 1172
f 983 1177 1176
f 984 1178 1177
f 985 1179 1178
f 997 1180 1181
f 988 1181 1182
f 986 1183 1179
f 989 1182 1184
f 991 1184 1186
f 992 1186 1185
f 987 1187 1183
f 994 1762 1187
f 994 1188 1762
f 996 1189 1188
f 995 1185 1189
f 953 1190 1155
f 998 1191 1190
f 999 1192 1191
f 1000 1193 1192
f 1001 1194 1193
f 1002 1195 1194
f 1040 1196 1198
f 1004 1763 1195
f 1004 1197 1763
f 1041 1198 1197
f 1022 1145 1213
f 1023 1213 1214
f 1025 1214 1215
f 1026 1215 1764
f 1026 1764 1216
f 1027 1216 1217
f 1028 1217 1218
f 1030 1218 1219
f 1031 1219 1220
f 1032 1220 1221
f 1033 1221 1222
f 1034 1222 1223
f 918 917 1226
f 861 1228 916
f 1037 1226 1227
f 1038 1227 1232
f 1036 1229 1228
f 1042 1230 1229
f 1043 1231 1230
f 1039 1232 1196
f 1044 1233 1231
f 1045 1234 1233
f 1046 1235 1234
f 1047 1236 1235
f 1051 1237 1243
f 866 1238 1224
f 1053 1239 1238
f 1052 1240 1239
f 1059 1243 1241
f 1062 1241 1242
f 1049 1765 1236
f 1049 1244 1765
f 1050 1245 1244
f 1061 1242 1245
f 1054 1246 1240
f 1055 1247 1246
f 1056 1248 1247
f 1067 1249 1256
f 1057 1250 1248
f 1058 1251 1250
f 1069 1257 1252
f 1070 1252 1254
f 1077 1766 1251
f 1077 1253 1766
f 1078 1255 1253
f 1079 1254 1255
f 1068 1256 1257
f 867 1258 1225
f 1064 1259 1258
f 1065 1260 1259
f 1073 1275 1265
f 1066 1261 1260
f 1071 1262 1261
f 1072 1263 1262
f 1080 1264 1263
f 1074 1265 1266
f 1084 1266 1267
f 1085 1267 1271
f 1081 1268 1264
f 1083 1767 1268
f 1086 1271 1269
f 1083 1270 1767
f 1087 1269 1270
f 870 1276 1272
f 1089 1277 1276
f 1090 1278 1277
f 1091 1279 1278
f 1092 1280 1279
f 1096 1273 1281
f 1098 1282 1280
f 1099 1283 1282
f 1100 1284 1283
f 1102 1768 1284
f 1106 1288 1285
f 1103 1286 1287
f 1102 1287 1768
f 1105 1285 1286
f 1104 1281 1288
f 871 1289 1274
f 1093 1290 1289
f 1094 1291 1290
f 1095 1292 1291
f 1107 1297 1292
f 1117 1293 1303
f 875 1294 1581
f 1114 1295 1294
f 1115 1296 1295
f 1116 1309 1296
f 1108 1298 1297
f 1109 1299 1298
f 1110 1300 1299
f 1111 1301 1300
f 1113 1302 1301
f 1119 1303 1305
f 1122 1769 1302
f 1125 1308 1304
f 1122 1304 1769
f 1120 1305 1307
f 1126 1306 1308
f 1123 1307 1306
f 1127 1310 1309
f 1128 1311 1310
f 1129 1312 1311
f 1130 1313 1312
f 1131 1314 1313
f 1132 1315 1314
f 1135 1223 1316
f 1136 1316 1317
f 1137 1317 1318
f 1138 1318 1319
f 1139 1319 1320
f 1320 1770 1141
f 1723 1746 1743
f 1746 1747 1771
f 1726 1742 1749
f 1749 1772 1750
f 1750 1773 1751
f 1747 1748 1774
f 1748 1752 1775
f 1752 1753 1776
f 1753 1754 1777
f 1757 1755 1778
f 1751 1779 1758
f 1758 1780 1755
f 1723 1743 1739
f 1746 1771 1743
f 1747 1774 1771
f 1749 1742 1772
f 1750 1772 1773
f 886 1743 1781
f 886 1781 1143
f 1743 1771 1781
f 1741 1732 1742
f 1742 1732 1772
f 1772 1732 1773
f 1748 1775 1774
f 1752 1776 1775
f 1753 1782 1776
f 1753 1777 1782
f 1757 1778 1783
f 1751 1773 1779
f 1758 1779 1784
f 1758 1784 1780
f 1755 1780 1778
f 1771 1774 1781
f 1774 1775 1781
f 1143 1781 1144
f 1144 1781 1145
f 1781 1775 1776
f 1781 1776 1785
f 1781 1785 1145
f 1776 1782 1785
f 1782 1777 1785
f 1773 1732 1779
f 1779 1732 1784
f 1784 1732 1780
f 1780 1732 1778
f 1783 1778 1786
f 1778 1732 1786
f 1732 1744 1786
f 1786 1744 1787
f 899 1733 1727
f 1147 1759 1744
f 1727 1733 1148
f 888 1155 1180
f 1759 1149 1744
f 1149 1150 1744
f 1150 1156 1744
f 1148 1733 1151
f 1151 1733 1160
f 1160 1733 1161
f 1156 1157 1744
f 1157 1158 1744
f 1158 1159 1744
f 1159 1760 1744
f 1760 1163 1733
f 1163 1164 1733
f 1161 1733 1162
f 1164 1162 1733
f 1760 1733 1744
f 1728 1152 1733
f 1152 1153 1733
f 1153 1165 1733
f 1165 1166 1733
f 1166 1167 1733
f 1167 1168 1733
f 1168 1169 1733
f 1169 1761 1733
f 1171 1734 1175
f 1172 1175 1734
f 1172 1734 1174
f 1761 1173 1734
f 1174 1734 1173
f 1744 1733 1787
f 1733 1788 1787
f 1761 1734 1733
f 1733 1734 1788
f 1788 1734 1789
f 901 1734 1170
f 1170 1734 1171
f 1154 1176 1734
f 1176 1177 1734
f 1177 1178 1734
f 1178 1179 1734
f 1179 1183 1734
f 1182 1790 1184
f 1184 1790 1186
f 1186 1790 1185
f 1183 1187 1734
f 1187 1762 1790
f 1185 1790 1189
f 1188 1189 1790
f 1762 1188 1790
f 1180 1155 1181
f 1181 1190 1182
f 1181 1155 1190
f 1182 1190 1790
f 1190 1191 1790
f 1191 1192 1790
f 1192 1193 1790
f 1193 1194 1790
f 1194 1195 1790
f 1195 1763 1790
f 1187 1790 1734
f 1734 1790 1789
f 1790 1791 1789
f 1763 1792 1790
f 1790 1792 1791
f 1754 1756 1793
f 1756 1757 1783
f 1754 1793 1777
f 1756 1783 1793
f 1145 1785 1213
f 1213 1785 1214
f 1785 1777 1793
f 1785 1215 1214
f 1785 1764 1215
f 1785 1793 1786
f 1785 1216 1764
f 1785 1217 1216
f 1785 1218 1217
f 1785 1219 1218
f 1793 1783 1786
f 1785 1786 1219
f 1786 1787 1219
f 1219 1787 1220
f 1787 1788 1220
f 1788 1221 1220
f 1788 1789 1221
f 1789 1222 1221
f 1789 1791 1222
f 1791 1223 1222
f 1791 1794 1223
f 917 916 1228
f 912 1224 1237
f 917 1792 1226
f 917 1228 1792
f 913 1225 1249
f 1226 1792 1227
f 1227 1792 1232
f 1232 1792 1196
f 1198 1196 1792
f 1198 1792 1197
f 1763 1197 1792
f 1228 1229 1792
f 1229 1230 1792
f 1230 1231 1792
f 1231 1233 1792
f 1233 1234 1792
f 1234 1235 1792
f 1235 1236 1792
f 1236 1765 1792
f 1765 1244 1792
f 1237 1238 1243
f 1237 1224 1238
f 1238 1239 1243
f 1239 1240 1243
f 1243 1240 1246
f 1243 1246 1247
f 1243 1247 1248
f 1243 1248 1250
f 1241 1243 1795
f 1244 1245 1795
f 1241 1795 1242
f 1242 1795 1245
f 1243 1250 1795
f 1791 1792 1794
f 1244 1795 1792
f 1792 1795 1794
f 1794 1795 1796
f 1249 1225 1258
f 1249 1258 1259
f 1249 1795 1256
f 1249 1259 1795
f 1256 1795 1257
f 1252 1257 1795
f 1252 1795 1254
f 1259 1260 1795
f 1260 1261 1795
f 1261 1262 1795
f 1265 1797 1266
f 1250 1251 1795
f 1251 1766 1795
f 1766 1253 1795
f 1254 1795 1255
f 1253 1255 1795
f 1262 1263 1795
f 1795 1263 1264
f 1795 1264 1268
f 1795 1268 1797
f 1268 1767 1797
f 1266 1797 1267
f 1267 1797 1271
f 1767 1270 1797
f 1269 1797 1270
f 1269 1271 1797
f 1795 1797 1796
f 1796 1797 1798
f 914 1272 1275
f 915 1274 1273
f 1293 1380 1581
f 1275 1272 1276
f 1275 1276 1797
f 1265 1275 1797
f 1276 1277 1797
f 1277 1278 1797
f 1278 1279 1797
f 1273 1274 1289
f 1273 1289 1290
f 1273 1290 1799
f 1273 1799 1281
f 1290 1291 1799
f 1279 1280 1797
f 1797 1280 1282
f 1797 1282 1283
f 1797 1283 1284
f 1797 1284 1768
f 1797 1768 1287
f 1797 1287 1799
f 1797 1799 1798
f 1281 1799 1288
f 1286 1799 1287
f 1285 1799 1286
f 1285 1288 1799
f 1291 1292 1799
f 1292 1297 1799
f 1799 1297 1298
f 1799 1298 1299
f 1799 1299 1300
f 1799 1800 1798
f 1799 1300 1800
f 1293 1581 1294
f 1293 1294 1295
f 1293 1801 1303
f 1293 1295 1801
f 1295 1296 1801
f 1305 1801 1307
f 1307 1801 1306
f 1800 1300 1301
f 1800 1301 1302
f 1800 1302 1802
f 1302 1769 1802
f 1304 1308 1802
f 1769 1304 1802
f 1306 1802 1308
f 1303 1801 1305
f 1296 1309 1801
f 1801 1309 1310
f 1801 1310 1311
f 1306 1801 1802
f 1801 1311 1802
f 1311 1312 1802
f 1312 1313 1802
f 1313 1314 1802
f 1314 1315 1802
f 1223 1794 1316
f 1794 1796 1316
f 1796 1317 1316
f 1796 1798 1317
f 1317 1798 1318
f 1798 1800 1318
f 1800 1319 1318
f 1800 1802 1319
f 1802 1320 1319
f 1802 1803 1320
f 1320 1804 1770
f 558 915 630
f 648 782 649
f 580 1380 651
f 1323 777 1401
f 670 784 602
f 603 784 785
f 595 1381 663
f 604 785 786
f 1324 786 787
f 1325 787 1382
f 1326 1382 1383
f 1327 1383 1384
f 1328 1384 1385
f 1333 1385 1392
f 1329 1387 1386
f 1330 1386 1388
f 1331 1388 1389
f 1332 1389 1391
f 1335 1390 1387
f 1334 1403 1390
f 1345 1392 1404
f 1336 1391 1393
f 1337 1393 1394
f 1338 1394 1395
f 1339 1395 1396
f 1351 1396 1397
f 1352 1397 1398
f 1341 1398 1399
f 1342 1399 1400
f 1346 1400 1406
f 1321 1581 1380
f 1322 1582 1381
f 1340 1583 1403
f 1343 1617 1415
f 605 1408 672
f 1350 1414 1408
f 1353 1410 1409
f 1349 1411 1412
f 1356 1412 1413
f 1354 1409 1411
f 1357 1413 1416
f 1358 1424 1414
f 1355 1415 1410
f 1359 1416 1417
f 1360 1417 1418
f 1361 1418 1419
f 1362 1419 1420
f 1367 1420 1421
f 1368 1421 1422
f 1369 1422 1423
f 1376 1423 1425
f 1377 1425 1426
f 1374 1426 1427
f 1371 1429 1434
f 1372 1434 1430
f 1373 1430 1431
f 1365 1431 1432
f 1366 1432 1433
f 1363 1433 1435
f 1378 1435 1436
f 1379 1805 1424
f 1437 1436 1658
f 527 630 915
f 777 663 1401
f 651 1380 782
f 663 1381 1401
f 787 672 1382
f 1382 672 1389
f 1389 672 1391
f 1382 1388 1383
f 1383 1388 1384
f 1382 1389 1388
f 1384 1387 1385
f 1385 1390 1392
f 1384 1386 1387
f 1384 1388 1386
f 1385 1387 1390
f 1391 672 1393
f 1393 672 1394
f 1394 672 1395
f 1395 672 1396
f 1392 1390 1404
f 1399 1415 1400
f 1293 782 1380
f 1401 1381 1584
f 1390 1403 1404
f 1400 1415 1406
f 1404 1403 1601
f 1406 1415 1618
f 672 1408 1413
f 1396 672 1397
f 1397 672 1398
f 672 1411 1409
f 672 1412 1411
f 672 1413 1412
f 672 1409 1410
f 1398 672 1415
f 672 1410 1415
f 1408 1416 1413
f 1398 1415 1399
f 1408 1417 1416
f 1408 1414 1417
f 1417 1414 1418
f 1414 1419 1418
f 1414 1420 1419
f 1414 1421 1420
f 1414 1432 1421
f 1414 1433 1432
f 1414 1435 1433
f 1421 1432 1422
f 1423 1422 1434
f 1422 1430 1434
f 1422 1431 1430
f 1422 1432 1431
f 1414 1424 1436
f 1414 1436 1435
f 1427 1429 1630
f 1423 1429 1425
f 1425 1429 1426
f 1426 1429 1427
f 1423 1434 1429
f 1424 1658 1436
f 1424 1805 1658
f 1402 1401 1584
f 1405 1404 1601
f 1344 1585 1582
f 1438 1586 1585
f 1439 1593 1586
f 1442 1584 1587
f 1443 1587 1589
f 1444 1589 1588
f 1134 1806 1315
f 1134 1590 1806
f 1447 1591 1592
f 1445 1588 1591
f 1446 1592 1590
f 1440 1594 1593
f 1448 1595 1594
f 1449 1596 1595
f 1450 1597 1596
f 1451 1598 1597
f 1452 1599 1598
f 1453 1600 1599
f 1456 1608 1602
f 1347 1602 1583
f 1458 1601 1603
f 1466 1604 1606
f 1455 1807 1600
f 1455 1605 1807
f 1465 1606 1605
f 1461 1603 1607
f 1464 1607 1604
f 1457 1609 1608
f 1460 1610 1609
f 1467 1611 1610
f 1468 1612 1611
f 1463 1613 1612
f 1469 1614 1613
f 1470 1615 1614
f 1471 1616 1615
f 1407 1406 1618
f 1473 1618 1619
f 1487 1808 1616
f 1474 1619 1620
f 1489 1620 1621
f 1490 1621 1633
f 1477 1623 1622
f 1479 1624 1623
f 1480 1626 1624
f 1348 1625 1617
f 1476 1622 1625
f 1478 1627 1626
f 1481 1628 1627
f 1482 1629 1628
f 1492 1634 1629
f 1483 1630 1631
f 1486 1631 1639
f 1487 1632 1808
f 1491 1633 1632
f 1493 1635 1634
f 1494 1636 1635
f 1495 1637 1636
f 1496 1638 1637
f 1498 1639 1640
f 1501 1640 1642
f 1499 1643 1641
f 1497 1641 1638
f 1500 1642 1643
f 1428 1427 1630
f 1375 1809 1429
f 1375 1645 1809
f 1502 1646 1645
f 1503 1647 1646
f 1504 1648 1647
f 1505 1649 1648
f 1506 1650 1649
f 1509 1644 1652
f 1511 1652 1653
f 1510 1654 1651
f 1515 1656 1655
f 1513 1655 1654
f 1514 1657 1656
f 1517 1658 1659
f 1518 1659 1660
f 1519 1660 1661
f 1520 1661 1662
f 1521 1662 1663
f 1522 1663 1664
f 1524 1664 1665
f 1508 1665 1644
f 1527 1666 1668
f 1526 1667 1669
f 1525 1668 1667
f 1528 1669 1670
f 1529 1670 1671
f 1523 1651 1666
f 1379 1672 1805
f 1531 1671 1673
f 1532 1673 1694
f 1530 1674 1672
f 1507 1675 1650
f 1534 1676 1675
f 1535 1677 1676
f 1536 1678 1677
f 1537 1679 1678
f 1538 1680 1679
f 1540 1810 1680
f 1542 1653 1681
f 1545 1681 1683
f 1549 1685 1682
f 1540 1682 1810
f 1548 1683 1684
f 1550 1684 1685
f 1512 1686 1657
f 1516 1687 1686
f 1544 1688 1687
f 1547 1689 1688
f 1546 1690 1689
f 1551 1691 1690
f 1552 1692 1691
f 1553 1693 1692
f 1567 1811 1693
f 1556 1694 1695
f 1557 1695 1696
f 1558 1696 1698
f 1533 1697 1674
f 1559 1698 1699
f 1561 1699 1700
f 1562 1700 1701
f 1564 1701 1702
f 1569 1702 1703
f 1563 1704 1697
f 1566 1708 1704
f 1571 1705 1706
f 1568 1706 1707
f 1567 1707 1811
f 1570 1703 1705
f 1565 1709 1708
f 1572 1710 1709
f 1573 1711 1710
f 1713 1580 1812
f 1574 1712 1711
f 1579 1713 1712
f 1381 1582 1584
f 1403 1583 1601
f 1584 1582 1585
f 1584 1585 1586
f 1584 1586 1813
f 1584 1813 1587
f 1587 1813 1589
f 1315 1803 1802
f 1315 1806 1803
f 1589 1803 1588
f 1588 1803 1591
f 1589 1813 1803
f 1806 1590 1803
f 1592 1803 1590
f 1591 1803 1592
f 1586 1593 1813
f 1813 1593 1594
f 1813 1594 1595
f 1813 1595 1803
f 1595 1596 1803
f 1596 1597 1803
f 1597 1598 1803
f 1598 1599 1803
f 1599 1600 1803
f 1600 1807 1803
f 1601 1583 1602
f 1601 1602 1608
f 1601 1608 1814
f 1601 1814 1603
f 1603 1814 1607
f 1814 1815 1607
f 1814 1611 1815
f 1607 1815 1604
f 1807 1605 1815
f 1606 1604 1815
f 1606 1815 1605
f 1814 1608 1609
f 1814 1609 1610
f 1814 1610 1611
f 1611 1612 1815
f 1612 1613 1815
f 1613 1614 1815
f 1614 1615 1815
f 1615 1616 1815
f 1415 1617 1618
f 1619 1816 1620
f 1618 1617 1625
f 1618 1625 1622
f 1618 1624 1619
f 1618 1622 1623
f 1618 1623 1624
f 1619 1624 1626
f 1619 1626 1816
f 1626 1627 1816
f 1627 1628 1816
f 1631 1630 1817
f 1631 1817 1639
f 1639 1817 1818
f 1803 1815 1804
f 1320 1803 1804
f 1803 1807 1815
f 1815 1816 1804
f 1616 1808 1815
f 1816 1637 1804
f 1815 1808 1816
f 1621 1816 1633
f 1632 1816 1808
f 1632 1633 1816
f 1620 1816 1621
f 1628 1629 1816
f 1816 1629 1634
f 1816 1634 1635
f 1816 1635 1636
f 1816 1636 1637
f 1637 1819 1804
f 1639 1818 1640
f 1642 1640 1818
f 1637 1638 1819
f 1642 1819 1643
f 1638 1641 1819
f 1641 1643 1819
f 1642 1818 1819
f 1818 1676 1819
f 1676 1677 1819
f 1429 1809 1630
f 1644 1666 1652
f 1630 1809 1817
f 1817 1645 1646
f 1809 1645 1817
f 1817 1646 1647
f 1817 1647 1648
f 1817 1648 1649
f 1817 1649 1818
f 1649 1650 1818
f 1666 1651 1652
f 1652 1656 1653
f 1653 1657 1820
f 1652 1651 1654
f 1652 1655 1656
f 1652 1654 1655
f 1653 1656 1657
f 1658 1805 1659
f 1659 1805 1660
f 1660 1805 1661
f 1661 1805 1662
f 1663 1669 1664
f 1664 1669 1665
f 1662 1805 1663
f 1663 1805 1669
f 1669 1805 1670
f 1805 1671 1670
f 1665 1668 1644
f 1665 1667 1668
f 1665 1669 1667
f 1644 1668 1666
f 1805 1673 1671
f 1805 1672 1673
f 1673 1674 1694
f 1673 1672 1674
f 1650 1675 1818
f 1675 1676 1818
f 1677 1678 1819
f 1678 1679 1819
f 1679 1680 1819
f 1680 1810 1819
f 1682 1685 1819
f 1810 1682 1819
f 1685 1821 1819
f 1681 1820 1683
f 1653 1820 1681
f 1820 1686 1687
f 1820 1821 1683
f 1820 1688 1821
f 1688 1689 1821
f 1820 1657 1686
f 1820 1687 1688
f 1683 1821 1684
f 1684 1821 1685
f 1689 1690 1821
f 1690 1691 1821
f 1691 1692 1821
f 1692 1693 1821
f 1693 1811 1821
f 1811 1707 1821
f 1707 1822 1821
f 1694 1674 1695
f 1695 1674 1696
f 1674 1698 1696
f 1674 1699 1698
f 1674 1700 1699
f 1674 1697 1700
f 1700 1697 1701
f 1701 1708 1702
f 1701 1697 1704
f 1701 1704 1708
f 1702 1822 1703
f 1703 1822 1705
f 1706 1705 1822
f 1706 1822 1707
f 1702 1708 1709
f 1702 1709 1710
f 1702 1710 1711
f 1702 1711 1712
f 1702 1712 1822
f 1823 1812 1824
f 1713 1812 1823
f 1823 1824 1825
f 1713 1823 1826
f 1713 1826 1712
f 1823 1825 1826
f 1712 1826 1822
f 1826 1825 1822
f 1488 1142 1141
f 1827 1488 1141
f 1827 1541 1488
f 1827 1555 1541
f 1827 1575 1555
f 1828 1575 1827
f 1828 1578 1575
f 1827 1141 1829
f 1827 1829 1828
f 1828 1830 1578
f 1830 1580 1578
f 1829 1141 1770
f 1828 1829 1830
f 1812 1580 1824
f 1830 1824 1580
f 1770 1804 1830
f 1829 1770 1830
f 1830 1804 1819
f 1830 1819 1821
f 1821 1822 1825
f 1830 1821 1825
f 1830 1825 1824

