# https://github.com/mikedh/trimesh
v -0.05160030 0.00389216 0.01950279
v -0.05150581 0.00351422 0.01876578
v -0.03566327 0.00020091 -0.01033004
v -0.03571997 0.00020091 -0.01028595
v -0.03557510 0.00319931 -0.01028594
v -0.03583965 0.00020091 -0.01017886
v -0.03598453 0.00020091 -0.00997729
v -0.03589005 0.00020091 -0.01010957
v -0.03550580 0.00020091 -0.01041193
v -0.03527273 0.00020091 -0.01048122
v -0.03544280 0.00020091 -0.01044342
v -0.03536723 0.00318042 -0.01041822
v -0.03516567 0.00628591 -0.01028594
v -0.03495779 0.00624811 -0.01041823
v -0.03448536 0.00931581 -0.01028594
v -0.04159732 0.00020089 0.05210103
v -0.04199417 0.00020088 0.05206954
v -0.04205719 0.00948586 0.05208843
v -0.04195642 0.01249686 0.05208212
v -0.04196897 0.00020088 0.05008530
v -0.04268708 0.00020088 0.05200024
v -0.04252330 0.00020088 0.05203803
v -0.04212647 0.00472369 0.05208843
v -0.04274381 0.00951106 0.05200653
v -0.04256744 0.01249686 0.05199394
v -0.04385872 0.00020088 0.05168527
v -0.04342408 0.00020088 0.05184275
v -0.04281938 0.00471739 0.05200653
v -0.04392175 0.00956144 0.05169787
v -0.04375798 0.01249686 0.05169787
v -0.04286980 0.01249686 0.05194985
v -0.04379570 0.00020087 0.04401289
v -0.04429336 0.00020087 0.05152779
v -0.04399732 0.00471108 0.05169787
v -0.04450127 0.00958034 0.05145221
v -0.04556583 0.00971891 0.05081598
v -0.04538946 0.01249685 0.05082858
v -0.04460207 0.01249686 0.05131992
v -0.04458314 0.00470478 0.05145220
v -0.04564771 0.00628587 0.05080969
v -0.04563510 0.00469848 0.05080969
v -0.04637841 0.00760869 0.05022386
v -0.04624615 0.01127481 0.05022386
v -0.04616426 0.01249685 0.05023016
v -0.04510596 0.00020087 0.05109315
v -0.04561620 0.00281503 0.05080969
v -0.04550910 0.00020087 0.05081598
v -0.04637840 0.00345124 0.05022386
v -0.04737366 0.00340085 0.04932307
v 0.00692513 0.01131279 0.05524450
v 0.00531254 0.01215687 0.05524449
v 0.00359917 0.01276789 0.05524448
v 0.00181650 0.01314583 0.05524448
v 0.00000234 0.01326551 0.05524447
v -0.00181812 0.01314582 0.05524447
v -0.00360079 0.01276786 0.05524446
v -0.00531416 0.01215683 0.05524445
v 0.00841174 0.01026084 0.05524450
v 0.00835505 0.01019155 0.05525079
v 0.00688104 0.01124350 0.05525078
v 0.00528104 0.01208129 0.05525078
v 0.00357397 0.01268600 0.05525078
v 0.00180390 0.01305764 0.05525077
v 0.00000234 0.01318362 0.05525076
v -0.00180552 0.01305763 0.05525075
v -0.00357559 0.01268597 0.05525075
v -0.00528266 0.01208125 0.05525074
v -0.00835665 0.01019148 0.05525073
v -0.00688265 0.01124345 0.05525073
v -0.00841335 0.01026077 0.05524444
v -0.00692675 0.01131274 0.05524445
v 0.00973457 0.00901361 0.05524451
v 0.00967788 0.00895691 0.05525080
v 0.00398343 0.00862303 0.05525078
v -0.00397872 0.00862300 0.05525075
v -0.00967317 0.00895684 0.05525072
v -0.00973616 0.00901353 0.05524443
v 0.01088103 0.00759630 0.05524451
v 0.01081174 0.00754590 0.05525080
v 0.00722751 0.00616637 0.05525079
v -0.01081332 0.00754582 0.05525072
v -0.01088261 0.00759622 0.05524443
v 0.01100071 0.00726874 0.05525080
v 0.01100072 0.00616638 0.05525080
v -0.01100229 0.00616631 0.05525072
v -0.01100229 0.00726866 0.05525072
v 0.01709824 0.03269851 0.04621781
v 0.05148562 0.00020121 0.02533619
v 0.04818479 0.00020120 0.04241953
v 0.05100682 0.00020121 0.04246364
v 0.04764303 0.00184528 0.04899586
v 0.04765563 0.00338858 0.04902106
v 0.04769342 0.00387991 0.04898957
v 0.04775641 0.00423897 0.04892657
v 0.04759264 0.00020119 0.04897067
v 0.04756745 0.00020120 0.04900846
v 0.04755486 0.00020120 0.04902106
v 0.04723359 0.00020119 0.04932972
v 0.04099740 0.00020117 0.05210133
v 0.04198007 0.00020118 0.05208874
v 0.04158322 0.00020117 0.05210133
v 0.04209344 0.00327517 0.05208874
v 0.04207456 0.00020118 0.05208243
v 0.04238947 0.01249716 0.05203835
v 0.04207453 0.00856018 0.05208874
v 0.04278635 0.00326258 0.05200685
v 0.04267298 0.00020118 0.05199425
v 0.04298794 0.00020118 0.05195016
v 0.04386982 0.00020119 0.05169190
v 0.04276114 0.00858537 0.05200685
v 0.04396430 0.00323739 0.05169819
v 0.04442415 0.00020119 0.05144623
v 0.04329655 0.01249716 0.05184308
v 0.04416584 0.01249716 0.05152812
v 0.04393908 0.00861688 0.05169819
v 0.04452491 0.00862948 0.05145253
v 0.04456901 0.00592713 0.05145253
v 0.04454383 0.00322479 0.05145253
v 0.04471391 0.00020119 0.05131395
v 0.04549501 0.00020119 0.05081631
v 0.04497843 0.01249717 0.05109348
v 0.04537528 0.01249717 0.05082892
v 0.04554537 0.00979483 0.05081631
v 0.04557687 0.00866098 0.05081631
v 0.04562727 0.00656965 0.05081002
v 0.04562728 0.00593343 0.05081002
v 0.04561469 0.00332558 0.05081003
v 0.04624462 0.00020119 0.05022420
v 0.04655958 0.00020119 0.04997223
v 0.04613118 0.01249717 0.05022420
v 0.04650914 0.01249718 0.04991555
v 0.04622567 0.01127513 0.05023050
v 0.04635797 0.00760902 0.05023050
v 0.04635799 0.00345156 0.05023050
v 0.04734696 0.00340118 0.04933602
v 0.04774381 0.00424527 0.04893917
v 0.04785090 0.00470511 0.04882579
v 0.04793909 0.00493817 0.04873130
v 0.04805877 0.00524053 0.04859901
v 0.04712646 0.01249718 0.04932971
v 0.04752331 0.01249718 0.04894547
v 0.04720835 0.01142002 0.04933602
v 0.04734695 0.00765941 0.04933602
v 0.04833593 0.00575707 0.04827147
v 0.04867608 0.00621691 0.04784312
v 0.04932490 0.00678384 0.04689195
v 0.04799575 0.01249718 0.04839744
v 0.04840520 0.01249718 0.04791871
v 0.04806505 0.01154601 0.04840375
v 0.04820994 0.00770351 0.04840375
v 0.04903514 0.00658856 0.04733918
v 0.04941309 0.00686573 0.04674707
v 0.04969026 0.00699171 0.04626833
v 0.04902884 0.00529093 0.04735179
v 0.04834855 0.00183268 0.04818957
v 0.04831076 0.00020120 0.04816437
v 0.04915480 0.01249718 0.04684156
v 0.04880835 0.01165309 0.04743997
v 0.04894694 0.00774761 0.04743998
v 0.04957686 0.00777911 0.04645101
v 0.04977844 0.00702950 0.04610455
v 0.05003671 0.00706731 0.04560063
v 0.04944459 0.00568148 0.04670926
v 0.04929341 0.00553660 0.04694864
v 0.04922412 0.00547361 0.04705572
v 0.04912963 0.00538542 0.04720060
v 0.04883357 0.00496337 0.04762895
v 0.04861310 0.00450354 0.04792500
v 0.04846822 0.00401849 0.04810139
v 0.04841783 0.00362165 0.04815807
v 0.04841153 0.00349566 0.04816437
v 0.04897217 0.00020120 0.04726989
v 0.04928084 0.00020120 0.04675967
v 0.04943197 0.01174129 0.04645730
v 0.04994850 0.01181688 0.04544944
v 0.05009340 0.00780431 0.04544944
v 0.05055325 0.00706731 0.04437229
v 0.05112023 0.01531922 0.01891734
v 0.05082416 0.01768771 0.01891733
v 0.05076117 0.01784519 0.01872835
v 0.05022575 0.01753652 0.01740554
v 0.04980999 0.01975383 0.01738033
v 0.04921787 0.02195854 0.01735514
v 0.05052182 0.01531922 0.01742443
v 0.05054071 0.01772550 0.01802914
v 0.05083677 0.01549559 0.01804804
v 0.05105094 0.01560898 0.01874096
v 0.05127772 0.01339168 0.01891734
v 0.05142261 0.01119326 0.01894883
v 0.05130286 0.00596495 0.04140537
v 0.05101940 0.00596495 0.04284159
v 0.05060364 0.00596495 0.04424630
v 0.05038947 0.00593345 0.04481952
v 0.05004301 0.00593345 0.04560063
v 0.04975325 0.00587046 0.04616754
v 0.04939421 0.00357756 0.04676596
v 0.04964618 0.00020120 0.04615494
v 0.05013752 0.00020121 0.04514707
v 0.04979732 0.01249719 0.04568880
v 0.05032016 0.01249719 0.04447937
v 0.05033275 0.01249719 0.04444157
v 0.05037055 0.01187357 0.04444157
v 0.05051545 0.00782950 0.04444157
v 0.05096270 0.00706730 0.04304317
v 0.05101309 0.00703581 0.04282269
v 0.05087456 0.01736645 0.01894883
v 0.05043361 0.01987982 0.01891733
v 0.05034542 0.02008139 0.01871576
v 0.05011865 0.01995541 0.01801025
v 0.04953282 0.02217271 0.01798505
v 0.04872652 0.02436482 0.01796616
v 0.04841156 0.02412545 0.01732993
v 0.04790762 0.02519001 0.01731733
v 0.05072970 0.01310821 0.01743703
v 0.05103835 0.01327829 0.01806064
v 0.05125253 0.01337908 0.01874726
v 0.05134702 0.01247829 0.01891733
v 0.05141631 0.01119327 0.01891733
v 0.05153600 0.00850982 0.01909372
v 0.05147924 0.00596495 0.03995027
v 0.05141625 0.00593346 0.04063059
v 0.05119578 0.00593346 0.04206049
v 0.05083671 0.00593346 0.04352820
v 0.05025089 0.00547362 0.04514708
v 0.05023830 0.00353977 0.04514708
v 0.05018792 0.00020121 0.04504000
v 0.05066035 0.00020121 0.04376126
v 0.05066031 0.01249719 0.04342740
v 0.05071701 0.01249719 0.04323843
v 0.05069811 0.01192396 0.04343371
v 0.05084301 0.00784210 0.04342741
v 0.05126506 0.00706731 0.04163845
v 0.05130285 0.00703581 0.04139277
v 0.05053439 0.01940738 0.01894883
v 0.05002416 0.02157429 0.01891733
v 0.04975959 0.02231759 0.01870315
v 0.04895329 0.02452860 0.01869056
v 0.04844304 0.02561205 0.01867795
v 0.04821628 0.02543568 0.01795355
v 0.04762416 0.02648134 0.01794725
v 0.04732179 0.02621677 0.01731103
v 0.05069192 0.01080901 0.01717246
v 0.05084939 0.01089720 0.01746222
v 0.05115175 0.01105468 0.01802285
v 0.05119585 0.01107358 0.01816773
v 0.05137221 0.01114917 0.01875986
v 0.05148561 0.00949879 0.01891734
v 0.05151081 0.00882477 0.01898033
v 0.05158634 0.00596495 0.03703376
v 0.05154224 0.00593346 0.03910618
v 0.05127767 0.00547361 0.04158176
v 0.05086822 0.00547362 0.04342111
v 0.05085562 0.00351457 0.04342111
v 0.05103197 0.01249719 0.04188411
v 0.05113906 0.01198696 0.04143687
v 0.05128396 0.00786730 0.04143687
v 0.05146034 0.00706731 0.04013295
v 0.05158004 0.00703581 0.03702115
v 0.05158639 0.00713030 0.02194094
v 0.05007455 0.02141681 0.01894883
v 0.04979108 0.02234279 0.01891733
v 0.04951392 0.02323727 0.01891733
v 0.04893438 0.02470498 0.01891733
v 0.04834226 0.02591442 0.01891733
v 0.04768714 0.02702307 0.01891732
v 0.04784462 0.02666401 0.01867795
v 0.04715801 0.02767818 0.01867165
v 0.04695014 0.02748290 0.01794095
v 0.04665408 0.02720574 0.01730473
v 0.05103208 0.00819486 0.01758821
v 0.05130294 0.00832085 0.01816773
v 0.05149191 0.00839643 0.01881024
v 0.05156120 0.00802478 0.01925119
v 0.05158640 0.00689723 0.02006378
v 0.05158010 0.00757124 0.01950316
v 0.05159270 0.00638070 0.02077559
v 0.05159270 0.00605314 0.02158819
v 0.05159264 0.00593346 0.03669989
v 0.05151075 0.00547362 0.03958492
v 0.05149815 0.00348308 0.03958492
v 0.05126508 0.00349568 0.04158175
v 0.05123355 0.01249719 0.04049200
v 0.05130914 0.01249719 0.03950932
v 0.05135324 0.01249719 0.03888571
v 0.05134694 0.01201846 0.03950933
v 0.05149814 0.00787990 0.03950933
v 0.05156113 0.00706731 0.03835028
v 0.05158634 0.00706731 0.03509991
v 0.05154859 0.00902005 0.02008268
v 0.04946352 0.02338845 0.01894883
v 0.04865722 0.02530969 0.01894882
v 0.04695013 0.02804353 0.01891732
v 0.04607454 0.02905139 0.01891732
v 0.04638320 0.02863565 0.01867165
v 0.04618163 0.02842778 0.01794724
v 0.04590447 0.02814431 0.01731103
v 0.05105728 0.00544842 0.01758821
v 0.05132814 0.00556810 0.01816773
v 0.05152341 0.00563740 0.01881025
v 0.05158641 0.00389253 0.01950316
v 0.05159269 0.00547362 0.02436612
v 0.05159265 0.00547362 0.03669989
v 0.05158005 0.00348308 0.03669990
v 0.05147927 0.00020121 0.03765107
v 0.05140997 0.00020121 0.03950933
v 0.05140368 0.00020121 0.03958492
v 0.05125249 0.00020121 0.04107153
v 0.05116430 0.00020121 0.04157545
v 0.05137844 0.01249719 0.03769516
v 0.05139734 0.01249719 0.03647313
v 0.05141624 0.01203105 0.03769517
v 0.05156743 0.00788620 0.03769517
v 0.05157374 0.00788620 0.03601959
v 0.05156119 0.00856651 0.02025906
v 0.05153599 0.00949879 0.02006379
v 0.05150450 0.01036177 0.02006379
v 0.04762415 0.02711756 0.01898031
v 0.04701312 0.02796794 0.01894882
v 0.04633911 0.02876793 0.01894881
v 0.04560210 0.02951753 0.01894881
v 0.04519265 0.02988288 0.01891732
v 0.04551391 0.02951754 0.01867794
v 0.04532494 0.02930966 0.01795354
v 0.05102580 0.00270198 0.01758822
v 0.05130296 0.00281537 0.01816773
v 0.05149823 0.00287836 0.01880396
v 0.05156122 0.00290356 0.01950317
v 0.05158010 0.00348308 0.02436612
v 0.05142254 0.01203106 0.03601959
v 0.05146670 0.01119327 0.02006378
v 0.05146670 0.01119326 0.02003859
v 0.05116432 0.01531922 0.02000708
v 0.04480840 0.03019784 0.01894881
v 0.04425407 0.03060728 0.01891731
v 0.04456274 0.03031752 0.01869054
v 0.04439266 0.03010335 0.01796614
v 0.04451247 0.00020118 0.01414883
v 0.05094392 0.00020121 0.01758821
v 0.05121478 0.00020121 0.01816773
v 0.05125258 0.00020121 0.01824332
v 0.05143525 0.00020121 0.01891734
v 0.05148564 0.00020122 0.01950316
v 0.05148562 0.00020121 0.02436612
v 0.05132808 0.01354915 0.02795035
v 0.05137217 0.01293184 0.02849208
v 0.05137847 0.01283735 0.02859916
v 0.05139737 0.01254129 0.02938026
v 0.05103834 0.01650976 0.02006378
v 0.05091235 0.01737275 0.02000708
v 0.04397061 0.03080886 0.01894881
v 0.04326510 0.03124350 0.01891731
v 0.04354226 0.03102303 0.01870313
v 0.04338479 0.03080256 0.01799133
v 0.05127769 0.01416647 0.02775506
v 0.05124619 0.01450033 0.02771098
v 0.05111390 0.01568457 0.02771098
v 0.05094382 0.01720267 0.02771097
v 0.05090602 0.01749874 0.02771098
v 0.05085563 0.01783259 0.02775506
v 0.05078003 0.01829872 0.02789366
v 0.05071074 0.01872078 0.02814562
v 0.05064774 0.01906723 0.02848577
v 0.05060995 0.01926880 0.02877554
v 0.05045250 0.02003100 0.02006378
v 0.05057219 0.01941368 0.02000708
v 0.04766824 0.02713646 0.02000707
v 0.04705721 0.02798054 0.02000707
v 0.04307612 0.03135688 0.01894880
v 0.04211865 0.03184191 0.01891730
v 0.04247141 0.03162145 0.01871573
v 0.04233283 0.03140728 0.01801652
v 0.04124307 0.03191749 0.01804801
v 0.05011864 0.02142311 0.02003858
v 0.04950761 0.02340105 0.02003858
v 0.04638320 0.02878683 0.02000707
v 0.04214385 0.03183561 0.01894880
v 0.04136275 0.03212537 0.01873462
v 0.04023520 0.03254111 0.01875982
v 0.03909504 0.03287497 0.01877871
v 0.05056585 0.01950187 0.02971411
v 0.05042723 0.01950187 0.04018334
v 0.05047133 0.01950187 0.03951562
v 0.05053432 0.01950187 0.03848256
v 0.05056583 0.01950187 0.03555974
v 0.04993588 0.01950187 0.04296756
v 0.05022565 0.01950187 0.04163844
v 0.05025715 0.01950187 0.04144317
v 0.05025715 0.02056013 0.03951562
v 0.05032015 0.02058532 0.03769516
v 0.05033275 0.02058532 0.03601958
v 0.04969029 0.02288452 0.02006378
v 0.04873910 0.02525301 0.02006378
v 0.04870130 0.02532229 0.02006377
v 0.04750446 0.02738842 0.02006377
v 0.04615013 0.02905139 0.02006377
v 0.04564619 0.02953643 0.02000707
v 0.04118637 0.03224506 0.01894879
v 0.04093441 0.03233325 0.01891730
v 0.03957378 0.03277418 0.01891729
v 0.03797379 0.03315213 0.01891729
v 0.03624152 0.03343559 0.01891728
v 0.04951384 0.01950186 0.04429669
v 0.04961462 0.02033335 0.04344001
v 0.05004927 0.02048454 0.04144317
v 0.04965242 0.02199004 0.04144317
v 0.04986030 0.02207192 0.03951562
v 0.04992330 0.02209713 0.03769516
v 0.04992960 0.02209713 0.03601958
v 0.04945086 0.02355853 0.03601958
v 0.04887762 0.02495695 0.03601958
v 0.04819731 0.02627977 0.03601957
v 0.04740361 0.02752700 0.03601957
v 0.04649022 0.02867975 0.03601957
v 0.04443044 0.03055059 0.02006376
v 0.04485249 0.03021673 0.02000706
v 0.03921473 0.03287497 0.01894879
v 0.03718640 0.03330330 0.01894878
v 0.03512027 0.03356787 0.01894877
v 0.04929336 0.02021996 0.04445417
v 0.04922406 0.02181996 0.04344630
v 0.04875162 0.02325617 0.04344630
v 0.04917368 0.02343884 0.04144947
v 0.04938156 0.02352703 0.03951562
v 0.04944456 0.02355223 0.03769516
v 0.04887132 0.02495065 0.03769516
v 0.04819100 0.02627977 0.03769516
v 0.04739730 0.02752700 0.03769515
v 0.04648392 0.02867974 0.03769515
v 0.04544455 0.02972540 0.03769514
v 0.04545086 0.02973170 0.03601956
v 0.04428551 0.03065768 0.03601956
v 0.04401470 0.03083405 0.02000706
v 0.03609054 0.00020116 -0.00149834
v 0.04900990 0.01950186 0.04546204
v 0.04887761 0.02007508 0.04546833
v 0.04890281 0.02169398 0.04446047
v 0.04843036 0.02311759 0.04446047
v 0.04786974 0.02447190 0.04446677
v 0.04818470 0.02462308 0.04345260
v 0.04860674 0.02482465 0.04144947
v 0.04880832 0.02491915 0.03951562
v 0.04812800 0.02624197 0.03951561
v 0.04733430 0.02748921 0.03951561
v 0.04642092 0.02864195 0.03951560
v 0.04538155 0.02968761 0.03950930
v 0.04421621 0.03061358 0.03950930
v 0.04427920 0.03065138 0.03769514
v 0.04300047 0.03145137 0.03768884
v 0.04300677 0.03145136 0.03601956
v 0.04249660 0.03172223 0.02006375
v 0.04312652 0.03137578 0.02000705
v 0.03586379 0.00322476 -0.00990143
v 0.03592049 0.00020116 -0.01005891
v 0.03570003 0.00020116 -0.01028568
v 0.03576932 0.00020116 -0.01023529
v 0.03587640 0.00020116 -0.01010930
v 0.04779415 0.01950186 0.04745257
v 0.04840518 0.01950186 0.04656438
v 0.04836738 0.01989870 0.04646990
v 0.04849336 0.02153649 0.04547463
v 0.04802722 0.02294120 0.04547463
v 0.04746659 0.02428292 0.04548093
v 0.04720831 0.02576323 0.04446677
v 0.04751698 0.02592701 0.04345260
v 0.04792643 0.02614119 0.04144947
v 0.04713902 0.02738212 0.04144946
v 0.04623194 0.02852857 0.04144316
v 0.04519257 0.02956793 0.04143685
v 0.04403982 0.03048760 0.04143055
v 0.04277368 0.03128129 0.04141795
v 0.04294377 0.03140727 0.03950300
v 0.04157054 0.03206869 0.03949669
v 0.04010284 0.03260411 0.03949038
v 0.04162095 0.03211277 0.03768884
v 0.04162725 0.03211907 0.03601955
v 0.04218793 0.03186081 0.02000705
v 0.03544804 0.00633655 -0.00990144
v 0.03532206 0.00631135 -0.01011561
v 0.03573781 0.00321846 -0.01011561
v 0.03556143 0.00319956 -0.01028568
v 0.03556775 0.00020116 -0.01038017
v 0.03549215 0.00020116 -0.01041167
v 0.03533468 0.00020116 -0.01046836
v 0.03525909 0.00020116 -0.01048096
v 0.03509531 0.00020116 -0.01049986
v 0.03394886 0.00020115 -0.01049986
v 0.03394885 0.00139799 -0.01049987
v 0.04769337 0.01950186 0.04759745
v 0.04775636 0.01968453 0.04745887
v 0.04798313 0.02134121 0.04647619
v 0.04752328 0.02272703 0.04648250
v 0.04697525 0.02404985 0.04648249
v 0.04632642 0.02530969 0.04648249
v 0.04681146 0.02556166 0.04548093
v 0.04643351 0.02697897 0.04446046
v 0.04673587 0.02714905 0.04344629
v 0.04583508 0.02828289 0.04343999
v 0.04481461 0.02931595 0.04343369
v 0.04367446 0.03022303 0.04341479
v 0.04242092 0.03101042 0.04339588
v 0.04106660 0.03166553 0.04337698
v 0.04140046 0.03194269 0.04140534
v 0.03994535 0.03247183 0.04139273
v 0.03840205 0.03289386 0.04138014
v 0.03855324 0.03302614 0.03949038
v 0.04015953 0.03264820 0.03768883
v 0.04015954 0.03265451 0.03601954
v 0.04032338 0.03260411 0.02006374
v 0.04122416 0.03227026 0.02000705
v 0.03463544 0.00936645 -0.01011561
v 0.03447166 0.00931605 -0.01028569
v 0.03515198 0.00628615 -0.01028569
v 0.03494410 0.00624836 -0.01041797
v 0.03535356 0.00318067 -0.01041797
v 0.03512049 0.00316177 -0.01048726
v 0.03495042 0.00314287 -0.01049986
v 0.04737841 0.02110184 0.04746516
v 0.04691856 0.02246876 0.04747146
v 0.04637682 0.02376639 0.04747147
v 0.04574060 0.02500103 0.04747147
v 0.04431698 0.02577581 0.04842893
v 0.04504769 0.02464197 0.04843522
v 0.04499729 0.02616007 0.04747146
v 0.04557052 0.02648763 0.04648249
v 0.04604296 0.02675850 0.04547462
v 0.04516107 0.02786715 0.04546832
v 0.04553902 0.02810021 0.04445415
v 0.04452485 0.02912068 0.04444155
v 0.04339730 0.03002776 0.04442264
v 0.04215006 0.03080885 0.04440375
v 0.04080833 0.03146395 0.04437855
v 0.03937842 0.03199308 0.04435334
v 0.03961779 0.03220096 0.04335808
v 0.03809339 0.03261670 0.04333918
v 0.03645561 0.03293165 0.04332027
v 0.03675167 0.03320252 0.04137383
v 0.03689656 0.03334110 0.03948408
v 0.03860364 0.03307024 0.03768882
v 0.03860995 0.03307024 0.03601954
v 0.03782260 0.03323402 0.02006373
v 0.03925252 0.03291276 0.02003854
v 0.03369054 0.01234595 -0.01011561
v 0.03352677 0.01228296 -0.01028569
v 0.03333149 0.01220737 -0.01041797
v 0.03426378 0.00926566 -0.01041797
v 0.03403702 0.00920267 -0.01048726
v 0.03471104 0.00620426 -0.01048726
v 0.03454726 0.00617277 -0.01049986
v 0.03260712 0.00306727 -0.01049987
v 0.04609337 0.01950185 0.04934861
v 0.04686187 0.01950185 0.04859272
v 0.04665399 0.02082468 0.04842894
v 0.04620675 0.02216010 0.04842894
v 0.04567131 0.02343253 0.04843523
v 0.04485872 0.02304828 0.04936121
v 0.04424139 0.02422622 0.04936121
v 0.04352958 0.02532858 0.04936121
v 0.04271698 0.02635534 0.04935490
v 0.04347919 0.02682778 0.04842263
v 0.04414060 0.02723723 0.04745885
v 0.04470123 0.02758368 0.04646989
v 0.04371855 0.02857895 0.04645729
v 0.04416580 0.02888130 0.04545572
v 0.04304454 0.02977579 0.04543051
v 0.04181620 0.03055058 0.04540531
v 0.04048707 0.03119939 0.04538011
v 0.03906976 0.03172852 0.04534861
v 0.03757055 0.03214426 0.04532341
v 0.03786031 0.03240882 0.04432814
v 0.03623512 0.03272377 0.04430923
v 0.03445876 0.03294424 0.04429034
v 0.03466664 0.03315842 0.04330767
v 0.03494381 0.03342928 0.04136122
v 0.03508239 0.03356156 0.03947777
v 0.03694695 0.03338519 0.03768881
v 0.03694696 0.03338520 0.03601953
v 0.03721789 0.03333481 0.02000703
v 0.03104487 0.01799630 -0.01011562
v 0.03249369 0.01523097 -0.01011562
v 0.03232992 0.01515538 -0.01028570
v 0.03214094 0.01506719 -0.01041798
v 0.03192677 0.01496640 -0.01048727
v 0.03311102 0.01213178 -0.01048726
v 0.03295355 0.01206879 -0.01049987
v 0.03387953 0.00915858 -0.01049987
v 0.04589809 0.01950185 0.04953129
v 0.04582250 0.02049712 0.04935491
v 0.04538155 0.02180104 0.04936122
v 0.04443037 0.02139160 0.05024939
v 0.04392014 0.02260104 0.05025569
v 0.04332171 0.02374748 0.05025569
v 0.04262880 0.02481834 0.05024939
v 0.04183510 0.02581360 0.05024308
v 0.04093431 0.02672068 0.05023048
v 0.04179100 0.02728761 0.04933601
v 0.04253431 0.02778525 0.04840373
v 0.04317682 0.02821359 0.04744626
v 0.04209336 0.02908917 0.04742106
v 0.04261620 0.02946713 0.04643208
v 0.04140675 0.03022932 0.04640688
v 0.04009653 0.03087813 0.04637538
v 0.03869181 0.03140096 0.04634388
v 0.03721150 0.03181040 0.04631238
v 0.03561781 0.03212535 0.04628088
v 0.03595796 0.03245291 0.04529821
v 0.03419419 0.03267967 0.04527301
v 0.03218475 0.03283715 0.04526040
v 0.02975958 0.03293163 0.04524780
v 0.03243043 0.03310172 0.04427773
v 0.03262571 0.03330958 0.04329506
v 0.03288398 0.03358675 0.04135493
v 0.03301626 0.03371903 0.03947776
v 0.03512649 0.03360566 0.03768881
v 0.03513280 0.03361195 0.03601952
v 0.03472971 0.03364975 0.02006372
v 0.03515806 0.03359936 0.02000703
v 0.02935669 0.02062934 -0.01011563
v 0.02921811 0.02052856 -0.01028571
v 0.03089369 0.01790811 -0.01028570
v 0.03071102 0.01780733 -0.01041798
v 0.03050315 0.01768764 -0.01048727
v 0.03035827 0.01760575 -0.01049988
v 0.03177559 0.01489081 -0.01049987
v 0.04503510 0.01950184 0.05024310
v 0.04486502 0.02012546 0.05024939
v 0.04398944 0.01993649 0.05091709
v 0.04346660 0.02133490 0.05093599
v 0.04309495 0.02214120 0.05094229
v 0.04287448 0.02260733 0.05094229
v 0.04247763 0.02330653 0.05094229
v 0.04218786 0.02382307 0.05093599
v 0.04217526 0.02384197 0.05093599
v 0.04182251 0.02435850 0.05092339
v 0.04142565 0.02493172 0.05091079
v 0.04097211 0.02549235 0.05087930
v 0.04066975 0.02586399 0.05085411
v 0.04027290 0.02627974 0.05081630
v 0.03993274 0.02753327 0.05021158
v 0.04075794 0.02812540 0.04931709
v 0.04147604 0.02864193 0.04838482
v 0.04031069 0.02938523 0.04835332
v 0.04090281 0.02984507 0.04738955
v 0.03961779 0.03048128 0.04735805
v 0.03823826 0.03100411 0.04732655
v 0.03677685 0.03141355 0.04728875
v 0.03520206 0.03172220 0.04725725
v 0.03348238 0.03194897 0.04723204
v 0.03387294 0.03235211 0.04625568
v 0.03187610 0.03250329 0.04623677
v 0.02948241 0.03260407 0.04622416
v 0.02645252 0.03266074 0.04621785
v 0.02670448 0.03298831 0.04524148
v 0.02999265 0.03319619 0.04426513
v 0.03016903 0.03340407 0.04328876
v 0.03041471 0.03368123 0.04134861
v 0.03053440 0.03381351 0.03947146
v 0.03306036 0.03376313 0.03768880
v 0.03306667 0.03376942 0.03601951
v -0.03604776 0.03348572 0.01895481
v 0.02533780 0.02541041 -0.01011564
v 0.02745433 0.02311122 -0.01011564
v 0.02731575 0.02299783 -0.01028571
v 0.02715827 0.02285925 -0.01041800
v 0.02904173 0.02040887 -0.01041799
v 0.02885275 0.02027659 -0.01048728
v 0.02871417 0.02017580 -0.01049988
v 0.02922442 0.01477742 -0.01049988
v 0.04481463 0.01950184 0.05041947
v 0.04412802 0.01950184 0.05091080
v 0.04340991 0.02037113 0.05118167
v 0.04274219 0.02197742 0.05119426
v 0.04184771 0.02360260 0.05119425
v 0.04068235 0.02522147 0.05115016
v 0.03998944 0.02600257 0.05109976
v 0.03975637 0.02682146 0.05075961
v 0.03939101 0.02714272 0.05070921
v 0.03874850 0.02770964 0.05061472
v 0.03860991 0.02781043 0.05059582
v 0.03882409 0.02823877 0.05018637
v 0.03962408 0.02884979 0.04929190
v 0.03838944 0.02946711 0.04926039
v 0.03905085 0.03001514 0.04832182
v 0.03769653 0.03052538 0.04829032
v 0.03626032 0.03093482 0.04825251
v 0.03471702 0.03124976 0.04822102
v 0.03301624 0.03147022 0.04818952
v 0.03108240 0.03162770 0.04816431
v 0.03151074 0.03210644 0.04720684
v 0.02914856 0.03220092 0.04719423
v 0.02615016 0.03225760 0.04718793
v 0.01690297 0.03229536 0.04718790
v -0.00001031 0.03230161 0.04718153
v -0.01692358 0.03230785 0.04716258
v -0.01711885 0.03270469 0.04618620
v 0.01726203 0.03302607 0.04523515
v 0.02690606 0.03325287 0.04425881
v 0.02706984 0.03346075 0.04328244
v 0.02728402 0.03373791 0.04134860
v 0.02739111 0.03387019 0.03947144
v -0.03815168 0.03313926 0.01895480
v -0.03781153 0.03320225 0.01892331
v 0.02310788 0.02761510 -0.00990148
v 0.02303229 0.02752062 -0.01011565
v 0.02291890 0.02738833 -0.01028573
v 0.02521181 0.02528442 -0.01028572
v 0.02506693 0.02513954 -0.01041800
v 0.02489686 0.02496946 -0.01048729
v 0.02697559 0.02270806 -0.01048729
v 0.02684961 0.02260098 -0.01049989
v 0.04330912 0.01950184 0.05137693
v 0.04298787 0.02022625 0.05142103
v 0.04233904 0.02179473 0.05143363
v 0.04148235 0.02336323 0.05142732
v 0.04035479 0.02491282 0.05139582
v 0.03968708 0.02565612 0.05135802
v 0.03895637 0.02636162 0.05130133
v 0.03922723 0.02674588 0.05102417
v 0.03840204 0.02743878 0.05092338
v 0.03772173 0.02845924 0.05044464
v 0.03762094 0.02884349 0.05016117
v 0.03633591 0.02933482 0.05012967
v 0.03706661 0.02997734 0.04922260
v 0.03565560 0.03037418 0.04919110
v 0.03414380 0.03068283 0.04915329
v 0.03247452 0.03090960 0.04912810
v 0.03057217 0.03106708 0.04910289
v 0.02827927 0.03116155 0.04909027
v 0.02874541 0.03172848 0.04815171
v 0.02579110 0.03177886 0.04814540
v 0.01666990 0.03181662 0.04813907
v -0.01669051 0.03182911 0.04812633
v -0.02581171 0.03179128 0.04812630
v -0.02617076 0.03227001 0.04716254
v -0.02647312 0.03266687 0.04619246
v -0.02672508 0.03300072 0.04520349
v -0.01728263 0.03303854 0.04520353
v -0.00001030 0.03306380 0.04512170
v 0.01749510 0.03349851 0.04328240
v 0.01763999 0.03377567 0.04134856
v 0.01770929 0.03390796 0.03947141
v -0.04021151 0.03260382 0.01895479
v -0.03939892 0.03283690 0.01892331
v -0.03903987 0.03293138 0.01889811
v -0.03890128 0.03284319 0.01831858
v 0.02061970 0.02952375 -0.00990149
v 0.02055041 0.02941666 -0.01011566
v 0.02044963 0.02927808 -0.01028574
v 0.02032994 0.02910169 -0.01041802
v 0.02278032 0.02722455 -0.01041801
v 0.02262915 0.02704188 -0.01048730
v 0.02252206 0.02691589 -0.01049990
v 0.02477717 0.02484977 -0.01049989
v 0.04323354 0.01950184 0.05140843
v 0.04243354 0.01950184 0.05173598
v 0.04274220 0.01950184 0.05160999
v 0.04255322 0.02007506 0.05162890
v 0.04192330 0.02159946 0.05163520
v 0.04109180 0.02311126 0.05163520
v 0.04001464 0.02458526 0.05160998
v 0.03937212 0.02529076 0.05158479
v 0.03867291 0.02595848 0.05154700
v 0.03791700 0.02656949 0.05149660
v 0.03816897 0.02701673 0.05122574
v 0.03733748 0.02760255 0.05113754
v 0.03754535 0.02805609 0.05080369
v 0.03740047 0.02865452 0.05038795
v 0.03665087 0.02910805 0.05024936
v 0.03590127 0.02947341 0.05011077
v 0.03556111 0.02963718 0.05004149
v 0.03506977 0.02982616 0.04995959
v 0.03432647 0.03010961 0.04982731
v 0.03412490 0.03016630 0.04979581
v 0.03295955 0.03048756 0.04961944
v 0.03243672 0.03058834 0.04955643
v 0.03159893 0.03074582 0.04945565
v 0.03011233 0.03092219 0.04934226
v 0.02933753 0.03097888 0.04930445
v 0.02834226 0.03104817 0.04926036
v 0.02589189 0.03113005 0.04920366
v 0.02502890 0.03114265 0.04919736
v 0.02531236 0.03113634 0.04920365
v 0.02536905 0.03121824 0.04907767
v 0.01639903 0.03125600 0.04907765
v -0.01641965 0.03126218 0.04906492
v -0.02538967 0.03122436 0.04907119
v -0.02829988 0.03117395 0.04907748
v -0.02876602 0.03173458 0.04813259
v -0.02916916 0.03221331 0.04717511
v -0.02950932 0.03261646 0.04619874
v -0.02978648 0.03294402 0.04520978
v -0.03001325 0.03320858 0.04422711
v -0.02709043 0.03346686 0.04323815
v -0.01751569 0.03350468 0.04323188
v -0.00001029 0.03357404 0.04285399
v -0.00001028 0.03389530 0.03983040
v -0.04078473 0.03240225 0.01892330
v -0.04018001 0.03259752 0.01886660
v -0.04003513 0.03250303 0.01826819
v 0.01797404 0.03120562 -0.00990150
v 0.01791105 0.03109853 -0.01011567
v 0.01782286 0.03094735 -0.01028575
v 0.01771578 0.03076467 -0.01041803
v 0.01760240 0.03055680 -0.01048732
v 0.02019136 0.02891272 -0.01048731
v 0.02009687 0.02877414 -0.01049991
v 0.04171544 0.01950183 0.05192496
v 0.04209338 0.01992388 0.05179897
v 0.04148866 0.02139789 0.05180528
v 0.04068866 0.02285299 0.05180527
v 0.03965559 0.02425140 0.05178637
v 0.03904457 0.02491281 0.05177376
v 0.03837685 0.02553013 0.05174857
v 0.03765244 0.02609705 0.05171077
v 0.03689654 0.02660098 0.05167298
v 0.03712331 0.02711122 0.05142731
v 0.03631072 0.02758365 0.05135801
v 0.03649339 0.02810649 0.05103675
v 0.03666347 0.02859152 0.05067141
v 0.03578158 0.02904506 0.05053282
v 0.03404931 0.02971907 0.05028084
v 0.03239263 0.03014110 0.05008557
v 0.03082413 0.03038676 0.04995958
v 0.02932493 0.03052534 0.04988398
v 0.02786982 0.03060723 0.04983988
v 0.02502260 0.03068910 0.04979578
v 0.02221946 0.03117413 0.04917845
v 0.02083365 0.03118672 0.04917214
v 0.01637383 0.03119301 0.04917213
v -0.00001031 0.03119925 0.04916577
v -0.00352525 0.03119924 0.04916576
v -0.01638815 0.03119290 0.04917201
v -0.02051411 0.03118658 0.04917199
v -0.02224008 0.03117397 0.04917828
v -0.02544636 0.03114247 0.04919718
v -0.02833138 0.03104797 0.04926014
v -0.03183372 0.03070780 0.04948061
v -0.03059278 0.03107316 0.04909006
v -0.03040381 0.03089678 0.04936094
v -0.03110301 0.03164008 0.04815149
v -0.03153765 0.03211882 0.04718771
v -0.03190300 0.03251567 0.04621134
v -0.03220536 0.03284322 0.04522237
v -0.03245103 0.03310779 0.04423340
v -0.03264630 0.03331566 0.04324444
v -0.03018962 0.03341645 0.04323814
v -0.02730459 0.03374402 0.04129170
v -0.01765426 0.03378184 0.04129174
v -0.01772355 0.03390783 0.03940829
v -0.04314692 0.03133138 0.01894848
v -0.04218945 0.03182272 0.01891699
v -0.04212645 0.03185422 0.01891699
v -0.04131386 0.03218808 0.01884140
v -0.04115638 0.03208730 0.01821779
v -0.00205108 0.03596772 0.00184638
v -0.00026212 0.03600552 0.00184639
v 0.01518981 0.03265441 -0.00990151
v 0.01513941 0.03253473 -0.01011568
v 0.01506382 0.03237725 -0.01028576
v 0.01497564 0.03218827 -0.01041804
v 0.01487485 0.03197410 -0.01048733
v 0.01480556 0.03182292 -0.01049993
v 0.01751421 0.03041192 -0.01049992
v 0.04152016 0.01950184 0.05197536
v 0.04115481 0.01960262 0.05202575
v 0.04162724 0.01976010 0.05193125
v 0.04104772 0.02119001 0.05193755
v 0.04027921 0.02258842 0.05193755
v 0.03929024 0.02391125 0.05192496
v 0.03871071 0.02452856 0.05191865
v 0.03806819 0.02509549 0.05190605
v 0.03738158 0.02561831 0.05188715
v 0.03665717 0.02607185 0.05186195
v 0.03515167 0.02678995 0.05181156
v 0.03532804 0.02740098 0.05158478
v 0.03548552 0.02798679 0.05128872
v 0.03564300 0.02853482 0.05093597
v 0.03395482 0.02917734 0.05074698
v 0.03233594 0.02958678 0.05059580
v 0.03078634 0.02982613 0.05050131
v 0.02929974 0.02996471 0.05044461
v 0.02785722 0.03004660 0.05040681
v 0.02501630 0.03012218 0.05037530
v 0.02221946 0.03015367 0.05036899
v 0.02221946 0.03072059 0.04978316
v 0.01109513 0.03074575 0.04977053
v -0.01110945 0.03074567 0.04977044
v -0.02223378 0.03072043 0.04978300
v -0.02503691 0.03068893 0.04979559
v -0.02788414 0.03060702 0.04983967
v -0.02933925 0.03052514 0.04988376
v -0.03083845 0.03038655 0.04995934
v -0.03240694 0.03014088 0.05008534
v -0.03222427 0.03063222 0.04953100
v -0.03413921 0.03015976 0.04979556
v -0.03406362 0.02971883 0.05028059
v -0.03326363 0.03041803 0.04965698
v -0.03250143 0.03091568 0.04911525
v -0.03304315 0.03148259 0.04817038
v -0.03350929 0.03196133 0.04720660
v -0.03389984 0.03236448 0.04623023
v -0.03422110 0.03269204 0.04524126
v -0.03447936 0.03295660 0.04424599
v -0.03468723 0.03316447 0.04325701
v -0.03290456 0.03359282 0.04129798
v -0.03043528 0.03368731 0.04129169
v -0.02741167 0.03387000 0.03940825
v -0.04406029 0.03076446 0.01894848
v -0.04351857 0.03110461 0.01891699
v -0.04337999 0.03119280 0.01891699
v -0.04242251 0.03169044 0.01880990
v -0.04225243 0.03157705 0.01816739
v -0.00184950 0.03603071 0.00017710
v -0.00007314 0.03607481 0.00017711
v 0.00170323 0.03603072 0.00017082
v 0.00625127 0.03555200 -0.00949840
v 0.00931897 0.03485911 -0.00966846
v 0.01231738 0.03391424 -0.00966845
v 0.01229218 0.03385125 -0.00990152
v 0.01224809 0.03373156 -0.01011569
v 0.01219140 0.03356778 -0.01028577
v 0.01211581 0.03336620 -0.01041805
v 0.01203392 0.03314574 -0.01048734
v 0.01197723 0.03298826 -0.01049994
v 0.04059418 0.02098214 0.05202574
v 0.03986347 0.02231756 0.05202574
v 0.03892489 0.02356479 0.05202574
v 0.03775953 0.02465454 0.05201314
v 0.03617214 0.02498210 0.05207611
v 0.03641781 0.02553012 0.05199423
v 0.03498159 0.02616003 0.05197533
v 0.03351389 0.02658838 0.05195643
v 0.03363356 0.02728128 0.05176115
v 0.03374695 0.02794900 0.05149658
v 0.03385403 0.02858521 0.05115643
v 0.03227294 0.02896945 0.05104934
v 0.03074855 0.02919622 0.05098004
v 0.02783833 0.02940408 0.05091704
v 0.02501000 0.02947966 0.05089183
v 0.02221317 0.02951115 0.05088552
v 0.01109513 0.03017883 0.05035635
v -0.01110945 0.03017874 0.05035628
v -0.02223378 0.03015351 0.05036883
v -0.02503062 0.03012201 0.05037511
v -0.02787154 0.03004640 0.05040660
v -0.02932035 0.02996451 0.05044439
v -0.03080065 0.02982592 0.05050108
v -0.03235025 0.02958655 0.05059556
v -0.03396913 0.02917710 0.05074673
v -0.03565731 0.02853457 0.05093571
v -0.03690455 0.02896921 0.05029319
v -0.03667777 0.02859127 0.05067114
v -0.03682895 0.02901331 0.05028058
v -0.03579589 0.02904481 0.05053256
v -0.03650770 0.02810623 0.05103649
v -0.03577070 0.02954873 0.05007902
v -0.03508409 0.02982591 0.04995933
v -0.03454866 0.03004008 0.04985856
v -0.03416441 0.03069519 0.04914674
v -0.03473763 0.03125582 0.04820186
v -0.03522896 0.03173456 0.04723809
v -0.03564471 0.03213770 0.04625542
v -0.03598486 0.03246526 0.04526015
v -0.03626203 0.03272982 0.04426488
v -0.03648249 0.03293769 0.04327592
v -0.03496439 0.03343533 0.04130428
v -0.03303054 0.03371880 0.03940823
v -0.03054866 0.03381960 0.03940824
v -0.04491698 0.03012823 0.01894848
v -0.04439415 0.03052509 0.01891699
v -0.04349337 0.03109201 0.01877841
v -0.04331699 0.03097233 0.01811698
v -0.04303982 0.03080856 0.01750598
v -0.00001014 0.03610000 -0.00149847
v 0.00625127 0.03553941 -0.00966847
v 0.00623867 0.03547011 -0.00990155
v 0.00930007 0.03478981 -0.00990153
v 0.00926858 0.03467013 -0.01011570
v 0.00922449 0.03450005 -0.01028578
v 0.00916779 0.03429848 -0.01041806
v 0.00910480 0.03407171 -0.01048735
v 0.00906071 0.03390792 -0.01049995
v 0.04014693 0.02076796 0.05208243
v 0.03944772 0.02204669 0.05208243
v 0.03854693 0.02321204 0.05208243
v 0.03744458 0.02420730 0.05208242
v 0.03480522 0.02553011 0.05206982
v 0.03205248 0.02685924 0.05193751
v 0.03212806 0.02758993 0.05172964
v 0.03220365 0.02830175 0.05142728
v 0.03070445 0.02850961 0.05138318
v 0.02781943 0.02870487 0.05134539
v 0.02221317 0.02880564 0.05132646
v -0.00001031 0.02953627 0.05087915
v -0.02222748 0.02951099 0.05088536
v -0.02502432 0.02947949 0.05089164
v -0.02785264 0.02940388 0.05091683
v -0.03076286 0.02919601 0.05097981
v -0.03228725 0.02896923 0.05104911
v -0.03386835 0.02858497 0.05115618
v -0.03550613 0.02798654 0.05128846
v -0.03632502 0.02758339 0.05135774
v -0.03713761 0.02711096 0.05142703
v -0.03735178 0.02760229 0.05113727
v -0.03755966 0.02805584 0.05080341
v -0.03804469 0.02825111 0.05050106
v -0.03841634 0.02743851 0.05092310
v -0.03905886 0.02746371 0.05066483
v -0.03924153 0.02674560 0.05102389
v -0.04000373 0.02600229 0.05109947
v -0.04001003 0.02658182 0.05079081
v -0.04097380 0.02552986 0.05087900
v -0.04070293 0.02522119 0.05114985
v -0.04186827 0.02360230 0.05119395
v -0.04174859 0.02451569 0.05092309
v -0.04247929 0.02336293 0.05094198
v -0.04264937 0.02482434 0.05024907
v -0.04185568 0.02581961 0.05023647
v -0.04095491 0.02672669 0.05022388
v -0.03995334 0.02753300 0.05020498
v -0.03884469 0.02824481 0.05017979
v -0.03764155 0.02884323 0.05015460
v -0.03635652 0.02934087 0.05012311
v -0.03591558 0.02947945 0.05011051
v -0.03567621 0.03038653 0.04917823
v -0.03628723 0.03094716 0.04823336
v -0.03680376 0.03142589 0.04726958
v -0.03723840 0.03182274 0.04628061
v -0.03759745 0.03215029 0.04528534
v -0.03788721 0.03241486 0.04429008
v -0.03811398 0.03262273 0.04328850
v -0.03677225 0.03320856 0.04131056
v -0.03510296 0.03356762 0.03941453
v -0.03307462 0.03376289 0.03761297
v -0.04571697 0.02942902 0.01894847
v -0.04532642 0.02978178 0.01891699
v -0.04452013 0.03039280 0.01875320
v -0.04431856 0.03026682 0.01807289
v -0.04402879 0.03009674 0.01745558
v -0.00626518 0.03555195 -0.00949844
v -0.00314709 0.03596141 -0.00949843
v -0.00001011 0.03610001 -0.00949842
v 0.00313318 0.03596144 -0.00949841
v 0.00313318 0.03594884 -0.00966848
v 0.00312688 0.03587955 -0.00990155
v 0.00311428 0.03575356 -0.01011573
v 0.00621348 0.03534413 -0.01011571
v 0.00618198 0.03517406 -0.01028579
v 0.00615049 0.03496618 -0.01041807
v 0.00610639 0.03473311 -0.01048736
v 0.00607490 0.03456933 -0.01049996
v 0.04056269 0.01950183 0.05208873
v 0.03061627 0.02701671 0.05193121
v 0.03066036 0.02777890 0.05170444
v 0.02780684 0.02795527 0.05167924
v 0.02220687 0.02804344 0.05166662
v -0.00001031 0.02882447 0.05132009
v -0.02222748 0.02880549 0.05132630
v -0.02784004 0.02870468 0.05134519
v -0.03072506 0.02850940 0.05138296
v -0.03221796 0.02830152 0.05142705
v -0.03376126 0.02794876 0.05149633
v -0.03534235 0.02740073 0.05158452
v -0.03691084 0.02660072 0.05167271
v -0.03766674 0.02609679 0.05171050
v -0.03793131 0.02656922 0.05149631
v -0.03818327 0.02701647 0.05122546
v -0.03897067 0.02636135 0.05130104
v -0.03970137 0.02565584 0.05135773
v -0.04036908 0.02491253 0.05139553
v -0.04149662 0.02336294 0.05142702
v -0.04235330 0.02179444 0.05143332
v -0.04256747 0.02007476 0.05162858
v -0.04300841 0.02022594 0.05142071
v -0.04275645 0.02197711 0.05119394
v -0.04310290 0.02217868 0.05094197
v -0.04334227 0.02374718 0.05024907
v -0.04355645 0.02533457 0.04934828
v -0.04273756 0.02636134 0.04934199
v -0.04181789 0.02729361 0.04932939
v -0.04078482 0.02813141 0.04930420
v -0.03964468 0.02885582 0.04927901
v -0.03841005 0.02947314 0.04924752
v -0.03708722 0.02998338 0.04920972
v -0.03772343 0.03053770 0.04827115
v -0.03826516 0.03101014 0.04730107
v -0.03872500 0.03141329 0.04631209
v -0.03909665 0.03174084 0.04531683
v -0.03940531 0.03199910 0.04430896
v -0.03964467 0.03220697 0.04330740
v -0.03842263 0.03289989 0.04132316
v -0.03691082 0.03334083 0.03941452
v -0.03514705 0.03361171 0.03761296
v -0.03308091 0.03376919 0.03594368
v -0.03351550 0.03374400 0.02006347
v -0.04646657 0.02864792 0.01894847
v -0.04613272 0.02900698 0.01891698
v -0.04547130 0.02959910 0.01872800
v -0.04525713 0.02947312 0.01803510
v -0.04494847 0.02930304 0.01741148
v -0.00933287 0.03485904 -0.00966853
v -0.00626518 0.03553936 -0.00966852
v -0.00314709 0.03594881 -0.00966850
v -0.00001011 0.03608741 -0.00966849
v -0.00001011 0.03601812 -0.00990157
v -0.00001011 0.03588583 -0.01011574
v -0.00001011 0.03571576 -0.01028581
v 0.00310169 0.03557719 -0.01028580
v 0.00308279 0.03536931 -0.01041809
v 0.00306389 0.03513625 -0.01048738
v 0.00304500 0.03496617 -0.01049998
v 0.02778794 0.02717418 0.05191861
v 0.02220687 0.02725605 0.05191229
v -0.00001031 0.02806227 0.05166655
v -0.02222118 0.02804329 0.05166646
v -0.02782114 0.02795508 0.05167903
v -0.03067467 0.02777869 0.05170421
v -0.03214237 0.02758971 0.05172940
v -0.03364788 0.02728105 0.05176090
v -0.03517227 0.02678970 0.05181130
v -0.03667147 0.02607160 0.05186168
v -0.03739587 0.02561805 0.05188688
v -0.03808248 0.02509522 0.05190577
v -0.03839114 0.02552986 0.05174829
v -0.03868720 0.02595821 0.05154672
v -0.03938641 0.02529049 0.05158450
v -0.04002892 0.02458498 0.05160969
v -0.04110607 0.02311097 0.05163489
v -0.04193756 0.02159917 0.05163489
v -0.04211393 0.01992359 0.05179866
v -0.04300841 0.01950154 0.05152150
v -0.04324777 0.01950154 0.05140181
v -0.04414225 0.01950153 0.05091048
v -0.04385249 0.01950154 0.05109315
v -0.04342415 0.02037083 0.05118135
v -0.04361943 0.02099444 0.05092938
v -0.04394069 0.02260073 0.05024907
v -0.04426825 0.02423221 0.04935458
v -0.04434385 0.02578181 0.04841601
v -0.04351236 0.02683377 0.04840341
v -0.04256119 0.02779755 0.04839080
v -0.04150293 0.02864794 0.04836561
v -0.04033759 0.02939754 0.04834043
v -0.03907776 0.03002117 0.04830264
v -0.03964468 0.03049361 0.04733886
v -0.04012341 0.03088415 0.04634359
v -0.04052026 0.03121171 0.04534202
v -0.04083522 0.03146998 0.04433415
v -0.04108718 0.03167785 0.04333259
v -0.03996593 0.03247784 0.04133574
v -0.03856750 0.03302587 0.03942080
v -0.03696121 0.03338493 0.03761295
v -0.03572021 0.03355501 0.02006347
v -0.03503360 0.03362431 0.02003827
v -0.04714688 0.02781643 0.01894847
v -0.04689492 0.02813769 0.01891697
v -0.04634688 0.02871092 0.01871540
v -0.04611381 0.02859123 0.01800990
v -0.04578625 0.02842746 0.01737999
v -0.01233128 0.03391416 -0.00966854
v -0.01230608 0.03385116 -0.00990161
v -0.00931398 0.03478975 -0.00990160
v -0.00625258 0.03547007 -0.00990159
v -0.00314079 0.03587953 -0.00990158
v -0.00312820 0.03575354 -0.01011575
v -0.00311560 0.03557716 -0.01028582
v -0.00309670 0.03536929 -0.01041811
v -0.00001010 0.03550158 -0.01041810
v -0.00001010 0.03526852 -0.01048739
v -0.00001010 0.03509844 -0.01049999
v -0.00001030 0.02727486 0.05191221
v -0.02222118 0.02725589 0.05191213
v -0.02780224 0.02717398 0.05191840
v -0.03063057 0.02701649 0.05193099
v -0.03206678 0.02685901 0.05193728
v -0.03352819 0.02658814 0.05195618
v -0.03499589 0.02615979 0.05197508
v -0.03643210 0.02552986 0.05199396
v -0.03777382 0.02465428 0.05201286
v -0.03872499 0.02452829 0.05191836
v -0.03905885 0.02491254 0.05177348
v -0.03966987 0.02425113 0.05178608
v -0.04070292 0.02285270 0.05180497
v -0.04150291 0.02139759 0.05180497
v -0.04164779 0.01975981 0.05193095
v -0.04209503 0.01950154 0.05184276
v -0.04533279 0.01950153 0.05002859
v -0.04379580 0.02049681 0.05092307
v -0.04445092 0.02139128 0.05024907
v -0.04488556 0.02304796 0.04935458
v -0.04507454 0.02464796 0.04841600
v -0.04502415 0.02617236 0.04744593
v -0.04417377 0.02724321 0.04743333
v -0.04320370 0.02822589 0.04742074
v -0.04212025 0.02909518 0.04739555
v -0.04092971 0.02985738 0.04737036
v -0.04143364 0.03024163 0.04637508
v -0.04184308 0.03056289 0.04537351
v -0.04218324 0.03082115 0.04435934
v -0.04244150 0.03102272 0.04335148
v -0.04142733 0.03194241 0.04134834
v -0.04012340 0.03261013 0.03942710
v -0.03861789 0.03306996 0.03761295
v -0.03696750 0.03338493 0.03594367
v -0.03751547 0.03329674 0.02006346
v -0.03656430 0.03344163 0.02003826
v -0.04775160 0.02694714 0.01894847
v -0.04766971 0.02706683 0.01891698
v -0.04712798 0.02775974 0.01869650
v -0.04688861 0.02764005 0.01798470
v -0.04654215 0.02748258 0.01735479
v -0.01520369 0.03265431 -0.00990162
v -0.01515330 0.03253463 -0.01011579
v -0.01226198 0.03373148 -0.01011578
v -0.00928248 0.03467006 -0.01011577
v -0.00622738 0.03534409 -0.01011576
v -0.00619589 0.03517401 -0.01028584
v -0.00616439 0.03496613 -0.01041812
v -0.00612030 0.03473306 -0.01048741
v -0.00307780 0.03513622 -0.01048740
v -0.00305890 0.03496615 -0.01050000
v -0.03481951 0.02552987 0.05206957
v -0.03618643 0.02498184 0.05207584
v -0.03745886 0.02420704 0.05208214
v -0.03856751 0.02321177 0.05208214
v -0.03893916 0.02356452 0.05202546
v -0.03931081 0.02391097 0.05192467
v -0.04029348 0.02258814 0.05193725
v -0.04106197 0.02118972 0.05193725
v -0.04114385 0.01950155 0.05203804
v -0.04488556 0.02012515 0.05024277
v -0.04540839 0.02180703 0.04934827
v -0.04570446 0.02343851 0.04841600
v -0.04576745 0.02501330 0.04744593
v -0.04559738 0.02649991 0.04645066
v -0.04472810 0.02758966 0.04644437
v -0.04374543 0.02859124 0.04642547
v -0.04264308 0.02947313 0.04640657
v -0.04307772 0.02978809 0.04539870
v -0.04342417 0.03003375 0.04438454
v -0.04370133 0.03023532 0.04337036
v -0.04279425 0.03128729 0.04136094
v -0.04158481 0.03207469 0.03943340
v -0.04017378 0.03264792 0.03761924
v -0.03862418 0.03306997 0.03594366
v -0.03862413 0.03306366 0.02006345
v -0.03834696 0.03313296 0.02006346
v -0.03809500 0.03318335 0.02006345
v -0.03809500 0.03318336 0.02003826
v -0.04767603 0.00350793 0.04902071
v -0.04829332 0.02604007 0.01894847
v -0.04829962 0.02601487 0.01891697
v -0.04781459 0.02674557 0.01869020
v -0.04756262 0.02663219 0.01797209
v -0.04720986 0.02648730 0.01734218
v -0.02312803 0.02761494 -0.00990165
v -0.02063357 0.02952360 -0.00990164
v -0.01798792 0.03120549 -0.00990163
v -0.01792493 0.03109840 -0.01011580
v -0.01783674 0.03094722 -0.01028588
v -0.01507771 0.03237714 -0.01028587
v -0.01220529 0.03356770 -0.01028586
v -0.00923839 0.03449999 -0.01028585
v -0.00918169 0.03429841 -0.01041813
v -0.00911870 0.03407165 -0.01048742
v -0.00907461 0.03390787 -0.01050002
v -0.00609510 0.03456928 -0.01050001
v -0.03946198 0.02204642 0.05208213
v -0.03987773 0.02231728 0.05202545
v -0.04061473 0.02098185 0.05202545
v -0.04639105 0.01950153 0.04909000
v -0.04584303 0.02050310 0.04934198
v -0.04623358 0.02216608 0.04841599
v -0.04640996 0.02377236 0.04744593
v -0.04635327 0.02531566 0.04645695
v -0.04607611 0.02677077 0.04543649
v -0.04519423 0.02787943 0.04543019
v -0.04419266 0.02888730 0.04541760
v -0.04455802 0.02913297 0.04440343
v -0.04484148 0.02932194 0.04338296
v -0.04406038 0.03049359 0.04136723
v -0.04296432 0.03140698 0.03943339
v -0.04164149 0.03211248 0.03761924
v -0.04018008 0.03265422 0.03594366
v -0.04121938 0.03228886 0.02006345
v -0.03985246 0.03274870 0.02006345
v -0.04800988 0.00509532 0.04867426
v -0.04783351 0.00460398 0.04886323
v -0.04775792 0.00424493 0.04893882
v -0.04765712 0.00184495 0.04899551
v -0.04919409 0.02412511 0.01894846
v -0.04892324 0.02474873 0.01891697
v -0.04841300 0.02569361 0.01868390
v -0.04815474 0.02559283 0.01796580
v -0.04779568 0.02545424 0.01733588
v -0.02746814 0.02311102 -0.01011584
v -0.02535163 0.02541023 -0.01011583
v -0.02304614 0.02752045 -0.01011582
v -0.02056427 0.02941652 -0.01011581
v -0.02046349 0.02927794 -0.01028589
v -0.02034380 0.02910156 -0.01041817
v -0.01772965 0.03076455 -0.01041816
v -0.01498952 0.03218817 -0.01041815
v -0.01212970 0.03336612 -0.01041814
v -0.01204781 0.03314566 -0.01048743
v -0.01199112 0.03298818 -0.01050003
v -0.04016119 0.02076768 0.05208213
v -0.04703357 0.01950153 0.04839709
v -0.04668711 0.02083065 0.04840970
v -0.04695169 0.02247473 0.04744593
v -0.04700208 0.02405583 0.04645065
v -0.04684460 0.02556763 0.04544278
v -0.04646036 0.02698494 0.04442232
v -0.04556588 0.02811250 0.04440973
v -0.04586194 0.02828887 0.04339555
v -0.04521942 0.02956761 0.04137983
v -0.04423675 0.03061326 0.03943969
v -0.04301470 0.03145107 0.03761923
v -0.04164148 0.03211878 0.03594365
v -0.04014852 0.03266051 0.02003825
v -0.04860201 0.00611578 0.04795615
v -0.04828705 0.00564965 0.04835300
v -0.04737368 0.00765908 0.04932307
v -0.04723511 0.01141969 0.04932307
v -0.04803511 0.01249685 0.04838449
v -0.04718473 0.01249685 0.04930417
v -0.04626500 0.00020087 0.05021756
v -0.04664925 0.00020087 0.04990260
v -0.04726027 0.00020086 0.04931677
v -0.04756893 0.00020087 0.04902071
v -0.04759413 0.00020086 0.04898922
v -0.04989330 0.02210937 0.01894846
v -0.04950905 0.02328102 0.01891697
v -0.04892953 0.02461645 0.01868390
v -0.04866496 0.02452196 0.01796580
v -0.04829961 0.02439598 0.01733588
v -0.02937048 0.02062914 -0.01011585
v -0.03090747 0.01790789 -0.01028593
v -0.02923190 0.02052835 -0.01028592
v -0.02733586 0.02299763 -0.01028591
v -0.02522565 0.02528425 -0.01028591
v -0.02293275 0.02738818 -0.01028590
v -0.02279417 0.02722440 -0.01041818
v -0.02264299 0.02704172 -0.01048747
v -0.02020522 0.02891258 -0.01048746
v -0.01761627 0.03055668 -0.01048745
v -0.01488873 0.03197400 -0.01048744
v -0.01481944 0.03182282 -0.01050004
v -0.04782096 0.01950153 0.04742702
v -0.04731073 0.01950153 0.04809474
v -0.04740522 0.02110781 0.04743962
v -0.04755640 0.02273300 0.04645065
v -0.04749971 0.02429519 0.04544279
v -0.04723516 0.02577550 0.04442231
v -0.04676272 0.02716132 0.04340185
v -0.04625248 0.02852824 0.04138612
v -0.04540209 0.02968729 0.03944598
v -0.04429343 0.03065107 0.03761922
v -0.04302100 0.03145107 0.03594365
v -0.04346188 0.03119910 0.02006344
v -0.04235953 0.03179752 0.02006344
v -0.04188709 0.03201170 0.02003825
v -0.04933271 0.00680239 0.04690419
v -0.04897996 0.00652522 0.04743962
v -0.04823667 0.00770947 0.04838450
v -0.04809810 0.01154567 0.04839079
v -0.04809180 0.01249685 0.04832150
v -0.05010116 0.02129678 0.01891697
v -0.04997518 0.02180071 0.01891697
v -0.04937047 0.02351409 0.01868389
v -0.04910590 0.02343220 0.01796580
v -0.04873424 0.02331882 0.01733588
v -0.03105865 0.01799608 -0.01011585
v -0.03234997 0.01515515 -0.01028593
v -0.03250745 0.01523074 -0.01011586
v -0.03354050 0.01228273 -0.01028594
v -0.03370428 0.01234572 -0.01011586
v -0.03465544 0.00936621 -0.01011587
v -0.03533574 0.00631111 -0.01011587
v -0.03575148 0.00321821 -0.01011587
v -0.03587746 0.00322451 -0.00990170
v -0.03546172 0.00633631 -0.00990170
v -0.03510895 0.00020091 -0.01050012
v -0.03519714 0.00020091 -0.01049382
v -0.03513416 0.00316152 -0.01048752
v -0.03472472 0.00620402 -0.01048751
v -0.03428379 0.00926542 -0.01041822
v -0.03334523 0.01220713 -0.01041822
v -0.03215469 0.01506697 -0.01041821
v -0.03072479 0.01780711 -0.01041821
v -0.02905552 0.02040867 -0.01041820
v -0.02717208 0.02285906 -0.01041819
v -0.02508076 0.02513936 -0.01041819
v -0.02491069 0.02496929 -0.01048748
v -0.02479730 0.02484960 -0.01050008
v -0.02253590 0.02691574 -0.01050007
v -0.02011073 0.02877400 -0.01050006
v -0.01752808 0.03041179 -0.01050005
v -0.04810442 0.01950152 0.04704908
v -0.04778946 0.01969050 0.04743332
v -0.04801624 0.02134718 0.04644435
v -0.04805404 0.02294717 0.04543649
v -0.04789656 0.02448416 0.04442231
v -0.04754381 0.02593298 0.04340185
v -0.04716586 0.02738179 0.04138611
v -0.04644145 0.02864162 0.03944598
v -0.04545878 0.02972508 0.03761922
v -0.04429973 0.03065736 0.03594364
v -0.04445085 0.03054398 0.02006344
v -0.04429337 0.03065107 0.02006343
v -0.04353747 0.03114870 0.02000674
v -0.04971696 0.00700396 0.04624907
v -0.04897996 0.00774726 0.04741442
v -0.04883510 0.01165275 0.04742072
v -0.04877841 0.01249684 0.04741441
v -0.04887289 0.01249684 0.04728843
v -0.04829963 0.00020086 0.04818922
v -0.04860830 0.00451579 0.04794355
v -0.05080036 0.01795191 0.01894846
v -0.05059249 0.01905427 0.01891696
v -0.05040982 0.02004324 0.01891696
v -0.05006337 0.02129049 0.01869019
v -0.04979880 0.02122119 0.01797838
v -0.04943344 0.02112670 0.01734847
v -0.03496408 0.00314263 -0.01050012
v -0.03456094 0.00617252 -0.01050011
v -0.03405072 0.00920243 -0.01048751
v -0.03312475 0.01213155 -0.01048751
v -0.03194052 0.01496618 -0.01048750
v -0.03051692 0.01768743 -0.01048750
v -0.02886655 0.02027639 -0.01048749
v -0.02698940 0.02270788 -0.01048748
v -0.02686342 0.02260079 -0.01050009
v -0.04879732 0.01950152 0.04590262
v -0.04840048 0.01990467 0.04644435
v -0.04852017 0.02154246 0.04543648
v -0.04846348 0.02312354 0.04442231
v -0.04821152 0.02462904 0.04340185
v -0.04795325 0.02614715 0.04138611
v -0.04735483 0.02748887 0.03944598
v -0.04649814 0.02867942 0.03761921
v -0.04546507 0.02973139 0.03594364
v -0.04632800 0.02888099 0.02006342
v -0.04540832 0.02977548 0.02006343
v -0.04506187 0.03007154 0.02003823
v -0.05005081 0.00706695 0.04560026
v -0.04960358 0.00777876 0.04642544
v -0.04946501 0.01174094 0.04642545
v -0.04940832 0.01249684 0.04641915
v -0.04954690 0.01249684 0.04619237
v -0.04832482 0.00020086 0.04816402
v -0.04836263 0.00183234 0.04818922
v -0.04843822 0.00362131 0.04815143
v -0.04848862 0.00401186 0.04809474
v -0.04874688 0.00477406 0.04776718
v -0.04882877 0.00491264 0.04765379
v -0.04898625 0.00517720 0.04743331
v -0.04926971 0.00551106 0.04701757
v -0.04955948 0.00578822 0.04653883
v -0.05107752 0.01584799 0.01894846
v -0.05107122 0.01584799 0.01891696
v -0.05094523 0.01681807 0.01891696
v -0.05079406 0.01795192 0.01891696
v -0.05056099 0.01904797 0.01870279
v -0.05030272 0.01899758 0.01799728
v -0.04993737 0.01892199 0.01737367
v -0.03389324 0.00915834 -0.01050011
v -0.03296727 0.01206856 -0.01050011
v -0.03178934 0.01489059 -0.01050011
v -0.03037204 0.01760554 -0.01050010
v -0.02872796 0.02017561 -0.01050009
v -0.04935795 0.01950152 0.04472467
v -0.04891071 0.02008104 0.04543017
v -0.04892962 0.02169993 0.04441601
v -0.04877844 0.02326212 0.04340185
v -0.04862726 0.02482431 0.04138611
v -0.04814852 0.02624793 0.03944597
v -0.04741781 0.02752667 0.03761921
v -0.04650443 0.02867941 0.03594363
v -0.04715318 0.02789202 0.02006343
v -0.04640358 0.02879281 0.02003823
v -0.05061144 0.00703545 0.04422704
v -0.05039727 0.00706695 0.04480656
v -0.05012641 0.00780396 0.04541128
v -0.04998154 0.01181653 0.04541758
v -0.05012643 0.01249683 0.04499553
v -0.04975473 0.00020086 0.04598449
v -0.04930119 0.00020086 0.04675930
v -0.04909332 0.00020086 0.04710575
v -0.04842562 0.00349532 0.04816402
v -0.04940829 0.00357721 0.04676560
v -0.04987443 0.00590790 0.04596560
v -0.05005711 0.00593310 0.04560026
v -0.05061773 0.00596459 0.04423962
v -0.05127278 0.01373147 0.01894845
v -0.05091374 0.01681177 0.01871539
v -0.05065547 0.01676767 0.01800988
v -0.05030901 0.01671098 0.01739256
v -0.04979259 0.01950151 0.04352153
v -0.04932016 0.02022593 0.04440972
v -0.04925087 0.02182591 0.04339554
v -0.04920047 0.02343850 0.04138611
v -0.04882253 0.02491881 0.03944597
v -0.04821151 0.02627943 0.03761921
v -0.04742411 0.02752667 0.03594363
v -0.04790278 0.02680856 0.02006342
v -0.04755633 0.02732510 0.02003822
v -0.05131694 0.00703545 0.04138610
v -0.05103348 0.00703545 0.04281601
v -0.05084451 0.00706695 0.04351522
v -0.05054215 0.00782915 0.04439711
v -0.05039728 0.01187952 0.04439710
v -0.05056736 0.01249684 0.04380499
v -0.05014528 0.00020086 0.04514041
v -0.04937049 0.00181974 0.04676560
v -0.05025238 0.00353941 0.04514671
v -0.05057364 0.00593310 0.04437821
v -0.05103347 0.00593310 0.04282861
v -0.05098308 0.00593310 0.04304908
v -0.05103347 0.00596459 0.04282861
v -0.05149953 0.00949843 0.01894846
v -0.05135466 0.01235825 0.01891696
v -0.05131687 0.01311415 0.01891696
v -0.05115940 0.01458186 0.01872169
v -0.05091373 0.01455036 0.01802877
v -0.05056727 0.01449997 0.01741775
v -0.05074994 0.01229526 0.01743666
v -0.05095150 0.00789844 0.01747445
v -0.05098298 0.00351422 0.01749965
v -0.05027132 0.01950152 0.04137981
v -0.05012644 0.01950151 0.04221760
v -0.04964771 0.02033931 0.04339553
v -0.04967291 0.02198969 0.04138610
v -0.04939574 0.02352669 0.03944597
v -0.04888551 0.02495030 0.03761921
v -0.04821780 0.02627943 0.03594363
v -0.04857049 0.02561801 0.02006342
v -0.04913111 0.02441487 0.02006972
v -0.04888544 0.02495030 0.02006971
v -0.04851380 0.02573140 0.02003822
v -0.05148701 0.00703545 0.03993729
v -0.05142402 0.00706695 0.04061760
v -0.05120355 0.00706695 0.04205382
v -0.05087600 0.00784805 0.04338295
v -0.05073114 0.01192361 0.04338295
v -0.05068075 0.01249684 0.04337664
v -0.05094531 0.01249683 0.04237508
v -0.05112168 0.01249683 0.04137351
v -0.05029646 0.00020085 0.04480656
v -0.05072479 0.00020085 0.04359712
v -0.05021458 0.00174415 0.04514670
v -0.05086969 0.00351421 0.04342073
v -0.05128544 0.00593309 0.04164437
v -0.05132323 0.00596459 0.04139239
v -0.05149330 0.00596459 0.03993729
v -0.05157512 0.00802442 0.01925081
v -0.05156882 0.00812521 0.01919412
v -0.05153103 0.00874883 0.01899885
v -0.05149953 0.00941654 0.01891696
v -0.05132947 0.01235825 0.01873428
v -0.05109010 0.01233306 0.01804767
v -0.05126646 0.00791734 0.01807917
v -0.05129164 0.00351422 0.01809806
v -0.05123493 0.00020085 0.01818625
v -0.05119714 0.00020085 0.01811067
v -0.05093887 0.00020086 0.01757523
v -0.05035951 0.01950152 0.04085698
v -0.05006975 0.02049048 0.04138611
v -0.04987447 0.02207158 0.03944597
v -0.04945873 0.02355188 0.03761921
v -0.04889180 0.02495660 0.03594363
v -0.04927599 0.02404952 0.02003822
v -0.05160032 0.00711104 0.02202245
v -0.05131064 0.00786694 0.04137351
v -0.05115947 0.01198660 0.04137981
v -0.05119097 0.01249683 0.04097036
v -0.05083189 0.00169376 0.04342074
v -0.05127913 0.00349532 0.04158138
v -0.05148071 0.00593309 0.04013887
v -0.05149330 0.00593309 0.03993730
v -0.05160038 0.00596459 0.03702077
v -0.05160667 0.00596459 0.03411686
v -0.05160032 0.00690947 0.02008860
v -0.05149953 0.00792994 0.01875318
v -0.05141131 0.00020086 0.01877207
v -0.05143651 0.00020085 0.01886027
v -0.05051068 0.01950152 0.03934518
v -0.05027132 0.02055977 0.03944596
v -0.04994376 0.02209677 0.03761920
v -0.04946502 0.02355818 0.03594362
v -0.04970433 0.02288418 0.02006971
v -0.04988700 0.02229835 0.02003822
v -0.05156253 0.00901969 0.02008230
v -0.05160038 0.00706695 0.03663023
v -0.05154370 0.00706695 0.03909950
v -0.05151220 0.00787954 0.03944596
v -0.05136734 0.01201810 0.03944596
v -0.05134214 0.01249683 0.03938297
v -0.05140513 0.01249684 0.03761920
v -0.05106495 0.00020085 0.04223649
v -0.05124133 0.00166226 0.04158137
v -0.05151219 0.00348272 0.03958454
v -0.05158778 0.00593309 0.03836880
v -0.05160667 0.00593310 0.03510583
v -0.05160662 0.00604018 0.02162560
v -0.05160662 0.00636144 0.02080671
v -0.05160032 0.00689057 0.02006970
v -0.05159402 0.00757088 0.01950279
v -0.05160662 0.00593310 0.02250118
v -0.05150580 0.00020085 0.01950278
v -0.05057366 0.01950151 0.03721605
v -0.05034060 0.02058497 0.03761920
v -0.04995005 0.02209678 0.03594362
v -0.05023345 0.02104481 0.02006341
v -0.05035943 0.02050308 0.02003821
v -0.05072478 0.01868262 0.02003821
v -0.05100193 0.01685586 0.02003821
v -0.05136727 0.01318345 0.02003821
v -0.05148695 0.01111731 0.02006341
v -0.05154993 0.00949842 0.02006341
v -0.05157513 0.00857245 0.02026498
v -0.05158772 0.00794883 0.02062404
v -0.05158778 0.00788584 0.03594362
v -0.05158149 0.00788584 0.03761920
v -0.05143662 0.01203069 0.03761920
v -0.05141143 0.01249683 0.03740503
v -0.05117833 0.00020085 0.04157507
v -0.05129801 0.00020085 0.04083808
v -0.05141139 0.00020085 0.03957824
v -0.05143658 0.00020085 0.03933256
v -0.05147439 0.00163706 0.03958454
v -0.05159407 0.00348272 0.03669952
v -0.05159402 0.00348272 0.02436574
v -0.05155622 0.00163076 0.02436574
v -0.05034689 0.02058497 0.03594362
v -0.05068698 0.01893459 0.02006341
v -0.05103343 0.01662279 0.02006341
v -0.05113421 0.01568421 0.02006341
v -0.05131688 0.01388265 0.02006341
v -0.05144292 0.01203069 0.03594362
v -0.05149957 0.00020085 0.03732943
v -0.05155627 0.00163076 0.03669951
v -0.05150583 0.00020085 0.02853579
v -0.05057993 0.01950151 0.02971374
v -0.05066182 0.01906687 0.02848540
v -0.05069961 0.01886530 0.02824603
v -0.05072481 0.01872041 0.02814525
v -0.05076890 0.01846215 0.02795627
v -0.05084449 0.01799601 0.02777360
v -0.05086968 0.01783223 0.02775469
v -0.05092008 0.01749838 0.02771060
v -0.05113424 0.01568422 0.02771060
v -0.05122243 0.01492831 0.02771060
v -0.05127912 0.01431729 0.02771690
v -0.05129171 0.01416611 0.02775468
v -0.05132951 0.01369997 0.02789328
v -0.05135470 0.01338502 0.02805076
v -0.05137990 0.01302596 0.02835941
v -0.05141140 0.01255982 0.02922240
f 341 337 454
f 32 337 89
f 660 661 705
f 295 661 660
f 182 510 183
f 578 213 579
f 453 324 338
f 341 454 338
f 297 324 453
f 304 280 305
f 343 337 341
f 308 89 343
f 343 89 337
f 433 337 32
f 433 454 337
f 303 280 304
f 303 343 328
f 3 483 454
f 454 433 3
f 3 433 32
f 95 89 308
f 103 89 95
f 17 16 22
f 449 431 432
f 1627 1599 1626
f 906 846 847
f 845 846 905
f 1089 1149 1148
f 1148 1149 1200
f 695 696 738
f 1087 1147 1146
f 212 579 213
f 453 338 456
f 456 338 454
f 340 341 339
f 339 338 340
f 341 338 339
f 453 452 242
f 242 452 214
f 270 297 453
f 453 242 270
f 324 297 325
f 340 338 325
f 325 338 324
f 304 305 306
f 308 343 306
f 306 343 304
f 306 305 280
f 342 343 341
f 328 343 342
f 304 343 88
f 88 303 304
f 343 303 88
f 102 84 103
f 103 106 102
f 102 106 105
f 83 105 104
f 83 102 105
f 84 102 83
f 148 488 551
f 448 449 475
f 431 449 448
f 475 449 450
f 446 448 471
f 498 468 469
f 597 561 562
f 643 682 642
f 21 17 22
f 1434 1472 1433
f 1433 1398 1434
f 1631 1580 1603
f 1627 1630 1629
f 1629 1630 1640
f 8 6 3
f 903 965 964
f 847 793 794
f 794 793 738
f 904 845 905
f 904 965 903
f 846 845 792
f 847 846 792
f 792 793 847
f 471 448 472
f 738 696 697
f 697 698 738
f 699 698 656
f 795 855 848
f 848 855 906
f 847 795 848
f 848 906 847
f 691 729 690
f 730 729 691
f 731 783 730
f 730 691 731
f 693 733 731
f 651 691 690
f 1294 1372 1374
f 1212 1213 1261
f 1240 1315 1279
f 1280 1315 1240
f 1195 1142 1144
f 1194 1142 1195
f 1195 1237 1194
f 1099 1297 1296
f 1291 1539 1250
f 1535 1539 1570
f 662 705 661
f 705 662 706
f 706 662 663
f 707 706 708
f 708 706 663
f 661 269 617
f 661 295 296
f 296 269 661
f 295 268 296
f 296 268 269
f 184 186 214
f 214 452 184
f 478 510 182
f 182 181 478
f 478 181 477
f 578 579 619
f 211 212 213
f 183 212 211
f 579 212 542
f 542 183 510
f 542 212 183
f 455 456 454
f 453 456 455
f 298 325 297
f 308 306 307
f 307 306 280
f 269 268 241
f 241 213 578
f 578 617 241
f 241 617 269
f 294 268 295
f 185 184 181
f 186 184 185
f 185 181 182
f 182 209 185
f 277 301 300
f 300 303 328
f 486 485 483
f 516 515 485
f 280 303 250
f 915 1042 401
f 577 417 401
f 914 1042 1041
f 1167 1166 1106
f 1168 1166 1167
f 1106 1108 1167
f 1167 1108 1168
f 1305 1169 1110
f 1377 1375 15
f 1384 10 11
f 3 5 12
f 12 1384 11
f 3 6 4
f 4 5 3
f 6 5 4
f 1168 1108 1109
f 1110 1169 1109
f 1109 1169 1168
f 922 980 979
f 173 95 308
f 308 197 173
f 108 106 103
f 111 106 108
f 118 119 127
f 20 103 33
f 103 17 33
f 467 468 498
f 442 443 466
f 466 467 496
f 443 467 466
f 464 466 496
f 420 405 421
f 422 440 421
f 421 405 422
f 423 440 422
f 422 405 423
f 104 105 110
f 105 106 110
f 710 121 669
f 22 16 85
f 730 783 827
f 827 729 730
f 826 782 827
f 827 782 729
f 103 84 100
f 100 101 103
f 84 101 100
f 16 17 99
f 99 17 103
f 103 101 99
f 419 434 402
f 434 199 402
f 524 561 523
f 320 395 293
f 396 395 320
f 293 395 319
f 319 294 293
f 451 449 432
f 451 450 449
f 377 917 378
f 916 399 378
f 378 917 916
f 857 919 856
f 856 800 857
f 856 919 918
f 377 856 918
f 918 917 377
f 916 917 918
f 372 856 377
f 372 371 856
f 799 800 856
f 856 371 799
f 799 745 800
f 565 564 529
f 500 469 470
f 471 472 470
f 470 446 471
f 470 469 446
f 560 597 559
f 561 597 560
f 559 523 560
f 560 523 561
f 598 597 562
f 640 597 598
f 1438 1475 1437
f 1235 1236 1276
f 1276 1236 1277
f 1434 1398 1400
f 1351 1400 1309
f 1600 1626 1599
f 1627 1626 1600
f 1600 1630 1627
f 1487 1548 1599
f 1580 1631 1602
f 1594 1623 1602
f 1642 1609 1640
f 1628 1640 1599
f 1628 1629 1640
f 1628 1599 1627
f 1627 1629 1628
f 1563 1562 1565
f 7 1565 1528
f 1565 1562 1528
f 1528 1527 7
f 1379 5 6
f 6 8 1379
f 1379 8 7
f 1524 1526 1560
f 7 1527 1560
f 1560 1526 7
f 2 1583 1562
f 1562 1563 2
f 1603 1580 1593
f 1580 1602 1593
f 1593 1602 1623
f 1585 1609 1
f 1 2 1585
f 1 1631 1603
f 1632 1631 1
f 1619 1639 1618
f 1201 1200 1149
f 912 1040 1093
f 1041 1040 912
f 1025 958 959
f 959 1026 1025
f 843 901 842
f 788 733 789
f 965 904 1032
f 1032 904 966
f 905 846 967
f 846 906 967
f 967 904 905
f 966 904 967
f 967 912 966
f 906 855 967
f 1282 1201 1243
f 540 417 577
f 540 400 417
f 538 540 575
f 475 507 506
f 473 472 506
f 506 507 538
f 654 697 696
f 698 697 654
f 698 699 739
f 739 795 847
f 847 794 739
f 738 698 739
f 739 794 738
f 693 731 692
f 692 731 691
f 696 695 652
f 736 792 735
f 793 792 736
f 87 652 695
f 651 652 87
f 695 736 87
f 87 736 694
f 691 651 87
f 87 692 691
f 87 694 693
f 693 692 87
f 729 782 728
f 782 727 728
f 690 729 728
f 650 651 690
f 1339 1295 1296
f 1336 1372 1254
f 1372 1294 1254
f 1376 1375 1377
f 1373 1376 1374
f 1375 1376 1373
f 1374 1372 1373
f 1372 1337 1373
f 1338 1372 1336
f 1338 1337 1372
f 1336 1295 1338
f 1295 1339 1338
f 1495 1496 1524
f 1211 1212 1258
f 1213 1212 1211
f 1211 1160 1213
f 1340 1339 1296
f 1279 1315 1355
f 1280 1240 1241
f 1148 1200 1241
f 1087 1028 1029
f 1027 1028 1087
f 961 1028 1027
f 1027 1026 961
f 1024 958 1025
f 1143 1144 1142
f 1087 1146 1086
f 1086 1144 1085
f 1086 1027 1087
f 1085 1026 1086
f 1026 1027 1086
f 1278 1240 1279
f 1278 1276 1277
f 1146 1197 1196
f 1195 1144 1196
f 1196 1237 1195
f 1238 1236 1237
f 1277 1236 1238
f 1237 1196 1238
f 1238 1196 1197
f 1238 1278 1277
f 1570 1539 1536
f 1536 1538 1570
f 1536 1539 1291
f 1291 1538 1536
f 1570 1538 1537
f 1537 1538 1291
f 1291 1250 1292
f 805 803 804
f 665 663 664
f 665 708 663
f 618 662 661
f 661 617 618
f 664 663 618
f 663 662 618
f 618 617 578
f 578 619 618
f 479 478 477
f 477 181 479
f 479 512 478
f 181 184 479
f 479 184 452
f 479 452 453
f 453 455 479
f 454 483 482
f 483 485 484
f 484 515 483
f 485 515 484
f 441 440 423
f 442 440 441
f 426 443 442
f 442 441 426
f 580 619 579
f 581 619 580
f 217 332 331
f 243 270 242
f 243 244 270
f 243 242 214
f 214 244 243
f 270 244 271
f 297 270 271
f 271 298 297
f 348 332 178
f 281 307 280
f 308 307 281
f 186 185 180
f 327 342 341
f 328 342 327
f 327 300 328
f 298 271 299
f 708 665 709
f 752 707 709
f 707 708 709
f 485 486 487
f 487 486 1382
f 487 1424 549
f 1382 1424 487
f 302 250 303
f 303 300 302
f 302 300 301
f 280 250 279
f 379 399 916
f 916 400 379
f 508 507 475
f 418 1042 615
f 418 401 1042
f 656 914 913
f 913 699 656
f 855 699 913
f 1220 1169 1266
f 1169 1305 1266
f 1219 1166 1168
f 1220 1266 1219
f 1219 1266 1218
f 1219 1169 1220
f 1168 1169 1219
f 1396 1305 1394
f 1375 1373 1387
f 10 1384 1383
f 1383 1424 1382
f 1383 1384 1424
f 11 10 1383
f 1382 486 1383
f 1383 486 483
f 3 12 9
f 9 12 11
f 11 1383 9
f 483 3 9
f 9 1383 483
f 977 918 919
f 1046 975 977
f 1045 975 1046
f 1110 1109 1050
f 1109 1049 1050
f 980 981 1050
f 1050 1049 980
f 923 981 980
f 980 922 923
f 923 922 861
f 923 1050 981
f 1110 1050 923
f 921 922 979
f 859 922 921
f 127 119 120
f 120 119 103
f 103 95 120
f 95 129 120
f 107 108 103
f 111 108 109
f 109 118 111
f 108 107 109
f 103 119 109
f 109 107 103
f 172 155 156
f 156 173 172
f 95 173 156
f 17 21 27
f 27 21 22
f 421 440 439
f 440 464 439
f 465 464 440
f 466 464 465
f 465 440 442
f 442 466 465
f 227 197 308
f 1051 83 104
f 132 133 143
f 127 120 134
f 670 710 669
f 115 106 111
f 115 110 106
f 111 118 117
f 117 115 111
f 116 115 117
f 117 125 116
f 117 118 127
f 824 778 825
f 823 778 824
f 822 823 880
f 776 823 822
f 1055 992 1113
f 1113 1112 1055
f 1055 1112 1054
f 559 597 596
f 596 597 640
f 559 596 558
f 558 596 595
f 80 85 16
f 16 99 80
f 84 83 59
f 828 827 783
f 131 132 142
f 142 132 143
f 142 149 141
f 148 551 147
f 551 141 147
f 147 149 148
f 141 149 147
f 157 488 148
f 200 402 199
f 200 175 202
f 199 175 200
f 323 294 295
f 323 295 660
f 350 334 352
f 432 431 414
f 414 350 432
f 334 350 414
f 431 415 414
f 321 415 396
f 396 320 321
f 352 371 370
f 370 372 377
f 371 372 370
f 450 451 368
f 368 376 450
f 370 376 368
f 377 378 398
f 398 378 399
f 399 508 398
f 858 857 800
f 702 745 336
f 336 323 702
f 353 799 371
f 352 336 353
f 353 371 352
f 336 745 353
f 745 799 353
f 496 467 497
f 497 467 498
f 498 527 497
f 562 561 563
f 563 529 564
f 498 469 499
f 499 529 498
f 499 469 500
f 500 529 499
f 565 529 530
f 530 529 500
f 530 531 565
f 500 531 530
f 534 533 504
f 502 472 473
f 502 470 472
f 640 680 639
f 639 596 640
f 595 596 639
f 641 642 682
f 682 680 641
f 641 680 640
f 640 598 641
f 641 598 642
f 599 598 562
f 562 563 599
f 599 563 564
f 599 564 565
f 565 600 599
f 599 600 642
f 642 598 599
f 1403 1438 1437
f 1354 1438 1403
f 1403 1353 1354
f 1475 1438 1476
f 1437 1475 1474
f 1402 1403 1437
f 1353 1403 1402
f 1354 1353 1312
f 22 85 23
f 47 33 45
f 45 33 39
f 1546 1547 1574
f 1574 1573 1546
f 1574 1547 1575
f 1575 1573 1574
f 1546 1573 1542
f 1542 1573 1552
f 1599 1548 1549
f 1549 1576 1599
f 1548 1576 1549
f 1630 1600 1577
f 1595 1623 1594
f 1609 1642 1633
f 1632 1 1633
f 1633 1 1609
f 1622 1639 1619
f 1623 1639 1622
f 1619 1620 1622
f 1622 1593 1623
f 1607 1593 1622
f 1652 1637 1638
f 1564 1563 1565
f 1564 1565 7
f 7 8 1564
f 1564 8 3
f 1640 1609 1564
f 1564 3 32
f 1564 1609 1585
f 1585 1563 1564
f 1524 1496 1497
f 5 1379 13
f 13 12 5
f 1377 15 13
f 1561 1560 1527
f 1562 1583 1561
f 1527 1528 1561
f 1561 1528 1562
f 1584 1563 1585
f 1585 2 1584
f 1584 2 1563
f 1619 1607 1592
f 1592 1620 1619
f 1607 1620 1592
f 1603 1593 1581
f 1572 1593 1607
f 1559 1561 1583
f 1560 1561 1559
f 1556 1557 1583
f 1583 2 1556
f 2 1 1556
f 1243 1201 1202
f 1202 1201 1150
f 1283 1319 1284
f 1243 1202 1283
f 1283 1202 1244
f 1283 1282 1243
f 1090 1091 1150
f 1090 1201 1149
f 1150 1201 1090
f 1149 1089 1090
f 701 659 1101
f 1261 1213 1214
f 1213 1160 1214
f 1033 912 1093
f 966 912 1033
f 1033 1093 1092
f 1092 1032 1033
f 1033 1032 966
f 898 959 958
f 961 1026 960
f 1026 959 960
f 959 898 960
f 964 1029 963
f 903 843 844
f 844 904 903
f 845 904 844
f 902 843 903
f 901 843 902
f 902 963 901
f 903 964 902
f 964 963 902
f 735 792 791
f 791 792 845
f 791 843 842
f 845 844 791
f 791 844 843
f 842 901 841
f 841 789 842
f 734 789 733
f 734 733 693
f 693 694 734
f 735 789 734
f 734 736 735
f 694 736 734
f 1318 1283 1284
f 1282 1283 1318
f 400 540 541
f 541 508 399
f 507 508 541
f 577 401 616
f 616 418 615
f 401 418 616
f 475 506 474
f 474 506 472
f 474 448 475
f 474 472 448
f 653 654 696
f 696 652 653
f 656 698 655
f 698 654 655
f 795 739 740
f 740 739 699
f 740 855 795
f 740 699 855
f 780 782 826
f 779 727 782
f 779 778 727
f 825 778 779
f 777 823 776
f 777 778 823
f 738 793 737
f 793 736 737
f 737 695 738
f 737 736 695
f 690 728 689
f 689 728 688
f 689 650 690
f 688 650 689
f 607 650 649
f 649 650 688
f 649 648 607
f 688 648 649
f 608 652 651
f 651 650 608
f 608 650 607
f 608 653 652
f 688 728 687
f 723 722 684
f 1432 1431 1394
f 1210 1295 1336
f 1336 1254 1210
f 1377 1423 1371
f 1371 1376 1377
f 1465 1497 1464
f 1464 1497 1496
f 853 1211 911
f 1160 1211 853
f 798 1100 1159
f 1100 1160 1159
f 1159 853 798
f 1160 853 1159
f 1302 1303 1304
f 1261 1303 1302
f 1304 1303 1263
f 1263 1303 1261
f 911 1211 1257
f 1257 1211 1258
f 1258 1256 1257
f 1257 1256 972
f 1439 1405 1477
f 1477 1476 1439
f 1479 1504 1478
f 1279 1355 1314
f 1314 1355 1354
f 1314 1278 1279
f 1404 1438 1354
f 1354 1355 1404
f 1439 1476 1404
f 1404 1476 1438
f 1404 1405 1439
f 1404 1355 1405
f 1148 1241 1199
f 1199 1241 1240
f 1087 1029 1088
f 1088 1029 1089
f 1088 1147 1087
f 1148 1147 1088
f 1088 1089 1148
f 955 1024 1083
f 955 956 1024
f 955 953 895
f 895 956 955
f 952 953 1022
f 1082 1143 1142
f 1021 952 1082
f 1022 1083 1082
f 1082 952 1022
f 1085 1144 1084
f 1144 1143 1084
f 1084 1082 1083
f 1143 1082 1084
f 1025 1026 1084
f 1084 1026 1085
f 1084 1024 1025
f 1083 1024 1084
f 1146 1196 1145
f 1145 1196 1144
f 1145 1086 1146
f 1144 1086 1145
f 1198 1238 1197
f 1198 1199 1240
f 1198 1146 1147
f 1198 1197 1146
f 1198 1147 1148
f 1148 1199 1198
f 1240 1278 1239
f 1278 1238 1239
f 1239 1198 1240
f 1238 1198 1239
f 1496 1495 1463
f 1463 1464 1496
f 1649 1635 1616
f 1505 1250 1539
f 1539 1535 1505
f 1505 1535 1504
f 860 803 861
f 860 922 859
f 861 922 860
f 749 804 748
f 751 707 752
f 752 709 751
f 751 709 805
f 751 805 804
f 861 803 862
f 803 805 862
f 862 923 861
f 1110 923 862
f 805 709 862
f 620 665 664
f 620 619 581
f 664 618 620
f 620 618 619
f 513 512 514
f 514 515 513
f 483 515 514
f 514 482 483
f 424 407 409
f 424 409 410
f 391 409 408
f 409 407 408
f 443 426 427
f 410 426 425
f 425 426 441
f 425 424 410
f 425 441 423
f 423 424 425
f 543 544 581
f 581 580 543
f 579 542 543
f 543 580 579
f 546 545 513
f 214 186 215
f 215 244 214
f 178 332 188
f 332 217 188
f 330 316 331
f 315 314 289
f 313 314 315
f 275 289 314
f 315 289 275
f 314 313 275
f 288 259 275
f 275 313 288
f 331 346 347
f 347 330 331
f 332 354 344
f 331 332 344
f 355 354 332
f 332 348 355
f 355 348 356
f 308 281 90
f 90 281 253
f 90 227 308
f 253 227 90
f 183 211 210
f 210 236 209
f 182 183 210
f 210 209 182
f 391 408 373
f 365 364 380
f 186 180 187
f 206 348 178
f 178 187 206
f 206 187 180
f 326 299 300
f 326 327 341
f 300 327 326
f 326 341 340
f 340 325 326
f 325 298 326
f 298 299 326
f 548 516 485
f 485 487 548
f 515 516 548
f 250 302 287
f 221 281 280
f 280 279 221
f 399 379 416
f 416 379 400
f 416 541 399
f 400 541 416
f 509 508 475
f 912 967 854
f 854 913 912
f 854 967 855
f 855 913 854
f 973 914 1041
f 973 913 914
f 1041 912 973
f 912 913 973
f 1264 1305 1304
f 1218 1266 1264
f 1304 1263 1264
f 1298 1256 1258
f 1258 1299 1298
f 1297 1256 1298
f 1298 1299 1297
f 1427 1467 1466
f 1466 1426 1427
f 1466 1467 1424
f 1426 1466 1385
f 1048 1109 1108
f 1048 1049 1109
f 979 980 1048
f 980 1049 1048
f 916 975 974
f 974 400 916
f 974 1042 915
f 417 400 974
f 915 401 974
f 974 401 417
f 916 918 976
f 918 977 976
f 976 975 916
f 976 977 975
f 1105 1045 1106
f 1104 1045 1105
f 975 1045 1044
f 1044 974 975
f 1044 1045 1104
f 920 921 979
f 920 977 919
f 919 857 920
f 857 858 920
f 859 921 920
f 920 858 859
f 196 173 197
f 172 173 196
f 119 118 112
f 112 109 119
f 118 109 112
f 26 33 17
f 17 27 26
f 430 395 396
f 430 415 431
f 396 415 430
f 444 467 443
f 443 427 444
f 444 427 428
f 462 463 494
f 494 463 495
f 496 497 495
f 495 497 527
f 495 464 496
f 495 463 464
f 438 439 464
f 464 463 438
f 463 462 438
f 421 439 438
f 310 347 346
f 310 355 356
f 310 344 354
f 354 355 310
f 79 83 78
f 83 983 78
f 982 983 83
f 83 1051 982
f 864 1051 104
f 864 982 1051
f 121 116 123
f 133 132 123
f 121 123 122
f 122 123 132
f 669 121 122
f 122 668 669
f 128 120 129
f 129 134 128
f 128 134 120
f 710 670 711
f 110 115 113
f 104 110 113
f 113 754 806
f 126 117 127
f 125 117 126
f 127 134 126
f 133 125 126
f 126 134 133
f 820 771 821
f 882 824 825
f 825 883 882
f 884 883 825
f 827 828 884
f 826 827 884
f 942 994 941
f 595 639 594
f 594 558 595
f 769 722 723
f 1172 1171 1115
f 1114 1171 1113
f 1115 1171 1114
f 1113 1057 1114
f 1054 990 991
f 991 1055 1054
f 992 1055 991
f 990 936 991
f 939 882 883
f 58 72 984
f 984 985 58
f 984 78 983
f 72 78 984
f 521 523 559
f 559 558 521
f 73 72 58
f 58 59 73
f 79 78 73
f 73 78 72
f 73 83 79
f 73 59 83
f 84 59 74
f 1170 1112 1113
f 1113 1171 1170
f 1054 1112 1111
f 131 142 140
f 140 142 141
f 143 133 135
f 133 134 135
f 135 134 129
f 91 156 155
f 143 139 150
f 150 142 143
f 149 142 150
f 199 157 174
f 174 175 199
f 458 199 434
f 458 157 199
f 403 420 419
f 419 402 403
f 402 385 403
f 402 200 201
f 201 200 202
f 131 586 624
f 668 122 624
f 671 670 627
f 552 551 488
f 375 319 395
f 335 336 352
f 352 334 335
f 351 451 432
f 351 368 451
f 432 350 351
f 351 350 352
f 352 370 351
f 370 368 351
f 377 398 397
f 397 398 508
f 508 509 397
f 745 702 703
f 703 323 660
f 703 702 323
f 526 563 561
f 527 563 526
f 526 495 527
f 526 561 524
f 528 527 498
f 528 563 527
f 498 529 528
f 529 563 528
f 643 642 601
f 642 600 601
f 601 600 565
f 531 533 532
f 532 533 534
f 535 570 534
f 534 504 535
f 535 504 536
f 607 648 606
f 505 504 473
f 473 506 505
f 505 506 538
f 538 575 505
f 473 504 503
f 503 502 473
f 503 504 533
f 533 502 503
f 500 470 501
f 470 502 501
f 501 531 500
f 501 533 531
f 501 502 533
f 681 722 767
f 681 680 682
f 682 722 681
f 638 639 680
f 638 594 639
f 1471 1433 1472
f 1575 1547 1529
f 1529 1566 1575
f 1353 1402 1352
f 1401 1351 1352
f 1235 1276 1234
f 1276 1312 1275
f 1275 1234 1276
f 48 1327 1326
f 33 47 1326
f 46 41 48
f 48 1326 46
f 46 1326 47
f 46 47 45
f 45 39 46
f 46 39 41
f 1322 43 1323
f 42 43 1322
f 1324 1349 1366
f 1189 1190 1232
f 1190 1233 1232
f 1550 1576 1548
f 1541 1573 1575
f 1630 1577 1601
f 1577 1578 1601
f 1601 1602 1631
f 1641 1642 1640
f 1641 1633 1642
f 1640 1630 1641
f 1641 1631 1632
f 1632 1633 1641
f 1630 1601 1641
f 1641 1601 1631
f 1621 1620 1607
f 1607 1622 1621
f 1621 1622 1620
f 1566 1587 1586
f 1575 1566 1586
f 1586 1597 1575
f 1623 1595 1624
f 1624 1639 1623
f 1610 1649 1650
f 1649 1616 1650
f 1638 1617 1656
f 1524 1497 1525
f 1379 1497 1381
f 1381 1497 1465
f 1605 1572 1607
f 1605 1581 1593
f 1593 1572 1605
f 1658 1618 1639
f 1658 1617 1618
f 1522 1617 1638
f 1618 1617 1522
f 1619 1618 1555
f 1618 1556 1555
f 1555 1607 1619
f 1555 1 1607
f 1555 1556 1
f 1092 1153 1152
f 1040 659 1152
f 1152 1153 1040
f 1204 659 701
f 1244 1202 1204
f 1150 1091 1151
f 1151 1202 1150
f 1203 1204 1151
f 1151 1204 1202
f 1092 1152 1151
f 1151 1152 1203
f 1151 1032 1092
f 1091 1032 1151
f 1091 1090 1031
f 965 1032 1031
f 1031 1032 1091
f 1031 964 965
f 1031 1090 964
f 1030 1029 964
f 964 1090 1030
f 1089 1029 1030
f 1030 1090 1089
f 1092 1093 1094
f 1094 1153 1092
f 1093 1040 1094
f 1040 1153 1094
f 1039 659 1040
f 1040 1101 1039
f 1039 1101 659
f 744 1100 798
f 744 743 1100
f 700 1101 1100
f 1100 743 700
f 701 1101 700
f 700 1204 701
f 1248 1204 700
f 1161 1160 1100
f 1161 1214 1160
f 1116 1115 1059
f 1116 1117 1173
f 1173 1172 1116
f 1116 1172 1115
f 1113 992 1056
f 1056 1057 1113
f 1059 1115 1058
f 1057 996 1058
f 1115 1114 1058
f 1058 1114 1057
f 962 1029 1028
f 962 963 1029
f 962 1028 961
f 901 963 962
f 735 791 790
f 790 791 842
f 790 789 735
f 842 789 790
f 788 789 840
f 789 841 840
f 839 788 840
f 900 841 901
f 900 962 961
f 901 962 900
f 900 840 841
f 910 853 911
f 851 853 910
f 1358 1318 1360
f 972 1037 971
f 911 1257 971
f 971 1257 972
f 972 1256 1038
f 1038 1037 972
f 1038 1099 1098
f 1098 1037 1038
f 1097 1037 1098
f 539 540 538
f 539 541 540
f 538 507 539
f 507 541 539
f 577 616 576
f 576 540 577
f 576 575 540
f 614 616 615
f 575 576 614
f 614 576 616
f 654 653 609
f 609 608 607
f 653 608 609
f 782 780 781
f 781 779 782
f 825 779 781
f 781 884 825
f 781 780 826
f 826 884 781
f 776 822 775
f 726 725 686
f 686 687 726
f 776 775 726
f 726 775 725
f 726 777 776
f 726 728 727
f 726 687 728
f 727 778 726
f 778 777 726
f 686 725 685
f 723 684 685
f 643 601 644
f 644 601 602
f 644 682 643
f 1388 1387 1373
f 1427 1387 1388
f 1388 1428 1427
f 1391 1431 1430
f 1431 1432 1430
f 1295 1210 1158
f 1296 1295 1158
f 1158 1099 1296
f 1370 1371 1423
f 1374 1376 1335
f 1376 1371 1335
f 1335 1294 1374
f 1371 1370 1335
f 1461 1495 1459
f 1638 1637 1459
f 1422 1423 1465
f 1465 1464 1422
f 1422 1370 1423
f 1369 1370 1422
f 1476 1477 1503
f 1503 1535 1570
f 1570 1534 1503
f 1501 1474 1475
f 1475 1476 1502
f 1502 1501 1475
f 1533 1501 1502
f 1534 1533 1502
f 1476 1503 1502
f 1502 1503 1534
f 1297 1299 1341
f 1299 1300 1341
f 1296 1297 1341
f 1341 1340 1296
f 1346 1302 1304
f 1344 1300 1301
f 1302 1346 1301
f 1301 1300 1299
f 1260 1212 1261
f 1261 1302 1260
f 1258 1212 1260
f 1261 1214 1262
f 1262 1263 1261
f 1440 1477 1405
f 1504 1477 1440
f 1440 1478 1504
f 1313 1312 1276
f 1276 1278 1313
f 1278 1314 1313
f 1354 1312 1313
f 1313 1314 1354
f 1200 1201 1242
f 1201 1282 1242
f 1242 1241 1200
f 1242 1281 1241
f 1358 1407 1317
f 1317 1318 1358
f 1282 1318 1317
f 1317 1242 1282
f 1281 1242 1317
f 1280 1241 1316
f 1241 1281 1316
f 1281 1317 1316
f 1023 1083 1022
f 1023 955 1083
f 1022 953 1023
f 953 955 1023
f 1418 1495 1461
f 1461 1459 1418
f 1418 1459 1616
f 1647 1646 1635
f 1610 1646 1647
f 1610 1586 1611
f 1611 1586 1587
f 1635 1644 1643
f 1590 1571 1332
f 1290 1571 1537
f 1290 1537 1291
f 1332 1571 1290
f 1290 1369 1332
f 1570 1537 1589
f 1537 1571 1589
f 1571 1590 1589
f 1209 1210 1254
f 1254 1253 1209
f 1209 1158 1210
f 1209 1252 1208
f 1253 1252 1209
f 1251 1292 1250
f 1250 1252 1251
f 1251 1252 1292
f 1206 1252 1250
f 1250 1505 1206
f 804 803 802
f 802 748 804
f 747 748 802
f 802 860 859
f 803 860 802
f 750 804 749
f 750 751 804
f 707 751 750
f 749 706 750
f 750 706 707
f 582 620 581
f 666 709 665
f 666 862 709
f 512 479 480
f 480 514 512
f 480 479 455
f 480 455 454
f 454 482 481
f 482 514 481
f 481 480 454
f 514 480 481
f 428 427 413
f 413 375 395
f 395 430 413
f 413 430 428
f 411 426 410
f 410 392 411
f 375 413 367
f 374 392 410
f 410 409 374
f 374 409 391
f 391 290 374
f 262 210 211
f 236 210 262
f 261 236 262
f 391 261 262
f 262 290 391
f 511 545 544
f 544 543 511
f 511 542 510
f 511 543 542
f 510 478 511
f 478 512 511
f 511 512 513
f 513 545 511
f 544 545 583
f 545 546 583
f 581 544 583
f 583 582 581
f 623 582 583
f 244 215 216
f 216 188 217
f 216 215 186
f 186 187 216
f 178 188 216
f 216 187 178
f 218 216 217
f 245 271 244
f 245 247 271
f 244 216 245
f 248 247 219
f 272 299 271
f 271 247 272
f 247 248 272
f 219 299 272
f 272 248 219
f 329 310 311
f 315 316 329
f 329 313 315
f 316 330 329
f 330 347 329
f 347 310 329
f 273 299 219
f 315 275 273
f 300 299 273
f 273 275 300
f 219 316 273
f 273 316 315
f 277 300 276
f 276 275 259
f 276 259 288
f 345 346 331
f 331 344 345
f 345 310 346
f 344 310 345
f 361 365 362
f 349 365 361
f 349 358 348
f 348 206 349
f 235 236 261
f 260 373 364
f 364 207 260
f 391 373 260
f 260 261 391
f 260 235 261
f 364 365 234
f 234 207 364
f 585 487 549
f 585 548 487
f 585 666 623
f 585 583 546
f 547 546 513
f 513 515 547
f 515 548 547
f 547 585 546
f 548 585 547
f 258 313 312
f 288 313 258
f 312 287 278
f 278 258 312
f 288 258 278
f 278 276 288
f 281 221 251
f 285 283 282
f 284 283 285
f 311 284 285
f 250 287 286
f 286 285 282
f 286 287 312
f 312 311 286
f 311 285 286
f 450 376 476
f 475 450 476
f 476 509 475
f 376 397 476
f 476 397 509
f 1265 1266 1305
f 1305 1264 1265
f 1265 1264 1266
f 12 13 14
f 1384 12 14
f 14 1385 1384
f 1425 1466 1424
f 1425 1385 1466
f 1424 1384 1425
f 1384 1385 1425
f 1047 1048 1108
f 1047 1045 1046
f 1046 977 1047
f 979 1048 1047
f 1042 974 1043
f 974 1044 1043
f 1041 1042 1043
f 1043 1103 1041
f 1104 1103 1043
f 1043 1044 1104
f 167 196 154
f 172 196 167
f 95 156 96
f 156 91 96
f 96 91 97
f 34 26 27
f 34 39 33
f 33 26 34
f 28 27 22
f 22 23 28
f 28 34 27
f 23 18 28
f 28 18 24
f 431 448 447
f 448 446 447
f 468 467 445
f 467 444 445
f 445 469 468
f 446 469 445
f 491 490 460
f 490 459 460
f 492 462 494
f 524 494 525
f 494 495 525
f 525 526 524
f 495 526 525
f 282 254 255
f 230 201 202
f 225 227 253
f 225 226 227
f 203 230 202
f 231 230 203
f 357 310 356
f 356 348 357
f 348 358 357
f 381 283 284
f 282 283 381
f 309 284 311
f 311 310 309
f 863 864 104
f 104 113 863
f 863 113 806
f 116 125 124
f 124 123 116
f 124 125 133
f 133 123 124
f 130 132 131
f 130 122 132
f 131 624 130
f 130 624 122
f 114 115 116
f 114 113 115
f 114 116 121
f 121 710 114
f 710 753 114
f 114 753 755
f 755 754 114
f 754 113 114
f 773 821 772
f 772 821 771
f 783 731 784
f 731 832 784
f 831 784 832
f 787 788 839
f 942 941 887
f 887 941 886
f 886 831 887
f 887 831 832
f 1060 1116 1059
f 1117 1116 1060
f 948 947 895
f 895 953 948
f 896 894 895
f 958 894 896
f 897 898 958
f 958 896 897
f 897 896 893
f 839 898 897
f 886 941 885
f 885 884 828
f 592 558 593
f 558 594 593
f 806 754 807
f 982 864 924
f 983 982 924
f 864 863 924
f 770 771 820
f 820 769 770
f 723 771 770
f 770 769 723
f 1171 1172 54
f 54 1170 1171
f 1173 55 54
f 54 1172 1173
f 1112 1170 54
f 54 1111 1112
f 1052 1111 54
f 820 821 878
f 814 874 873
f 935 936 990
f 935 878 936
f 1059 1058 997
f 997 1058 996
f 996 945 997
f 995 1057 994
f 995 996 1057
f 993 941 994
f 994 1057 993
f 1057 1056 993
f 992 939 993
f 993 1056 992
f 937 936 880
f 937 991 936
f 992 991 937
f 931 52 930
f 930 52 986
f 930 873 931
f 85 80 75
f 1225 1224 1223
f 98 135 129
f 98 96 97
f 97 91 98
f 98 91 135
f 98 129 95
f 95 96 98
f 171 91 155
f 143 135 93
f 144 150 139
f 139 169 144
f 158 174 157
f 158 157 148
f 158 159 160
f 160 174 158
f 158 150 159
f 148 149 158
f 149 150 158
f 489 459 490
f 489 458 459
f 626 670 669
f 626 627 670
f 669 668 626
f 550 141 551
f 550 140 141
f 550 586 131
f 131 140 550
f 517 490 491
f 517 489 490
f 517 552 488
f 488 489 517
f 322 335 321
f 322 321 320
f 322 323 336
f 336 335 322
f 322 320 293
f 293 294 322
f 294 323 322
f 321 335 333
f 415 321 333
f 333 335 334
f 333 414 415
f 334 414 333
f 377 397 369
f 369 397 376
f 369 370 377
f 369 376 370
f 745 703 746
f 746 703 747
f 800 745 746
f 746 747 800
f 747 703 704
f 749 748 704
f 704 748 747
f 705 706 704
f 704 706 749
f 660 705 704
f 704 703 660
f 565 531 566
f 566 601 565
f 603 602 568
f 647 648 688
f 686 685 647
f 647 685 646
f 688 687 647
f 647 687 686
f 684 644 645
f 645 685 684
f 646 685 645
f 645 602 603
f 645 644 602
f 537 505 575
f 575 574 537
f 536 504 537
f 504 505 537
f 717 718 763
f 767 818 766
f 818 719 766
f 765 719 818
f 818 817 765
f 679 638 680
f 637 594 675
f 594 638 675
f 675 638 676
f 676 717 675
f 675 674 637
f 675 717 674
f 1498 1471 1499
f 1499 1531 1498
f 1499 1471 1472
f 1532 1501 1568
f 1568 1501 1533
f 1568 1533 1588
f 1588 1611 1568
f 1568 1611 1587
f 1530 1547 1546
f 1530 1529 1547
f 1546 1498 1530
f 1498 1531 1530
f 1311 1352 1274
f 1353 1352 1311
f 1274 1234 1311
f 1234 1275 1311
f 1311 1312 1353
f 1311 1275 1312
f 1274 1352 1310
f 1310 1352 1351
f 30 38 35
f 1185 30 31
f 1267 1224 1225
f 33 1326 1328
f 20 33 1328
f 1328 1326 1327
f 1327 1289 1328
f 32 89 1328
f 1599 1640 1328
f 1328 103 20
f 1328 89 103
f 1328 1564 32
f 1640 1564 1328
f 1398 1415 1414
f 1323 43 44
f 44 1186 1270
f 44 43 37
f 37 1186 44
f 48 41 40
f 40 42 48
f 41 39 40
f 40 39 35
f 36 43 42
f 42 40 36
f 37 43 36
f 36 40 35
f 36 38 37
f 35 38 36
f 48 42 49
f 42 1322 49
f 49 1327 48
f 49 1289 1327
f 1286 1322 1364
f 1366 1349 1348
f 1348 1414 1366
f 1398 1414 1348
f 1365 1322 1323
f 1364 1322 1365
f 1365 1324 1366
f 1365 1412 1364
f 1349 1324 1307
f 1270 1308 1307
f 1307 1308 1349
f 1231 1188 1189
f 1189 1232 1231
f 37 38 1133
f 1309 1232 1273
f 1273 1232 1233
f 1273 1351 1309
f 1273 1310 1351
f 1273 1233 1274
f 1274 1310 1273
f 1237 1236 1193
f 1193 1194 1237
f 1139 1193 1192
f 1192 1236 1235
f 1192 1193 1236
f 1075 1188 1135
f 1137 1190 1189
f 1513 1550 1548
f 1552 1573 1507
f 1573 1541 1507
f 1553 1541 1578
f 1553 1577 1552
f 1553 1578 1577
f 1552 1507 1553
f 1553 1507 1541
f 1540 1541 1595
f 1578 1541 1540
f 1540 1595 1594
f 1594 1578 1540
f 1602 1601 1579
f 1579 1601 1578
f 1596 1624 1595
f 1597 1624 1596
f 1575 1597 1596
f 1596 1541 1575
f 1595 1541 1596
f 1639 1624 1625
f 1625 1658 1639
f 1610 1650 1625
f 1380 1497 1379
f 1380 1525 1497
f 1524 1525 1380
f 1380 1526 1524
f 7 1526 1380
f 1380 1379 7
f 1378 13 1379
f 1379 1381 1378
f 1377 13 1378
f 1378 1423 1377
f 1465 1423 1378
f 1378 1381 1465
f 1608 1 1603
f 1607 1 1606
f 1 1605 1606
f 1657 1656 1617
f 1617 1658 1657
f 1657 1625 1656
f 1658 1625 1657
f 1559 1522 1523
f 1524 1560 1523
f 1560 1559 1523
f 1523 1495 1524
f 1583 1557 1558
f 1558 1559 1583
f 1205 1152 659
f 659 1204 1205
f 1203 1152 1205
f 1205 1204 1203
f 1244 1204 1247
f 1247 1204 1248
f 1244 1245 1285
f 1319 1283 1285
f 1285 1283 1244
f 1285 1245 743
f 1246 1245 1244
f 1244 1247 1246
f 1246 1247 1248
f 1248 700 1246
f 743 1245 1246
f 1246 700 743
f 1319 1285 741
f 1284 1319 741
f 743 744 742
f 797 741 742
f 742 744 798
f 798 797 742
f 742 1285 743
f 742 741 1285
f 1164 1105 1106
f 1104 1105 1164
f 1214 1161 1162
f 1162 1215 1214
f 1100 1101 1162
f 1162 1161 1100
f 1162 1164 1215
f 1166 1219 1217
f 1217 1219 1218
f 1218 1264 1217
f 1217 1264 1263
f 953 952 951
f 840 900 899
f 899 960 898
f 961 960 899
f 899 900 961
f 899 898 839
f 839 840 899
f 852 853 851
f 1361 1318 1284
f 1361 1360 1318
f 851 1360 1361
f 1284 852 1361
f 1361 852 851
f 1255 1256 1297
f 1255 1038 1256
f 1297 1099 1255
f 1099 1038 1255
f 970 907 908
f 970 910 911
f 911 971 970
f 658 614 615
f 615 1042 658
f 1042 914 658
f 914 657 658
f 613 658 657
f 614 658 613
f 575 614 613
f 613 574 575
f 536 537 573
f 573 537 574
f 612 914 656
f 612 657 914
f 656 655 612
f 612 613 657
f 574 613 612
f 612 573 574
f 571 606 570
f 607 606 571
f 571 609 607
f 773 725 774
f 725 775 774
f 774 775 822
f 774 821 773
f 822 821 774
f 724 725 773
f 724 685 725
f 723 685 724
f 773 772 724
f 724 771 723
f 724 772 771
f 683 722 682
f 682 644 683
f 683 684 722
f 683 644 684
f 1391 1430 1390
f 1390 1339 1391
f 1390 1338 1339
f 1469 1432 1394
f 1098 1099 1157
f 1099 1158 1157
f 1158 1209 1157
f 1157 1209 1208
f 1333 1370 1369
f 1291 1292 1333
f 1333 1290 1291
f 1369 1290 1333
f 1460 1459 1495
f 1495 1523 1460
f 1460 1523 1459
f 1636 1459 1637
f 1616 1459 1636
f 1637 1652 1636
f 1636 1650 1616
f 1344 1396 1395
f 1395 1343 1344
f 1395 1396 1394
f 1394 1343 1395
f 1393 1343 1394
f 1394 1431 1393
f 1342 1341 1300
f 1342 1300 1344
f 1344 1343 1342
f 1304 1305 1347
f 1347 1346 1304
f 1344 1301 1345
f 1345 1301 1346
f 1346 1347 1345
f 1345 1396 1344
f 1302 1301 1259
f 1259 1260 1302
f 1258 1260 1259
f 1259 1299 1258
f 1259 1301 1299
f 1479 1478 1480
f 1478 1442 1480
f 1357 1317 1407
f 1357 1316 1317
f 1024 956 957
f 958 1024 957
f 957 894 958
f 957 956 895
f 895 894 957
f 1615 1616 1635
f 1635 1418 1615
f 1615 1418 1616
f 1462 1463 1495
f 1495 1418 1462
f 1462 1418 1463
f 1635 1646 1645
f 1645 1644 1635
f 1645 1646 1610
f 1610 1643 1645
f 1645 1643 1644
f 1648 1649 1610
f 1610 1647 1648
f 1648 1635 1649
f 1648 1647 1635
f 1612 1611 1588
f 1588 1589 1612
f 1612 1589 1590
f 1635 1643 1614
f 1610 1611 1634
f 1634 1643 1610
f 1634 1614 1643
f 1613 1614 1634
f 1634 1612 1613
f 1611 1612 1634
f 1420 1418 1635
f 1420 1614 1613
f 1635 1614 1420
f 1369 1422 1421
f 1463 1420 1421
f 1464 1463 1421
f 1421 1422 1464
f 1331 1590 1332
f 1332 1369 1331
f 1331 1368 1613
f 1369 1421 1331
f 1331 1421 1368
f 1569 1534 1570
f 1570 1589 1569
f 1569 1533 1534
f 1588 1533 1569
f 1569 1589 1588
f 1208 1252 1207
f 1252 1206 1207
f 1207 1154 1208
f 800 747 801
f 747 802 801
f 801 858 800
f 859 858 801
f 801 802 859
f 622 582 623
f 622 666 665
f 623 666 622
f 393 411 392
f 366 411 393
f 412 411 366
f 412 413 427
f 412 367 413
f 213 241 240
f 240 241 268
f 392 374 263
f 263 374 290
f 219 247 189
f 247 218 189
f 189 316 219
f 331 316 189
f 189 217 331
f 189 218 217
f 246 218 247
f 247 245 246
f 216 218 246
f 246 245 216
f 300 275 274
f 274 276 300
f 275 276 274
f 363 365 380
f 363 362 365
f 358 349 359
f 209 236 208
f 236 235 208
f 235 260 208
f 208 260 207
f 208 185 209
f 208 180 185
f 208 234 180
f 207 234 208
f 179 234 365
f 365 349 179
f 179 349 206
f 179 206 180
f 180 234 179
f 667 585 549
f 549 1305 667
f 667 1305 1110
f 666 585 667
f 1110 862 667
f 862 666 667
f 623 583 584
f 584 585 623
f 583 585 584
f 302 278 249
f 249 287 302
f 249 278 287
f 232 251 233
f 281 251 222
f 253 281 222
f 222 191 253
f 222 251 232
f 232 205 222
f 222 205 191
f 257 279 250
f 250 286 257
f 257 286 282
f 1386 13 15
f 1386 14 13
f 1426 1385 1386
f 1385 14 1386
f 1386 15 1375
f 1375 1387 1386
f 1386 1387 1427
f 1427 1426 1386
f 1107 1047 1108
f 1045 1047 1107
f 1107 1108 1106
f 1106 1045 1107
f 979 1047 978
f 978 1047 977
f 978 920 979
f 977 920 978
f 196 163 164
f 168 144 169
f 169 171 168
f 172 167 168
f 168 155 172
f 168 171 155
f 429 444 428
f 429 445 444
f 428 430 429
f 435 434 419
f 419 460 435
f 435 460 459
f 435 458 434
f 459 458 435
f 491 460 461
f 461 492 491
f 462 492 461
f 461 438 462
f 493 520 519
f 519 492 493
f 493 492 494
f 493 494 524
f 524 523 493
f 523 520 493
f 256 205 232
f 254 205 256
f 256 255 254
f 232 233 256
f 282 255 256
f 256 257 282
f 256 233 221
f 221 257 256
f 253 191 252
f 252 223 253
f 231 223 204
f 204 230 231
f 191 205 204
f 204 205 254
f 254 230 204
f 204 252 191
f 223 252 204
f 229 254 385
f 229 230 254
f 192 225 253
f 193 225 192
f 253 223 192
f 198 225 197
f 226 225 198
f 197 227 198
f 227 226 198
f 195 163 196
f 195 196 197
f 197 225 195
f 177 223 231
f 231 203 177
f 177 192 223
f 177 203 193
f 193 192 177
f 423 405 406
f 404 403 385
f 404 406 405
f 405 420 404
f 420 403 404
f 886 885 829
f 829 885 828
f 829 828 783
f 732 832 731
f 732 731 733
f 732 733 788
f 788 787 732
f 786 787 839
f 786 732 787
f 1117 1060 1061
f 1061 1060 999
f 893 896 892
f 895 947 892
f 892 896 895
f 943 994 942
f 943 995 994
f 592 593 634
f 983 924 925
f 811 760 812
f 811 869 810
f 811 810 759
f 759 760 811
f 812 760 761
f 760 715 761
f 629 672 671
f 629 630 672
f 722 769 721
f 769 768 721
f 767 722 721
f 880 936 879
f 936 878 879
f 879 878 821
f 879 822 880
f 879 821 822
f 1053 990 1054
f 1052 988 1053
f 1054 1111 1053
f 1053 1111 1052
f 987 988 1052
f 932 873 874
f 931 873 932
f 932 987 931
f 988 987 932
f 815 762 763
f 814 762 815
f 933 932 874
f 988 932 933
f 819 769 820
f 819 768 769
f 819 818 767
f 767 721 819
f 819 721 768
f 998 997 947
f 947 948 998
f 998 948 999
f 999 1060 998
f 998 1060 1059
f 1059 997 998
f 940 939 883
f 940 993 939
f 941 993 940
f 883 884 940
f 884 885 940
f 940 885 941
f 881 937 880
f 824 882 881
f 880 823 881
f 823 824 881
f 882 939 938
f 938 881 882
f 937 881 938
f 938 939 992
f 992 937 938
f 1174 55 1173
f 1174 1175 55
f 1173 1117 1174
f 1176 1175 1119
f 1119 1062 1063
f 58 985 50
f 928 50 985
f 51 50 928
f 986 52 929
f 52 51 929
f 51 928 929
f 929 930 986
f 170 169 139
f 139 171 170
f 170 171 169
f 135 91 92
f 92 93 135
f 91 171 92
f 150 144 145
f 159 150 145
f 144 168 145
f 145 168 167
f 457 489 488
f 458 489 457
f 488 157 457
f 157 458 457
f 625 624 586
f 668 624 625
f 625 626 668
f 557 558 592
f 557 521 558
f 553 588 552
f 518 517 491
f 491 492 518
f 518 492 519
f 552 517 518
f 518 553 552
f 602 601 567
f 601 566 567
f 567 568 602
f 532 568 567
f 531 532 567
f 567 566 531
f 569 532 534
f 569 568 532
f 534 570 569
f 570 568 569
f 605 606 648
f 570 606 605
f 605 568 570
f 720 681 767
f 767 766 720
f 720 766 719
f 719 679 720
f 680 681 720
f 720 679 680
f 638 679 677
f 676 638 677
f 677 717 676
f 718 717 677
f 1473 1499 1472
f 1531 1499 1473
f 1567 1531 1532
f 1567 1530 1531
f 1529 1530 1567
f 1566 1529 1567
f 1567 1587 1566
f 1532 1568 1567
f 1567 1568 1587
f 86 23 85
f 86 18 23
f 70 1223 1224
f 1185 31 1184
f 1184 31 1229
f 19 86 1229
f 18 86 19
f 24 18 19
f 29 31 30
f 29 30 35
f 24 31 29
f 35 39 29
f 39 34 29
f 29 28 24
f 34 28 29
f 1225 1227 1268
f 1268 1267 1225
f 1329 1289 1450
f 1450 1330 1329
f 1329 1328 1289
f 1330 1328 1329
f 1416 1487 1599
f 1599 1328 1416
f 1416 1330 1450
f 1416 1328 1330
f 1364 1412 1320
f 1450 1289 1451
f 1450 1451 1488
f 1488 1416 1450
f 1487 1416 1488
f 1323 44 1325
f 1325 44 1270
f 1325 1365 1323
f 1324 1365 1325
f 1270 1307 1325
f 1325 1307 1324
f 1249 49 1322
f 1289 49 1249
f 1249 1451 1289
f 1489 1451 1249
f 1249 1286 1489
f 1322 1286 1287
f 1286 1249 1287
f 1399 1348 1349
f 1398 1348 1399
f 1270 1186 1271
f 1271 1308 1270
f 1271 1231 1308
f 1272 1231 1232
f 1308 1231 1272
f 1272 1232 1309
f 1309 1308 1272
f 37 1133 1132
f 1132 1186 37
f 1191 1234 1274
f 1274 1233 1191
f 1235 1234 1191
f 1191 1192 1235
f 1191 1233 1190
f 1139 1192 1191
f 1189 1188 1136
f 1188 1075 1136
f 1136 1137 1189
f 1081 1082 1142
f 1021 1082 1081
f 1081 1020 1021
f 1576 1550 1515
f 1483 1447 1484
f 1550 1513 1486
f 1486 1515 1550
f 1491 1515 1486
f 1548 1487 1486
f 1486 1513 1548
f 1362 1411 1458
f 1411 1491 1458
f 1446 1411 1362
f 1362 1412 1446
f 1412 1447 1446
f 1447 1483 1446
f 1415 1447 1413
f 1413 1447 1412
f 1412 1365 1413
f 1413 1414 1415
f 1366 1414 1413
f 1413 1365 1366
f 1484 1447 1449
f 1398 1433 1449
f 1554 1578 1594
f 1554 1579 1578
f 1594 1602 1554
f 1602 1579 1554
f 1653 1625 1652
f 1653 1652 1638
f 1652 1625 1651
f 1651 1625 1650
f 1651 1636 1652
f 1650 1636 1651
f 1598 1624 1597
f 1598 1625 1624
f 1597 1586 1598
f 1598 1586 1610
f 1610 1625 1598
f 1604 1605 1
f 1 1608 1604
f 1582 1605 1607
f 1607 1606 1582
f 1582 1606 1605
f 1521 1522 1559
f 1559 1558 1521
f 1618 1522 1521
f 1164 1162 1163
f 1104 1164 1163
f 1163 1162 1101
f 1166 1217 1216
f 1215 1164 1216
f 1214 1215 1216
f 1216 1262 1214
f 1263 1262 1216
f 1216 1217 1263
f 954 951 1004
f 950 952 1021
f 950 951 952
f 1065 1064 1063
f 1124 1064 1065
f 1021 1020 1005
f 1004 951 1005
f 1005 950 1021
f 951 950 1005
f 1007 1005 1020
f 798 853 796
f 853 852 796
f 796 797 798
f 796 741 797
f 1284 741 796
f 796 852 1284
f 1359 1407 1358
f 1358 1360 1359
f 850 1360 851
f 851 910 850
f 1034 1442 1443
f 609 571 572
f 572 535 536
f 536 573 572
f 570 535 572
f 572 571 570
f 611 612 655
f 573 612 611
f 611 572 573
f 611 655 654
f 1337 1338 1389
f 1338 1390 1389
f 1389 1373 1337
f 1389 1388 1373
f 1428 1388 1389
f 1389 1390 1430
f 1470 1430 1432
f 1432 1469 1470
f 1470 1469 1430
f 1428 1469 1468
f 1468 1467 1427
f 1427 1428 1468
f 1424 1467 1468
f 1468 1469 1394
f 1394 1305 1468
f 549 1424 1468
f 1468 1305 549
f 1293 1333 1292
f 1293 1254 1294
f 1293 1253 1254
f 1292 1252 1293
f 1293 1252 1253
f 1459 1523 1494
f 1638 1459 1494
f 1494 1523 1522
f 1494 1522 1638
f 1343 1393 1392
f 1392 1342 1343
f 1340 1341 1392
f 1341 1342 1392
f 1391 1339 1392
f 1339 1340 1392
f 1392 1431 1391
f 1392 1393 1431
f 1396 1345 1397
f 1397 1345 1347
f 1305 1396 1397
f 1397 1347 1305
f 1095 1480 1442
f 1463 1418 1419
f 1419 1420 1463
f 1418 1420 1419
f 1368 1421 1367
f 1367 1421 1420
f 1613 1368 1367
f 1367 1420 1613
f 1506 1206 1505
f 1506 1207 1206
f 1506 1505 1504
f 1154 1207 1506
f 1506 1504 1479
f 1479 1154 1506
f 620 582 621
f 582 622 621
f 665 620 621
f 621 622 665
f 264 265 366
f 366 393 264
f 264 393 392
f 394 412 366
f 367 412 394
f 394 318 367
f 366 265 394
f 267 318 265
f 268 294 267
f 375 367 292
f 367 318 292
f 319 375 292
f 294 319 292
f 292 267 294
f 318 267 292
f 237 262 211
f 290 262 237
f 237 263 290
f 360 349 361
f 360 359 349
f 190 251 221
f 221 233 190
f 190 233 251
f 220 221 279
f 279 257 220
f 220 257 221
f 154 196 166
f 146 164 163
f 163 152 146
f 160 159 146
f 146 152 160
f 421 438 437
f 438 461 437
f 201 230 228
f 230 229 228
f 402 201 228
f 228 385 402
f 228 229 385
f 163 195 153
f 160 152 153
f 153 152 163
f 386 404 385
f 385 254 386
f 284 309 383
f 310 357 383
f 383 309 310
f 407 406 388
f 388 389 407
f 388 383 389
f 388 404 381
f 406 404 388
f 364 373 390
f 390 373 408
f 390 408 407
f 407 389 390
f 830 831 886
f 886 829 830
f 784 831 830
f 783 784 830
f 830 829 783
f 839 897 837
f 837 786 839
f 836 897 893
f 946 892 947
f 947 997 946
f 946 997 945
f 996 995 944
f 995 943 944
f 944 945 996
f 943 889 944
f 637 674 636
f 636 594 637
f 636 593 594
f 810 869 868
f 865 863 806
f 806 807 865
f 759 810 758
f 712 670 671
f 712 711 670
f 671 672 712
f 756 807 754
f 756 808 807
f 711 712 756
f 756 754 755
f 755 753 756
f 756 753 710
f 710 711 756
f 674 715 673
f 673 636 674
f 672 634 673
f 716 761 715
f 674 717 716
f 716 715 674
f 716 717 763
f 763 762 716
f 762 761 716
f 672 630 631
f 631 632 672
f 592 632 631
f 633 634 672
f 672 632 633
f 592 634 633
f 633 632 592
f 671 627 628
f 628 629 671
f 61 50 51
f 61 51 52
f 64 54 55
f 53 52 931
f 931 987 53
f 54 64 53
f 53 64 63
f 1052 54 53
f 53 987 1052
f 764 815 763
f 764 765 817
f 763 718 764
f 718 765 764
f 816 874 814
f 814 815 816
f 816 764 817
f 815 764 816
f 988 933 989
f 990 1053 989
f 989 1053 988
f 989 935 990
f 989 934 935
f 933 934 989
f 1118 1119 1175
f 1118 1174 1117
f 1175 1174 1118
f 1117 1061 1118
f 1118 1061 1062
f 1062 1119 1118
f 1176 1119 1120
f 1120 1119 1063
f 1063 1064 1120
f 1120 1064 1121
f 1223 1222 1178
f 1225 1223 1178
f 1178 1179 1225
f 1121 1064 1123
f 1123 1064 1124
f 870 811 812
f 869 811 870
f 927 928 985
f 927 929 928
f 869 870 927
f 873 930 872
f 930 929 872
f 814 873 872
f 56 66 55
f 57 67 56
f 56 67 66
f 55 1175 56
f 56 1175 1176
f 138 139 143
f 143 137 138
f 138 171 139
f 94 137 143
f 94 138 137
f 171 138 94
f 94 92 171
f 93 92 94
f 587 625 586
f 588 625 587
f 586 550 587
f 552 588 587
f 551 552 587
f 587 550 551
f 590 628 627
f 629 628 590
f 627 626 589
f 626 625 589
f 589 590 627
f 589 625 588
f 588 590 589
f 604 605 648
f 648 647 604
f 604 647 646
f 604 645 603
f 646 645 604
f 603 568 604
f 568 605 604
f 678 679 719
f 678 677 679
f 719 765 678
f 678 765 718
f 718 677 678
f 1435 1473 1472
f 1435 1472 1434
f 1434 1400 1435
f 1435 1351 1401
f 1400 1351 1435
f 1436 1435 1401
f 1473 1435 1436
f 1401 1352 1436
f 1436 1352 1402
f 1437 1474 1436
f 1436 1402 1437
f 1531 1473 1500
f 1532 1531 1500
f 1500 1436 1474
f 1473 1436 1500
f 1500 1501 1532
f 1474 1501 1500
f 1229 86 1306
f 1306 86 1267
f 1224 1267 82
f 1267 86 82
f 71 70 69
f 1223 70 71
f 71 1222 1223
f 57 1222 71
f 69 67 71
f 71 67 57
f 1228 1184 1229
f 1229 31 25
f 25 19 1229
f 25 31 24
f 24 19 25
f 1011 1018 1017
f 1018 1079 1017
f 1011 1017 1014
f 1017 1016 1014
f 1014 1016 1015
f 1489 1286 1452
f 1452 1451 1489
f 1417 1453 1320
f 1454 1417 1320
f 1453 1417 1454
f 1454 1452 1453
f 1454 1488 1451
f 1451 1452 1454
f 1288 1249 1322
f 1322 1287 1288
f 1288 1287 1249
f 1349 1308 1350
f 1350 1399 1349
f 1350 1308 1309
f 1309 1400 1350
f 1350 1400 1398
f 1398 1399 1350
f 1133 1073 1134
f 38 30 1130
f 1130 30 1185
f 1186 1132 1230
f 1230 1271 1186
f 1188 1231 1230
f 1231 1271 1230
f 1138 1191 1190
f 1139 1191 1138
f 1190 1137 1138
f 1140 1193 1139
f 1545 1498 1546
f 1546 1544 1545
f 1576 1515 1551
f 1551 1515 1516
f 1551 1577 1600
f 1599 1576 1551
f 1551 1600 1599
f 1543 1544 1546
f 1516 1515 1482
f 1492 1515 1491
f 1492 1482 1515
f 1362 1458 1457
f 1491 1486 1490
f 1490 1458 1491
f 1490 1457 1458
f 1448 1447 1415
f 1448 1449 1447
f 1448 1415 1398
f 1398 1449 1448
f 1625 1653 1654
f 1654 1653 1638
f 1618 1521 1520
f 1520 1521 1558
f 1520 1556 1618
f 1557 1556 1520
f 1520 1558 1557
f 1102 1101 1040
f 1102 1163 1101
f 1102 1040 1041
f 1041 1103 1102
f 1102 1103 1104
f 1104 1163 1102
f 1166 1216 1165
f 1165 1216 1164
f 1106 1166 1165
f 1165 1164 1106
f 1003 954 1004
f 953 951 949
f 951 954 949
f 949 948 953
f 999 948 949
f 1019 1007 1020
f 1019 1079 1018
f 1004 1005 1006
f 1005 1007 1006
f 1006 1003 1004
f 1066 1003 1006
f 1006 1008 1066
f 1007 1008 1006
f 1066 1008 1067
f 1124 1065 1067
f 1067 1065 1066
f 849 1359 1360
f 1360 850 849
f 849 850 910
f 910 970 849
f 1035 1097 1034
f 1034 1443 1035
f 1444 968 1035
f 1035 1443 1444
f 1441 1442 1478
f 1441 1443 1442
f 1478 1440 1441
f 1441 1357 1407
f 1407 1444 1441
f 1444 1443 1441
f 654 609 610
f 609 572 610
f 610 611 654
f 572 611 610
f 1430 1469 1429
f 1429 1389 1430
f 1429 1469 1428
f 1428 1389 1429
f 1370 1333 1334
f 1333 1293 1334
f 1334 1335 1370
f 1294 1335 1334
f 1334 1293 1294
f 1479 1480 1155
f 1480 1095 1155
f 1155 1154 1479
f 1208 1154 1155
f 1096 1442 1034
f 1096 1095 1442
f 1034 1097 1096
f 1590 1331 1591
f 1591 1612 1590
f 1591 1331 1613
f 1613 1612 1591
f 392 263 291
f 291 264 392
f 265 264 266
f 266 267 265
f 266 240 268
f 268 267 266
f 265 318 317
f 317 394 265
f 318 394 317
f 239 211 213
f 213 240 239
f 196 164 165
f 165 166 196
f 164 146 165
f 436 461 460
f 436 437 461
f 419 420 436
f 436 460 419
f 436 420 421
f 421 437 436
f 381 404 387
f 404 386 387
f 282 381 387
f 387 254 282
f 387 386 254
f 382 388 381
f 383 388 382
f 382 381 284
f 284 383 382
f 389 383 384
f 384 390 389
f 364 390 384
f 359 360 384
f 358 359 384
f 380 364 384
f 384 360 361
f 384 357 358
f 384 383 357
f 384 363 380
f 361 362 384
f 362 363 384
f 891 946 945
f 892 946 891
f 893 892 891
f 891 836 893
f 786 837 838
f 836 891 838
f 838 837 897
f 897 836 838
f 833 887 832
f 833 834 887
f 732 786 785
f 786 834 785
f 834 833 785
f 832 732 785
f 785 833 832
f 887 834 888
f 888 889 943
f 942 887 888
f 888 943 942
f 835 834 786
f 786 838 835
f 889 888 835
f 835 888 834
f 926 984 983
f 983 925 926
f 926 925 867
f 867 868 926
f 985 984 926
f 926 927 985
f 926 868 869
f 869 927 926
f 866 808 867
f 866 924 863
f 863 865 866
f 807 808 866
f 866 865 807
f 867 925 866
f 866 925 924
f 867 808 809
f 809 758 810
f 809 868 867
f 810 868 809
f 713 712 672
f 758 712 713
f 759 758 713
f 808 756 757
f 757 756 712
f 757 712 758
f 757 809 808
f 758 809 757
f 635 673 634
f 636 673 635
f 635 634 593
f 593 636 635
f 714 673 715
f 714 760 759
f 714 715 760
f 759 713 714
f 672 673 714
f 714 713 672
f 588 553 554
f 554 518 519
f 553 518 554
f 519 520 554
f 60 61 59
f 50 61 60
f 60 59 58
f 58 50 60
f 59 61 62
f 62 74 59
f 62 64 66
f 63 64 62
f 62 61 52
f 52 53 62
f 62 53 63
f 55 66 65
f 65 64 55
f 66 64 65
f 876 817 818
f 818 819 876
f 874 816 875
f 875 933 874
f 875 934 933
f 875 876 934
f 875 816 817
f 817 876 875
f 878 935 877
f 935 934 877
f 820 878 877
f 934 876 877
f 877 819 820
f 877 876 819
f 1121 1123 1122
f 1122 1178 1121
f 1179 1178 1122
f 871 872 929
f 929 927 871
f 871 927 870
f 871 870 812
f 76 86 68
f 68 67 69
f 68 86 85
f 69 70 68
f 68 70 76
f 66 67 68
f 75 66 68
f 85 75 68
f 1177 1222 57
f 57 56 1177
f 1177 1178 1222
f 1121 1178 1177
f 1176 1120 1177
f 1177 1120 1121
f 143 93 136
f 136 94 143
f 93 94 136
f 555 590 588
f 588 554 555
f 630 629 591
f 629 590 591
f 591 631 630
f 592 631 591
f 591 557 592
f 591 556 557
f 591 555 556
f 590 555 591
f 1267 1268 1269
f 1269 1306 1267
f 1229 1306 1269
f 1269 1228 1229
f 1269 1268 1227
f 1227 1228 1269
f 1224 82 77
f 77 82 76
f 77 70 1224
f 76 70 77
f 81 86 76
f 76 82 81
f 81 82 86
f 1185 1184 1129
f 1184 1228 1129
f 1137 1136 1076
f 1076 1016 1137
f 1015 1016 1076
f 1076 1075 1015
f 1076 1136 1075
f 1078 1016 1017
f 1078 1017 1079
f 1139 1138 1078
f 1078 1140 1139
f 1079 1140 1078
f 1179 1181 1226
f 1226 1227 1225
f 1225 1179 1226
f 1226 1182 1227
f 1181 1182 1226
f 1180 1181 1179
f 1179 1122 1180
f 1180 1122 1123
f 1320 1453 1321
f 1364 1320 1321
f 1453 1452 1321
f 1321 1286 1364
f 1321 1452 1286
f 1363 1454 1320
f 1363 1320 1412
f 1363 1412 1362
f 1362 1457 1363
f 1074 1134 1073
f 1074 1075 1135
f 1135 1134 1074
f 1015 1075 1074
f 1131 1073 1133
f 1131 1130 1073
f 1131 1133 38
f 38 1130 1131
f 1183 1129 1228
f 1183 1228 1227
f 1227 1182 1183
f 1069 1070 1126
f 1181 1180 1126
f 1187 1230 1132
f 1187 1132 1133
f 1135 1188 1187
f 1188 1230 1187
f 1187 1134 1135
f 1133 1134 1187
f 1194 1193 1141
f 1193 1140 1141
f 1142 1194 1141
f 1512 1545 1544
f 1498 1545 1512
f 1512 1471 1498
f 1493 1551 1516
f 1518 1543 1508
f 1542 1519 1508
f 1508 1519 1518
f 1546 1542 1508
f 1508 1543 1546
f 1517 1551 1518
f 1518 1519 1517
f 1577 1551 1517
f 1552 1577 1517
f 1517 1542 1552
f 1517 1519 1542
f 1510 1483 1484
f 1510 1482 1483
f 1510 1481 1516
f 1516 1482 1510
f 1510 1543 1481
f 1544 1543 1510
f 1445 1492 1491
f 1445 1491 1411
f 1483 1482 1445
f 1482 1492 1445
f 1411 1446 1445
f 1445 1446 1483
f 1514 1486 1487
f 1514 1490 1486
f 1487 1488 1514
f 1488 1454 1514
f 1656 1625 1655
f 1625 1654 1655
f 1638 1656 1655
f 1655 1654 1638
f 1066 1065 1002
f 1002 1003 1066
f 1002 1065 1063
f 1010 1008 1007
f 1007 1019 1010
f 1010 1019 1018
f 1010 1018 1011
f 1009 1067 1008
f 1009 1010 1011
f 1008 1010 1009
f 907 969 1408
f 1408 1444 1407
f 1408 968 1444
f 1408 969 968
f 1359 849 909
f 909 1410 1359
f 909 970 908
f 909 849 970
f 908 907 909
f 907 1410 909
f 968 969 1036
f 1037 1097 1036
f 1036 971 1037
f 1097 1035 1036
f 1036 1035 968
f 1036 970 971
f 907 970 1036
f 1036 969 907
f 1356 1440 1405
f 1316 1357 1356
f 1356 1355 1315
f 1405 1355 1356
f 1356 1315 1280
f 1280 1316 1356
f 1156 1096 1097
f 1156 1097 1098
f 1098 1157 1156
f 1095 1096 1156
f 1156 1157 1208
f 1208 1155 1156
f 1156 1155 1095
f 238 266 264
f 240 266 238
f 238 239 240
f 264 291 238
f 238 237 211
f 211 239 238
f 263 237 238
f 238 291 263
f 166 165 151
f 151 165 146
f 154 166 151
f 151 146 159
f 151 167 154
f 159 145 151
f 151 145 167
f 161 153 195
f 195 162 161
f 160 153 161
f 224 225 193
f 193 162 224
f 202 175 176
f 176 203 202
f 193 203 176
f 176 162 193
f 176 174 160
f 175 174 176
f 160 161 176
f 176 161 162
f 890 891 945
f 945 944 890
f 890 944 889
f 890 838 891
f 889 835 890
f 890 835 838
f 521 557 522
f 557 556 522
f 522 554 520
f 556 555 522
f 522 555 554
f 522 520 523
f 523 521 522
f 813 871 812
f 813 762 814
f 814 872 813
f 872 871 813
f 812 761 813
f 813 761 762
f 1221 56 1176
f 1176 1177 1221
f 1221 1177 56
f 1077 1138 1137
f 1077 1078 1138
f 1137 1016 1077
f 1016 1078 1077
f 1456 1363 1457
f 1457 1490 1456
f 1490 1514 1456
f 1015 1074 1013
f 1013 1014 1015
f 1013 1070 1069
f 1127 1126 1070
f 1127 1182 1181
f 1181 1126 1127
f 1073 1130 1072
f 1072 1130 1185
f 1185 1129 1072
f 1125 1126 1180
f 1125 1123 1124
f 1125 1180 1123
f 1069 1126 1125
f 1080 1081 1142
f 1142 1141 1080
f 1079 1019 1080
f 1080 1140 1079
f 1080 1141 1140
f 1020 1081 1080
f 1080 1019 1020
f 1509 1543 1518
f 1518 1551 1509
f 1551 1493 1509
f 1509 1493 1516
f 1516 1481 1509
f 1481 1543 1509
f 1511 1510 1484
f 1511 1512 1544
f 1544 1510 1511
f 1063 1062 1001
f 1001 1002 1063
f 954 1003 1001
f 1003 1002 1001
f 1012 1009 1011
f 1011 1014 1012
f 1012 1013 1069
f 1014 1013 1012
f 1409 1410 907
f 907 1408 1409
f 1359 1410 1409
f 1407 1359 1409
f 1409 1408 1407
f 1406 1441 1440
f 1440 1356 1406
f 1357 1441 1406
f 1406 1356 1357
f 194 195 225
f 225 224 194
f 194 162 195
f 194 224 162
f 1454 1363 1455
f 1363 1456 1455
f 1455 1514 1454
f 1455 1456 1514
f 1071 1127 1070
f 1071 1074 1073
f 1073 1072 1071
f 1070 1013 1071
f 1071 1013 1074
f 1067 1009 1068
f 1124 1067 1068
f 1068 1125 1124
f 1069 1125 1068
f 1068 1012 1069
f 1009 1012 1068
f 1485 1511 1484
f 1512 1511 1485
f 1484 1449 1485
f 1471 1512 1485
f 1485 1449 1433
f 1433 1471 1485
f 1000 949 954
f 954 1001 1000
f 999 949 1000
f 1000 1001 1062
f 1000 1061 999
f 1062 1061 1000
f 1127 1071 1128
f 1128 1183 1182
f 1182 1127 1128
f 1128 1071 1072
f 1129 1183 1128
f 1128 1072 1129
f 80 99 101
f 80 101 84
f 1503 1477 1504
f 1504 1535 1503
f 312 313 329
f 329 311 312
f 278 301 277
f 278 302 301
f 277 276 278
f 75 80 84
f 84 74 75
f 426 411 412
f 412 427 426
f 431 447 429
f 429 430 431
f 429 447 446
f 446 445 429
f 407 424 406
f 406 424 423
f 1603 1581 1604
f 1604 1608 1603
f 1581 1605 1604
f 62 75 74
f 62 66 75

