# https://github.com/mikedh/trimesh
v 0.04130699 0.01150015 0.04890019
v 0.04030699 0.01250014 0.04890018
v 0.04130698 0.01150014 0.04990019
v 0.04030698 0.01250014 0.04990018
v -0.04029302 0.01249986 0.04889988
v -0.04129302 0.01149986 0.04889988
v -0.04029303 0.01249986 0.04989988
v -0.04129302 0.01149986 0.04989988
v -0.00000016 -0.01318299 0.05525003
v -0.00000016 -0.01326787 0.05524278
v 0.00069114 -0.01324984 0.05524278
v 0.00068671 -0.01316508 0.05525003
v 0.00257688 -0.01301518 0.05524278
v 0.00256039 -0.01293192 0.05525003
v 0.00440975 -0.01251354 0.05524279
v 0.00438154 -0.01243349 0.05525004
v 0.00615216 -0.01175520 0.05524279
v 0.00611281 -0.01168000 0.05525005
v 0.00776837 -0.01075572 0.05524280
v 0.00771867 -0.01068692 0.05525006
v 0.00922522 -0.00953561 0.05524281
v 0.00916620 -0.00947461 0.05525006
v 0.01049282 -0.00811989 0.05524281
v 0.01042570 -0.00806795 0.05525007
v 0.01154518 -0.00653761 0.05524282
v 0.01147132 -0.00649579 0.05525007
v 0.01236070 -0.00482122 0.05524282
v 0.01228163 -0.00479037 0.05525007
v 0.01292267 -0.00300592 0.05524282
v 0.01284000 -0.00298670 0.05525007
v 0.01321954 -0.00112898 0.05524282
v 0.01313497 -0.00112175 0.05525007
v 0.01324523 0.00077113 0.05524282
v 0.01316049 0.00076620 0.05525007
v 0.01299921 0.00265543 0.05524282
v 0.01291605 0.00263844 0.05525007
v 0.01290853 0.00306351 0.05523899
v 0.01283306 0.00301634 0.05525008
v 0.01294838 0.00308841 0.05523312
v -0.00000015 -0.01348145 0.05515118
v -0.00000015 -0.01338006 0.05520956
v 0.00070227 -0.01346314 0.05515118
v 0.00069698 -0.01336188 0.05520956
v 0.00259867 -0.01312524 0.05520957
v 0.00444704 -0.01261935 0.05520958
v 0.04555873 -0.01820084 0.01721646
v 0.04583572 -0.01779687 0.01714154
v 0.04384796 -0.02048316 0.01909694
v 0.04761503 -0.01480274 0.01701628
v 0.04718475 -0.01555348 0.01696251
v 0.04717878 -0.01554922 0.01693747
v 0.05025633 -0.01001490 0.01950021
v 0.05015918 -0.01034498 0.01920731
v 0.05003785 -0.01064929 0.01890180
v 0.05006597 -0.01057503 0.01893949
v 0.04932131 -0.01191496 0.01789509
v 0.04971614 -0.01125716 0.01833861
v 0.04971333 -0.01127383 0.01836148
v 0.04988410 -0.01096837 0.01863254
v 0.04890072 -0.01259373 0.01754120
v 0.04889698 -0.01258121 0.01751678
v 0.04932048 -0.01190020 0.01787115
v 0.04973100 -0.01121469 0.01834068
v 0.04847039 -0.01330982 0.01728224
v 0.04803875 -0.01404908 0.01710272
v 0.04846465 -0.01329931 0.01725790
v 0.04803169 -0.01404047 0.01707878
v 0.04718790 -0.01555620 0.01698966
v 0.04761719 -0.01480706 0.01704477
v 0.04889934 -0.01255455 0.01750181
v 0.04932783 -0.01186796 0.01786138
v 0.04675137 -0.01630774 0.01699114
v 0.04674750 -0.01630655 0.01696559
v 0.04629329 -0.01705657 0.01700770
v 0.04629980 -0.01705769 0.01702999
v 0.04674117 -0.01630384 0.01694182
v 0.04673288 -0.01629988 0.01692020
v 0.04717060 -0.01554376 0.01691490
v 0.04628506 -0.01705418 0.01698719
v 0.04609755 -0.01734387 0.01701324
v 0.04536936 -0.01851404 0.01735786
v 0.04489907 -0.01919238 0.01767458
v 0.04508007 -0.01891626 0.01749627
v 0.04443892 -0.01980455 0.01811950
v 0.04432176 -0.01993969 0.01821983
v 0.04422098 -0.02007285 0.01840120
v 0.04402066 -0.02030310 0.01872736
v 0.04403746 -0.02027718 0.01864914
v 0.04466711 -0.01949272 0.01783548
v 0.04445256 -0.01979225 0.01814496
v 0.04491175 -0.01918330 0.01770673
v 0.04538135 -0.01850831 0.01739549
v 0.04584718 -0.01779447 0.01718370
v 0.04630421 -0.01705734 0.01705375
v 0.04369674 -0.02061221 0.01950018
v 0.04382254 -0.02050381 0.01910495
v 0.04760968 -0.01479687 0.01699016
v 0.04790745 -0.01423137 0.01702206
v 0.04931822 -0.01192916 0.01792217
v 0.04890100 -0.01260554 0.01756889
v 0.04847305 -0.01331944 0.01730980
v 0.04804306 -0.01405668 0.01712969
v 0.04733700 -0.01522936 0.01690903
v 0.05015110 -0.01043575 0.02152912
v 0.05009325 -0.01065002 0.02163829
v 0.05035861 -0.00957939 0.02058167
v 0.05034353 -0.00964525 0.02072776
v 0.05036621 -0.00954590 0.02040627
v 0.05036364 -0.00955722 0.02046554
v 0.05027369 -0.00994301 0.02113142
v 0.05021083 -0.01019567 0.02133535
v 0.05033606 -0.00967786 0.02080012
v 0.04386276 -0.02049182 0.02167337
v 0.04477670 -0.01976680 0.02286698
v 0.04359556 -0.02068291 0.02008881
v 0.04360260 -0.02067799 0.02004782
v 0.04386743 -0.02048846 0.02168688
v 0.04491448 -0.01964964 0.02300849
v 0.04450002 -0.02000041 0.02263751
v 0.04413976 -0.02028488 0.02218526
v 0.04359624 -0.02068222 0.02061584
v 0.04368709 -0.02061823 0.02116520
v 0.04514382 -0.01944111 0.02313674
v 0.04552106 -0.01908226 0.02334370
v 0.04535828 -0.01924312 0.02329303
v 0.04641524 -0.01812163 0.02365353
v 0.04590121 -0.01869315 0.02349441
v 0.04584174 -0.01875937 0.02350641
v 0.04730463 -0.01695605 0.02364683
v 0.04701534 -0.01736529 0.02370000
v 0.04663001 -0.01785753 0.02364766
v 0.04815439 -0.01559665 0.02349381
v 0.04843628 -0.01505899 0.02332999
v 0.04790508 -0.01602106 0.02353155
v 0.04930812 -0.01308878 0.02273026
v 0.04918053 -0.01343140 0.02290004
v 0.04890378 -0.01407540 0.02305879
v 0.04866160 -0.01461489 0.02326037
v 0.04994402 -0.01119465 0.02197466
v 0.04966422 -0.01209724 0.02236813
v 0.05036177 -0.00956544 0.02018898
v 0.05036452 -0.00955335 0.02023226
v 0.05030051 -0.00982904 0.01970644
v 0.05032175 -0.00973967 0.01980560
v 0.05033794 -0.00966940 0.01993203
v 0.05035286 -0.00960468 0.02004850
v 0.04961700 -0.01224389 0.02245553
v 0.04762681 -0.01647929 0.02363913
v -0.04666169 -0.01627693 0.01694216
v -0.04968598 -0.01130460 0.01832688
v -0.04928573 -0.01192074 0.01784983
v -0.04755013 -0.01477965 0.01697943
v -0.04841774 -0.01330090 0.01724086
v -0.04797973 -0.01403141 0.01706492
v -0.04798696 -0.01404016 0.01708875
v -0.04439973 -0.01976334 0.01813217
v -0.04401650 -0.02027474 0.01874355
v -0.04420762 -0.02003105 0.01842981
v -0.04383256 -0.02048569 0.01909288
v -0.04400078 -0.02028933 0.01872525
v -0.04368213 -0.02062283 0.01949986
v -0.04381528 -0.02049737 0.01908064
v -0.04381986 -0.02049305 0.01906622
v -0.04419208 -0.02004412 0.01840710
v -0.04465102 -0.01938865 0.01781710
v -0.04483980 -0.01913811 0.01769508
v -0.04441508 -0.01975187 0.01815872
v -0.04428124 -0.01990860 0.01823481
v -0.04403041 -0.02024078 0.01862017
v -0.04485464 -0.01912992 0.01772801
v -0.04531107 -0.01845205 0.01741552
v -0.04529686 -0.01845699 0.01737742
v -0.04575618 -0.01774554 0.01715596
v -0.04576965 -0.01774373 0.01719834
v -0.04621088 -0.01701790 0.01701532
v -0.04552321 -0.01807811 0.01721347
v -0.04506574 -0.01877850 0.01747911
v -0.04725473 -0.01523619 0.01689945
v -0.04710928 -0.01552663 0.01693110
v -0.04711568 -0.01553104 0.01695605
v -0.04666863 -0.01627981 0.01696585
v -0.04667317 -0.01628114 0.01699143
v -0.04622346 -0.01701911 0.01706139
v -0.04755577 -0.01478566 0.01700546
v -0.04711932 -0.01553387 0.01698318
v -0.04755828 -0.01479007 0.01703393
v -0.04799147 -0.01404787 0.01711566
v -0.04842653 -0.01332116 0.01729260
v -0.04842365 -0.01331148 0.01726510
v -0.04886116 -0.01260228 0.01752219
v -0.04885727 -0.01258957 0.01749788
v -0.04928379 -0.01195030 0.01790060
v -0.05001321 -0.01071776 0.01891333
v -0.04986088 -0.01101360 0.01861526
v -0.04892279 -0.01246316 0.01752792
v -0.05002143 -0.01069105 0.01888220
v -0.04974707 -0.01118097 0.01838380
v -0.04986371 -0.01100473 0.01860398
v -0.04968414 -0.01131316 0.01833854
v -0.04928670 -0.01193579 0.01787361
v -0.04886161 -0.01261427 0.01754982
v -0.04934611 -0.01180738 0.01789290
v -0.04844290 -0.01323527 0.01723621
v -0.05024190 -0.01007485 0.01949984
v -0.05005439 -0.01061095 0.01894721
v -0.05005056 -0.01062190 0.01893593
v -0.04604974 -0.01724183 0.01701376
v -0.04621821 -0.01701926 0.01703756
v -0.04807272 -0.01574209 0.02351708
v -0.04842117 -0.01508903 0.02333039
v -0.04515122 -0.01943731 0.02318103
v -0.04550503 -0.01909834 0.02334281
v -0.04361622 -0.02066845 0.02089667
v -0.04357079 -0.02070032 0.02033551
v -0.04428363 -0.02017373 0.02240371
v -0.04441661 -0.02006612 0.02252868
v -0.04661587 -0.01787537 0.02364736
v -0.04729167 -0.01697513 0.02364632
v -0.04789388 -0.01604026 0.02353024
v -0.05035020 -0.00961699 0.02023512
v -0.05033860 -0.00966758 0.02005002
v -0.05031008 -0.00979031 0.01982219
v -0.05032399 -0.00973044 0.01993335
v -0.05034410 -0.00964363 0.02058258
v -0.05034910 -0.00962183 0.02046952
v -0.05035170 -0.00961042 0.02041038
v -0.05007595 -0.01071538 0.02164456
v -0.05016865 -0.01036804 0.02144029
v -0.04994880 -0.01117371 0.02193272
v -0.04994578 -0.01118348 0.02191318
v -0.04997097 -0.01110118 0.02189791
v -0.05019582 -0.01025849 0.02134571
v -0.05026733 -0.00997020 0.02109683
v -0.05029195 -0.00986618 0.02096171
v -0.05032217 -0.00973855 0.02079593
v -0.05032860 -0.00971072 0.02073335
v -0.04928765 -0.01314287 0.02273556
v -0.04868053 -0.01457573 0.02324087
v -0.04888314 -0.01412253 0.02306267
v -0.04922876 -0.01331052 0.02284551
v -0.04964685 -0.01215042 0.02237153
v -0.04967375 -0.01207362 0.02236460
v -0.04588152 -0.01871437 0.02349238
v -0.04570657 -0.01889959 0.02346113
v -0.04630227 -0.01825368 0.02363542
v -0.04692105 -0.01749131 0.02369958
v -0.04476008 -0.01978133 0.02286491
v -0.04466968 -0.01986032 0.02281750
v -0.04371469 -0.02059867 0.02128328
v -0.04375237 -0.02057197 0.02143122
v -0.04397389 -0.02041029 0.02193342
v -0.04362098 -0.02066557 0.01977578
v -0.04750767 -0.01666280 0.02365711
v -0.05024879 -0.00586163 0.04347444
v -0.05052010 -0.00588991 0.04241389
v -0.04991089 -0.00582422 0.04448497
v -0.05055705 -0.00584883 0.04226692
v -0.05057825 -0.00582526 0.04218261
v -0.05061434 -0.00575886 0.04204728
v -0.05061874 -0.00574665 0.04203287
v -0.05063403 -0.00570426 0.04198287
v -0.05063478 -0.00570219 0.04198041
v -0.05064759 -0.00565384 0.04194600
v -0.05065324 -0.00563251 0.04193080
v -0.05066216 -0.00558925 0.04191256
v -0.05067439 -0.00552991 0.04188752
v -0.05070920 -0.00532264 0.04183755
v -0.05075429 -0.00493728 0.04183806
v -0.05079702 -0.00454807 0.04183859
v -0.05079581 -0.00405493 0.04210759
v -0.05080464 -0.00410621 0.04203746
v -0.05080907 -0.00417535 0.04197917
v -0.05080875 -0.00423331 0.04194998
v -0.05080831 -0.00431359 0.04190954
v -0.05077884 -0.00400777 0.04221360
v -0.05074071 -0.00395386 0.04241667
v -0.05013410 -0.00388805 0.04448886
v -0.05047043 -0.00392445 0.04347873
v -0.05006591 -0.00454003 0.04449009
v -0.04999307 -0.00517374 0.04448883
v -0.05012633 -0.00518833 0.04411934
v -0.05006115 -0.00518139 0.04430406
v -0.05022719 -0.00429306 0.04411991
v -0.05017792 -0.00474542 0.04412016
v -0.05048624 -0.00432119 0.04328591
v -0.05070140 -0.00434445 0.04241755
v -0.05071572 -0.00437051 0.04233932
v -0.05071763 -0.00437398 0.04232890
v -0.05072156 -0.00438899 0.04230319
v -0.05072349 -0.00439638 0.04229054
v -0.05072444 -0.00440448 0.04228204
v -0.05072568 -0.00441501 0.04227099
v -0.05072647 -0.00443951 0.04225504
v -0.05072209 -0.00453997 0.04222512
v -0.05072652 -0.00444075 0.04225422
v -0.05072572 -0.00447558 0.04224052
v -0.05063417 -0.00531451 0.04222395
v -0.05067931 -0.00492916 0.04222453
v -0.05061732 -0.00540417 0.04225206
v -0.05061848 -0.00539798 0.04225012
v -0.05056961 -0.00550337 0.04241575
v -0.05058536 -0.00548999 0.04235166
v -0.05058780 -0.00548655 0.04234234
v -0.05059466 -0.00547675 0.04231627
v -0.05060048 -0.00546413 0.04229646
v -0.05060189 -0.00546106 0.04229164
v -0.05060498 -0.00545158 0.04228264
v -0.05060809 -0.00544205 0.04227360
v -0.04996070 -0.00543748 0.04448758
v -0.05029856 -0.00547458 0.04347653
v -0.04993613 -0.00563132 0.04448626
v -0.04992902 -0.00568570 0.04448590
v -0.05092120 -0.00475745 0.04090592
v -0.05102795 -0.00476921 0.03989844
v -0.05109571 -0.00477671 0.03882417
v -0.05087740 -0.00514482 0.04090567
v -0.05089960 -0.00495161 0.04090579
v -0.05098433 -0.00515674 0.03989736
v -0.05105209 -0.00516418 0.03882391
v -0.05107419 -0.00497092 0.03882404
v -0.05084501 -0.00455327 0.04156263
v -0.05080232 -0.00494245 0.04156216
v -0.05075728 -0.00532780 0.04156169
v -0.05074649 -0.00547837 0.04151516
v -0.05074049 -0.00556219 0.04148925
v -0.05073756 -0.00563016 0.04145428
v -0.05073453 -0.00570030 0.04141818
v -0.05073465 -0.00571450 0.04140593
v -0.05073510 -0.00576915 0.04135879
v -0.05073810 -0.00580313 0.04131105
v -0.05073958 -0.00581991 0.04128748
v -0.05074370 -0.00583875 0.04124364
v -0.05075228 -0.00587215 0.04115616
v -0.05074971 -0.00586621 0.04117973
v -0.05077198 -0.00591783 0.04097490
v -0.05095641 -0.00593797 0.03882322
v -0.05088568 -0.00593030 0.03992948
v -0.05084926 -0.00592630 0.04026433
v -0.05100572 -0.00555112 0.03882354
v -0.05098139 -0.00574500 0.03882338
v -0.05082148 -0.00553082 0.04097585
v -0.05093484 -0.00554342 0.03993256
v -0.05081802 -0.00533430 0.04117058
v -0.05081244 -0.00539920 0.04115498
v -0.05081181 -0.00540888 0.04115112
v -0.05081017 -0.00543439 0.04114095
v -0.05081014 -0.00543534 0.04114033
v -0.05080947 -0.00546025 0.04112384
v -0.05080976 -0.00547024 0.04111322
v -0.05081001 -0.00547852 0.04110441
v -0.05081090 -0.00548588 0.04109168
v -0.05081278 -0.00550129 0.04106504
v -0.05081378 -0.00550468 0.04105480
v -0.05086302 -0.00494900 0.04117091
v -0.05090566 -0.00455987 0.04117126
v -0.05095273 -0.00437175 0.04097652
v -0.05094239 -0.00438561 0.04104146
v -0.05093609 -0.00439877 0.04107682
v -0.05093171 -0.00441221 0.04109792
v -0.05093078 -0.00441506 0.04110241
v -0.05092652 -0.00443265 0.04111947
v -0.05091951 -0.00446959 0.04114148
v -0.05106550 -0.00438396 0.03993616
v -0.05113640 -0.00439184 0.03882408
v -0.05117514 -0.00400121 0.03882362
v -0.05115604 -0.00419703 0.03882384
v -0.05099169 -0.00398115 0.04097598
v -0.05110423 -0.00399325 0.03993687
v -0.05096880 -0.00401946 0.04111189
v -0.05089857 -0.00421734 0.04144810
v -0.05090931 -0.00416861 0.04141166
v -0.05090972 -0.00416719 0.04140993
v -0.05092223 -0.00412435 0.04135735
v -0.05092572 -0.00411234 0.04134264
v -0.05094023 -0.00407744 0.04126932
v -0.05095408 -0.00404410 0.04119927
v -0.05095803 -0.00403749 0.04117586
v -0.05087266 -0.00436462 0.04151490
v -0.05087646 -0.00433869 0.04150834
v -0.05089412 -0.00423754 0.04146322
v -0.05099577 -0.00594246 0.03572405
v -0.05099575 -0.00594243 0.03601672
v -0.05099574 -0.00594239 0.03631258
v -0.05106346 -0.00540451 0.03633434
v -0.05111475 -0.00495825 0.03684019
v -0.05116471 -0.00450118 0.03632174
v -0.05121410 -0.00400593 0.03634927
v -0.05121410 -0.00400599 0.03605318
v -0.05118003 -0.00434861 0.03673653
v -0.05114182 -0.00470071 0.03713476
v -0.05117361 -0.00436645 0.03751194
v -0.05119010 -0.00416394 0.03774001
v -0.05120307 -0.00400450 0.03791956
v -0.05118744 -0.00400270 0.03850795
v -0.05119639 -0.00400385 0.03821198
v -0.05115261 -0.00450550 0.03794114
v -0.05113638 -0.00468308 0.03774018
v -0.05111127 -0.00495786 0.03742924
v -0.05109575 -0.00510773 0.03725919
v -0.05107947 -0.00525696 0.03709064
v -0.05103769 -0.00561267 0.03668706
v -0.05098381 -0.00594110 0.03795559
v -0.05097681 -0.00594049 0.03824811
v -0.05096751 -0.00593927 0.03854415
v -0.05106135 -0.00539505 0.03733532
v -0.05102455 -0.00566610 0.03764320
v -0.05108875 -0.00513481 0.03763006
v -0.05107537 -0.00526518 0.03748216
v -0.05103282 -0.00553366 0.03808286
v -0.05106856 -0.00536333 0.02679157
v -0.05111323 -0.00497790 0.02679154
v -0.05115559 -0.00458875 0.02679150
v -0.05104066 -0.00559258 0.02672042
v -0.05103191 -0.00566234 0.02668441
v -0.05102328 -0.00573121 0.02664887
v -0.05101487 -0.00579725 0.02659140
v -0.05101462 -0.00579920 0.02658971
v -0.05101020 -0.00583354 0.02654077
v -0.05099592 -0.00594361 0.02620014
v -0.05100243 -0.00589365 0.02641170
v -0.05100577 -0.00586789 0.02647343
v -0.05100822 -0.00584895 0.02651880
v -0.05099589 -0.00594380 0.02404173
v -0.05099590 -0.00594372 0.02515655
v -0.05104505 -0.00555702 0.02404168
v -0.05102079 -0.00575086 0.02404171
v -0.05104506 -0.00555693 0.02515651
v -0.05106856 -0.00536337 0.02639635
v -0.05106079 -0.00542802 0.02638068
v -0.05105964 -0.00543755 0.02637683
v -0.05105656 -0.00546296 0.02636658
v -0.05105645 -0.00546382 0.02636600
v -0.05105345 -0.00548853 0.02634933
v -0.05105125 -0.00550650 0.02632976
v -0.05104815 -0.00553187 0.02627973
v -0.05109133 -0.00516987 0.02639621
v -0.05108002 -0.00526673 0.02639628
v -0.05113484 -0.00478248 0.02639617
v -0.05111337 -0.00497665 0.02639619
v -0.05115559 -0.00458881 0.02639627
v -0.05114528 -0.00468576 0.02639622
v -0.05117542 -0.00439773 0.02619998
v -0.05117390 -0.00441257 0.02626551
v -0.05117244 -0.00442684 0.02630204
v -0.05117110 -0.00443985 0.02632216
v -0.05117079 -0.00444293 0.02632692
v -0.05116894 -0.00446081 0.02634416
v -0.05116508 -0.00449815 0.02636633
v -0.05117539 -0.00439801 0.02404151
v -0.05117541 -0.00439787 0.02515636
v -0.05121404 -0.00400736 0.02404145
v -0.05119498 -0.00420318 0.02404149
v -0.05121407 -0.00400709 0.02619993
v -0.05121406 -0.00400723 0.02515631
v -0.05120760 -0.00407432 0.02642732
v -0.05120072 -0.00414491 0.02657101
v -0.05119952 -0.00415710 0.02658568
v -0.05119520 -0.00420103 0.02663858
v -0.05119504 -0.00420258 0.02664044
v -0.05119013 -0.00425200 0.02667695
v -0.05117772 -0.00437514 0.02673756
v -0.05118807 -0.00427269 0.02669223
v -0.05121409 -0.00400687 0.02824809
v -0.05113410 -0.00478924 0.02864061
v -0.05104510 -0.00555648 0.02923996
v -0.05104510 -0.00555641 0.02981803
v -0.05099593 -0.00594321 0.02981807
v -0.05102084 -0.00575025 0.02981804
v -0.05099593 -0.00594336 0.02867200
v -0.05099593 -0.00594338 0.02850395
v -0.05099592 -0.00594352 0.02707088
v -0.05104509 -0.00555673 0.02707084
v -0.05102082 -0.00575056 0.02707085
v -0.05104509 -0.00555666 0.02767069
v -0.05113410 -0.00478929 0.02824817
v -0.05104510 -0.00555629 0.03079542
v -0.05110278 -0.00507006 0.03049953
v -0.05115563 -0.00458832 0.03020661
v -0.05104510 -0.00555627 0.03096356
v -0.05115563 -0.00458818 0.03155218
v -0.05110232 -0.00507395 0.03125695
v -0.05121412 -0.00400646 0.03190814
v -0.05118548 -0.00429827 0.03172962
v -0.05102016 -0.00575528 0.03129994
v -0.05112300 -0.00489009 0.03182590
v -0.05101220 -0.00581756 0.03124523
v -0.05100394 -0.00588156 0.03117334
v -0.05099988 -0.00591277 0.03111353
v -0.05099931 -0.00591720 0.03110064
v -0.05099593 -0.00594308 0.03087971
v -0.05099772 -0.00592937 0.03071738
v -0.05100146 -0.00590078 0.03062084
v -0.05100410 -0.00588041 0.03058610
v -0.05102017 -0.00575538 0.03045897
v -0.05100740 -0.00585496 0.03054813
v -0.05100593 -0.00586635 0.03056212
v -0.05112341 -0.00488656 0.02993062
v -0.05121411 -0.00400670 0.02962500
v -0.05118546 -0.00429861 0.03002947
v -0.05121411 -0.00400613 0.03505242
v -0.05114352 -0.00470131 0.03505248
v -0.05103642 -0.00562485 0.03544491
v -0.05113021 -0.00482377 0.03544486
v -0.05101630 -0.00578420 0.03539305
v -0.05100410 -0.00587885 0.03531608
v -0.05100340 -0.00588421 0.03530690
v -0.05100002 -0.00591020 0.03526242
v -0.05099752 -0.00592939 0.03520251
v -0.05099641 -0.00593791 0.03517371
v -0.05099589 -0.00594190 0.03509614
v -0.05099750 -0.00592965 0.03502600
v -0.05099973 -0.00591256 0.03498601
v -0.05100078 -0.00590458 0.03496733
v -0.05100285 -0.00588860 0.03494612
v -0.05100619 -0.00586296 0.03491207
v -0.05101620 -0.00578520 0.03484230
v -0.05117403 -0.00441074 0.03397318
v -0.05109749 -0.00511544 0.03441853
v -0.05101592 -0.00578808 0.03310143
v -0.05109737 -0.00511676 0.03352659
v -0.05100576 -0.00586699 0.03302839
v -0.05100474 -0.00587488 0.03301746
v -0.05100053 -0.00590732 0.03297250
v -0.05099841 -0.00592353 0.03293113
v -0.05099672 -0.00593649 0.03288050
v -0.05099589 -0.00594280 0.03283309
v -0.05099611 -0.00594117 0.03281829
v -0.05099704 -0.00593411 0.03275478
v -0.05103651 -0.00562525 0.03250154
v -0.05101871 -0.00576642 0.03254404
v -0.05101078 -0.00582824 0.03257836
v -0.05101006 -0.00583388 0.03258363
v -0.05100601 -0.00586523 0.03261295
v -0.05100524 -0.00587114 0.03261849
v -0.05100078 -0.00590548 0.03267050
v -0.05099959 -0.00591460 0.03269443
v -0.05099743 -0.00593106 0.03273759
v -0.05113025 -0.00482408 0.03250145
v -0.05121412 -0.00400638 0.03269807
v -0.05106592 -0.00538466 0.03289397
v -0.05114354 -0.00470155 0.03289389
v -0.05119879 -0.00416420 0.03366468
v -0.05113438 -0.00478612 0.03327216
v -0.05120393 -0.00411174 0.03371022
v -0.05120501 -0.00410054 0.03372267
v -0.05120915 -0.00405793 0.03377000
v -0.05121231 -0.00402506 0.03384286
v -0.05121411 -0.00400625 0.03400113
v -0.05121302 -0.00401761 0.03406535
v -0.05121074 -0.00404131 0.03414506
v -0.05119905 -0.00416146 0.03427869
v -0.05120708 -0.00407917 0.03420500
v -0.05120798 -0.00406992 0.03419365
v -0.05113450 -0.00478473 0.03467292
v -0.05113480 -0.00478280 0.02404157
v -0.05109129 -0.00517019 0.02404163
v -0.05109131 -0.00517006 0.02511831
v -0.05111334 -0.00497696 0.02404160
v 0.00340445 -0.03592493 -0.00966748
v 0.00028439 -0.03609889 -0.00949999
v 0.00028428 -0.03608476 -0.00966749
v 0.00000017 -0.03610000 -0.00949999
v 0.00000017 -0.03608588 -0.00966749
v 0.00649911 -0.03549581 -0.00966747
v 0.00442462 -0.03579772 -0.00949997
v 0.00340579 -0.03593899 -0.00949997
v 0.01251943 -0.03384458 -0.00966745
v 0.00954878 -0.03481425 -0.00949995
v 0.00954504 -0.03480063 -0.00966746
v 0.00878472 -0.03498864 -0.00949995
v 0.00650165 -0.03550971 -0.00949996
v 0.01539998 -0.03263483 -0.00966744
v 0.01252434 -0.03385783 -0.00949994
v 0.02079404 -0.02949238 -0.00966742
v 0.01816509 -0.03118047 -0.00966743
v 0.01540601 -0.03264761 -0.00949993
v 0.02326712 -0.02758322 -0.00966741
v 0.03586731 -0.00325936 -0.00990317
v 0.03574155 -0.00324793 -0.01011453
v 0.03597933 -0.00019987 -0.00997539
v 0.03556816 -0.00323218 -0.01028863
v 0.03571029 -0.00019988 -0.01028411
v 0.03583483 -0.00019987 -0.01017756
v 0.03535767 -0.00321305 -0.01041491
v 0.03549967 -0.00019987 -0.01040869
v 0.03565678 -0.00019987 -0.01032989
v 0.03518862 -0.00019988 -0.01049587
v 0.03526544 -0.00019987 -0.01047880
v 0.03512283 -0.00319171 -0.01048573
v 0.03543497 -0.00019987 -0.01044113
v 0.03495601 -0.00317655 -0.01049986
v 0.03509947 -0.00019988 -0.01049986
v 0.03471512 -0.00621777 -0.01048573
v 0.03455023 -0.00618824 -0.01049986
v 0.03404718 -0.00919724 -0.01048573
v 0.03388548 -0.00915355 -0.01049986
v 0.03312404 -0.01210775 -0.01048573
v 0.03296672 -0.01205024 -0.01049987
v 0.03195261 -0.01492751 -0.01048574
v 0.03180085 -0.01485662 -0.01049987
v 0.03054166 -0.01763538 -0.01048575
v 0.03039660 -0.01755163 -0.01049988
v 0.02890178 -0.02021106 -0.01048575
v 0.02876451 -0.02011507 -0.01049988
v 0.02704526 -0.02263523 -0.01048576
v 0.02691680 -0.02252773 -0.01049989
v 0.02498601 -0.02488974 -0.01048577
v 0.02486733 -0.02477152 -0.01049990
v 0.02273946 -0.02695768 -0.01048577
v 0.02263146 -0.02682964 -0.01049991
v 0.02032247 -0.02882354 -0.01048578
v 0.02022594 -0.02868664 -0.01049991
v 0.01775314 -0.03047335 -0.01048579
v 0.01766882 -0.03032861 -0.01049992
v 0.01505074 -0.03189473 -0.01048580
v 0.01497925 -0.03174325 -0.01049993
v 0.01223552 -0.03307704 -0.01048581
v 0.01217741 -0.03291994 -0.01049994
v 0.00932858 -0.03401140 -0.01048582
v 0.00928428 -0.03384987 -0.01049995
v 0.00635172 -0.03469082 -0.01048584
v 0.00632156 -0.03452606 -0.01049997
v 0.00332725 -0.03511021 -0.01048584
v 0.00331145 -0.03494345 -0.01049998
v 0.00027784 -0.03526641 -0.01048585
v 0.00027652 -0.03509892 -0.01049999
v 0.00000017 -0.03510000 -0.01049999
v 0.00000017 -0.03526751 -0.01048586
v 0.00000017 -0.03550332 -0.01041505
v 0.00000017 -0.03571468 -0.01028876
v 0.00027970 -0.03550222 -0.01041504
v 0.00000017 -0.03588878 -0.01011466
v 0.00028136 -0.03571358 -0.01028876
v 0.00000017 -0.03601507 -0.00990330
v 0.00028273 -0.03588767 -0.01011466
v 0.00028373 -0.03601395 -0.00990330
v 0.00339778 -0.03585443 -0.00990329
v 0.00648636 -0.03542616 -0.00990328
v 0.00952632 -0.03473234 -0.00990327
v 0.01249487 -0.03377817 -0.00990326
v 0.01536976 -0.03257080 -0.00990325
v 0.01812944 -0.03111928 -0.00990324
v 0.02075323 -0.02943450 -0.00990323
v 0.02322146 -0.02752909 -0.00990322
v 0.02551562 -0.02541732 -0.00990321
v 0.02761852 -0.02311503 -0.00990320
v 0.02951440 -0.02063946 -0.00990319
v 0.03118904 -0.01800919 -0.00990319
v 0.03262989 -0.01524393 -0.00990318
v 0.03382616 -0.01236440 -0.00990318
v 0.03476887 -0.00939219 -0.00990317
v 0.03545096 -0.00634958 -0.00990317
v 0.00338586 -0.03572871 -0.01011465
v 0.00646361 -0.03530194 -0.01011464
v 0.00949291 -0.03461055 -0.01011463
v 0.01245106 -0.03365973 -0.01011462
v 0.01531587 -0.03245659 -0.01011461
v 0.01806588 -0.03101016 -0.01011460
v 0.02068046 -0.02933130 -0.01011459
v 0.02314004 -0.02743256 -0.01011458
v 0.02542616 -0.02532819 -0.01011457
v 0.02752168 -0.02303398 -0.01011456
v 0.02941091 -0.02056710 -0.01011456
v 0.03107968 -0.01794605 -0.01011455
v 0.03251548 -0.01519048 -0.01011455
v 0.03370755 -0.01232105 -0.01011454
v 0.03464696 -0.00935925 -0.01011454
v 0.03532665 -0.00632731 -0.01011453
v 0.00336944 -0.03555539 -0.01028875
v 0.00643226 -0.03513069 -0.01028874
v 0.00944686 -0.03444265 -0.01028873
v 0.01239066 -0.03349644 -0.01028872
v 0.01524157 -0.03229914 -0.01028871
v 0.01797824 -0.03085973 -0.01028870
v 0.02058014 -0.02918901 -0.01028868
v 0.02302778 -0.02729948 -0.01028868
v 0.02530281 -0.02520533 -0.01028867
v 0.02738818 -0.02292223 -0.01028866
v 0.02926824 -0.02046732 -0.01028866
v 0.03092891 -0.01785899 -0.01028865
v 0.03235775 -0.01511679 -0.01028864
v 0.03354404 -0.01226128 -0.01028864
v 0.03447888 -0.00931385 -0.01028863
v 0.03515528 -0.00629662 -0.01028863
v 0.00334950 -0.03534497 -0.01041503
v 0.00639419 -0.03492278 -0.01041502
v 0.00939096 -0.03423882 -0.01041501
v 0.01231733 -0.03329821 -0.01041500
v 0.01515137 -0.03210799 -0.01041499
v 0.01787184 -0.03067710 -0.01041498
v 0.02045835 -0.02901626 -0.01041497
v 0.02289151 -0.02713792 -0.01041496
v 0.02515307 -0.02505616 -0.01041495
v 0.02722609 -0.02278658 -0.01041494
v 0.02909503 -0.02034620 -0.01041494
v 0.03074588 -0.01775330 -0.01041493
v 0.03216625 -0.01502733 -0.01041493
v 0.03334552 -0.01218871 -0.01041492
v 0.03427484 -0.00925873 -0.01041492
v 0.03494723 -0.00625935 -0.01041492
v 0.03960697 0.01250014 0.05210018
v 0.03973638 0.01248310 0.05210017
v 0.03985697 0.01243316 0.05210018
v 0.03996053 0.01235369 0.05210017
v 0.04003999 0.01225014 0.05210018
v 0.04008994 0.01212955 0.05210017
v -0.04007599 0.01212927 0.05209988
v -0.04002605 0.01224986 0.05209988
v -0.03994659 0.01235342 0.05209988
v -0.03984303 0.01243288 0.05209988
v -0.03972244 0.01248283 0.05209988
v -0.03959303 0.01249987 0.05209988
v -0.04629404 -0.01283854 0.04756651
v -0.04579096 -0.01360363 0.04770968
v -0.04578177 -0.01359514 0.04772981
v -0.04732142 -0.01142148 0.04698646
v -0.04850776 -0.01173506 0.04467778
v -0.04850297 -0.01190571 0.04454515
v -0.04804667 -0.01089830 0.04613449
v -0.04811149 -0.01091283 0.04601273
v -0.04810636 -0.01092912 0.04601177
v -0.04847477 -0.01157735 0.04487050
v -0.04850068 -0.01225675 0.04423952
v -0.04842392 -0.01299060 0.04367821
v -0.04840757 -0.01300102 0.04369660
v -0.04516500 -0.01886488 0.04106535
v -0.04582598 -0.01821101 0.04112817
v -0.04517390 -0.01887392 0.04101953
v -0.04541637 -0.01863339 0.04104485
v -0.04579326 -0.01825952 0.04108419
v -0.04692098 -0.01678593 0.04157819
v -0.04640830 -0.01751539 0.04131152
v -0.04642047 -0.01751350 0.04127563
v -0.04639369 -0.01755154 0.04126182
v -0.04755999 -0.01566105 0.04205565
v -0.04735877 -0.01603993 0.04190855
v -0.04772447 -0.01528498 0.04228939
v -0.04802212 -0.01452123 0.04271668
v -0.04825158 -0.01375435 0.04318706
v -0.04819039 -0.01405775 0.04294710
v -0.04826675 -0.01374597 0.04316789
v -0.04784262 -0.01504780 0.04237232
v -0.04773873 -0.01527322 0.04225592
v -0.04746337 -0.01587069 0.04194739
v -0.04696255 -0.01674345 0.04155515
v -0.04840802 -0.01128264 0.04522301
v -0.04828925 -0.01104958 0.04560758
v -0.04843822 -0.01131826 0.04513970
v -0.04818269 -0.01092879 0.04587899
v -0.04830974 -0.01103908 0.04557799
v -0.04841617 -0.01127034 0.04521492
v -0.04759359 -0.01114933 0.04672679
v -0.04786366 -0.01096694 0.04639972
v -0.04767656 -0.01105950 0.04664842
v -0.04705574 -0.01174148 0.04719119
v -0.04737964 -0.01133450 0.04694922
v -0.04628644 -0.01282782 0.04759007
v -0.04651174 -0.01246765 0.04751469
v -0.04679453 -0.01209059 0.04735541
v -0.04699450 -0.01179609 0.04724724
v -0.04788205 -0.01093626 0.04638818
v -0.04799034 -0.01092731 0.04621194
v -0.04577240 -0.01358648 0.04775033
v -0.04588261 -0.01341673 0.04772447
v -0.04601786 -0.01320844 0.04769271
v -0.04850884 -0.01234263 0.04414125
v -0.04841299 -0.01311796 0.04356235
v 0.04387087 -0.01654551 0.04752023
v 0.04189114 -0.01966508 0.04539529
v 0.04184621 -0.01982783 0.04511653
v 0.04178223 -0.02005065 0.04471064
v 0.04176900 -0.02023732 0.04428287
v 0.04222201 -0.02054277 0.04266939
v 0.04231291 -0.02052119 0.04256327
v 0.04575627 -0.01828642 0.04111169
v 0.04635347 -0.01758576 0.04128394
v 0.04635010 -0.01758576 0.04129267
v 0.04636748 -0.01758572 0.04124766
v 0.04509353 -0.01893546 0.04105219
v 0.04399926 -0.01977711 0.04124381
v 0.04437123 -0.01952028 0.04113634
v 0.04509725 -0.01893958 0.04102336
v 0.04452420 -0.01941526 0.04107501
v 0.04513982 -0.01890423 0.04101952
v 0.04541607 -0.01863290 0.04104478
v 0.04576127 -0.01829383 0.04107636
v 0.04362402 -0.02000654 0.04140216
v 0.04258986 -0.02046302 0.04219817
v 0.04290902 -0.02035455 0.04187942
v 0.04325804 -0.02020050 0.04161299
v 0.04346443 -0.02010283 0.04145879
v 0.04257406 -0.02047717 0.04218398
v 0.04300128 -0.02032546 0.04177293
v 0.04191826 -0.02048034 0.04339901
v 0.04208549 -0.02052722 0.04296943
v 0.04181273 -0.02038215 0.04384252
v 0.04180617 -0.02041870 0.04375506
v 0.04196376 -0.02052137 0.04320275
v 0.04397602 -0.01980048 0.04122356
v 0.04195309 -0.01957470 0.04549470
v 0.04239809 -0.01874349 0.04641332
v 0.04246062 -0.01867962 0.04643918
v 0.04217471 -0.01912176 0.04604773
v 0.04211288 -0.01922644 0.04594655
v 0.04209497 -0.01929740 0.04584046
v 0.04337410 -0.01728836 0.04726708
v 0.04289549 -0.01800664 0.04690938
v 0.04322206 -0.01747745 0.04721559
v 0.04463946 -0.01533543 0.04776460
v 0.04437392 -0.01578608 0.04768202
v 0.04430375 -0.01584947 0.04770803
v 0.04375072 -0.01668525 0.04751365
v 0.04279335 -0.01812574 0.04686554
v 0.04485914 -0.01499904 0.04780163
v 0.04488065 -0.01501082 0.04776151
v 0.04488113 -0.01501109 0.04776061
v 0.04177203 -0.01999901 0.04484325
v 0.04174556 -0.02024876 0.04428990
v -0.02324483 -0.02092920 0.04813856
v -0.04808546 -0.00314385 0.04816519
v -0.04801142 -0.00368513 0.04818705
v -0.04829668 -0.00020017 0.04816414
v -0.02932546 -0.02085282 0.04811558
v -0.03099710 -0.02076357 0.04814207
v -0.02712032 -0.02088895 0.04813918
v -0.02504845 -0.02093299 0.04811374
v -0.04777474 -0.00560374 0.04818805
v -0.04702354 -0.00940344 0.04816930
v -0.04700703 -0.00939887 0.04819105
v -0.04740444 -0.00782904 0.04816806
v -0.04744840 -0.00751128 0.04818941
v -0.04590336 -0.01255165 0.04817237
v -0.04566417 -0.01300336 0.04819409
v -0.04642239 -0.01123889 0.04819271
v -0.04699456 -0.00952321 0.04816938
v -0.04648370 -0.01113181 0.04817115
v -0.04778252 -0.00568914 0.04816671
v -0.04520722 -0.01385141 0.04819426
v -0.04411096 -0.01546323 0.04819286
v -0.04469096 -0.01467328 0.04819381
v -0.04466300 -0.01475131 0.04817233
v -0.04528799 -0.01375245 0.04817285
v -0.04277365 -0.01689517 0.04818891
v -0.04307012 -0.01664484 0.04816823
v -0.04347160 -0.01620559 0.04819140
v -0.04392253 -0.01572719 0.04817089
v -0.04202746 -0.01752084 0.04818546
v -0.04040179 -0.01858077 0.04817714
v -0.04123079 -0.01810942 0.04815939
v -0.04217736 -0.01742943 0.04816429
v -0.03790207 -0.01967073 0.04814102
v -0.03862728 -0.01939474 0.04816781
v -0.03486588 -0.02037344 0.04815139
v -0.03293503 -0.02062038 0.04814566
v -0.03360258 -0.02056683 0.04812321
v -0.03677429 -0.01997819 0.04815901
v -0.03656497 -0.02005003 0.04813427
v -0.03535967 -0.02030641 0.04812922
v -0.03952697 -0.01901904 0.04817248
v -0.04023728 -0.01869158 0.04815396
v -0.03919392 -0.01918738 0.04814799
v -0.03158187 -0.02074597 0.04811857
v -0.01549613 -0.02094793 0.04813851
v -0.01052193 -0.02096683 0.04811392
v -0.00000010 -0.02096721 0.04811406
v 0.03293062 -0.02062045 0.04814593
v 0.03090739 -0.02078548 0.04811780
v 0.03099271 -0.02076358 0.04814230
v 0.03862368 -0.01939573 0.04816812
v 0.03952763 -0.01901811 0.04817299
v 0.04040199 -0.01858004 0.04817768
v 0.04801286 -0.00366788 0.04818737
v 0.04807427 -0.00326247 0.04816505
v 0.04829684 -0.00019983 0.04816386
v 0.04828810 -0.00019983 0.04817397
v 0.04779145 -0.00562820 0.04816655
v 0.04642575 -0.01122866 0.04819305
v 0.04745266 -0.00748802 0.04818974
v 0.04744446 -0.00763359 0.04816822
v 0.04566434 -0.01300224 0.04819437
v 0.04602067 -0.01229060 0.04817226
v 0.04655573 -0.01092768 0.04817149
v 0.04703327 -0.00937948 0.04816996
v 0.04410796 -0.01546629 0.04819325
v 0.04278556 -0.01688355 0.04818948
v 0.04347438 -0.01620174 0.04819199
v 0.04124089 -0.01807851 0.04818191
v 0.04204044 -0.01751029 0.04818587
v 0.04317920 -0.01653700 0.04816903
v 0.04398500 -0.01565139 0.04817139
v 0.04121559 -0.01811881 0.04815964
v 0.04223304 -0.01738440 0.04816491
v 0.03676025 -0.01998155 0.04815912
v 0.03771447 -0.01973045 0.04814025
v 0.03314280 -0.02061686 0.04812218
v 0.03486119 -0.02039221 0.04812770
v 0.03486293 -0.02039198 0.04812770
v 0.03639415 -0.02009070 0.04813360
v 0.03901286 -0.01926270 0.04814736
v 0.04016760 -0.01872762 0.04815397
v 0.04520541 -0.01385385 0.04819454
v 0.04541537 -0.01352377 0.04817290
v 0.04471873 -0.01466893 0.04817270
v 0.02711650 -0.02088881 0.04813938
v 0.02751970 -0.02089910 0.04811401
v 0.02324153 -0.02092905 0.04813873
v 0.01549387 -0.02096357 0.04811395
v 0.02003356 -0.02095854 0.04811378
v 0.01324736 -0.02096602 0.04811402
v 0.01329559 -0.02096600 0.04811403
v -0.01519280 -0.02036964 0.04904912
v -0.04755249 -0.00020017 0.04900992
v -0.04729957 -0.00361540 0.04899569
v -0.04754350 -0.00020016 0.04901998
v -0.04735539 -0.00273859 0.04901904
v -0.04731695 -0.00325734 0.04901885
v -0.04706460 -0.00549990 0.04899446
v -0.04673985 -0.00737948 0.04899322
v -0.04521814 -0.01219782 0.04901197
v -0.04494366 -0.01280760 0.04898934
v -0.04571556 -0.01105116 0.04898984
v -0.04580410 -0.01075169 0.04901319
v -0.04628071 -0.00923492 0.04901463
v -0.04669137 -0.00752095 0.04901605
v -0.04703559 -0.00556519 0.04901751
v -0.04273717 -0.01592744 0.04899295
v -0.04236760 -0.01626496 0.04901697
v -0.04204031 -0.01658726 0.04899564
v -0.04317703 -0.01542018 0.04901382
v -0.04338216 -0.01520724 0.04899056
v -0.04129592 -0.01718329 0.04899903
v -0.04050517 -0.01771663 0.04900336
v -0.04040538 -0.01775554 0.04902766
v -0.04143314 -0.01705714 0.04902147
v -0.03229083 -0.02007576 0.04904180
v -0.03349361 -0.01993204 0.04906356
v -0.03418038 -0.01985411 0.04903600
v -0.03518613 -0.01966561 0.04905660
v -0.03605513 -0.01949542 0.04902816
v -0.03967667 -0.01820280 0.04898103
v -0.03790068 -0.01895339 0.04901850
v -0.03039225 -0.02020394 0.04904540
v -0.03669782 -0.01931355 0.04904926
v -0.03816522 -0.01883751 0.04904118
v -0.03934239 -0.01833255 0.04903432
v -0.04395734 -0.01441766 0.04901191
v -0.04460212 -0.01339765 0.04901197
v -0.02658971 -0.02031650 0.04904829
v -0.02838126 -0.02026408 0.04907282
v -0.02267593 -0.02033832 0.04907476
v -0.00496708 -0.02035652 0.04907495
v -0.00000011 -0.02035949 0.04907055
v -0.00000011 -0.02035656 0.04907493
v -0.03125552 -0.02013892 0.04906952
v 0.04523757 -0.01212130 0.04901224
v 0.04491943 -0.01280623 0.04901190
v 0.04493899 -0.01281615 0.04898954
v 0.04417549 -0.01409473 0.04901190
v 0.04394731 -0.01446519 0.04898951
v 0.04075472 -0.01753513 0.04902578
v 0.04047095 -0.01773695 0.04900416
v 0.04272498 -0.01593861 0.04899387
v 0.03078719 -0.02016719 0.04907063
v 0.03037928 -0.02020437 0.04904563
v 0.03963603 -0.01820589 0.04900931
v 0.04754449 -0.00019984 0.04901892
v 0.04744230 -0.00180650 0.04901892
v 0.04729742 -0.00363264 0.04899601
v 0.02657885 -0.02031648 0.04904849
v 0.02272634 -0.02033790 0.04907493
v 0.01518647 -0.02035442 0.04907503
v 0.01515088 -0.02035450 0.04907503
v 0.04126721 -0.01720386 0.04899947
v 0.04202214 -0.01660179 0.04899631
v 0.04570843 -0.01106907 0.04899017
v 0.04629372 -0.00925982 0.04899184
v 0.04673479 -0.00740267 0.04899355
v 0.03228044 -0.02007632 0.04904208
v 0.03603758 -0.01949970 0.04902837
v 0.03288363 -0.02000196 0.04906573
v 0.03464842 -0.01976280 0.04905927
v 0.03417158 -0.01985516 0.04903628
v 0.03875844 -0.01859818 0.04903815
v 0.03982502 -0.01808597 0.04903181
v 0.03786751 -0.01896482 0.04901896
v 0.04336618 -0.01522557 0.04899121
v 0.04262811 -0.01600951 0.04901712
v 0.04176666 -0.01679283 0.04902039
v 0.03749200 -0.01907426 0.04904527
v 0.03612381 -0.01946181 0.04905224
v 0.04706094 -0.00552304 0.04899500
v 0.04489008 -0.01286940 0.04901187
v 0.04419444 -0.01406225 0.04901190
v 0.04650852 -0.00834413 0.04901567
v 0.04608184 -0.00991430 0.04901436
v 0.04568592 -0.01106077 0.04901307
v 0.04563828 -0.01119870 0.04901291
v 0.04546690 -0.01162759 0.04901249
v 0.04720900 -0.00425354 0.04901880
v 0.04688548 -0.00649642 0.04901725
v 0.04342896 -0.01511848 0.04901364
v 0.02824782 -0.02026743 0.04907309
v 0.03374943 0.00120012 -0.01049986
v 0.03272805 0.00120012 -0.01049987
v -0.03272798 0.00119989 -0.01050011
v -0.03374936 0.00119988 -0.01050011
v -0.01283165 0.00302410 0.05524998
v -0.01286255 0.00304341 0.05524884
v 0.00000014 -0.03605401 -0.00034999
v 0.00035537 -0.03605376 -0.00036521
v 0.00167045 -0.03603981 -0.00070096
v 0.00117363 -0.03604759 -0.00052881
v 0.00103834 -0.03604970 -0.00048194
v 0.00227892 -0.03602059 -0.00103160
v 0.00228587 -0.03602018 -0.00103712
v 0.00286763 -0.03598593 -0.00149997
v 0.00306013 -0.03596994 -0.00170313
v 0.00364383 -0.03591542 -0.00253857
v 0.00356899 -0.03592319 -0.00238198
v 0.00315024 -0.03596246 -0.00179824
v 0.00388971 -0.03588991 -0.00305296
v 0.00414800 -0.03586137 -0.00436623
v 0.00406246 -0.03587070 -0.00365137
v 0.00410860 -0.03586603 -0.00508582
v 0.00365199 -0.03591439 -0.00646538
v 0.00394049 -0.03588439 -0.00580237
v 0.00322811 -0.03595540 -0.00710820
v 0.00363882 -0.03591576 -0.00649564
v 0.00212072 -0.03603763 -0.00806730
v 0.00273216 -0.03599688 -0.00762386
v 0.00305319 -0.03597003 -0.00729008
v 0.00143954 -0.03607126 -0.00839237
v 0.00073777 -0.03609243 -0.00858391
v 0.00000017 -0.03610000 -0.00864999
v 0.00639310 -0.03211996 -0.01049997
v -0.00286735 -0.03598595 -0.00149999
v -0.00037105 -0.03609687 -0.00862264
v -0.00028405 -0.03609889 -0.00949999
v -0.00060794 -0.03609486 -0.00860519
v -0.00340544 -0.03593902 -0.00950000
v -0.00124175 -0.03607871 -0.00845981
v -0.00192346 -0.03604939 -0.00817724
v -0.00227740 -0.03602675 -0.00795000
v -0.00442428 -0.03579775 -0.00950000
v -0.00254283 -0.03600978 -0.00777958
v -0.00304912 -0.03597084 -0.00731502
v -0.00348181 -0.03593179 -0.00675796
v -0.00381499 -0.03589786 -0.00613314
v -0.00401852 -0.03587591 -0.00551220
v -0.00404148 -0.03587343 -0.00544217
v -0.00414223 -0.03586220 -0.00475125
v -0.00411854 -0.03586447 -0.00399121
v -0.00401304 -0.03587628 -0.00348830
v -0.00397578 -0.03588044 -0.00331067
v -0.00371727 -0.03590813 -0.00265518
v -0.00331502 -0.03594773 -0.00200356
v -0.01540569 -0.03264772 -0.00950004
v -0.01388816 -0.03332158 -0.00150003
v -0.00954845 -0.03481431 -0.00950002
v -0.00878438 -0.03498870 -0.00950002
v -0.01034333 -0.03458638 -0.00150002
v -0.01252401 -0.03385791 -0.00950003
v -0.01287263 -0.03368392 -0.00150003
v -0.00650131 -0.03550976 -0.00950001
v -0.00668358 -0.03547587 -0.00150001
v 0.00660115 -0.03549134 -0.00149996
v 0.01025983 -0.03461115 -0.00149995
v 0.01380634 -0.03335560 -0.00149993
v -0.02691656 -0.02252791 -0.01050009
v -0.00027618 -0.03509892 -0.01049999
v -0.00331111 -0.03494348 -0.01050000
v -0.00632122 -0.03452611 -0.01050001
v -0.02876428 -0.02011527 -0.01050009
v -0.03039639 -0.01755184 -0.01050010
v -0.03180066 -0.01485684 -0.01050010
v -0.03509939 -0.00020012 -0.01050012
v -0.03495591 -0.00317680 -0.01050012
v -0.03455011 -0.00618848 -0.01050011
v -0.03388533 -0.00915379 -0.01050011
v -0.03296655 -0.01205047 -0.01050011
v -0.02022565 -0.02868678 -0.01050006
v -0.02263118 -0.02682979 -0.01050007
v -0.02486707 -0.02477170 -0.01050008
v -0.00928394 -0.03384993 -0.01050002
v -0.01217708 -0.03292002 -0.01050003
v -0.01497894 -0.03174335 -0.01050004
v -0.01766851 -0.03032874 -0.01050005
v 0.00623053 -0.00717758 0.05525005
v -0.00438322 -0.01243304 0.05525001
v -0.00256152 -0.01293178 0.05525002
v -0.00068725 -0.01316507 0.05525002
v -0.01147391 -0.00649194 0.05524999
v -0.01042844 -0.00806493 0.05524999
v -0.00916890 -0.00947239 0.05524999
v -0.00772117 -0.01068540 0.05525000
v -0.00611496 -0.01167908 0.05525000
v -0.01284169 -0.00298120 0.05524998
v -0.01228387 -0.00478569 0.05524999
v -0.01291497 0.00264578 0.05524998
v -0.01316051 0.00077306 0.05524998
v -0.01313591 -0.00111552 0.05524998
v -0.00000011 -0.01976121 0.04985477
v -0.00000011 -0.02014804 0.04937029
v 0.01128415 -0.02014786 0.04936990
v 0.04427786 -0.00019985 0.05152029
v 0.04335591 -0.00311806 0.05178169
v 0.04249609 -0.00019985 0.05203480
v 0.04234221 -0.00300646 0.05202311
v 0.04340633 -0.00019985 0.05183989
v 0.04526055 -0.00276987 0.05083660
v 0.04529868 -0.00232241 0.05083389
v 0.04431899 -0.00322407 0.05138181
v 0.04509717 -0.00019984 0.05108118
v 0.04547958 -0.00019984 0.05082099
v 0.04407297 -0.00495206 0.05139241
v 0.04500082 -0.00472335 0.05085527
v 0.04518748 -0.00331946 0.05084186
v 0.04467459 -0.00647069 0.05087733
v 0.04372703 -0.00670654 0.05140627
v 0.04392666 -0.00915699 0.05091790
v 0.04324458 -0.00849150 0.05142269
v 0.04428343 -0.00804315 0.05090080
v 0.04313159 -0.01112421 0.05094129
v 0.04257129 -0.01030615 0.05143794
v 0.04268534 -0.01202603 0.05094614
v 0.04163441 -0.01213733 0.05144140
v 0.04213922 -0.01293532 0.05093825
v 0.04329333 -0.01079735 0.05093952
v 0.04335834 -0.01063565 0.05093748
v 0.04382417 -0.00947697 0.05092281
v 0.04199514 -0.01317519 0.05093616
v 0.04104089 -0.01304739 0.05143177
v 0.04067992 -0.01424639 0.05116329
v 0.04098042 -0.01452870 0.05088325
v 0.04122112 -0.01424894 0.05090198
v 0.03986296 -0.01514946 0.05110592
v 0.04035138 -0.01525982 0.05083432
v 0.03895500 -0.01599648 0.05101829
v 0.03939256 -0.01619507 0.05072711
v 0.03833389 -0.01705351 0.05057598
v 0.03797747 -0.01675850 0.05090120
v 0.03919121 -0.01635834 0.05069837
v 0.03712786 -0.01783715 0.05037969
v 0.03696372 -0.01741015 0.05076601
v 0.03729005 -0.01774948 0.05040686
v 0.03618463 -0.01834699 0.05022168
v 0.03594102 -0.01794537 0.05062641
v 0.03392636 -0.01870840 0.05037079
v 0.03500891 -0.01884930 0.05003041
v 0.03492453 -0.01837408 0.05049197
v 0.03377011 -0.01925215 0.04984838
v 0.03295447 -0.01896182 0.05026815
v 0.03110067 -0.01928517 0.05012491
v 0.03246112 -0.01955865 0.04969040
v 0.03103184 -0.01978192 0.04956550
v 0.02934389 -0.01945544 0.05004629
v 0.02938838 -0.01993786 0.04947575
v 0.02441624 -0.02010750 0.04938403
v 0.02598274 -0.01959626 0.04998423
v 0.02740741 -0.02003967 0.04941863
v 0.02794413 -0.02001208 0.04943411
v 0.01944680 -0.01965665 0.04996307
v 0.01977103 -0.02013925 0.04937131
v 0.01944784 -0.02013958 0.04937126
v 0.01295910 -0.01966396 0.04996208
v 0.01295926 -0.02014616 0.04937018
v 0.03950342 -0.01189078 0.05202847
v 0.04000423 -0.01114007 0.05202949
v 0.04181217 -0.00630093 0.05202573
v 0.04138793 -0.00794331 0.05202749
v 0.04080417 -0.00956654 0.05202913
v 0.04212032 -0.00465350 0.05202425
v 0.03097181 -0.01745150 0.05144332
v 0.03272936 -0.01717910 0.05149233
v 0.03440661 -0.01606731 0.05180439
v 0.03454726 -0.01669375 0.05156845
v 0.03529278 -0.01575216 0.05182962
v 0.03546749 -0.01634326 0.05161391
v 0.03617087 -0.01535868 0.05185572
v 0.03638291 -0.01590730 0.05166090
v 0.03702922 -0.01487777 0.05188088
v 0.03728095 -0.01537704 0.05170622
v 0.03784923 -0.01430816 0.05190262
v 0.03814094 -0.01475355 0.05174531
v 0.03860942 -0.01365968 0.05191883
v 0.03893858 -0.01405087 0.05177449
v 0.03929556 -0.01294782 0.05192942
v 0.03965799 -0.01328778 0.05179354
v 0.04029040 -0.01248281 0.05180396
v 0.03595419 -0.01479800 0.05199413
v 0.03677256 -0.01436872 0.05200498
v 0.03755240 -0.01385495 0.05201436
v 0.03827497 -0.01326220 0.05202137
v 0.03892768 -0.01260272 0.05202595
v 0.04312126 -0.00480655 0.05178641
v 0.04279323 -0.00650874 0.05179260
v 0.04233860 -0.00822400 0.05179992
v 0.04170849 -0.00994503 0.05180672
v 0.04083837 -0.01165035 0.05180826
v 0.04035322 -0.01393994 0.05140839
v 0.03956829 -0.01479926 0.05136570
v 0.03869664 -0.01560202 0.05130038
v 0.03775775 -0.01632272 0.05121296
v 0.03678183 -0.01693949 0.05111180
v 0.03579386 -0.01744748 0.05100709
v 0.03480818 -0.01785588 0.05090601
v 0.03288597 -0.01841936 0.05073718
v 0.01295891 -0.01910318 0.05050517
v 0.01944558 -0.01909590 0.05050592
v 0.02596609 -0.01840760 0.05099623
v 0.02597489 -0.01903629 0.05052201
v 0.02929683 -0.01827518 0.05102957
v 0.02932167 -0.01889816 0.05056915
v 0.03101860 -0.01811732 0.05107170
v 0.03106181 -0.01873221 0.05062877
v 0.03281052 -0.01782180 0.05114821
v 0.03468181 -0.01729301 0.05126711
v 0.03563530 -0.01691102 0.05133817
v 0.03658742 -0.01643648 0.05141167
v 0.03752472 -0.01586053 0.05148256
v 0.03842438 -0.01518632 0.05154374
v 0.03925922 -0.01443193 0.05158942
v 0.04001159 -0.01361948 0.05161925
v -0.04203241 -0.00020015 0.05208363
v -0.04258147 -0.00020015 0.05200603
v -0.04234268 -0.00300677 0.05202278
v -0.04295292 -0.00020015 0.05195352
v -0.04360971 -0.00020015 0.05176410
v -0.04335633 -0.00311837 0.05178135
v -0.04068021 -0.01424669 0.05116298
v -0.04035353 -0.01394024 0.05140807
v -0.04104119 -0.01304772 0.05143145
v -0.03594127 -0.01794564 0.05062614
v -0.03492477 -0.01837434 0.05049170
v -0.03110089 -0.01928541 0.05012466
v -0.01295933 -0.01966406 0.04996196
v -0.01944702 -0.01965681 0.04996290
v -0.01944804 -0.02013875 0.04937166
v -0.01911267 -0.02014117 0.04937066
v -0.02598294 -0.01959646 0.04998402
v -0.02505580 -0.02009821 0.04938831
v -0.02818948 -0.02000774 0.04943608
v -0.02934410 -0.01945566 0.05004606
v -0.02794500 -0.02001480 0.04943236
v -0.03029129 -0.01986328 0.04951864
v -0.03322891 -0.01939269 0.04977780
v -0.03301376 -0.01943599 0.04975462
v -0.03295470 -0.01896207 0.05026790
v -0.03193908 -0.01965229 0.04963884
v -0.03446738 -0.01904052 0.04994738
v -0.03392659 -0.01870866 0.05037052
v -0.03565458 -0.01858948 0.05013372
v -0.03678662 -0.01803840 0.05032223
v -0.03696398 -0.01741042 0.05076573
v -0.03797772 -0.01675877 0.05090091
v -0.03788378 -0.01737107 0.05050427
v -0.03895525 -0.01599677 0.05101799
v -0.03895820 -0.01656792 0.05066828
v -0.03999891 -0.01562355 0.05079828
v -0.03986322 -0.01514976 0.05110563
v -0.04098458 -0.01453291 0.05088487
v -0.04088373 -0.01466310 0.05087908
v -0.04156784 -0.01377993 0.05091832
v -0.04169023 -0.01362192 0.05092533
v -0.04242175 -0.01249146 0.05094420
v -0.04236264 -0.01258280 0.05094268
v -0.04163473 -0.01213764 0.05144108
v -0.04172752 -0.01356430 0.05092629
v -0.04313622 -0.01112712 0.05094172
v -0.04257161 -0.01030647 0.05143761
v -0.04307441 -0.01126956 0.05094324
v -0.04265816 -0.01204885 0.05094386
v -0.04324493 -0.00849181 0.05142235
v -0.04392224 -0.00915554 0.05091733
v -0.04365148 -0.00993978 0.05092902
v -0.04458065 -0.00688758 0.05088297
v -0.04372739 -0.00670685 0.05140593
v -0.04415410 -0.00848396 0.05090732
v -0.04458518 -0.00687061 0.05088270
v -0.04407334 -0.00495239 0.05139207
v -0.04494623 -0.00505927 0.05085880
v -0.04431938 -0.00322439 0.05138147
v -0.04469320 -0.00020015 0.05131605
v -0.04547995 -0.00020016 0.05082065
v -0.04529443 -0.00232242 0.05083390
v -0.04384447 -0.00020015 0.05169638
v -0.04458772 -0.00020015 0.05136331
v -0.04523572 -0.00299397 0.05083809
v -0.04212077 -0.00465382 0.05202393
v -0.04181261 -0.00630124 0.05202540
v -0.04080457 -0.00956686 0.05202881
v -0.04138835 -0.00794363 0.05202717
v -0.03950379 -0.01189113 0.05202816
v -0.04000461 -0.01114041 0.05202918
v -0.03956857 -0.01479957 0.05136539
v -0.03869691 -0.01560232 0.05130008
v -0.03775802 -0.01632302 0.05121266
v -0.03678209 -0.01693978 0.05111151
v -0.03579411 -0.01744777 0.05100680
v -0.03480843 -0.01785616 0.05090573
v -0.03288621 -0.01841963 0.05073690
v -0.03929591 -0.01294815 0.05192911
v -0.03965832 -0.01328811 0.05179323
v -0.03860975 -0.01366002 0.05191852
v -0.03893890 -0.01405121 0.05177418
v -0.03784955 -0.01430851 0.05190231
v -0.03814124 -0.01475389 0.05174501
v -0.03702953 -0.01487812 0.05188059
v -0.03728124 -0.01537737 0.05170592
v -0.03617118 -0.01535903 0.05185542
v -0.03638320 -0.01590764 0.05166061
v -0.03529308 -0.01575252 0.05182933
v -0.03546777 -0.01634359 0.05161361
v -0.03440689 -0.01606767 0.05180411
v -0.03454753 -0.01669408 0.05156816
v -0.03272962 -0.01717942 0.05149205
v -0.03097206 -0.01745182 0.05144304
v -0.03892804 -0.01260307 0.05202565
v -0.03827532 -0.01326256 0.05202107
v -0.03755274 -0.01385531 0.05201407
v -0.03677289 -0.01436909 0.05200469
v -0.03595450 -0.01479838 0.05199384
v -0.04312167 -0.00480687 0.05178607
v -0.04279363 -0.00650906 0.05179226
v -0.04233898 -0.00822432 0.05179959
v -0.04170885 -0.00994536 0.05180639
v -0.04083872 -0.01165068 0.05180793
v -0.04029073 -0.01248314 0.05180364
v -0.01295914 -0.01910330 0.05050503
v -0.04001191 -0.01361979 0.05161893
v -0.03925951 -0.01443226 0.05158910
v -0.03842467 -0.01518664 0.05154344
v -0.03752500 -0.01586084 0.05148225
v -0.03658770 -0.01643679 0.05141137
v -0.03563556 -0.01691133 0.05133787
v -0.03468207 -0.01729331 0.05126683
v -0.03281077 -0.01782210 0.05114793
v -0.03101884 -0.01811761 0.05107143
v -0.03106204 -0.01873247 0.05062851
v -0.02929707 -0.01827546 0.05102931
v -0.02932189 -0.01889841 0.05056890
v -0.02596632 -0.01840786 0.05099599
v -0.02597511 -0.01903651 0.05052178
v -0.01944581 -0.01909608 0.05050575
v -0.05147945 -0.00020020 0.01949983
v -0.05142868 -0.00020018 0.01892607
v -0.05093005 -0.00020018 0.01760420
v -0.03526610 -0.00020012 -0.01047951
v -0.03588366 -0.00020012 -0.01011093
v -0.03592944 -0.00020012 -0.01005742
v -0.05117051 -0.00020018 0.01811601
v -0.05125300 -0.00020017 0.01829158
v -0.05138611 -0.00020018 0.01877231
v -0.03534395 -0.00020012 -0.01046989
v -0.03557496 -0.00020012 -0.01037995
v -0.03577713 -0.00020012 -0.01023545
v -0.05024760 -0.00020017 0.04485997
v -0.05022107 -0.00020018 0.04493395
v -0.05102428 -0.00020018 0.04232295
v -0.05085046 -0.00020018 0.04299878
v -0.05068689 -0.00020018 0.04363468
v -0.04968848 -0.00020018 0.04606176
v -0.04901319 -0.00020017 0.04719138
v -0.05141115 -0.00020018 0.03932520
v -0.05140318 -0.00020018 0.03941046
v -0.05126089 -0.00020018 0.04093169
v -0.05121986 -0.00020018 0.04117294
v -0.05147275 -0.00020018 0.03740662
v -0.04653678 -0.00020016 0.04997846
v -0.05147375 -0.00020018 0.03473631
v 0.05147789 -0.00019982 0.01950021
v 0.05141210 -0.00019982 0.01884185
v 0.05147786 -0.00019982 0.02875196
v 0.05116296 -0.00019982 0.01806923
v 0.05120835 -0.00019982 0.01816201
v 0.05090639 -0.00019982 0.01754465
v 0.05024720 -0.00019983 0.04486011
v 0.05028249 -0.00019983 0.04478336
v 0.05070914 -0.00019982 0.04356035
v 0.05084941 -0.00019982 0.04299922
v 0.05105167 -0.00019982 0.04219015
v 0.04662447 -0.00019983 0.04990179
v 0.05121675 -0.00019982 0.04117305
v 0.05127989 -0.00019982 0.04078407
v 0.05140269 -0.00019982 0.03941095
v 0.05141615 -0.00019982 0.03926051
v 0.05145933 -0.00019982 0.03773975
v 0.05147467 -0.00019982 0.03719913
v 0.05147560 -0.00019982 0.03473676
v 0.04930682 -0.00019983 0.04670244
v 0.04907424 -0.00019983 0.04709897
v 0.04870491 -0.00019983 0.04760489
v 0.04973793 -0.00019983 0.04596741
v 0.04982100 -0.00019983 0.04578678
v 0.04036208 -0.01663492 0.04996755
v 0.04262714 -0.01440151 0.04999963
v 0.03747662 -0.01824695 0.04990313
v -0.00000011 -0.02025335 0.04922296
v 0.03403824 -0.01922673 0.04982753
v 0.03525048 -0.01896442 0.04985243
v 0.03639275 -0.01863958 0.04987793
v 0.03850192 -0.01778284 0.04992715
v 0.03946531 -0.01724510 0.04994897
v 0.04118867 -0.01595476 0.04998220
v 0.04324046 -0.01353800 0.05000321
v 0.04194376 -0.01520875 0.04999282
v 0.04378607 -0.01262339 0.05000421
v 0.04426782 -0.01166186 0.05000332
v 0.04505721 -0.00961200 0.04999814
v 0.04564516 -0.00741084 0.04999163
v 0.04606994 -0.00506031 0.04998581
v 0.04636559 -0.00253762 0.04998150
v -0.04505743 -0.00961240 0.04999786
v -0.03403838 -0.01922695 0.04982732
v -0.03639289 -0.01863982 0.04987770
v -0.03850206 -0.01778311 0.04992691
v -0.03946546 -0.01724538 0.04994871
v -0.04118882 -0.01595507 0.04998193
v -0.04636588 -0.00253809 0.04998119
v -0.04564540 -0.00741126 0.04999133
v -0.04607021 -0.00506075 0.04998551
v -0.04426802 -0.01166224 0.05000304
v -0.04378626 -0.01262376 0.05000394
v -0.04324064 -0.01353835 0.05000293
v -0.04262731 -0.01440184 0.04999936
v -0.04194393 -0.01520908 0.04999255
v -0.04036223 -0.01663522 0.04996729
v -0.03747676 -0.01824720 0.04990289
v -0.03525062 -0.01896465 0.04985221
v 0.02424049 -0.02244195 0.04476115
v 0.01511020 -0.02246866 0.04476369
v 0.04462674 -0.01957928 0.03944226
v 0.04952832 -0.01249932 0.02867299
v 0.05128997 -0.00305504 0.03774018
v 0.05122805 -0.00304253 0.03941184
v 0.05104983 -0.00300760 0.04117581
v 0.04856220 -0.00253561 0.04761683
v 0.04036459 -0.01909521 0.04757345
v 0.03427096 -0.02088351 0.04745863
v 0.02383528 -0.02175444 0.04653705
v 0.02357391 -0.02133107 0.04741405
v 0.02905996 -0.02125002 0.04742001
v 0.03276693 -0.02104957 0.04744126
v 0.03692019 -0.02037979 0.04750209
v 0.03564139 -0.02066271 0.04747933
v 0.03812834 -0.02002811 0.04752592
v 0.03927688 -0.01960139 0.04755000
v 0.04138688 -0.01850696 0.04759504
v 0.04233780 -0.01783808 0.04761349
v 0.04321271 -0.01709165 0.04762787
v 0.04400962 -0.01627299 0.04763799
v 0.04551963 -0.01397314 0.04779198
v 0.04643615 -0.01239723 0.04764410
v 0.04612373 -0.01303846 0.04766650
v 0.04687047 -0.01130597 0.04764072
v 0.04724596 -0.01017389 0.04763672
v 0.04784268 -0.00779479 0.04762854
v 0.04826913 -0.00525885 0.04762169
v 0.04915813 -0.00264815 0.04671228
v 0.04966252 -0.00274333 0.04579255
v 0.05008124 -0.00282248 0.04486395
v 0.05069004 -0.00293829 0.04300469
v 0.05129778 -0.00305705 0.03473677
v 0.05125747 -0.00305445 0.01950021
v 0.04992258 -0.01126625 0.02867275
v 0.05054712 -0.00868841 0.03473717
v 0.05052375 -0.00868886 0.01950021
v 0.04907118 -0.01369436 0.02867335
v 0.04854493 -0.01484818 0.02867391
v 0.04794399 -0.01595574 0.02867470
v 0.04726334 -0.01701116 0.02867580
v 0.04649984 -0.01800745 0.02867728
v 0.04565170 -0.01893736 0.02867922
v 0.04472380 -0.01981049 0.02470267
v 0.04472014 -0.01979420 0.02868167
v 0.04371294 -0.02059290 0.02470386
v 0.04262741 -0.02129447 0.02470531
v 0.04187593 -0.01888690 0.04669651
v 0.04083685 -0.01948477 0.04667683
v 0.04123701 -0.01981904 0.04576704
v 0.04157059 -0.02010155 0.04484965
v 0.04091351 -0.02106857 0.04300635
v 0.04043938 -0.02062913 0.04483498
v 0.04235932 -0.02080449 0.04120368
v 0.04344976 -0.02016399 0.04120337
v 0.04556476 -0.01875624 0.03943760
v 0.04641846 -0.01785517 0.03943333
v 0.04701860 -0.01676870 0.04119771
v 0.04696484 -0.01673418 0.04155465
v 0.04691256 -0.01682298 0.04151587
v 0.04625269 -0.01773124 0.04119992
v 0.04688913 -0.01685576 0.04150434
v 0.04770074 -0.01574294 0.04119515
v 0.04740663 -0.01598379 0.04188233
v 0.04830233 -0.01466155 0.04119240
v 0.04785037 -0.01503719 0.04236391
v 0.04819934 -0.01404524 0.04293606
v 0.04882858 -0.01353084 0.04118964
v 0.04852314 -0.01230356 0.04414124
v 0.04893519 -0.01219957 0.04302131
v 0.04842425 -0.01309960 0.04355087
v 0.04848130 -0.01336095 0.04302452
v 0.04849136 -0.01150598 0.04488329
v 0.04932643 -0.01099754 0.04301807
v 0.04851980 -0.01166569 0.04470437
v 0.04852165 -0.01201989 0.04439167
v 0.04832128 -0.01098909 0.04558577
v 0.04835000 -0.01104947 0.04548972
v 0.04873046 -0.01075951 0.04488156
v 0.04844604 -0.01125140 0.04516845
v 0.04845514 -0.01130255 0.04511116
v 0.04770557 -0.01100394 0.04663174
v 0.04782786 -0.01040298 0.04673211
v 0.04760572 -0.01109546 0.04673434
v 0.04790011 -0.01088884 0.04638320
v 0.04795299 -0.01087674 0.04630147
v 0.04806285 -0.01085160 0.04613167
v 0.04818785 -0.01088123 0.04589553
v 0.04832086 -0.01059740 0.04581162
v 0.04820223 -0.01088464 0.04586836
v 0.04709058 -0.01165170 0.04719145
v 0.04741295 -0.01127218 0.04693239
v 0.04724732 -0.01146716 0.04706549
v 0.04713986 -0.01159368 0.04715185
v 0.04665208 -0.01225055 0.04745492
v 0.04886220 -0.00541115 0.04671707
v 0.04843134 -0.00798566 0.04672389
v 0.04892985 -0.00814740 0.04580363
v 0.04936428 -0.00554005 0.04579711
v 0.04978114 -0.00564728 0.04486809
v 0.04934387 -0.00828205 0.04487408
v 0.04994600 -0.00847942 0.04301222
v 0.05038730 -0.00580427 0.04300773
v 0.05074553 -0.00589835 0.04117767
v 0.05030188 -0.00859805 0.04118055
v 0.04967885 -0.01114130 0.04118457
v 0.04928529 -0.01235626 0.04118700
v 0.04718635 -0.01688339 0.03942947
v 0.04787024 -0.01584880 0.03942606
v 0.04847336 -0.01475899 0.03942310
v 0.04900095 -0.01362025 0.03942059
v 0.04945884 -0.01243799 0.03941850
v 0.04985343 -0.01121571 0.03941679
v 0.05047810 -0.00865867 0.03941431
v 0.05092293 -0.00594600 0.03941276
v 0.05097886 -0.00596723 0.01950021
v 0.05099233 -0.00596717 0.03473686
v 0.05110009 -0.00509241 0.01950021
v 0.05114635 -0.00449346 0.01950021
v 0.05077290 -0.00745343 0.01950020
v 0.04147419 -0.02191431 0.02470706
v 0.04025797 -0.02245579 0.02470912
v 0.04159513 -0.02186620 0.01950018
v 0.04370802 -0.02057215 0.02868467
v 0.04262108 -0.02126825 0.02868827
v 0.04146632 -0.02188147 0.02869250
v 0.04024851 -0.02241507 0.02869736
v 0.04021598 -0.02224993 0.03479837
v 0.04143823 -0.02174414 0.03478827
v 0.04259763 -0.02115515 0.03477898
v 0.04368914 -0.02047987 0.03477060
v 0.04470555 -0.01971952 0.03476322
v 0.04564091 -0.01887737 0.03475691
v 0.04649221 -0.01795960 0.03475169
v 0.04725817 -0.01697331 0.03474751
v 0.04794064 -0.01592610 0.03474427
v 0.04854284 -0.01482531 0.03474185
v 0.04906992 -0.01367701 0.03474010
v 0.04952760 -0.01248645 0.03473887
v 0.04992217 -0.01125697 0.03473804
v -0.00000008 -0.02274094 0.04390388
v 0.03022175 -0.02284857 0.04297767
v 0.03465684 -0.02129824 0.04657436
v 0.03313407 -0.02146658 0.04655929
v 0.03370440 -0.02213763 0.04477149
v 0.02938333 -0.02167065 0.04654134
v -0.00000009 -0.02200066 0.04602667
v 0.03525645 -0.02196370 0.04478094
v 0.03638699 -0.02143007 0.04569543
v 0.03604504 -0.02107458 0.04659253
v 0.03769780 -0.02113970 0.04571232
v 0.03734116 -0.02078799 0.04661268
v 0.03893759 -0.02077859 0.04573031
v 0.03856643 -0.02043153 0.04663392
v 0.04011776 -0.02034002 0.04574879
v 0.03973208 -0.01999869 0.04665559
v 0.03667237 -0.02173352 0.04479269
v 0.03799539 -0.02143913 0.04480597
v 0.03924722 -0.02107328 0.04482021
v 0.02988515 -0.02235107 0.04476149
v 0.03408772 -0.02262267 0.04297916
v 0.03565967 -0.02244145 0.04298260
v 0.03709420 -0.02220317 0.04298741
v 0.03843506 -0.02189977 0.04299316
v 0.03970424 -0.02152390 0.04299956
v 0.04120202 -0.02135621 0.04120398
v 0.03998312 -0.02182267 0.04120445
v 0.03870389 -0.02220915 0.04120522
v 0.03735241 -0.02252258 0.04120633
v 0.03590648 -0.02277026 0.04120785
v 0.03884564 -0.02240620 0.03947038
v 0.04012961 -0.02200891 0.03946414
v 0.04135275 -0.02153160 0.03945818
v 0.04251387 -0.02096908 0.03945254
v 0.04360769 -0.02031795 0.03944723
v 0.05098454 -0.00596344 0.03774049
v 0.05053931 -0.00868160 0.03774117
v 0.04991417 -0.01124512 0.03774262
v 0.04951936 -0.01247114 0.03774381
v 0.04906128 -0.01365751 0.03774547
v 0.04853355 -0.01480080 0.03774770
v 0.04793039 -0.01589565 0.03775066
v 0.04724657 -0.01693583 0.03775442
v 0.04647883 -0.01791384 0.03775910
v 0.04562535 -0.01882184 0.03776475
v 0.04468754 -0.01965257 0.03777134
v 0.04366856 -0.02039972 0.03777881
v 0.04257457 -0.02106002 0.03778703
v 0.04141297 -0.02163232 0.03779588
v 0.04018896 -0.02211988 0.03780521
v 0.03890368 -0.02252774 0.03781491
v 0.04086764 -0.02219935 0.01904605
v 0.05038993 -0.00903452 0.01874644
v -0.04042916 -0.02236821 0.01897912
v -0.01285348 -0.03361435 0.00037543
v -0.04362074 -0.02060736 0.01889843
v -0.05057147 -0.00834732 0.01949983
v -0.05053151 -0.00834092 0.01877430
v 0.04959500 -0.01131926 0.01807369
v 0.04300937 -0.02104426 0.01897663
v 0.04386370 -0.02035201 0.01839436
v 0.04361664 -0.02037713 0.01785895
v 0.04925621 -0.01136977 0.01745763
v 0.05015302 -0.00907009 0.01806079
v 0.05104119 -0.00232400 0.01806177
v 0.05127161 -0.00226153 0.01874640
v 0.05071267 -0.00242755 0.01744526
v 0.00117512 -0.03604573 -0.00048603
v 0.00296509 -0.03594441 -0.00048784
v -0.00037051 -0.03605261 -0.00038226
v -0.00056889 -0.03595448 0.00050903
v 0.00122637 -0.03594242 0.00050995
v -0.00236237 -0.03587892 0.00050345
v -0.00100446 -0.03604812 -0.00048711
v -0.00071713 -0.03605130 -0.00041244
v -0.00199968 -0.03602992 -0.00086362
v -0.00240770 -0.03598270 -0.00048956
v -0.00136346 -0.03604416 -0.00058041
v -0.00419263 -0.03581853 -0.00049500
v -0.00258935 -0.03600479 -0.00125700
v -0.00242098 -0.03601197 -0.00114468
v -0.05063772 -0.00377200 0.01752088
v -0.05093567 -0.00380073 0.01811587
v -0.05114770 -0.00382106 0.01877226
v -0.05128144 -0.00305614 0.01949983
v -0.05134330 -0.00247140 0.01949983
v -0.05002240 -0.01060351 0.01877677
v -0.04981761 -0.01055753 0.01812358
v -0.04952911 -0.01049435 0.01753035
v -0.00596757 -0.03556650 -0.00050286
v -0.00943710 -0.03470921 0.00043513
v -0.00772809 -0.03522711 -0.00051313
v -0.01115886 -0.03420336 0.00040716
v -0.00415029 -0.03571612 0.00049321
v -0.00592832 -0.03546656 0.00047838
v -0.00769213 -0.03513068 0.00045899
v -0.04152405 -0.02186237 0.01895187
v -0.04259202 -0.02127685 0.01892475
v -0.03968086 -0.02269535 0.01949988
v -0.04194769 -0.02168490 0.01949987
v -0.04261369 -0.02127709 0.01949986
v -0.05002992 -0.00825426 0.01752524
v -0.05032307 -0.00830465 0.01811939
v -0.05089463 -0.00607730 0.01877317
v -0.05068410 -0.00604954 0.01811746
v -0.05038818 -0.00601059 0.01752286
v -0.05090872 -0.00657952 0.01949983
v -0.05096088 -0.00608647 0.01949983
v 0.05050797 -0.00465982 0.01744057
v 0.05084192 -0.00456738 0.01805795
v 0.05107590 -0.00451275 0.01874419
v 0.04981248 -0.00913592 0.01744304
v 0.05079204 -0.00677147 0.01874369
v 0.05021718 -0.00689705 0.01743883
v 0.05055554 -0.00681716 0.01805678
v 0.04286261 -0.02106195 0.01845883
v 0.04181541 -0.02168548 0.01852332
v 0.04195472 -0.02166266 0.01901193
v 0.03975940 -0.02265979 0.01907852
v 0.01340136 -0.03350590 -0.00053865
v 0.01172028 -0.03412567 -0.00052670
v 0.01000975 -0.03466179 -0.00051572
v 0.00827450 -0.03511290 -0.00050602
v 0.00651921 -0.03547763 -0.00049798
v 0.00474803 -0.03575493 -0.00049186
v 0.00301941 -0.03584290 0.00050636
v 0.00480559 -0.03565616 0.00049854
v 0.00658024 -0.03538252 0.00048669
v 0.00833928 -0.03502227 0.00047109
v 0.01007860 -0.03457636 0.00045227
v 0.01179353 -0.03404602 0.00043086
v -0.00398951 -0.03533186 0.00241353
v -0.00219003 -0.03548919 0.00243157
v -0.00038517 -0.03556320 0.00244144
v 0.00142156 -0.03555352 0.00244310
v 0.00322638 -0.03546012 0.00243678
v 0.00502489 -0.03528312 0.00242280
v 0.00681267 -0.03502260 0.00240151
v 0.00858583 -0.03467870 0.00237327
v -0.04932671 -0.01099789 0.04301758
v -0.04873078 -0.01075986 0.04488105
v -0.04934421 -0.00828240 0.04487357
v -0.01511038 -0.02246882 0.04476343
v -0.04376002 -0.01666496 0.04751910
v -0.04321304 -0.01709201 0.04762740
v -0.04272626 -0.01821784 0.04681342
v -0.04263873 -0.01835517 0.04670936
v -0.04187622 -0.01888725 0.04669605
v -0.04203774 -0.01934678 0.04582012
v -0.04123727 -0.01981938 0.04576658
v -0.04848157 -0.01336130 0.04302402
v -0.05092319 -0.00594634 0.03941228
v -0.05047834 -0.00865901 0.03941383
v -0.04649993 -0.01800777 0.02867690
v -0.04724635 -0.01017424 0.04763622
v -0.04687085 -0.01130632 0.04764022
v -0.05129802 -0.00305739 0.03473633
v -0.05129023 -0.00305538 0.03773971
v -0.05122834 -0.00304286 0.03941136
v -0.05105014 -0.00300793 0.04117531
v -0.05069037 -0.00293863 0.04300417
v -0.05008162 -0.00282282 0.04486343
v -0.04966292 -0.00274367 0.04579205
v -0.04915855 -0.00264849 0.04671176
v -0.04856264 -0.00253595 0.04761631
v -0.04826956 -0.00525919 0.04762117
v -0.04784309 -0.00779514 0.04762804
v -0.04643653 -0.01239759 0.04764360
v -0.04511546 -0.01460214 0.04781314
v -0.04444516 -0.01563093 0.04774360
v -0.04400996 -0.01627335 0.04763751
v -0.04233812 -0.01783845 0.04761302
v -0.04138720 -0.01850732 0.04759458
v -0.04036490 -0.01909555 0.04757300
v -0.03927718 -0.01960173 0.04754956
v -0.03812863 -0.02002845 0.04752547
v -0.03692048 -0.02038013 0.04750166
v -0.03564167 -0.02066303 0.04747891
v -0.03427124 -0.02088383 0.04745822
v -0.03276720 -0.02104988 0.04744088
v -0.02906022 -0.02125029 0.04741965
v -0.02357416 -0.02133131 0.04741372
v -0.02383551 -0.02175467 0.04653672
v -0.04262115 -0.02126854 0.02868791
v -0.04370810 -0.02057245 0.02868431
v -0.04472022 -0.01979450 0.02868130
v -0.04565179 -0.01893767 0.02867884
v -0.04794410 -0.01595606 0.02867431
v -0.04726344 -0.01701148 0.02867542
v -0.04854505 -0.01484851 0.02867351
v -0.04907130 -0.01369469 0.02867295
v -0.04952846 -0.01249964 0.02867258
v -0.04992272 -0.01126658 0.02867233
v -0.05054740 -0.00869306 0.02867209
v -0.05074581 -0.00589869 0.04117718
v -0.05030215 -0.00859839 0.04118005
v -0.04978150 -0.00564762 0.04486759
v -0.05060323 -0.00544232 0.04229622
v -0.05098478 -0.00596377 0.03774002
v -0.05099255 -0.00596749 0.03473642
v -0.05103504 -0.00563596 0.03544210
v -0.05100942 -0.00583773 0.03535910
v -0.05099255 -0.00596913 0.02867200
v -0.05129800 -0.00305782 0.02867198
v -0.04832120 -0.01059775 0.04581111
v -0.04782822 -0.01040333 0.04673161
v -0.04893546 -0.01219991 0.04302082
v -0.04830255 -0.01466188 0.04119193
v -0.04882881 -0.01353118 0.04118915
v -0.04770096 -0.01574327 0.04119467
v -0.04701880 -0.01676902 0.04119725
v -0.04625289 -0.01773156 0.04119946
v -0.04462691 -0.01957959 0.03944182
v -0.04463380 -0.01933140 0.04105438
v -0.04556493 -0.01875655 0.03943716
v -0.04641864 -0.01785549 0.03943288
v -0.04404886 -0.01975431 0.04119297
v -0.04360786 -0.02031826 0.03944680
v -0.04344995 -0.02016431 0.04120292
v -0.04354720 -0.02005972 0.04140572
v -0.04120219 -0.02135651 0.04120355
v -0.04235950 -0.02080480 0.04120325
v -0.04230363 -0.02054052 0.04251771
v -0.04264433 -0.02046075 0.04209001
v -0.04297733 -0.02033380 0.04179127
v -0.04307331 -0.02029721 0.04170516
v -0.04182417 -0.02046141 0.04360641
v -0.04091371 -0.02106888 0.04300592
v -0.04173824 -0.02030523 0.04415645
v -0.04201671 -0.02054467 0.04303804
v -0.04157083 -0.02010188 0.04484919
v -0.04174111 -0.02008436 0.04468917
v -0.04043962 -0.02062945 0.04483454
v -0.04183494 -0.01977320 0.04524544
v -0.04083713 -0.01948511 0.04667637
v -0.04217001 -0.01911865 0.04605127
v -0.04236130 -0.01879043 0.04637951
v -0.04235047 -0.01880741 0.04636663
v -0.04326270 -0.01740824 0.04724897
v -0.04323498 -0.01744965 0.04723391
v -0.04380377 -0.01659958 0.04754286
v -0.04011801 -0.02034034 0.04574834
v -0.03893783 -0.02077891 0.04572987
v -0.03924745 -0.02107360 0.04481979
v -0.03769804 -0.02114001 0.04571191
v -0.03799562 -0.02143943 0.04480555
v -0.03638723 -0.02143038 0.04569501
v -0.03667259 -0.02173381 0.04479228
v -0.03525667 -0.02196399 0.04478055
v -0.03408791 -0.02262294 0.04297877
v -0.03370461 -0.02213792 0.04477109
v -0.03565985 -0.02244173 0.04298220
v -0.03709440 -0.02220346 0.04298701
v -0.03843525 -0.02190006 0.04299275
v -0.03970444 -0.02152420 0.04299913
v -0.03313432 -0.02146688 0.04655889
v -0.03465709 -0.02129855 0.04657396
v -0.03604530 -0.02107490 0.04659212
v -0.03734142 -0.02078831 0.04661225
v -0.03856670 -0.02043186 0.04663349
v -0.03973236 -0.01999903 0.04665514
v -0.02424069 -0.02244217 0.04476083
v -0.03590664 -0.02277053 0.04120747
v -0.03735258 -0.02252285 0.04120593
v -0.03870406 -0.02220944 0.04120482
v -0.03998329 -0.02182296 0.04120404
v -0.04251402 -0.02096938 0.03945212
v -0.04135291 -0.02153189 0.03945778
v -0.04012976 -0.02200920 0.03946374
v -0.03884579 -0.02240648 0.03946999
v -0.02938357 -0.02167093 0.04654098
v -0.02988536 -0.02235132 0.04476114
v -0.03022192 -0.02284881 0.04297731
v -0.04146639 -0.02188176 0.02869215
v -0.04024858 -0.02241535 0.02869702
v -0.04025799 -0.02245607 0.02470870
v -0.05054732 -0.00868874 0.03473673
v -0.04992235 -0.01125731 0.03473761
v -0.04952777 -0.01248678 0.03473844
v -0.04907008 -0.01367734 0.03473967
v -0.04854300 -0.01482563 0.03474143
v -0.04794079 -0.01592642 0.03474386
v -0.04725831 -0.01697362 0.03474710
v -0.04649235 -0.01795992 0.03475128
v -0.04564104 -0.01887768 0.03475651
v -0.04470567 -0.01971983 0.03476283
v -0.04368926 -0.02048017 0.03477022
v -0.04259774 -0.02115545 0.03477861
v -0.04143834 -0.02174443 0.03478789
v -0.04021608 -0.02225021 0.03479801
v -0.04936466 -0.00554040 0.04579660
v -0.04886260 -0.00541149 0.04671656
v -0.04893021 -0.00814774 0.04580312
v -0.04843172 -0.00798602 0.04672337
v -0.04991438 -0.01124545 0.03774216
v -0.05053954 -0.00868193 0.03774071
v -0.04928553 -0.01235659 0.04118652
v -0.04967910 -0.01114163 0.04118408
v -0.04994630 -0.00847976 0.04301171
v -0.04718654 -0.01688371 0.03942902
v -0.04787043 -0.01584913 0.03942559
v -0.04847356 -0.01475932 0.03942263
v -0.04900116 -0.01362058 0.03942012
v -0.04945906 -0.01243832 0.03941803
v -0.04985366 -0.01121604 0.03941632
v -0.03890381 -0.02252802 0.03781454
v -0.04018910 -0.02212017 0.03780483
v -0.04141311 -0.02163261 0.03779548
v -0.04257471 -0.02106032 0.03778663
v -0.04366871 -0.02040002 0.03777839
v -0.04468769 -0.01965288 0.03777092
v -0.04562551 -0.01882215 0.03776432
v -0.04647900 -0.01791415 0.03775867
v -0.04724673 -0.01693615 0.03775398
v -0.04793056 -0.01589597 0.03775021
v -0.04853374 -0.01480113 0.03774725
v -0.04906147 -0.01365784 0.03774502
v -0.04951956 -0.01247147 0.03774335
v 0.04769308 -0.01536273 0.04223541
v 0.04741362 -0.01129466 0.04691828
v 0.04714579 -0.01160637 0.04713737
v 0.04688541 -0.01194831 0.04731101
v 0.04587446 -0.01344853 0.04771473
v 0.04538460 -0.01423073 0.04776451
v 0.04588313 -0.01345740 0.04769160
v 0.04637477 -0.01268479 0.04756243
v 0.04768627 -0.01104106 0.04664060
v 0.04844591 -0.01131679 0.04512012
v 0.04834410 -0.01106177 0.04549378
v 0.04817959 -0.01090195 0.04589659
v 0.04807199 -0.01087654 0.04610003
v 0.04795051 -0.01089361 0.04629591
v 0.04850966 -0.01231894 0.04415683
v 0.04850065 -0.01162582 0.04477496
v 0.04840435 -0.01307166 0.04362170
v 0.04823881 -0.01382765 0.04311984
v 0.04842053 -0.01306156 0.04360314
v 0.04825379 -0.01381956 0.04310054
v 0.04687430 -0.01686036 0.04154019
v 0.04731812 -0.01611920 0.04186090
v 0.04800124 -0.01459334 0.04265842
v -0.04194238 -0.02050555 0.04328297
v -0.04281477 -0.01811913 0.04684775
v -0.04328631 -0.01741118 0.04722022
v -0.04378287 -0.01667153 0.04748841
v -0.04478996 -0.01514938 0.04775395
v -0.04529044 -0.01437876 0.04776850
v -0.04428731 -0.01591383 0.04766352
v -0.04238618 -0.01878643 0.04635733
v -0.04370856 -0.01995919 0.04135497
v -0.04408355 -0.01972266 0.04121069
v -0.04175911 -0.02011437 0.04459260
v -0.04203668 -0.01938852 0.04574367
v -0.04190395 -0.01965928 0.04538786
v -0.04180919 -0.01990230 0.04500392
v -0.04182121 -0.02042110 0.04372145
v -0.04176085 -0.02028924 0.04416235
v -0.04212570 -0.02053843 0.04285966
v -0.04236600 -0.02051912 0.04246416
v -0.04265591 -0.02044747 0.04210982
v -0.04298410 -0.02032722 0.04180390
v -0.04445571 -0.01945879 0.04111524
v -0.04333872 -0.02016252 0.04155234
v -0.03512273 -0.00319195 -0.01048598
v -0.03535757 -0.00321330 -0.01041518
v -0.03556807 -0.00323243 -0.01028889
v -0.03574145 -0.00324818 -0.01011480
v -0.03586722 -0.00325961 -0.00990343
v -0.02326684 -0.02758338 -0.00966758
v -0.02079374 -0.02949252 -0.00966757
v -0.01816478 -0.03118059 -0.00966756
v -0.01539966 -0.03263494 -0.00966755
v -0.01251911 -0.03384466 -0.00966754
v -0.00954471 -0.03480069 -0.00966753
v -0.00649877 -0.03549586 -0.00966752
v -0.00340411 -0.03592495 -0.00966751
v -0.00028394 -0.03608476 -0.00966749
v -0.03471499 -0.00621802 -0.01048598
v -0.03404704 -0.00919748 -0.01048598
v -0.03312388 -0.01210799 -0.01048598
v -0.03195242 -0.01492774 -0.01048597
v -0.03054145 -0.01763560 -0.01048597
v -0.02890155 -0.02021126 -0.01048596
v -0.02704501 -0.02263542 -0.01048596
v -0.02498574 -0.02488991 -0.01048595
v -0.02273918 -0.02695783 -0.01048594
v -0.02032217 -0.02882368 -0.01048593
v -0.01775283 -0.03047347 -0.01048592
v -0.01505042 -0.03189484 -0.01048591
v -0.01223519 -0.03307712 -0.01048590
v -0.00932825 -0.03401146 -0.01048589
v -0.00635138 -0.03469087 -0.01048588
v -0.00332691 -0.03511023 -0.01048587
v -0.00027749 -0.03526641 -0.01048586
v -0.03545084 -0.00634982 -0.00990343
v -0.03476873 -0.00939243 -0.00990343
v -0.03382599 -0.01236464 -0.00990343
v -0.03262971 -0.01524416 -0.00990342
v -0.03118883 -0.01800941 -0.00990342
v -0.02951417 -0.02063967 -0.00990341
v -0.02761828 -0.02311522 -0.00990340
v -0.02551536 -0.02541750 -0.00990340
v -0.02322118 -0.02752925 -0.00990339
v -0.02075294 -0.02943465 -0.00990338
v -0.01812914 -0.03111941 -0.00990337
v -0.01536944 -0.03257090 -0.00990336
v -0.01249454 -0.03377825 -0.00990335
v -0.00952598 -0.03473240 -0.00990334
v -0.00648601 -0.03542620 -0.00990333
v -0.00339743 -0.03585446 -0.00990332
v -0.00028338 -0.03601395 -0.00990330
v -0.03532653 -0.00632756 -0.01011479
v -0.03464682 -0.00935950 -0.01011479
v -0.03370739 -0.01232128 -0.01011479
v -0.03251530 -0.01519071 -0.01011478
v -0.03107947 -0.01794626 -0.01011478
v -0.02941068 -0.02056730 -0.01011477
v -0.02752143 -0.02303417 -0.01011477
v -0.02542589 -0.02532837 -0.01011476
v -0.02313976 -0.02743272 -0.01011475
v -0.02068017 -0.02933144 -0.01011474
v -0.01806557 -0.03101029 -0.01011473
v -0.01531555 -0.03245669 -0.01011472
v -0.01245073 -0.03365981 -0.01011471
v -0.00949258 -0.03461061 -0.01011470
v -0.00646327 -0.03530199 -0.01011469
v -0.00338552 -0.03572874 -0.01011468
v -0.00028238 -0.03588767 -0.01011467
v -0.03515516 -0.00629686 -0.01028889
v -0.03447874 -0.00931409 -0.01028889
v -0.03354387 -0.01226151 -0.01028889
v -0.03235756 -0.01511701 -0.01028888
v -0.03092870 -0.01785921 -0.01028888
v -0.02926801 -0.02046753 -0.01028887
v -0.02738793 -0.02292243 -0.01028886
v -0.02530255 -0.02520550 -0.01028885
v -0.02302750 -0.02729964 -0.01028885
v -0.02057985 -0.02918915 -0.01028884
v -0.01797793 -0.03085986 -0.01028883
v -0.01524125 -0.03229925 -0.01028882
v -0.01239033 -0.03349652 -0.01028881
v -0.00944653 -0.03444272 -0.01028879
v -0.00643192 -0.03513074 -0.01028878
v -0.00336909 -0.03555542 -0.01028877
v -0.00028101 -0.03571358 -0.01028876
v -0.03494711 -0.00625960 -0.01041517
v -0.03427469 -0.00925898 -0.01041517
v -0.03334536 -0.01218895 -0.01041517
v -0.03216607 -0.01502755 -0.01041516
v -0.03074566 -0.01775351 -0.01041516
v -0.02909480 -0.02034640 -0.01041515
v -0.02722584 -0.02278677 -0.01041515
v -0.02515280 -0.02505634 -0.01041514
v -0.02289122 -0.02713808 -0.01041513
v -0.02045806 -0.02901641 -0.01041512
v -0.01787154 -0.03067723 -0.01041511
v -0.01515105 -0.03210810 -0.01041510
v -0.01231700 -0.03329829 -0.01041509
v -0.00939062 -0.03423888 -0.01041508
v -0.00639385 -0.03492282 -0.01041507
v -0.00334915 -0.03534499 -0.01041506
v -0.00027935 -0.03550222 -0.01041505
v -0.01299812 0.00266281 0.05524273
v -0.01324524 0.00077804 0.05524272
v -0.01322048 -0.00112269 0.05524273
v -0.01292436 -0.00300039 0.05524273
v -0.01236296 -0.00481649 0.05524273
v -0.01154778 -0.00653374 0.05524273
v -0.01049557 -0.00811686 0.05524274
v -0.00922794 -0.00953337 0.05524274
v -0.00777088 -0.01075420 0.05524275
v -0.00615432 -0.01175428 0.05524275
v -0.00441144 -0.01251308 0.05524276
v -0.00257801 -0.01301504 0.05524276
v -0.00069167 -0.01324983 0.05524277
v -0.00444874 -0.01261889 0.05520955
v -0.00259981 -0.01312509 0.05520955
v -0.00069752 -0.01336187 0.05520956
v -0.00070280 -0.01346314 0.05515118
f 1006 5 1005
f 1005 5 1003
f 1003 5 2
f 2 5 712
f 1376 580 1003
f 1003 2 1376
f 1003 594 1004
f 1004 1005 1003
f 594 1005 1004
f 701 2 712
f 712 1008 701
f 580 1376 578
f 1003 580 583
f 592 594 1003
f 1035 1005 594
f 2 701 4
f 4 701 702
f 4 702 703
f 702 701 39
f 703 702 39
f 39 701 1008
f 1003 583 586
f 580 578 579
f 579 583 580
f 587 592 1003
f 8 1368 1364
f 1007 38 1008
f 1006 1005 1076
f 1349 1350 1006
f 1006 1356 1349
f 1349 1356 1350
f 37 38 703
f 703 39 37
f 1008 38 37
f 37 39 1008
f 1381 1436 1384
f 1384 1436 1435
f 1372 2 1371
f 2 1372 1375
f 1607 1544 1608
f 585 590 1003
f 1003 586 585
f 582 586 583
f 1003 590 588
f 588 587 1003
f 593 594 589
f 587 588 589
f 589 588 590
f 594 592 591
f 592 587 591
f 591 589 594
f 587 589 591
f 610 1035 594
f 1062 1059 1061
f 600 610 594
f 1318 1319 2040
f 1798 1825 1803
f 1841 1753 1751
f 1822 1702 1820
f 1430 1705 1590
f 1704 1705 1430
f 1590 1705 1572
f 1572 1575 1590
f 1591 1575 1572
f 1707 1591 1706
f 1706 1696 1707
f 1591 1572 1706
f 1706 1572 1705
f 1706 1705 1642
f 1642 1696 1706
f 1664 1702 1822
f 1822 1665 1664
f 1283 707 1284
f 1008 707 2033
f 2034 1100 2033
f 2034 2033 1224
f 1224 2033 707
f 1360 8 1359
f 1361 8 1360
f 1359 1731 1360
f 1360 1731 1361
f 1358 8 1357
f 1357 8 1361
f 708 8 1358
f 708 707 1008
f 1006 1350 1347
f 1347 5 1006
f 1952 1073 1953
f 1639 1696 1011
f 38 706 705
f 33 31 1107
f 1386 1435 1434
f 1383 1381 1384
f 1545 1435 1436
f 1545 1544 1607
f 1434 1547 1463
f 1463 1464 1371
f 1371 1373 1463
f 1463 1388 1434
f 1565 1566 1612
f 584 585 586
f 590 585 584
f 584 589 590
f 593 589 584
f 616 622 624
f 1035 610 624
f 624 610 616
f 1978 1995 1996
f 1663 1061 1661
f 1625 1061 1663
f 598 597 599
f 599 600 598
f 595 597 598
f 598 600 594
f 1302 1319 1318
f 1318 1293 1302
f 1098 2038 1092
f 1318 2040 2039
f 2039 1293 1318
f 1093 1092 2039
f 2039 1092 2038
f 2041 2040 1319
f 1191 1190 1181
f 1181 1190 1179
f 17 1190 1191
f 1189 1167 1187
f 1098 9 1088
f 1320 2041 1319
f 1577 1753 1713
f 1819 1818 1822
f 1822 1820 1819
f 1819 1820 1821
f 1822 1818 1823
f 1803 1825 1814
f 1703 1820 1702
f 1830 1745 1831
f 1746 1745 1830
f 1830 1829 1746
f 1590 1575 1574
f 1574 1575 1573
f 1573 1575 1578
f 1578 1575 1591
f 1592 1591 1707
f 1592 1578 1591
f 1587 1578 1592
f 1649 1665 1660
f 1649 1664 1665
f 1660 1065 1649
f 1877 1625 1663
f 711 1008 712
f 711 710 1008
f 710 711 7
f 712 5 7
f 7 711 712
f 1008 2033 1099
f 1099 2033 1100
f 1099 1007 1008
f 38 1007 1099
f 1098 1088 1099
f 1099 1088 38
f 2037 2038 1098
f 2037 1291 2038
f 1098 2036 2037
f 2038 1291 1294
f 1293 2039 1294
f 1294 2039 2038
f 1097 2036 1098
f 1292 2036 1290
f 1291 2037 1292
f 1292 2037 2036
f 1710 1712 1869
f 1359 8 1367
f 1367 1366 1359
f 8 1366 1367
f 1365 8 1364
f 1364 1366 1365
f 1365 1366 8
f 1361 1731 278
f 1362 708 1358
f 8 708 709
f 709 7 8
f 710 7 709
f 1008 710 709
f 709 708 1008
f 1330 1303 1328
f 1303 1302 1328
f 1328 1302 1293
f 1711 1712 1710
f 1711 750 1775
f 1670 1846 1844
f 1844 1846 1845
f 8 6 1345
f 1345 6 5
f 1345 1370 1368
f 1368 8 1345
f 1071 1035 1070
f 1071 1085 1035
f 1070 1963 1071
f 1964 1963 1070
f 2014 1997 1996
f 1073 1952 1074
f 1970 149 1969
f 1969 1968 1986
f 1986 1970 1969
f 1987 1970 1986
f 2021 1952 1953
f 1953 1954 2021
f 1029 1030 1016
f 1011 1033 1032
f 560 1034 562
f 560 1033 1034
f 560 1032 1033
f 1011 1696 1638
f 1638 1696 1642
f 1641 1010 1642
f 1641 1705 1704
f 1642 1705 1641
f 1704 1703 1641
f 1650 1649 1036
f 1646 1039 1648
f 1041 1039 1646
f 703 38 704
f 38 705 704
f 704 4 703
f 1381 1383 3
f 4 704 3
f 3 704 705
f 3 1383 1384
f 1109 706 1107
f 706 1109 1105
f 1171 1198 1170
f 1171 1170 27
f 27 25 1171
f 1135 1134 1406
f 1107 706 35
f 35 33 1107
f 35 706 38
f 31 33 34
f 34 32 31
f 38 32 34
f 1107 31 1108
f 31 1172 1108
f 1108 1109 1107
f 1639 1016 1695
f 1689 1622 1552
f 1552 1068 1689
f 51 77 78
f 1552 1622 1551
f 1561 1555 1554
f 1350 1356 1937
f 1356 1936 1937
f 1355 1936 1356
f 1355 1356 1006
f 1984 1983 2001
f 1984 1968 1967
f 1984 1967 1966
f 1966 1983 1984
f 1606 1545 1607
f 1607 1466 1606
f 1606 1466 1547
f 1606 1547 1434
f 1434 1435 1606
f 1435 1545 1606
f 1548 1463 1547
f 1473 1472 1564
f 1564 1472 1565
f 128 1472 1473
f 1565 1472 1471
f 1471 1566 1565
f 1543 1608 1544
f 581 584 586
f 586 582 581
f 579 684 581
f 583 579 581
f 581 582 583
f 685 633 631
f 1944 1059 1062
f 1660 1665 1666
f 1662 1061 1059
f 1059 1065 1662
f 1662 1661 1061
f 1662 1666 1661
f 1662 1065 1660
f 1660 1666 1662
f 1845 1846 1058
f 1058 1669 1062
f 1058 1846 1669
f 610 600 606
f 600 602 606
f 606 602 604
f 606 605 607
f 596 598 594
f 595 598 596
f 596 594 593
f 593 595 596
f 77 79 647
f 647 79 80
f 677 693 678
f 678 661 677
f 681 665 664
f 666 665 681
f 1184 1222 1186
f 1189 1187 1188
f 1183 1184 1186
f 1181 1184 1183
f 1191 1181 1183
f 27 28 26
f 26 25 27
f 28 30 26
f 26 30 32
f 26 32 38
f 38 1088 26
f 1440 1753 1577
f 1179 1190 15
f 1190 17 15
f 1534 1545 1436
f 1544 1545 1534
f 1377 705 1394
f 705 1393 1394
f 1526 1437 1458
f 1528 1526 1527
f 1527 1458 1457
f 1526 1458 1527
f 1460 1394 1393
f 1377 1394 1460
f 1417 1256 1258
f 1319 1302 1304
f 1304 1320 1319
f 1304 1302 1303
f 1832 1713 1753
f 1832 1841 1842
f 1753 1841 1832
f 1832 1842 1704
f 1704 1713 1832
f 1577 1713 1431
f 1431 1440 1577
f 1430 1440 1431
f 1704 1430 1431
f 1826 1821 1842
f 1842 1841 1826
f 1747 1829 1828
f 1747 1746 1829
f 1242 949 948
f 1237 1238 1239
f 1241 1238 1237
f 949 1242 942
f 1245 1242 1243
f 1245 942 1242
f 1818 1819 1817
f 1828 1829 1817
f 1825 1835 1824
f 1824 1814 1825
f 1834 1666 1665
f 1835 1666 1834
f 1834 1824 1835
f 1823 1824 1834
f 1702 1664 1643
f 1643 1703 1702
f 1643 1641 1703
f 1648 1641 1643
f 1820 1703 1843
f 1842 1821 1843
f 1821 1820 1843
f 1704 1842 1843
f 1843 1703 1704
f 1803 1814 1812
f 1744 1831 1745
f 1745 1746 852
f 1573 1578 1579
f 1579 1578 1587
f 1600 1592 1707
f 775 777 807
f 1478 1479 804
f 1561 1616 1617
f 1876 1877 1663
f 1798 1793 1791
f 1791 1793 1792
f 1624 1846 1670
f 1669 1846 1624
f 1227 707 1228
f 707 1286 1228
f 707 1283 1287
f 1287 1286 707
f 1227 1226 1225
f 1225 1226 1224
f 1225 707 1227
f 1225 1224 707
f 1290 2036 1289
f 1224 1226 2035
f 2034 1224 2035
f 2035 1289 2036
f 1226 1289 2035
f 2035 1100 2034
f 1284 707 1369
f 707 914 1369
f 1369 1419 1284
f 914 1419 1369
f 1733 1362 1358
f 1861 1734 1733
f 1733 1734 1362
f 256 1869 1712
f 1364 1368 1728
f 1732 1733 1358
f 1358 1357 1732
f 1732 1357 1361
f 1775 750 749
f 750 747 749
f 1710 1869 1868
f 1919 727 726
f 727 730 726
f 1794 1793 1929
f 1792 1793 1794
f 1913 727 1919
f 1914 1915 731
f 731 1915 736
f 1858 1844 1859
f 1859 1844 1845
f 5 1347 1352
f 239 194 199
f 181 183 182
f 182 183 219
f 181 149 175
f 175 1970 207
f 149 1970 175
f 1670 1844 1754
f 1754 1844 1858
f 1857 1754 1858
f 1755 1754 1857
f 1758 1852 1851
f 1085 1071 1072
f 1072 1071 1963
f 1959 1958 1087
f 1957 1081 1087
f 1087 1958 1957
f 1960 1085 1961
f 1960 1959 1085
f 1062 1669 1057
f 1669 1624 1057
f 1070 1035 626
f 1035 624 626
f 2031 2030 1963
f 1997 2014 2015
f 1941 1668 1940
f 1082 1956 1955
f 1955 1083 1082
f 1082 1081 1957
f 1957 1956 1082
f 1082 1087 1081
f 1085 1087 1082
f 1069 1083 1955
f 1955 1954 1069
f 1073 1074 1069
f 1953 1073 1069
f 1069 1954 1953
f 1069 1082 1083
f 1069 1074 1080
f 1080 1082 1069
f 1955 1956 2024
f 2007 2006 2024
f 1080 1074 1075
f 1075 1074 1952
f 2002 1984 2001
f 1986 2002 2003
f 1014 1032 1029
f 1011 1032 1014
f 1014 1639 1011
f 1642 1010 1013
f 1013 1638 1642
f 1034 1033 1013
f 1013 1010 1034
f 1645 1037 1034
f 1039 1037 1645
f 1056 1036 1649
f 1997 2015 1998
f 1998 2015 632
f 559 560 561
f 653 637 636
f 636 637 559
f 559 561 636
f 1378 705 1377
f 1378 3 705
f 1378 1379 3
f 1461 1379 1378
f 1378 1460 1461
f 1377 1460 1378
f 1385 3 1384
f 1386 3 1385
f 1384 1435 1385
f 1435 1386 1385
f 1388 3 1387
f 1387 3 1386
f 1434 1388 1387
f 1387 1386 1434
f 1389 3 1388
f 1373 3 1389
f 1388 1463 1389
f 1389 1463 1373
f 1 1373 1371
f 1 3 1373
f 1371 2 1
f 1195 1108 1172
f 1115 1116 1112
f 1222 1184 1221
f 1168 1171 25
f 33 35 36
f 36 34 33
f 36 35 38
f 38 34 36
f 31 32 29
f 32 30 29
f 29 1172 31
f 29 1169 1172
f 1170 1169 29
f 27 1170 29
f 29 28 27
f 29 30 28
f 1020 1031 1027
f 1030 1031 1020
f 1598 1699 1601
f 1599 1699 1598
f 1598 1594 1599
f 1021 1695 1018
f 1021 1024 1022
f 1066 1695 1023
f 1023 1022 1066
f 1695 1021 1023
f 1023 1021 1022
f 89 644 645
f 645 82 89
f 577 644 89
f 83 82 645
f 1688 1622 576
f 1686 575 574
f 616 610 614
f 609 610 607
f 986 886 890
f 1475 1554 120
f 1562 1616 1561
f 1561 1554 1562
f 1562 1554 1475
f 1938 1347 1350
f 1350 1937 1938
f 1006 1076 1348
f 1936 1355 1935
f 1374 1635 1376
f 1375 1635 1374
f 1374 1376 2
f 2 1375 1374
f 1637 578 1376
f 1376 1635 1637
f 1637 1635 1680
f 1680 1635 1681
f 53 147 55
f 1634 1682 1684
f 593 584 700
f 584 581 700
f 700 581 684
f 148 1471 129
f 1566 1471 148
f 1610 1567 1568
f 1469 1567 132
f 138 1568 1469
f 1469 1568 1567
f 129 1471 130
f 130 1471 1472
f 1472 128 126
f 1610 1542 1541
f 1611 1567 1610
f 1610 1541 1611
f 1611 1541 1540
f 1611 1540 1612
f 1611 1612 1566
f 1566 1567 1611
f 1565 1612 1613
f 1613 1564 1565
f 1614 1564 1613
f 621 624 622
f 625 685 631
f 618 622 616
f 616 617 618
f 615 617 616
f 616 614 615
f 615 614 613
f 559 637 564
f 564 565 559
f 576 1622 573
f 1622 1689 573
f 573 1689 1068
f 573 1691 1067
f 2013 2014 1996
f 2013 2031 2014
f 2030 2031 2013
f 1996 1995 2013
f 1995 2012 2013
f 2012 2029 2013
f 2013 2029 2030
f 1065 1064 1051
f 1060 1065 1059
f 1060 1064 1065
f 1059 1944 1060
f 1061 1625 1063
f 1625 1058 1063
f 1062 1061 1063
f 1063 1058 1062
f 1625 1877 1860
f 1860 1058 1625
f 1845 1058 1860
f 1860 1859 1845
f 607 610 608
f 608 606 607
f 610 606 608
f 603 695 605
f 603 606 604
f 605 606 603
f 694 695 679
f 679 678 694
f 605 695 694
f 694 678 693
f 607 605 694
f 694 693 607
f 646 83 645
f 681 664 680
f 680 664 679
f 679 664 663
f 647 646 663
f 648 78 77
f 77 647 648
f 647 663 648
f 648 663 664
f 668 684 579
f 682 666 681
f 1093 2039 1094
f 1094 2039 2040
f 2040 2041 1094
f 2041 1095 1094
f 1098 1092 1094
f 1094 1092 1093
f 1089 1094 1095
f 1089 9 1098
f 1098 1094 1089
f 44 1176 1175
f 1174 1176 44
f 1144 1205 1147
f 1186 1222 1223
f 1223 1188 1186
f 1222 1200 1223
f 1189 1188 1223
f 1185 1183 1186
f 1186 1188 1185
f 1185 1188 1187
f 1167 1168 23
f 23 1168 25
f 20 1088 9
f 20 26 1088
f 1576 1430 1590
f 1576 1440 1430
f 1590 1574 1576
f 948 949 825
f 1239 1238 950
f 950 1241 948
f 950 1238 1241
f 1751 1753 1752
f 1753 1440 1752
f 44 15 13
f 1338 1301 1339
f 1341 1340 1339
f 1339 1340 1338
f 9 1089 1090
f 1397 989 985
f 1532 1531 1504
f 1544 1534 1535
f 1535 1543 1544
f 1535 1533 1532
f 1534 1533 1535
f 1532 1533 1530
f 1530 1531 1532
f 1530 1533 1461
f 1461 1460 1530
f 873 1458 1437
f 874 873 1437
f 874 705 706
f 1513 1527 1457
f 1459 1460 1393
f 1391 1437 1459
f 1459 1437 1526
f 1114 1412 1382
f 1382 706 1114
f 1382 966 706
f 1111 1412 1114
f 1411 1412 1110
f 1412 1111 1110
f 1256 1417 1416
f 1428 1416 944
f 1256 1416 1428
f 1258 1256 1255
f 1256 1254 1255
f 1320 1304 1306
f 1306 1321 1320
f 1308 1321 1306
f 1571 1713 1704
f 1704 1431 1571
f 1571 1431 1713
f 1803 1812 1720
f 1799 1798 1803
f 1750 1841 1751
f 1750 1826 1841
f 1827 1819 1821
f 1821 1826 1827
f 1827 1817 1819
f 1828 1817 1827
f 1748 1747 1828
f 1828 1827 1748
f 941 1428 944
f 944 852 941
f 948 1241 1244
f 1244 1242 948
f 1236 1237 1239
f 1341 1243 1343
f 1241 1237 1240
f 1240 1244 1241
f 1240 1343 1243
f 1243 1242 1240
f 1242 1244 1240
f 824 942 862
f 824 1750 1751
f 862 1750 824
f 854 1750 862
f 854 855 1750
f 1249 936 935
f 936 855 935
f 855 854 935
f 935 854 862
f 1815 1817 1829
f 1815 1829 1830
f 1818 1817 1815
f 1833 1665 1822
f 1833 1834 1665
f 1822 1823 1833
f 1823 1834 1833
f 1647 1646 1648
f 1648 1643 1647
f 1647 1651 1646
f 1664 1649 1647
f 1647 1643 1664
f 1647 1649 1650
f 1650 1651 1647
f 861 1744 1745
f 1745 852 861
f 861 852 944
f 1573 1579 1580
f 1580 1579 1582
f 1582 1444 1580
f 1582 1579 1581
f 1581 1579 1587
f 1584 1583 1586
f 1582 1581 1584
f 1584 1581 1583
f 1599 1594 1593
f 1593 1600 1599
f 1592 1600 1593
f 1587 1592 1593
f 802 775 807
f 802 804 805
f 777 775 1491
f 1597 1598 1601
f 1432 1617 1616
f 1616 1486 1432
f 1604 1485 1484
f 1484 1485 793
f 1877 1876 1839
f 1825 1798 1836
f 1798 1791 1836
f 1836 1835 1825
f 1791 1839 1836
f 1229 1228 1286
f 1229 1226 1227
f 1227 1228 1229
f 1291 1292 1326
f 1267 1326 1270
f 1100 2035 1101
f 1101 1097 1098
f 2036 1097 1101
f 1101 2035 2036
f 1098 1099 1101
f 1101 1099 1100
f 1421 1288 1419
f 1862 1734 1861
f 1862 1864 1736
f 1861 1712 1863
f 1863 1862 1861
f 1864 1862 1863
f 1775 1864 1863
f 1863 1711 1775
f 1712 1711 1863
f 1776 1864 1775
f 916 1421 1419
f 1736 820 1735
f 1735 1862 1736
f 1734 1862 1735
f 311 281 312
f 312 281 256
f 1869 256 254
f 256 281 254
f 1729 1366 1364
f 1364 1728 1729
f 1861 1733 1767
f 1733 1732 1767
f 311 312 1767
f 1767 312 256
f 1767 1712 1861
f 1767 256 1712
f 1361 278 277
f 277 1732 1361
f 717 1711 1710
f 1779 1872 1778
f 736 1915 1918
f 1914 731 732
f 727 1913 732
f 732 1913 1914
f 1858 1859 1879
f 1879 1837 1788
f 1932 726 1784
f 1784 1783 1932
f 1785 730 1786
f 1881 1783 1785
f 1677 555 1678
f 1888 1875 1865
f 1875 1723 1865
f 1346 1345 5
f 1351 1352 1347
f 1966 1967 202
f 192 201 210
f 187 186 210
f 210 186 185
f 208 183 181
f 181 175 208
f 183 208 174
f 1881 1857 1880
f 1880 1783 1881
f 1788 1783 1880
f 1880 1879 1788
f 1880 1857 1858
f 1858 1879 1880
f 1961 1085 1084
f 1084 1072 1961
f 1085 1072 1084
f 1963 2030 1962
f 1962 1072 1963
f 1961 1072 1962
f 1962 2029 1961
f 2030 2029 1962
f 1957 1958 2025
f 2025 1956 1957
f 2025 2024 1956
f 1085 1959 1086
f 1086 1087 1085
f 1959 1087 1086
f 2011 2012 1995
f 1670 1668 1667
f 1667 1668 1941
f 1667 1624 1670
f 1667 1057 1624
f 630 633 632
f 632 2015 630
f 629 630 2015
f 631 633 629
f 633 630 629
f 2014 2031 2032
f 2032 2015 2014
f 2032 629 2015
f 1963 1964 2032
f 2032 2031 1963
f 1974 1939 1973
f 1974 1940 1939
f 1991 1992 1974
f 1941 1940 1974
f 1626 1940 1668
f 1668 161 1626
f 214 1754 1755
f 1670 1754 214
f 1671 1668 1670
f 1671 161 1668
f 1955 2024 2023
f 2023 2024 2006
f 1990 2006 2007
f 1990 1973 1972
f 1990 1974 1973
f 1991 1974 1990
f 1988 1970 1987
f 1988 1971 1970
f 1972 1971 1988
f 177 1971 1972
f 1985 1986 1968
f 1985 2002 1986
f 1968 1984 1985
f 1984 2002 1985
f 2001 2018 2019
f 2019 2002 2001
f 2019 2003 2002
f 1952 2021 2020
f 2021 2003 2020
f 2020 2019 1952
f 2003 2019 2020
f 2004 2003 2021
f 1987 1986 2004
f 1986 2003 2004
f 2004 1988 1987
f 2005 1988 2004
f 1029 1016 1015
f 1015 1014 1029
f 1015 1016 1639
f 1639 1014 1015
f 1011 1638 1012
f 1638 1013 1012
f 1012 1033 1011
f 1012 1013 1033
f 1010 1641 1009
f 1034 1010 1009
f 1648 1039 1644
f 1039 1645 1644
f 1644 1641 1648
f 1644 1645 1641
f 634 1998 632
f 1981 1998 634
f 634 636 561
f 653 636 635
f 635 633 653
f 632 633 635
f 635 634 632
f 636 634 635
f 1381 3 1380
f 3 1379 1380
f 1172 1169 1196
f 1196 1195 1172
f 1109 1108 1106
f 1108 1195 1106
f 1106 1105 1109
f 1106 1112 1105
f 1106 1195 1115
f 1115 1112 1106
f 1105 1112 1113
f 1114 706 1113
f 706 1105 1113
f 1113 1111 1114
f 1112 1110 1113
f 1113 1110 1111
f 1406 1404 987
f 1201 1200 1222
f 1222 1221 1201
f 1406 1134 1137
f 1137 1404 1406
f 1134 1135 1133
f 1133 1137 1134
f 1136 1137 1133
f 1200 1201 1133
f 1133 1201 1136
f 1118 1116 1115
f 1122 1410 1118
f 1411 1116 1118
f 1118 1410 1411
f 1189 1126 1199
f 1199 1126 1198
f 1199 1167 1189
f 1199 1168 1167
f 1198 1171 1199
f 1171 1168 1199
f 1198 1126 1124
f 1017 1695 1016
f 1017 1020 1695
f 1017 1016 1030
f 1030 1020 1017
f 1018 1695 1019
f 1695 1020 1019
f 1707 1696 1697
f 1695 1698 1697
f 1696 1639 1697
f 1639 1695 1697
f 1709 1699 1599
f 1709 1698 1699
f 1699 1698 1694
f 1694 1695 1066
f 1694 1698 1695
f 1599 1600 1708
f 1708 1709 1599
f 1698 1709 1708
f 1708 1600 1707
f 1707 1697 1708
f 1708 1697 1698
f 559 565 566
f 565 1024 566
f 1027 1031 566
f 566 1031 1030
f 566 1030 1029
f 1029 1032 566
f 566 1020 1027
f 566 1019 1020
f 566 560 559
f 1032 560 566
f 1067 1691 1692
f 1691 1701 1692
f 1690 1558 1691
f 1690 573 1068
f 1691 573 1690
f 80 79 74
f 72 50 68
f 72 68 132
f 1553 1551 1622
f 1622 1688 1553
f 575 1686 1687
f 612 614 610
f 675 659 674
f 677 661 676
f 676 659 675
f 676 693 677
f 807 777 806
f 1909 806 777
f 768 806 1909
f 810 768 1910
f 768 1909 1910
f 1406 986 1001
f 1001 986 890
f 125 123 87
f 1473 1475 125
f 1475 123 125
f 118 123 1475
f 1474 118 1475
f 114 118 1474
f 48 118 114
f 87 123 48
f 123 118 48
f 1563 1475 1473
f 1563 1562 1475
f 1473 1564 1563
f 1563 1564 1614
f 1965 1937 1982
f 1965 1938 1937
f 1965 1983 1966
f 1982 1983 1965
f 1077 1078 1948
f 1077 1076 1005
f 1950 1949 1080
f 2018 1949 1950
f 2017 1949 2018
f 2017 2018 2001
f 1354 1935 1355
f 1354 1355 1006
f 1006 1348 1354
f 578 1637 1679
f 1679 1637 1680
f 1679 1684 578
f 1636 1681 1635
f 1636 1375 1372
f 1636 1635 1375
f 1636 1372 1371
f 1371 1464 1636
f 1548 1681 1636
f 1683 1681 1548
f 1680 1681 1683
f 55 147 54
f 1467 143 52
f 1634 1684 1685
f 1680 1683 1685
f 1685 1679 1680
f 1684 1679 1685
f 1566 148 1470
f 1470 1567 1566
f 132 1567 1470
f 134 72 132
f 132 1470 134
f 134 1470 148
f 1468 1568 138
f 136 1568 1468
f 138 1469 133
f 133 1469 132
f 132 68 133
f 91 89 82
f 624 621 623
f 623 621 685
f 685 625 623
f 623 625 626
f 623 626 624
f 687 617 688
f 1070 626 627
f 570 564 569
f 571 1024 565
f 565 564 571
f 1022 1024 571
f 1066 1022 571
f 564 570 571
f 642 575 641
f 576 573 567
f 640 641 567
f 567 573 569
f 569 640 567
f 1047 1040 1056
f 1043 1040 1042
f 1042 1650 1043
f 1042 1040 1041
f 1042 1651 1650
f 1041 1646 1042
f 1646 1651 1042
f 1045 1040 1043
f 1043 1650 1045
f 1650 1036 1045
f 1036 1056 1046
f 1056 1040 1046
f 1046 1045 1036
f 1040 1045 1046
f 1041 1040 1038
f 1038 1039 1041
f 1038 1037 1039
f 562 1034 1038
f 1034 1037 1038
f 1997 1998 1980
f 1980 1998 1981
f 1996 1997 1980
f 1054 1649 1065
f 1050 1051 1064
f 1050 1054 1051
f 599 697 696
f 696 697 681
f 681 680 696
f 679 695 696
f 696 680 679
f 662 663 646
f 661 678 662
f 662 678 679
f 679 663 662
f 645 661 662
f 662 646 645
f 652 1684 1682
f 578 1684 652
f 652 579 578
f 652 668 579
f 1682 1633 651
f 651 652 1682
f 1629 1682 1634
f 1629 1633 1682
f 1634 63 1629
f 681 697 698
f 698 682 681
f 599 597 698
f 698 697 599
f 698 597 595
f 2041 1320 2042
f 1320 1321 2042
f 1182 1184 1181
f 1182 1181 1179
f 1179 1180 1182
f 1182 1180 1220
f 1220 1221 1182
f 1182 1221 1184
f 45 15 44
f 1178 1175 1176
f 1149 1148 1399
f 1399 1400 1149
f 1401 989 1397
f 1401 1149 1400
f 990 989 1401
f 1401 1400 990
f 1217 1174 1216
f 1176 1174 1217
f 1147 1205 1206
f 1206 1217 1216
f 1205 1217 1206
f 1145 1144 1147
f 1145 1140 1144
f 1191 1183 1192
f 1183 1185 1192
f 1192 17 1191
f 25 26 24
f 24 23 25
f 21 23 24
f 26 20 24
f 18 15 17
f 1216 1174 1173
f 1440 1576 1442
f 1215 1214 1212
f 1212 1214 42
f 1215 1212 1213
f 1213 1212 42
f 948 825 826
f 826 950 948
f 826 825 1751
f 1751 1752 826
f 1239 950 911
f 43 1174 44
f 43 1173 1174
f 1216 1173 43
f 43 1214 1216
f 42 1214 43
f 1235 1245 1243
f 1249 1245 1235
f 1235 1243 1341
f 1341 1339 1235
f 1089 2042 2043
f 981 1400 1399
f 990 1400 981
f 981 979 990
f 1156 1213 1211
f 1446 1444 1582
f 1582 1584 1446
f 1444 893 898
f 898 981 897
f 979 981 898
f 990 979 898
f 898 893 990
f 977 878 1000
f 1411 1410 1000
f 1000 1410 977
f 1499 1903 1907
f 1904 1903 1505
f 1505 1504 1509
f 1509 1504 1531
f 1509 1531 1528
f 1529 1530 1460
f 1529 1459 1526
f 1460 1459 1529
f 1529 1526 1528
f 1528 1531 1529
f 1531 1530 1529
f 966 1382 967
f 967 1382 1412
f 873 874 967
f 1392 1437 1391
f 1392 874 1437
f 1391 705 1392
f 705 874 1392
f 706 966 875
f 875 874 706
f 966 967 875
f 875 967 874
f 1391 1459 1390
f 1390 1459 1393
f 1390 705 1391
f 1390 1393 705
f 1117 1116 1411
f 1411 1110 1117
f 1117 1112 1116
f 1117 1110 1112
f 1316 1315 1336
f 1336 1315 1335
f 1336 1335 1299
f 1299 1300 1336
f 1332 1296 1333
f 1295 1296 1332
f 1333 1334 1311
f 1258 1255 1257
f 1298 1255 1254
f 1298 1254 1299
f 1299 1335 1298
f 1335 1334 1298
f 1831 1744 1805
f 1805 1812 1831
f 1805 1720 1812
f 1805 1719 1720
f 1803 1720 1801
f 1801 1799 1803
f 851 852 1746
f 851 941 852
f 1247 936 1249
f 1247 1246 936
f 1249 1235 1247
f 1247 1235 1246
f 1750 855 1749
f 1826 1750 1749
f 1749 1827 1826
f 1749 1748 1827
f 1344 1240 1237
f 1343 1240 1344
f 823 825 949
f 949 942 823
f 942 824 823
f 1751 825 823
f 823 824 1751
f 954 1245 1249
f 1249 935 954
f 942 1245 954
f 862 942 954
f 954 935 862
f 1813 1815 1830
f 1813 1812 1814
f 1830 1831 1813
f 1831 1812 1813
f 1818 1815 1816
f 1814 1824 1816
f 1816 1813 1814
f 1815 1813 1816
f 1816 1823 1818
f 1816 1824 1823
f 1744 861 859
f 1445 1580 1444
f 1445 898 897
f 1444 898 1445
f 1573 1580 1445
f 1583 1581 1588
f 1588 1581 1587
f 1587 1593 1588
f 1588 1593 1594
f 1482 1597 1596
f 1483 1482 797
f 813 802 807
f 807 1449 813
f 801 813 1478
f 802 813 801
f 805 800 781
f 775 802 779
f 779 802 805
f 805 781 779
f 805 804 1480
f 1480 800 805
f 1480 804 1479
f 1617 1432 1605
f 1605 1485 1604
f 1604 1618 1605
f 1605 1618 1617
f 789 1484 793
f 792 1484 789
f 1840 1839 1876
f 1835 1836 1840
f 1840 1836 1839
f 1840 1666 1835
f 1661 1666 1840
f 1663 1661 1840
f 1840 1876 1663
f 1838 1839 1791
f 1838 1791 1792
f 1792 1837 1838
f 1877 1839 1838
f 1283 1288 1282
f 1282 1287 1283
f 1286 1287 1282
f 1282 1229 1286
f 1325 1292 1290
f 1325 1326 1292
f 1270 1326 1325
f 1327 1294 1291
f 1291 1326 1327
f 1293 1294 1327
f 1327 1328 1293
f 1327 1267 1328
f 1326 1267 1327
f 1232 1231 1330
f 1330 1328 1232
f 1328 1267 1232
f 1271 1269 1422
f 1272 1267 1271
f 1271 1267 1270
f 1270 1269 1271
f 1275 1269 1270
f 1422 1269 1275
f 1275 1413 1422
f 1285 1283 1284
f 1285 1288 1283
f 1284 1419 1285
f 1419 1288 1285
f 1288 1421 1281
f 1281 1282 1288
f 719 1776 1775
f 915 1419 914
f 915 916 1419
f 821 820 1736
f 821 916 820
f 1734 1735 1363
f 1362 1734 1363
f 708 1362 1363
f 822 1735 820
f 822 1363 1735
f 707 708 822
f 708 1363 822
f 285 278 1731
f 1727 1728 1368
f 276 285 1731
f 276 1731 1359
f 1366 1729 1730
f 1359 1366 1730
f 311 1767 309
f 1767 280 309
f 283 277 278
f 1265 1267 1272
f 1265 1232 1267
f 1423 947 1424
f 1424 1265 1423
f 1422 920 1423
f 1423 920 947
f 1423 1265 1272
f 1272 1271 1423
f 1423 1271 1422
f 1420 1281 1421
f 1710 766 718
f 718 717 1710
f 1886 1885 1872
f 1886 1887 1851
f 1851 1852 1886
f 1852 1885 1886
f 1871 1885 1884
f 1872 1885 1871
f 1778 1872 1871
f 1871 1780 1778
f 194 239 240
f 1851 1887 1850
f 1850 1887 1888
f 1872 1779 1873
f 1873 1886 1872
f 1887 1886 1873
f 218 174 171
f 1921 1920 1925
f 1789 1837 1792
f 1788 1837 1789
f 1920 1789 1790
f 1914 1913 1810
f 1913 1742 1810
f 1810 1915 1914
f 1716 1913 1919
f 1716 1742 1913
f 1741 1918 1915
f 845 846 1741
f 736 1918 737
f 727 732 1782
f 1782 730 727
f 1786 730 1782
f 728 1784 726
f 1783 1784 728
f 728 1785 1783
f 1882 1785 1786
f 1881 1785 1882
f 1866 1865 1723
f 204 228 232
f 232 233 204
f 1345 1346 1656
f 1656 451 1774
f 1774 1727 1656
f 1370 1345 1656
f 1655 1678 1656
f 1656 1678 555
f 1368 1370 1656
f 1656 1727 1368
f 5 1352 1353
f 1353 1346 5
f 1352 1346 1353
f 152 1968 1969
f 1969 178 152
f 151 202 1967
f 1677 1678 1654
f 1654 1674 1677
f 1654 1678 1655
f 1655 1656 1654
f 1654 1656 1346
f 1654 1346 1352
f 238 239 199
f 199 192 238
f 192 210 238
f 219 1758 209
f 209 210 185
f 209 1758 1851
f 209 182 219
f 185 182 209
f 187 210 188
f 188 210 201
f 1677 1627 222
f 222 1627 204
f 204 233 222
f 173 208 175
f 173 174 208
f 173 175 207
f 207 1970 173
f 1970 1971 173
f 1971 176 173
f 2008 1992 1991
f 1991 1990 2008
f 2008 1990 2007
f 2007 2024 2008
f 2024 2025 2008
f 2026 2025 1958
f 2026 1958 1959
f 2026 2008 2025
f 2027 2026 1959
f 2028 1960 1961
f 1961 2029 2028
f 2028 2029 2012
f 2012 2011 2028
f 1959 1960 2028
f 2028 2027 1959
f 628 2032 1964
f 629 2032 628
f 628 625 631
f 631 629 628
f 628 1964 1070
f 1070 627 628
f 626 625 628
f 628 627 626
f 1941 1974 1975
f 1975 1974 1992
f 1975 1976 1941
f 1992 1976 1975
f 160 1626 163
f 1757 243 244
f 1855 1854 1757
f 245 243 1757
f 1881 1882 1856
f 1856 1882 1855
f 1856 1857 1881
f 1755 1857 1856
f 213 214 1755
f 161 1671 252
f 252 213 161
f 214 213 252
f 1670 214 252
f 252 1671 1670
f 2022 2021 1954
f 2022 2004 2021
f 2005 2004 2022
f 2022 1954 1955
f 1955 2023 2022
f 2022 2023 2006
f 2006 2005 2022
f 1972 1988 1989
f 1989 1990 1972
f 2006 1990 1989
f 1989 2005 2006
f 1989 1988 2005
f 170 171 166
f 166 177 1972
f 1972 165 166
f 166 165 170
f 1641 1645 1640
f 1640 1009 1641
f 1640 1645 1034
f 1034 1009 1640
f 1462 1380 1379
f 1461 1533 1462
f 1462 1379 1461
f 1381 1380 1462
f 1436 1381 1462
f 1462 1534 1436
f 1462 1533 1534
f 1197 1169 1170
f 1197 1196 1169
f 1170 1198 1197
f 1198 1124 1197
f 962 986 1406
f 1406 987 962
f 886 986 962
f 962 987 886
f 889 987 885
f 886 987 889
f 1395 988 1404
f 1136 1201 1202
f 1202 1138 1136
f 1202 1201 1221
f 1202 1203 1138
f 1202 1221 1220
f 1220 1203 1202
f 1136 1138 1139
f 1139 1137 1136
f 1404 1137 1139
f 1139 1395 1404
f 1200 1133 1132
f 1132 1223 1200
f 1132 1126 1189
f 1189 1223 1132
f 1119 1118 1115
f 1122 1118 1119
f 1115 1195 1119
f 1195 1196 1119
f 1693 1694 1066
f 1699 1694 1693
f 1067 1692 1693
f 1066 571 1693
f 1693 571 570
f 1024 1021 1026
f 1026 566 1024
f 1700 1692 1701
f 1700 1621 1601
f 1701 1621 1700
f 1601 1699 1700
f 1699 1693 1700
f 1700 1693 1692
f 1558 1690 1557
f 1557 1559 1558
f 1557 1068 1552
f 1557 1690 1068
f 1618 1559 1560
f 1560 1555 1561
f 1561 1617 1560
f 1617 1618 1560
f 1558 1559 1619
f 1619 1618 1604
f 1619 1559 1618
f 75 74 73
f 73 72 75
f 50 72 73
f 577 89 84
f 84 85 577
f 1631 574 577
f 1631 1686 574
f 1477 1553 1688
f 1555 1551 1477
f 1551 1553 1477
f 1477 1554 1555
f 691 676 675
f 675 674 691
f 642 659 643
f 574 575 643
f 643 575 642
f 577 574 643
f 643 644 577
f 658 659 642
f 658 674 659
f 642 641 658
f 658 641 657
f 689 615 613
f 688 617 689
f 617 615 689
f 659 676 660
f 644 643 660
f 660 643 659
f 660 676 661
f 645 644 660
f 660 661 645
f 693 676 692
f 607 693 692
f 692 609 607
f 692 691 609
f 676 691 692
f 808 1449 807
f 807 806 808
f 778 1491 1487
f 1538 1487 1614
f 1614 1613 1538
f 1538 778 1487
f 810 1910 1889
f 1889 816 810
f 809 811 810
f 886 889 1451
f 1451 768 810
f 810 811 1451
f 890 886 1451
f 1451 811 890
f 814 809 810
f 1911 1889 1496
f 816 1889 1911
f 816 1911 1894
f 1894 1911 1906
f 1894 1452 903
f 903 814 1894
f 1537 1541 1542
f 1473 125 124
f 124 128 1473
f 124 125 87
f 119 48 114
f 114 1474 119
f 1475 120 119
f 119 1474 1475
f 96 1686 87
f 87 48 96
f 1615 1563 1614
f 1614 1487 1615
f 1487 1486 1615
f 1615 1486 1616
f 1616 1562 1615
f 1562 1563 1615
f 1079 1077 1005
f 1078 1077 1079
f 1005 1035 1079
f 1080 1949 1079
f 1035 1085 1079
f 1948 1078 1079
f 1079 1949 1948
f 1079 1082 1080
f 1085 1082 1079
f 1951 2019 2018
f 2018 1950 1951
f 1951 1075 1952
f 1952 2019 1951
f 1080 1075 1951
f 1951 1950 1080
f 2001 1983 2000
f 2000 2017 2001
f 1935 1354 1934
f 1948 1935 1934
f 1934 1077 1948
f 1934 1354 1348
f 1934 1348 1076
f 1076 1077 1934
f 1549 1636 1464
f 1548 1636 1549
f 1464 1463 1549
f 1463 1548 1549
f 1547 1466 1550
f 109 1466 106
f 106 142 109
f 146 112 145
f 145 1550 146
f 144 145 112
f 1550 145 144
f 144 143 1467
f 1467 1550 144
f 59 54 136
f 110 52 143
f 110 112 1466
f 143 144 110
f 110 144 112
f 53 52 139
f 75 72 94
f 72 134 94
f 94 134 148
f 137 1468 138
f 136 1468 137
f 137 138 58
f 137 59 136
f 58 59 137
f 147 1433 135
f 135 1433 136
f 135 54 147
f 136 54 135
f 1609 1542 1610
f 1610 1568 1609
f 1608 1543 1609
f 1609 1543 1542
f 131 91 130
f 126 91 131
f 131 130 1472
f 1472 126 131
f 617 687 619
f 619 687 621
f 671 687 688
f 576 567 572
f 572 567 641
f 572 641 575
f 575 1687 572
f 572 1688 576
f 572 1687 1688
f 562 1038 563
f 563 560 562
f 563 561 560
f 563 634 561
f 1996 1980 1979
f 1979 1978 1996
f 1945 1979 1980
f 1945 1060 1944
f 1064 1060 1945
f 1945 1944 1978
f 1978 1979 1945
f 1065 1051 1052
f 1649 1054 1055
f 1055 1056 1649
f 1055 1047 1056
f 1044 1050 1064
f 1040 1050 1044
f 1064 1945 1044
f 1040 1047 1048
f 1047 1055 1048
f 1048 1055 1054
f 695 603 601
f 601 696 695
f 604 602 601
f 601 603 604
f 599 696 601
f 601 600 599
f 601 602 600
f 83 646 81
f 646 46 81
f 82 83 81
f 57 1629 63
f 57 59 58
f 63 59 57
f 665 666 649
f 649 664 665
f 649 648 664
f 682 698 699
f 699 683 682
f 699 698 595
f 699 595 593
f 593 700 699
f 699 700 684
f 684 683 699
f 666 682 667
f 682 683 667
f 668 652 667
f 652 651 667
f 684 668 667
f 667 683 684
f 1096 1089 1095
f 1096 2042 1089
f 1096 1095 2041
f 2041 2042 1096
f 1175 1178 1177
f 1179 15 1177
f 1177 1180 1179
f 1177 1178 1180
f 15 45 1177
f 44 1175 1177
f 1177 45 44
f 1149 1401 1146
f 1146 1401 1397
f 1218 1178 1176
f 1176 1217 1218
f 1218 1217 1205
f 1147 1206 1150
f 1148 1149 1150
f 1150 1146 1147
f 1149 1146 1150
f 1207 1206 1216
f 1148 1150 1207
f 1207 1150 1206
f 1216 1214 1207
f 1207 1214 1215
f 1215 1152 1207
f 1207 1152 1148
f 1144 1140 1141
f 1138 1203 1141
f 1141 1140 1142
f 1142 1139 1141
f 1141 1139 1138
f 21 20 19
f 17 1192 19
f 19 18 17
f 20 18 19
f 21 19 1193
f 1193 19 1192
f 1193 1185 1187
f 1193 1192 1185
f 22 20 21
f 21 24 22
f 22 24 20
f 14 13 15
f 1341 1343 1342
f 1162 1209 1208
f 1211 1213 1210
f 1441 1752 1440
f 1440 1442 1441
f 1442 905 1441
f 1163 972 971
f 971 970 1163
f 972 1104 1398
f 1398 1104 1103
f 1398 1103 1239
f 44 13 11
f 11 43 44
f 13 14 11
f 1248 1339 1301
f 1248 1235 1339
f 1301 1251 1248
f 1246 1235 1248
f 1322 2043 2042
f 1322 1321 1308
f 1322 2042 1321
f 1234 1251 1301
f 1301 1300 1234
f 1250 1251 1234
f 1234 1252 1250
f 1152 1154 1151
f 1399 1148 1151
f 1148 1152 1151
f 1151 981 1399
f 866 895 978
f 1153 1152 1215
f 1215 1213 1153
f 1213 1156 1153
f 1153 1154 1152
f 894 893 1444
f 1444 1446 894
f 894 989 990
f 990 893 894
f 1447 1584 1586
f 1447 1446 1584
f 876 1000 878
f 1457 1458 876
f 876 878 1457
f 903 1452 901
f 1457 878 879
f 879 883 1457
f 879 878 977
f 1456 1513 1457
f 1457 883 1456
f 1506 1504 1505
f 1506 1499 1504
f 1505 1903 1506
f 1903 1499 1506
f 1505 1509 1503
f 1503 1904 1505
f 1519 1509 1528
f 1519 1513 1517
f 1528 1527 1519
f 1527 1513 1519
f 999 1412 1411
f 1308 1306 1307
f 1310 1322 1308
f 2043 1322 1310
f 1313 1334 1335
f 1313 1311 1334
f 1335 1315 1313
f 1313 1315 1314
f 1255 1298 1297
f 1333 1296 1297
f 1297 1334 1333
f 1297 1298 1334
f 1296 1257 1297
f 1297 1257 1255
f 1925 1801 1804
f 1804 1801 1720
f 1719 1805 1718
f 1922 1927 1799
f 1925 1920 1922
f 1798 1912 1800
f 1798 1799 1797
f 1797 1912 1798
f 1747 1748 858
f 1246 1248 1414
f 1250 938 1414
f 1414 1251 1250
f 1414 1248 1251
f 1329 1236 1208
f 1237 1236 1329
f 1329 1344 1237
f 944 1416 945
f 945 861 944
f 945 859 861
f 945 1416 1417
f 1417 933 945
f 1589 1588 1594
f 1583 1588 1589
f 773 1482 1596
f 1596 1484 773
f 773 1484 792
f 1483 797 818
f 804 802 803
f 802 801 803
f 1478 804 803
f 803 801 1478
f 775 779 784
f 784 1432 1486
f 1483 1480 1585
f 1586 1583 1585
f 1585 1479 1586
f 1585 1480 1479
f 1583 1589 1585
f 1585 1589 1483
f 800 1480 769
f 1485 1605 799
f 799 787 1485
f 1432 781 799
f 799 1605 1432
f 1485 787 791
f 1878 1879 1859
f 1877 1838 1878
f 1837 1879 1878
f 1878 1838 1837
f 1878 1860 1877
f 1859 1860 1878
f 1324 1325 1290
f 1290 1289 1324
f 1231 1232 1230
f 1230 1232 1264
f 1230 1295 1231
f 1278 1420 1413
f 1775 749 720
f 720 719 1775
f 1422 1413 922
f 916 821 913
f 925 1421 913
f 1421 916 913
f 912 914 707
f 707 822 912
f 912 822 820
f 912 915 914
f 820 916 912
f 916 915 912
f 278 285 310
f 310 254 281
f 285 301 310
f 385 386 503
f 449 1656 555
f 1869 254 255
f 255 310 301
f 254 310 255
f 368 1730 1729
f 277 283 279
f 279 280 1767
f 279 1767 1732
f 1732 277 279
f 1424 947 946
f 738 737 1916
f 1916 1917 738
f 1739 1917 1916
f 1916 737 1918
f 842 833 763
f 763 1917 842
f 842 920 833
f 842 1739 838
f 842 1917 1739
f 838 947 842
f 947 920 842
f 1266 1265 1424
f 1232 1265 1266
f 1258 1257 1259
f 1425 1264 1424
f 1424 946 1425
f 924 1421 925
f 924 1420 1421
f 750 1711 751
f 1711 748 751
f 1711 717 722
f 722 748 1711
f 717 718 722
f 832 1738 757
f 757 1738 758
f 723 718 766
f 757 718 723
f 766 724 723
f 723 724 757
f 765 832 757
f 833 832 765
f 1777 1721 767
f 767 724 1777
f 1779 1721 1777
f 1777 766 1710
f 1777 724 766
f 1874 1868 1875
f 1874 1875 1888
f 1888 1887 1874
f 1887 1873 1874
f 158 243 245
f 245 167 158
f 174 218 253
f 219 183 253
f 183 174 253
f 253 1758 219
f 1852 1758 253
f 246 171 170
f 246 218 171
f 1920 1921 1787
f 1787 1789 1920
f 1788 1789 1787
f 1787 1783 1788
f 1932 1783 1787
f 1787 1921 1932
f 1915 1810 1809
f 850 1742 847
f 1742 849 847
f 742 738 1778
f 742 737 738
f 1778 1780 742
f 736 737 744
f 744 1781 736
f 1780 1781 744
f 1715 1809 1810
f 1715 1742 850
f 1715 1810 1742
f 1786 1782 734
f 734 1782 732
f 1780 1871 1870
f 1870 1781 1780
f 1870 1871 1884
f 1786 734 1870
f 1870 734 1781
f 730 1785 729
f 1785 728 729
f 729 726 730
f 729 728 726
f 1883 1882 1786
f 1884 1854 1883
f 1883 1854 1855
f 1855 1882 1883
f 1883 1870 1884
f 1786 1870 1883
f 1766 1868 1869
f 1875 1868 1766
f 1766 1723 1875
f 1869 255 1766
f 1677 1764 1847
f 1847 383 1677
f 1847 1866 383
f 185 186 184
f 184 186 187
f 179 152 178
f 179 149 181
f 1969 149 179
f 179 178 1969
f 1968 152 154
f 200 201 192
f 200 192 199
f 202 151 200
f 1967 1968 191
f 1968 203 191
f 1938 1965 1676
f 1760 238 210
f 1760 209 1851
f 210 209 1760
f 1851 1850 1760
f 1850 238 1760
f 239 238 1761
f 1761 238 1850
f 1761 240 239
f 1761 1850 240
f 1848 232 228
f 233 232 1848
f 1848 1847 233
f 1865 1866 1848
f 1866 1847 1848
f 227 228 204
f 204 231 227
f 227 1848 228
f 231 1848 227
f 204 242 230
f 230 231 204
f 205 242 204
f 205 206 242
f 1674 1673 1628
f 206 205 1628
f 1628 205 204
f 1673 1658 1628
f 204 1627 1628
f 1628 1627 1677
f 1677 1674 1628
f 172 173 176
f 172 176 1971
f 171 174 172
f 174 173 172
f 1971 177 172
f 172 166 171
f 177 166 172
f 170 165 156
f 156 167 170
f 156 165 1972
f 1972 1973 156
f 1973 1939 156
f 1992 2008 2009
f 2008 2026 2009
f 2026 2027 2009
f 1941 1976 1942
f 1942 1667 1941
f 1057 1667 1942
f 1978 1944 1977
f 1995 1978 1977
f 1993 1976 1992
f 162 1626 161
f 162 163 1626
f 216 248 161
f 161 215 216
f 245 1757 1724
f 1724 1757 1854
f 251 215 161
f 1755 215 251
f 1450 889 885
f 1450 808 806
f 1449 808 1450
f 892 888 1449
f 892 1450 885
f 1449 1450 892
f 885 988 892
f 974 987 1404
f 1404 988 974
f 885 987 974
f 974 988 885
f 983 985 899
f 1397 985 983
f 1397 983 1402
f 1402 1145 1397
f 1140 1145 1402
f 1478 813 1448
f 1448 813 1449
f 1448 1479 1478
f 1142 1140 1403
f 1403 1139 1142
f 1395 1139 1403
f 1140 1402 1403
f 1402 984 1403
f 960 1395 1403
f 1121 1197 1124
f 1124 1130 1121
f 1196 1197 1121
f 1121 1119 1196
f 1122 1119 1121
f 568 570 569
f 568 1693 570
f 1067 1693 568
f 568 573 1067
f 569 573 568
f 1028 1021 1018
f 1018 1019 1028
f 1019 566 1028
f 1559 1557 1556
f 1556 1551 1555
f 1552 1551 1556
f 1556 1557 1552
f 1555 1560 1556
f 1556 1560 1559
f 1558 1619 1620
f 1620 1621 1701
f 1620 1701 1691
f 1691 1558 1620
f 76 73 74
f 76 79 77
f 76 74 79
f 76 77 51
f 51 50 76
f 50 73 76
f 89 91 90
f 90 84 89
f 90 91 126
f 577 85 1632
f 1632 1631 577
f 85 1631 1632
f 86 1631 85
f 85 84 86
f 84 90 86
f 86 124 87
f 128 124 86
f 609 691 611
f 610 609 611
f 611 612 610
f 611 691 613
f 613 614 611
f 614 612 611
f 613 691 690
f 690 691 674
f 690 689 613
f 674 689 690
f 673 689 674
f 673 658 657
f 674 658 673
f 884 814 903
f 884 1001 890
f 809 814 884
f 890 811 884
f 811 809 884
f 777 1491 776
f 1491 778 776
f 776 1909 777
f 776 778 1909
f 778 1538 1488
f 1539 1613 1612
f 1539 1538 1613
f 1612 1540 1539
f 816 1894 815
f 815 1894 814
f 810 816 815
f 815 814 810
f 1893 1452 1895
f 1452 1894 1895
f 1907 1903 1895
f 1905 1906 1907
f 1905 1894 1906
f 1907 1895 1905
f 1905 1895 1894
f 1542 1543 1536
f 1536 1537 1542
f 1543 1535 1536
f 1504 1537 1536
f 1532 1504 1536
f 1536 1535 1532
f 1541 1537 1498
f 1540 1541 1498
f 95 119 120
f 48 119 95
f 95 96 48
f 1999 1983 1982
f 1999 2000 1983
f 1936 1935 1999
f 1982 1937 1999
f 1999 1937 1936
f 1546 1683 1548
f 1546 1550 1683
f 1546 1548 1547
f 1547 1550 1546
f 1683 1550 1623
f 1623 53 55
f 1623 1550 1467
f 1467 52 1623
f 1623 52 53
f 55 54 1623
f 1634 1685 1623
f 1623 1685 1683
f 54 59 1623
f 1623 63 1634
f 1623 59 63
f 108 1550 1466
f 142 1550 108
f 108 1466 109
f 109 142 108
f 146 1550 141
f 141 1550 142
f 141 106 146
f 142 106 141
f 1466 112 107
f 107 106 1466
f 107 112 146
f 146 106 107
f 1570 110 1466
f 1607 1608 1570
f 1570 1466 1607
f 140 139 1465
f 1465 1570 140
f 147 53 140
f 53 139 140
f 620 621 622
f 620 619 621
f 622 618 620
f 620 618 617
f 617 619 620
f 672 671 688
f 688 689 672
f 689 673 672
f 653 633 669
f 633 685 669
f 687 671 670
f 670 669 685
f 653 669 670
f 671 655 670
f 1946 1038 1040
f 1946 1945 1980
f 1946 1980 1981
f 1040 1044 1946
f 1946 1044 1945
f 1051 1054 1053
f 1053 1052 1051
f 1053 1054 1065
f 1065 1052 1053
f 1049 1050 1040
f 1040 1048 1049
f 1054 1050 1049
f 1049 1048 1054
f 93 148 129
f 93 94 148
f 75 94 93
f 92 91 82
f 82 81 92
f 130 91 92
f 129 130 92
f 92 93 129
f 81 93 92
f 650 649 666
f 66 649 650
f 666 667 650
f 650 667 651
f 56 57 58
f 60 101 64
f 1143 1145 1147
f 1147 1146 1143
f 1397 1145 1143
f 1143 1146 1397
f 1204 1218 1205
f 1205 1144 1204
f 1144 1141 1204
f 1204 1141 1203
f 21 1193 1194
f 1167 23 1194
f 1194 23 21
f 1194 1187 1167
f 1194 1193 1187
f 15 18 16
f 16 14 15
f 9 14 16
f 16 20 9
f 16 18 20
f 1338 2048 1337
f 1316 1336 1337
f 1337 1301 1338
f 1337 1300 1301
f 1337 1336 1300
f 1338 1340 2049
f 2049 2048 1338
f 2049 1340 1341
f 2047 1315 1316
f 1316 2048 2047
f 1314 1315 2047
f 2045 2047 2048
f 1159 1156 1211
f 1211 1209 1159
f 1209 1162 1159
f 1752 864 863
f 863 911 950
f 863 864 911
f 911 864 951
f 1239 911 951
f 951 1398 1239
f 865 951 864
f 865 864 1752
f 1752 1441 865
f 970 971 908
f 908 971 972
f 904 905 969
f 969 905 1002
f 1166 1104 972
f 1103 1104 1102
f 1102 1236 1239
f 1239 1103 1102
f 12 14 9
f 9 11 12
f 12 11 14
f 43 11 10
f 10 2045 2048
f 10 11 9
f 9 2045 10
f 1233 1300 1299
f 1233 1234 1300
f 1299 1254 1233
f 1252 1234 1233
f 981 1151 982
f 982 1151 1154
f 897 981 982
f 1443 895 866
f 1443 1576 1574
f 1443 1442 1576
f 1439 1445 897
f 895 1443 1439
f 1573 1445 1439
f 1439 1574 1573
f 1439 1443 1574
f 867 1443 866
f 1442 1443 867
f 1002 905 867
f 867 905 1442
f 980 978 895
f 1154 978 980
f 980 982 1154
f 1156 1157 1155
f 1155 1153 1156
f 1154 1153 1155
f 1155 978 1154
f 869 894 1446
f 869 1447 899
f 1446 1447 869
f 899 985 869
f 869 985 989
f 989 894 869
f 871 984 900
f 998 881 997
f 997 1408 998
f 1128 1408 1129
f 1129 1408 1130
f 1129 1124 1128
f 1129 1130 1124
f 1130 1408 1409
f 1409 1410 1122
f 1409 1408 997
f 883 976 995
f 976 1409 995
f 977 1410 994
f 994 976 883
f 1410 1409 994
f 994 1409 976
f 994 879 977
f 883 879 994
f 1509 1519 1507
f 1519 1520 1507
f 1411 1000 991
f 991 999 1411
f 1000 876 991
f 876 999 991
f 872 999 876
f 1458 873 872
f 872 876 1458
f 1517 1513 1516
f 1513 1515 1516
f 1305 1306 1304
f 1305 1307 1306
f 1305 1304 1303
f 1305 1303 1330
f 1308 1307 1309
f 1309 1310 1308
f 1311 1310 1309
f 1333 1311 1309
f 1309 1332 1333
f 1309 1307 1332
f 2043 1310 1312
f 2046 2043 1312
f 1312 1313 1314
f 1314 2047 1312
f 1312 2047 2046
f 1312 1310 1311
f 1311 1313 1312
f 1720 1719 1924
f 1924 1804 1720
f 1925 1804 1924
f 1932 1921 1924
f 1924 1921 1925
f 1742 1716 1743
f 1716 1718 1743
f 1743 849 1742
f 1743 1805 1744
f 1743 1718 1805
f 1799 1801 1802
f 1802 1922 1799
f 1802 1801 1925
f 1925 1922 1802
f 1928 1793 1798
f 1798 1800 1928
f 1929 1793 1928
f 1928 1912 1929
f 1928 1800 1912
f 1799 1927 1926
f 1926 1797 1799
f 1912 1797 1926
f 1927 1931 1926
f 1747 858 857
f 857 858 938
f 1748 1749 853
f 853 858 1748
f 853 1749 855
f 853 855 936
f 1250 1252 1429
f 1429 938 1250
f 859 945 860
f 1744 859 860
f 860 1743 1744
f 1595 1589 1594
f 1597 1482 1595
f 1595 1482 1483
f 1483 1589 1595
f 1594 1598 1595
f 1598 1597 1595
f 792 789 788
f 798 1482 795
f 1482 773 795
f 771 818 772
f 786 1486 1487
f 1487 1491 786
f 786 1491 775
f 1432 784 782
f 782 784 779
f 1483 818 1481
f 1481 1480 1483
f 1481 818 771
f 793 1485 790
f 1485 791 790
f 790 789 793
f 790 791 787
f 790 772 789
f 790 787 771
f 771 772 790
f 800 769 770
f 771 787 770
f 770 769 1480
f 1480 1481 770
f 787 799 780
f 780 770 787
f 780 799 781
f 780 781 800
f 800 770 780
f 1323 1324 1289
f 1323 1289 1226
f 1226 1229 1323
f 1281 1420 1279
f 1270 1325 1273
f 1325 1324 1273
f 1273 1275 1270
f 1263 1230 1264
f 1264 1425 1263
f 719 720 721
f 721 749 747
f 721 720 749
f 756 1725 1776
f 1776 719 761
f 761 754 1776
f 1725 756 1726
f 830 924 831
f 1737 1725 835
f 1864 1776 1737
f 1776 1725 1737
f 830 831 1737
f 1736 1864 1737
f 925 913 917
f 284 310 281
f 284 279 283
f 284 283 278
f 278 310 284
f 383 1866 1769
f 383 1769 401
f 1722 340 336
f 336 1723 1722
f 451 1656 452
f 1656 449 452
f 390 386 385
f 391 390 398
f 392 393 1728
f 1728 391 392
f 396 393 392
f 392 391 396
f 275 276 1359
f 1359 1730 275
f 275 1730 270
f 285 276 286
f 286 301 285
f 1730 368 367
f 367 363 356
f 367 368 363
f 724 725 714
f 714 765 757
f 738 1917 739
f 1917 714 739
f 739 714 725
f 739 725 724
f 1739 1916 841
f 1740 1916 1918
f 1918 1741 1740
f 1740 1741 846
f 1740 841 1916
f 1424 1264 1268
f 1268 1266 1424
f 1264 1232 1268
f 1232 1266 1268
f 1260 1230 1262
f 1262 1259 1260
f 1295 1230 1260
f 1260 1259 1257
f 1260 1296 1295
f 1260 1257 1296
f 746 751 748
f 746 747 750
f 750 751 746
f 748 722 746
f 919 920 1422
f 833 920 919
f 919 832 833
f 759 718 757
f 757 758 759
f 759 722 718
f 759 758 1738
f 1738 1726 759
f 759 1726 760
f 241 1762 242
f 240 1762 241
f 241 237 240
f 242 206 241
f 240 1850 1849
f 1849 1762 240
f 1849 1850 1888
f 1888 1865 1849
f 1865 1848 1849
f 242 1762 1849
f 1849 1848 242
f 1779 1777 1867
f 1868 1874 1867
f 1710 1868 1867
f 1867 1777 1710
f 1867 1873 1779
f 1867 1874 1873
f 157 158 160
f 243 158 157
f 244 243 157
f 1939 1940 169
f 169 1626 160
f 1940 1626 169
f 170 167 217
f 217 246 170
f 217 167 245
f 245 1724 217
f 217 1724 246
f 218 246 1759
f 1759 253 218
f 246 1724 1759
f 1852 253 1759
f 1927 1922 1933
f 1933 1931 1927
f 1933 1922 1920
f 1920 1790 1933
f 1933 1790 1789
f 1792 1794 1795
f 1794 1931 1795
f 932 849 933
f 735 744 737
f 1780 744 735
f 1811 1715 844
f 1811 1741 1915
f 845 1741 1811
f 1811 844 845
f 843 1715 850
f 844 1715 843
f 745 731 736
f 736 1781 745
f 745 732 731
f 331 1766 259
f 337 342 1722
f 1722 1723 337
f 1723 1766 337
f 1722 342 318
f 316 318 342
f 180 184 152
f 152 179 180
f 185 184 180
f 180 179 181
f 181 182 180
f 180 182 185
f 155 154 152
f 155 184 187
f 152 184 155
f 153 203 1968
f 1968 154 153
f 154 155 153
f 153 191 203
f 190 188 201
f 201 200 190
f 190 200 151
f 151 191 190
f 195 151 1967
f 1967 191 195
f 195 191 151
f 1966 202 1659
f 202 1658 1659
f 1659 1658 1673
f 1347 1938 1652
f 1938 1676 1652
f 1674 1654 1675
f 1675 1673 1674
f 242 1848 1763
f 1763 1848 231
f 1657 1628 1658
f 196 206 1657
f 206 1628 1657
f 1658 197 1657
f 1677 222 223
f 223 221 1677
f 222 235 223
f 223 235 221
f 168 156 1939
f 1943 1942 1976
f 1976 1977 1943
f 1062 1057 1943
f 1057 1942 1943
f 1943 1944 1062
f 1943 1977 1944
f 1994 1977 1976
f 1976 1993 1994
f 1994 2011 1995
f 1995 1977 1994
f 2010 2009 2027
f 1992 2009 2010
f 2010 1993 1992
f 2010 2028 2011
f 2027 2028 2010
f 2011 1994 2010
f 2010 1994 1993
f 163 162 159
f 161 248 159
f 159 162 161
f 160 163 159
f 159 157 160
f 212 1757 244
f 244 157 212
f 157 159 212
f 1855 1757 1756
f 1756 1856 1855
f 248 216 1756
f 1756 216 215
f 1756 215 1755
f 1755 1856 1756
f 250 251 161
f 1755 251 250
f 889 1450 812
f 768 1451 812
f 812 1451 889
f 812 806 768
f 812 1450 806
f 988 1395 973
f 973 1395 960
f 888 892 973
f 973 892 988
f 1122 1121 1120
f 1120 1121 1130
f 1120 1409 1122
f 1130 1409 1120
f 1025 1026 1021
f 1021 1028 1025
f 566 1026 1025
f 1025 1028 566
f 1603 1620 1619
f 1603 1619 1604
f 1604 1484 1603
f 1603 1484 1596
f 127 126 128
f 127 90 126
f 128 86 127
f 127 86 90
f 88 86 87
f 1631 86 88
f 87 1686 88
f 1686 1631 88
f 1490 1910 1909
f 1493 1488 1538
f 1538 1539 1493
f 1496 1889 1493
f 1907 1906 1908
f 1500 1537 1504
f 1500 1498 1537
f 1502 1498 1500
f 1504 1499 1500
f 1630 1477 1688
f 1688 1687 1630
f 1630 1687 1686
f 1686 96 1630
f 96 95 1630
f 2017 2000 2016
f 2000 1999 2016
f 1948 1949 2016
f 1949 2017 2016
f 2016 1935 1948
f 2016 1999 1935
f 1569 1433 147
f 147 140 1569
f 1569 140 1570
f 1569 1609 1568
f 1608 1609 1569
f 1569 1570 1608
f 1569 1568 136
f 136 1433 1569
f 1465 139 105
f 105 1570 1465
f 105 104 1570
f 105 139 52
f 52 104 105
f 52 110 111
f 111 104 52
f 110 1570 111
f 1570 104 111
f 569 564 639
f 639 640 569
f 639 655 640
f 671 672 656
f 656 655 671
f 640 655 656
f 657 641 656
f 656 641 640
f 656 673 657
f 656 672 673
f 621 687 686
f 687 670 686
f 685 621 686
f 686 670 685
f 638 639 564
f 638 564 637
f 1947 563 1038
f 1038 1946 1947
f 1947 1946 1981
f 1981 634 1947
f 634 563 1947
f 47 81 46
f 47 93 81
f 47 46 646
f 47 646 647
f 47 647 80
f 80 74 47
f 47 74 75
f 75 93 47
f 67 649 66
f 67 98 649
f 51 78 103
f 78 648 103
f 66 650 61
f 61 650 70
f 61 64 66
f 61 60 64
f 70 650 71
f 71 651 1633
f 71 650 651
f 1633 1629 71
f 71 61 70
f 1629 57 71
f 58 138 99
f 99 56 58
f 138 133 99
f 1218 1204 1219
f 1220 1180 1219
f 1219 1203 1220
f 1219 1204 1203
f 1180 1178 1219
f 1178 1218 1219
f 1317 2048 1316
f 1316 1337 1317
f 1317 1337 2048
f 1341 1342 40
f 40 2049 1341
f 40 1342 1343
f 1343 1344 40
f 1344 1329 40
f 40 1329 1208
f 42 43 40
f 1208 1209 40
f 40 1209 1211
f 1211 1210 40
f 40 1213 42
f 40 1210 1213
f 2044 2043 2046
f 2046 2047 2044
f 2044 1090 1089
f 1089 2043 2044
f 2044 2045 1090
f 2047 2045 2044
f 9 1090 1091
f 1091 2045 9
f 1090 2045 1091
f 1156 1159 1160
f 1160 969 1002
f 819 826 1752
f 1752 863 819
f 950 826 819
f 819 863 950
f 909 1441 910
f 909 865 1441
f 909 910 972
f 970 908 906
f 906 908 1441
f 904 969 906
f 906 969 970
f 906 905 904
f 906 1441 905
f 972 910 907
f 907 908 972
f 910 1441 907
f 1441 908 907
f 1164 972 1163
f 1164 1166 972
f 1104 1166 1165
f 1165 1102 1104
f 1166 1164 1165
f 1236 1102 1165
f 1163 1162 1165
f 1165 1164 1163
f 1208 1236 1165
f 1165 1162 1208
f 1253 1233 1254
f 1252 1233 1253
f 1253 1254 1256
f 1256 1428 1253
f 866 978 963
f 978 1155 963
f 963 1155 1157
f 897 982 896
f 982 980 896
f 896 980 895
f 896 1439 897
f 895 1439 896
f 1438 1448 871
f 871 900 1438
f 1479 1448 1438
f 1586 1479 1438
f 1438 1447 1586
f 881 998 957
f 992 880 957
f 957 880 881
f 992 901 902
f 902 880 992
f 902 901 1452
f 902 1452 1893
f 1893 880 902
f 881 880 1454
f 1454 880 1893
f 1893 1895 1454
f 903 901 958
f 1406 1001 1396
f 1396 1135 1406
f 1125 1124 1126
f 882 1456 883
f 883 995 882
f 1513 1456 1522
f 881 1454 1453
f 1518 1519 1517
f 1518 1520 1519
f 1517 1901 1518
f 1901 1520 1518
f 1898 1904 1510
f 1900 1520 1901
f 1900 1507 1520
f 968 872 873
f 999 872 968
f 873 967 968
f 1412 999 968
f 968 967 1412
f 1902 1516 1515
f 1902 1901 1517
f 1517 1516 1902
f 1331 1305 1330
f 1330 1231 1331
f 1231 1295 1331
f 1295 1332 1331
f 1332 1307 1331
f 1307 1305 1331
f 1932 1924 1923
f 1923 1924 1719
f 1923 726 1932
f 1919 726 1923
f 1923 1719 1919
f 1719 1718 1806
f 1718 1808 1806
f 1919 1719 1806
f 1806 1808 1919
f 1919 1808 1807
f 1807 1808 1718
f 1930 1926 1931
f 1930 1794 1929
f 1930 1931 1794
f 1929 1912 1930
f 1912 1926 1930
f 1746 1747 856
f 1747 857 856
f 856 851 1746
f 938 858 937
f 858 853 937
f 937 1414 938
f 937 853 936
f 936 1246 937
f 1246 1414 937
f 1415 1429 1252
f 1415 1253 1428
f 1252 1253 1415
f 1428 941 1415
f 940 945 933
f 774 795 773
f 774 773 792
f 792 788 774
f 796 818 797
f 796 772 818
f 796 788 789
f 789 772 796
f 785 784 1486
f 1486 786 785
f 775 784 785
f 785 786 775
f 783 779 781
f 783 782 779
f 783 781 1432
f 1432 782 783
f 817 1481 771
f 771 770 817
f 817 770 1481
f 1275 1273 1274
f 1274 1273 1278
f 1413 1275 1274
f 1274 1278 1413
f 1420 1278 1276
f 1276 1279 1420
f 1277 1273 1324
f 1324 1323 1277
f 1279 1276 1277
f 1278 1273 1277
f 1277 1276 1278
f 1262 1230 1261
f 1230 1263 1261
f 1261 1425 1262
f 1261 1263 1425
f 1776 754 752
f 752 756 1776
f 752 721 747
f 756 752 716
f 716 1726 756
f 747 746 716
f 716 752 747
f 719 721 762
f 762 761 719
f 836 922 835
f 835 1725 836
f 1725 1726 836
f 836 1726 1738
f 923 922 1413
f 835 922 923
f 1413 1420 923
f 1420 924 923
f 837 821 1736
f 1736 1737 837
f 837 1737 831
f 837 831 925
f 918 924 925
f 925 831 918
f 918 831 924
f 828 1737 835
f 830 1737 828
f 280 279 282
f 279 284 282
f 282 284 281
f 282 309 280
f 282 281 311
f 311 309 282
f 403 409 402
f 402 1866 403
f 402 1769 1866
f 406 401 1769
f 406 402 409
f 1769 402 406
f 404 1866 1723
f 1723 336 404
f 403 1866 404
f 404 336 340
f 404 409 403
f 501 503 386
f 440 449 555
f 453 1774 454
f 1774 451 454
f 1728 1727 387
f 387 391 1728
f 542 544 456
f 459 483 542
f 396 391 397
f 391 398 397
f 399 390 385
f 399 398 390
f 385 400 399
f 408 398 399
f 401 400 384
f 384 400 385
f 1677 425 556
f 259 1766 258
f 258 299 259
f 297 267 266
f 323 266 267
f 269 321 322
f 294 269 268
f 268 269 322
f 322 323 268
f 268 323 267
f 296 295 270
f 291 275 292
f 276 275 288
f 274 269 294
f 270 1730 271
f 1730 272 271
f 271 296 270
f 271 272 294
f 294 296 271
f 365 368 1729
f 363 368 366
f 366 364 363
f 368 365 366
f 1722 318 319
f 765 714 715
f 715 1917 763
f 715 714 1917
f 757 724 713
f 713 714 757
f 724 714 713
f 738 739 740
f 740 1721 1779
f 1778 738 740
f 740 1779 1778
f 838 1739 840
f 1739 841 840
f 840 947 838
f 840 946 947
f 840 841 946
f 845 844 926
f 839 1740 846
f 841 1740 839
f 946 841 839
f 1422 922 921
f 921 919 1422
f 922 836 921
f 832 919 921
f 755 759 760
f 722 759 755
f 755 716 746
f 760 1726 755
f 1726 716 755
f 755 746 722
f 193 206 196
f 193 241 206
f 237 241 193
f 240 237 193
f 194 240 193
f 1852 1759 1853
f 1884 1885 1853
f 1853 1885 1852
f 1853 1854 1884
f 1853 1724 1854
f 1853 1759 1724
f 1796 1933 1789
f 1931 1933 1796
f 1796 1795 1931
f 1796 1789 1792
f 1792 1795 1796
f 737 742 743
f 743 735 737
f 743 742 1780
f 1780 735 743
f 1809 1715 1714
f 1715 1811 1714
f 1915 1809 1714
f 1714 1811 1915
f 1781 734 733
f 733 745 1781
f 733 734 732
f 732 745 733
f 338 1766 335
f 338 337 1766
f 341 316 342
f 341 338 335
f 335 353 341
f 353 316 341
f 342 337 341
f 337 338 341
f 356 363 313
f 234 222 233
f 234 235 222
f 233 1847 234
f 1847 235 234
f 189 153 155
f 187 188 189
f 189 155 187
f 188 190 189
f 191 153 189
f 189 190 191
f 150 200 199
f 202 200 150
f 150 1658 202
f 150 197 1658
f 1672 1659 1673
f 1672 1676 1965
f 1672 1965 1966
f 1966 1659 1672
f 1673 1675 1672
f 1672 1675 1676
f 1653 1652 1676
f 1676 1675 1653
f 1653 1675 1654
f 1653 1654 1352
f 1352 1351 1653
f 1653 1351 1347
f 1347 1652 1653
f 242 1763 229
f 229 1763 231
f 229 230 242
f 231 230 229
f 198 1657 197
f 197 150 198
f 196 1657 198
f 199 194 198
f 198 150 199
f 198 193 196
f 194 193 198
f 160 158 164
f 164 169 160
f 156 168 164
f 1939 169 164
f 164 168 1939
f 164 158 167
f 167 156 164
f 247 159 248
f 248 1756 247
f 211 1756 1757
f 1757 212 211
f 211 247 1756
f 211 212 159
f 159 247 211
f 161 213 249
f 249 250 161
f 249 213 1755
f 1755 250 249
f 871 1448 891
f 891 1448 1449
f 1449 888 891
f 965 900 984
f 965 984 1402
f 965 1402 983
f 1620 1603 1602
f 1602 1597 1601
f 1596 1597 1602
f 1602 1603 1596
f 1601 1621 1602
f 1621 1620 1602
f 1910 1490 1489
f 1489 1490 1488
f 1909 778 1492
f 1492 1490 1909
f 778 1488 1492
f 1488 1490 1492
f 1494 1889 1910
f 1494 1493 1889
f 1488 1493 1494
f 1910 1489 1494
f 1494 1489 1488
f 1540 1498 1495
f 1495 1539 1540
f 1495 1493 1539
f 1496 1493 1495
f 1495 1911 1496
f 1907 1908 1501
f 1501 1908 1502
f 1501 1499 1907
f 1502 1500 1501
f 1501 1500 1499
f 1477 1630 115
f 1476 120 1554
f 1554 1477 1476
f 117 95 120
f 120 1476 117
f 655 639 654
f 639 638 654
f 654 670 655
f 653 670 654
f 654 637 653
f 654 638 637
f 68 50 49
f 64 101 102
f 102 101 133
f 61 71 62
f 56 60 62
f 60 61 62
f 57 56 62
f 62 71 57
f 100 60 56
f 56 99 100
f 101 60 100
f 133 101 100
f 100 99 133
f 41 40 43
f 43 10 41
f 41 10 2048
f 2048 2049 41
f 2049 40 41
f 1161 1157 1156
f 1156 1160 1161
f 1002 1157 1161
f 1161 1160 1002
f 1158 1160 1159
f 1158 1159 1162
f 969 1160 1158
f 1158 1162 1163
f 970 969 1158
f 1163 970 1158
f 951 865 952
f 865 909 952
f 952 909 972
f 868 867 866
f 866 963 868
f 868 963 867
f 1002 867 964
f 867 963 964
f 964 1157 1002
f 964 963 1157
f 870 1438 900
f 870 983 899
f 870 965 983
f 900 965 870
f 899 1447 870
f 1447 1438 870
f 955 957 998
f 955 998 1408
f 1405 958 1407
f 992 1408 1407
f 1408 1125 1407
f 1407 1125 1405
f 959 958 1405
f 1405 1396 959
f 959 1396 1001
f 903 958 959
f 959 884 903
f 1001 884 959
f 1131 1396 1405
f 1135 1396 1131
f 1131 1133 1135
f 1131 1132 1133
f 1126 1132 1131
f 1123 1408 1128
f 1123 1125 1408
f 1128 1124 1123
f 1124 1125 1123
f 975 882 995
f 1456 882 1455
f 1455 1522 1456
f 997 881 877
f 877 975 997
f 882 975 877
f 877 1455 882
f 881 1453 877
f 1453 1455 877
f 1512 1515 1513
f 1891 1904 1898
f 1896 1453 1454
f 1903 1904 1896
f 1896 1895 1903
f 1896 1454 1895
f 1898 1510 1899
f 1507 1900 1899
f 1509 1507 1508
f 1508 1510 1509
f 1507 1899 1508
f 1508 1899 1510
f 1511 1503 1509
f 1509 1510 1511
f 1904 1503 1511
f 1511 1510 1904
f 1717 1718 1716
f 1717 1807 1718
f 1717 1716 1919
f 1919 1807 1717
f 939 857 938
f 939 856 857
f 938 1429 939
f 848 860 945
f 945 940 848
f 848 940 933
f 933 849 848
f 1743 860 848
f 849 1743 848
f 794 796 797
f 794 1482 798
f 794 797 1482
f 798 795 794
f 788 796 794
f 794 774 788
f 795 774 794
f 1280 1277 1323
f 1229 1282 1280
f 1280 1323 1229
f 1282 1281 1280
f 1281 1279 1280
f 1279 1277 1280
f 761 762 753
f 754 761 753
f 753 752 754
f 721 752 753
f 753 762 721
f 829 924 830
f 829 923 924
f 830 828 829
f 835 923 829
f 829 828 835
f 827 913 821
f 821 837 827
f 827 917 913
f 925 917 827
f 827 837 925
f 407 398 408
f 408 406 407
f 407 397 398
f 407 406 409
f 396 397 407
f 407 409 396
f 405 400 401
f 401 406 405
f 405 406 408
f 408 399 405
f 405 399 400
f 541 464 543
f 543 501 541
f 475 438 555
f 464 438 475
f 449 440 448
f 480 501 386
f 541 501 480
f 441 440 555
f 555 438 441
f 441 464 541
f 441 438 464
f 389 517 386
f 386 390 389
f 389 390 391
f 391 387 389
f 551 544 542
f 551 389 387
f 517 389 551
f 542 483 551
f 483 517 551
f 461 517 483
f 462 452 449
f 449 461 462
f 452 459 458
f 458 459 542
f 1773 423 1677
f 426 425 1677
f 1677 423 426
f 540 384 518
f 518 384 385
f 385 503 518
f 540 518 437
f 437 518 520
f 301 1768 302
f 302 255 301
f 300 1768 297
f 299 1768 300
f 300 297 259
f 259 299 300
f 299 258 308
f 308 1768 299
f 294 268 298
f 298 267 297
f 298 268 267
f 301 286 298
f 298 1768 301
f 297 1768 298
f 293 292 275
f 270 295 293
f 293 275 270
f 291 292 293
f 293 296 291
f 295 296 293
f 287 286 276
f 276 288 287
f 287 298 286
f 287 288 294
f 294 298 287
f 290 275 291
f 290 296 294
f 291 296 290
f 294 272 273
f 273 274 294
f 269 274 379
f 394 1729 1728
f 394 365 1729
f 394 366 365
f 396 364 394
f 364 366 394
f 339 340 1722
f 1722 319 339
f 339 404 340
f 409 404 339
f 339 319 409
f 363 364 314
f 314 313 363
f 362 313 355
f 1730 367 369
f 358 313 362
f 764 715 763
f 765 715 764
f 763 833 764
f 833 765 764
f 1721 740 741
f 741 740 739
f 767 1721 741
f 741 724 767
f 741 739 724
f 928 843 850
f 927 926 844
f 844 843 927
f 843 928 927
f 926 927 1426
f 1262 1425 1426
f 929 1426 1425
f 926 1426 929
f 929 846 845
f 845 926 929
f 834 921 836
f 834 836 1738
f 832 921 834
f 1738 832 834
f 322 321 354
f 321 355 354
f 354 355 313
f 343 344 327
f 343 323 322
f 322 354 343
f 343 354 316
f 226 1847 1764
f 236 235 1847
f 1847 224 236
f 221 235 236
f 236 224 221
f 961 984 871
f 871 891 961
f 961 891 960
f 960 1403 961
f 961 1403 984
f 887 973 960
f 960 891 887
f 888 973 887
f 887 891 888
f 1502 1908 1497
f 1497 1498 1502
f 1906 1911 1497
f 1497 1908 1906
f 1911 1495 1497
f 1497 1495 1498
f 116 1630 95
f 116 115 1630
f 98 67 97
f 649 98 97
f 648 649 97
f 97 103 648
f 51 103 97
f 97 50 51
f 97 49 50
f 69 102 133
f 49 102 69
f 69 133 68
f 68 49 69
f 972 1398 953
f 953 952 972
f 1398 951 953
f 951 952 953
f 992 957 956
f 957 955 956
f 956 1408 992
f 956 955 1408
f 992 1407 993
f 993 1407 958
f 993 901 992
f 993 958 901
f 1405 1125 1127
f 1127 1131 1405
f 1127 1125 1126
f 1126 1131 1127
f 997 975 996
f 996 975 995
f 996 1409 997
f 996 995 1409
f 1524 1455 1521
f 1521 1891 1524
f 1525 1455 1453
f 1453 1896 1525
f 1513 1522 1514
f 1514 1512 1513
f 1522 1891 1890
f 1890 1891 1898
f 1898 1899 1890
f 856 939 943
f 851 856 943
f 941 851 943
f 943 1415 941
f 1429 1415 943
f 943 939 1429
f 503 501 554
f 501 543 554
f 464 475 497
f 497 475 555
f 386 517 445
f 478 480 386
f 541 480 478
f 478 441 541
f 386 448 478
f 455 456 544
f 453 454 455
f 455 454 451
f 451 452 455
f 452 456 455
f 544 551 552
f 552 551 387
f 388 387 1727
f 460 459 452
f 452 462 460
f 457 456 452
f 452 458 457
f 542 456 457
f 457 458 542
f 1677 383 1770
f 1770 1773 1677
f 520 518 481
f 436 437 520
f 429 384 540
f 255 302 257
f 257 302 258
f 257 1766 255
f 257 258 1766
f 306 1768 307
f 1768 308 307
f 307 258 306
f 307 308 258
f 297 262 261
f 262 329 261
f 289 288 275
f 275 290 289
f 294 288 289
f 289 290 294
f 321 269 378
f 269 379 378
f 378 355 321
f 379 355 378
f 362 355 374
f 1728 393 395
f 395 394 1728
f 395 393 396
f 396 394 395
f 315 314 364
f 315 364 396
f 320 319 318
f 318 314 320
f 314 315 320
f 409 319 320
f 396 409 320
f 320 315 396
f 377 376 1730
f 1730 369 377
f 362 376 361
f 356 313 357
f 313 358 357
f 357 367 356
f 357 369 367
f 357 377 369
f 357 358 376
f 376 377 357
f 1427 933 1417
f 1427 1417 1258
f 1258 1259 1427
f 850 847 934
f 934 928 850
f 1418 927 928
f 1418 1426 927
f 928 934 1418
f 1418 934 1427
f 1418 1427 1259
f 1418 1259 1262
f 1262 1426 1418
f 930 929 1425
f 930 1425 946
f 946 839 930
f 930 839 846
f 846 929 930
f 334 333 1765
f 1766 331 1765
f 335 1766 1765
f 1765 333 335
f 331 348 332
f 332 348 334
f 332 1765 331
f 334 1765 332
f 349 350 334
f 334 348 349
f 344 350 349
f 316 354 317
f 317 354 313
f 318 316 317
f 317 314 318
f 313 314 317
f 324 343 325
f 323 343 324
f 325 266 324
f 266 323 324
f 325 343 326
f 326 343 327
f 326 264 325
f 327 264 326
f 351 350 344
f 344 343 351
f 334 350 351
f 347 348 331
f 331 346 347
f 327 344 328
f 344 329 328
f 328 262 327
f 328 329 262
f 330 346 331
f 330 329 346
f 330 331 259
f 259 329 330
f 345 329 344
f 346 329 345
f 345 347 346
f 348 347 345
f 344 349 345
f 345 349 348
f 225 224 1847
f 1847 226 225
f 220 1764 1677
f 220 226 1764
f 1677 221 220
f 220 225 226
f 221 224 220
f 224 225 220
f 115 116 121
f 121 116 95
f 1477 115 121
f 121 1476 1477
f 95 117 113
f 113 117 1476
f 65 102 49
f 49 97 65
f 65 97 67
f 64 102 65
f 66 64 65
f 65 67 66
f 1522 1455 1523
f 1455 1524 1523
f 1523 1891 1522
f 1523 1524 1891
f 1521 1455 1892
f 1455 1525 1892
f 1892 1891 1521
f 1904 1891 1892
f 1892 1896 1904
f 1892 1525 1896
f 1512 1514 1897
f 1897 1514 1522
f 1522 1890 1897
f 1897 1902 1515
f 1515 1512 1897
f 1897 1900 1901
f 1901 1902 1897
f 1897 1899 1900
f 1897 1890 1899
f 503 554 538
f 538 554 543
f 538 543 464
f 464 497 538
f 558 497 555
f 558 555 1677
f 1677 556 558
f 449 448 447
f 447 448 386
f 517 461 443
f 440 441 412
f 441 478 412
f 412 448 440
f 412 478 448
f 453 455 463
f 463 1774 453
f 546 482 498
f 498 455 546
f 498 463 455
f 498 482 1727
f 498 1727 1774
f 1774 463 498
f 545 455 544
f 544 552 545
f 546 455 553
f 553 552 387
f 387 388 553
f 455 545 553
f 553 545 552
f 499 460 462
f 499 461 483
f 499 462 461
f 483 459 499
f 459 460 499
f 425 426 413
f 422 426 423
f 556 437 557
f 437 436 557
f 428 437 556
f 428 556 425
f 425 429 428
f 305 1768 306
f 305 304 1768
f 306 258 305
f 258 304 305
f 303 302 1768
f 1768 304 303
f 258 302 303
f 303 304 258
f 259 297 260
f 297 261 260
f 260 329 259
f 260 261 329
f 297 266 265
f 265 264 297
f 265 266 325
f 325 264 265
f 263 262 297
f 297 264 263
f 327 262 263
f 263 264 327
f 375 376 362
f 362 374 375
f 1730 376 375
f 375 374 1730
f 371 272 1730
f 360 361 376
f 931 847 849
f 931 934 847
f 849 932 931
f 931 932 933
f 933 1427 931
f 1427 934 931
f 352 343 316
f 352 351 343
f 352 316 353
f 334 351 352
f 352 333 334
f 352 353 335
f 335 333 352
f 122 113 1476
f 95 113 122
f 1476 121 122
f 122 121 95
f 503 538 485
f 485 538 497
f 485 518 503
f 485 481 518
f 485 497 411
f 411 497 439
f 439 558 411
f 497 558 439
f 446 445 449
f 449 447 446
f 386 445 446
f 446 447 386
f 442 443 461
f 449 445 444
f 444 443 449
f 444 445 517
f 517 443 444
f 482 547 539
f 539 548 1727
f 1727 482 539
f 550 482 546
f 550 547 482
f 546 553 550
f 550 553 388
f 548 539 549
f 549 539 547
f 549 550 388
f 547 550 549
f 1773 1770 490
f 495 422 496
f 477 557 436
f 520 481 477
f 477 436 520
f 556 557 477
f 477 558 556
f 411 558 477
f 477 485 411
f 481 485 477
f 410 429 540
f 410 428 429
f 540 437 410
f 437 428 410
f 433 476 384
f 384 432 433
f 433 432 425
f 431 432 384
f 425 432 431
f 380 355 379
f 380 273 272
f 274 273 380
f 380 379 274
f 373 374 355
f 1730 374 373
f 361 360 359
f 359 358 362
f 362 361 359
f 376 358 359
f 359 360 376
f 450 461 449
f 450 442 461
f 449 443 450
f 443 442 450
f 548 549 500
f 500 549 388
f 1727 548 500
f 500 388 1727
f 425 413 427
f 413 472 427
f 427 435 425
f 427 472 435
f 1773 470 471
f 417 416 426
f 401 384 502
f 502 1771 401
f 384 429 430
f 430 431 384
f 430 429 425
f 425 431 430
f 370 371 355
f 355 380 370
f 272 371 370
f 370 380 272
f 355 371 372
f 372 373 355
f 372 371 1730
f 1730 373 372
f 466 465 413
f 435 465 466
f 474 472 413
f 413 465 474
f 435 472 474
f 474 465 435
f 423 1773 424
f 421 496 422
f 421 422 423
f 420 470 492
f 420 471 470
f 492 493 420
f 420 493 496
f 496 421 420
f 423 424 420
f 420 421 423
f 490 491 467
f 1773 490 467
f 513 514 523
f 426 422 418
f 418 417 426
f 1771 530 504
f 401 1771 504
f 383 401 504
f 384 476 479
f 479 502 384
f 434 433 425
f 435 466 434
f 476 433 434
f 434 466 476
f 425 435 434
f 471 420 419
f 419 420 424
f 1773 471 419
f 419 424 1773
f 469 470 1773
f 1773 467 469
f 469 467 491
f 492 470 469
f 469 491 492
f 487 493 492
f 496 493 487
f 495 496 533
f 496 487 533
f 533 487 534
f 489 491 490
f 492 491 489
f 526 490 1770
f 521 533 534
f 509 510 381
f 381 510 1770
f 383 504 1772
f 426 416 473
f 414 413 426
f 413 414 529
f 476 466 529
f 529 466 413
f 529 479 476
f 1771 502 529
f 502 479 529
f 417 418 486
f 486 422 495
f 486 418 422
f 416 417 486
f 486 494 416
f 488 487 492
f 492 489 488
f 509 381 508
f 383 507 508
f 528 489 490
f 522 521 534
f 505 514 513
f 383 1772 505
f 416 494 468
f 468 473 416
f 426 473 415
f 415 414 426
f 473 468 415
f 415 529 414
f 415 468 529
f 484 486 530
f 494 486 484
f 484 530 1771
f 1771 529 484
f 484 468 494
f 529 468 484
f 495 533 532
f 532 486 495
f 533 521 532
f 521 1772 532
f 487 488 535
f 534 487 535
f 535 522 534
f 523 522 535
f 509 508 511
f 511 510 509
f 383 508 382
f 382 508 381
f 382 1770 383
f 382 381 1770
f 513 507 506
f 506 505 513
f 506 507 383
f 383 505 506
f 514 505 515
f 521 522 515
f 515 1772 521
f 515 505 1772
f 515 523 514
f 515 522 523
f 530 486 519
f 536 488 489
f 536 535 488
f 523 535 536
f 525 528 490
f 510 511 525
f 512 508 507
f 512 511 508
f 512 507 513
f 513 523 512
f 516 1772 504
f 516 519 1772
f 516 504 530
f 530 519 516
f 486 532 531
f 531 519 486
f 531 532 1772
f 1772 519 531
f 489 528 537
f 537 536 489
f 528 525 537
f 510 525 527
f 1770 510 527
f 527 526 1770
f 490 526 527
f 527 525 490
f 536 537 524
f 524 537 525
f 523 536 524
f 524 512 523
f 524 525 511
f 511 512 524
f 7 6 8
f 5 6 7
f 4 3 1
f 2 4 1

