# https://github.com/mikedh/trimesh
v -0.00000695 -0.04398907 -0.02528700
v -0.00200914 -0.04386634 -0.02519672
v -0.00000695 -0.04396085 -0.02520017
v -0.00000695 -0.04395674 -0.02518755
v -0.00200241 -0.04384548 -0.02513347
v -0.00968119 -0.03885444 -0.02219919
v -0.00974396 -0.03886163 -0.02225532
v -0.00871465 -0.04035361 -0.02310936
v -0.01138919 -0.03577511 -0.02037257
v -0.01142872 -0.03578526 -0.02039590
v -0.00961368 -0.03883848 -0.02215308
v -0.00566614 -0.04302809 -0.02485402
v -0.00549110 -0.04309144 -0.02488662
v -0.00594551 -0.04289409 -0.02471646
v -0.00496595 -0.04327430 -0.02492065
v -0.00500741 -0.04326649 -0.02497670
v -0.00500150 -0.04326825 -0.02498082
v -0.00498128 -0.04327422 -0.02498417
v -0.00954447 -0.03881494 -0.02211825
v -0.00972423 -0.03839328 -0.02186874
v -0.00658925 -0.04224760 -0.02409663
v -0.00727053 -0.04161032 -0.02372403
v -0.00731495 -0.04165376 -0.02375453
v -0.00786323 -0.04093518 -0.02333467
v -0.00795637 -0.04099418 -0.02337446
v -0.00846011 -0.04025528 -0.02294257
v -0.00852945 -0.04029303 -0.02297035
v -0.00855659 -0.04014538 -0.02287919
v -0.00577163 -0.04273866 -0.02437947
v -0.00613087 -0.04247877 -0.02422487
v -0.00391060 -0.04334415 -0.02472831
v -0.00483175 -0.04303220 -0.02454403
v -0.00485602 -0.04309436 -0.02458431
v -0.00505036 -0.04297836 -0.02451299
v -0.00572395 -0.04266692 -0.02433337
v -0.00081272 -0.04373035 -0.02494666
v -0.00195567 -0.04359832 -0.02487051
v -0.00197819 -0.04373486 -0.02496770
v -0.00304323 -0.04347269 -0.02479806
v -0.01156371 -0.03580743 -0.02049723
v -0.01148093 -0.03579866 -0.02042671
v -0.01136172 -0.03576450 -0.02036253
v -0.01129287 -0.03573789 -0.02033736
v -0.00396056 -0.04347128 -0.02487591
v -0.00394451 -0.04343527 -0.02482015
v -0.00491767 -0.04321908 -0.02473162
v -0.00489788 -0.04318394 -0.02467585
v -0.00586997 -0.04285230 -0.02452542
v -0.00583849 -0.04282119 -0.02446959
v -0.00671955 -0.04234671 -0.02424076
v -0.00667800 -0.04232084 -0.02418485
v -0.00746991 -0.04173802 -0.02389673
v -0.00742068 -0.04171748 -0.02384074
v -0.00812916 -0.04106538 -0.02351493
v -0.00807445 -0.04104951 -0.02345889
v -0.00865617 -0.04034151 -0.02305329
v -0.00392770 -0.04339240 -0.02477059
v -0.00487713 -0.04314188 -0.02462638
v -0.00580536 -0.04278283 -0.02442056
v -0.00663406 -0.04228733 -0.02413642
v -0.00736838 -0.04168892 -0.02379294
v -0.00801608 -0.04102533 -0.02341166
v -0.00859356 -0.04032089 -0.02300654
v -0.00199487 -0.04381609 -0.02507312
v -0.00000695 -0.04390443 -0.02509699
v -0.00198672 -0.04377884 -0.02501739
v -0.00000695 -0.04384878 -0.02503522
v -0.00000695 -0.04383443 -0.02501930
v -0.00000695 -0.04374980 -0.02495787
v -0.00681710 -0.04237142 -0.02443447
v -0.00720526 -0.04208146 -0.02434949
v -0.00758282 -0.04174584 -0.02409322
v -0.00646064 -0.04261361 -0.02463438
v -0.00497715 -0.04327537 -0.02498482
v -0.00467466 -0.04335969 -0.02503212
v -0.00399984 -0.04352945 -0.02506450
v -0.00447208 -0.04341615 -0.02506380
v -0.00299243 -0.04373996 -0.02524529
v -0.00201492 -0.04387843 -0.02526112
v -0.00150021 -0.04393510 -0.02535459
v -0.00825199 -0.04105883 -0.02371391
v -0.00789765 -0.04144682 -0.02400495
v -0.00876656 -0.04035653 -0.02317271
v -0.00880998 -0.04035033 -0.02324068
v -0.00817804 -0.04107218 -0.02357780
v -0.00821935 -0.04106980 -0.02364503
v -0.00751425 -0.04174966 -0.02395903
v -0.00755221 -0.04175214 -0.02402536
v -0.00675731 -0.04236396 -0.02430243
v -0.00679009 -0.04237214 -0.02436774
v -0.00589881 -0.04287512 -0.02458647
v -0.00592418 -0.04288905 -0.02465082
v -0.00493591 -0.04324621 -0.02479220
v -0.00495213 -0.04326466 -0.02485584
v -0.00397537 -0.04349935 -0.02493639
v -0.00398856 -0.04351880 -0.02499986
v -0.00000695 -0.04400001 -0.02539100
v -0.01201462 -0.03450716 -0.01973590
v -0.01205576 -0.03444294 -0.01971377
v -0.01212300 -0.03447913 -0.01973155
v -0.01402069 -0.03199154 -0.01911031
v -0.01395468 -0.03193487 -0.01907930
v -0.01415115 -0.03158512 -0.01903563
v -0.01501417 -0.03074209 -0.01900004
v -0.01509685 -0.03084164 -0.01901708
v -0.01298202 -0.03317690 -0.01930815
v -0.01219340 -0.03451073 -0.01976642
v -0.01305121 -0.03322008 -0.01934187
v -0.01226177 -0.03453572 -0.01981464
v -0.01311824 -0.03325789 -0.01939090
v -0.01143542 -0.03548795 -0.02019795
v -0.01218749 -0.03423733 -0.01964290
v -0.01267001 -0.03348419 -0.01938334
v -0.01338193 -0.03249793 -0.01915539
v 0.01148543 -0.03580054 -0.02044238
v 0.01146693 -0.03579859 -0.02042663
v 0.00966607 -0.03885624 -0.02220020
v 0.01141474 -0.03578519 -0.02039582
v 0.00959857 -0.03884027 -0.02215410
v 0.00198429 -0.04384597 -0.02513374
v 0.00491793 -0.04324737 -0.02479286
v 0.00587954 -0.04287770 -0.02458789
v 0.00585076 -0.04285486 -0.02452685
v 0.00499306 -0.04326658 -0.02497979
v 0.00500193 -0.04326397 -0.02497841
v 0.00494794 -0.04327546 -0.02492130
v 0.00505615 -0.04324755 -0.02496937
v 0.00541947 -0.04312250 -0.02490380
v 0.00592615 -0.04289674 -0.02471786
v 0.00397890 -0.04353107 -0.02506541
v 0.00475355 -0.04333571 -0.02501865
v 0.00479623 -0.04332339 -0.02501173
v 0.00196013 -0.04373534 -0.02496798
v 0.00193996 -0.04360236 -0.02487283
v 0.00388982 -0.04334575 -0.02472922
v 0.00386420 -0.04326357 -0.02467745
v 0.00251462 -0.04355883 -0.02484773
v 0.00470360 -0.04307992 -0.02457154
v 0.00483809 -0.04309551 -0.02458497
v 0.00481213 -0.04303550 -0.02454592
v 0.00575263 -0.04274115 -0.02438089
v 0.00657508 -0.04224825 -0.02409699
v 0.00651016 -0.04218206 -0.02405373
v 0.00704075 -0.04180469 -0.02383610
v 0.00729810 -0.04165645 -0.02375606
v 0.00723659 -0.04160982 -0.02372372
v 0.00785511 -0.04099434 -0.02336877
v 0.00794175 -0.04099432 -0.02337452
v 0.00851586 -0.04029256 -0.02297005
v 0.00924358 -0.03913393 -0.02229585
v 0.00952936 -0.03881673 -0.02211926
v 0.00870105 -0.04035312 -0.02310906
v 0.00972883 -0.03886343 -0.02225633
v 0.01154972 -0.03580735 -0.02049715
v 0.00875297 -0.04035604 -0.02317241
v 0.00816334 -0.04107227 -0.02357785
v 0.00820465 -0.04106990 -0.02364507
v 0.00771200 -0.04161739 -0.02409805
v 0.00823729 -0.04105893 -0.02371396
v 0.00879638 -0.04034983 -0.02324038
v 0.00670521 -0.04234750 -0.02424117
v 0.00674294 -0.04236475 -0.02430282
v 0.00745296 -0.04174076 -0.02389827
v 0.00749727 -0.04175242 -0.02396057
v 0.00811448 -0.04106548 -0.02351497
v 0.00196864 -0.04377932 -0.02501767
v 0.00197677 -0.04381657 -0.02507340
v 0.00393968 -0.04347289 -0.02487682
v 0.00753521 -0.04175493 -0.02402688
v 0.00677573 -0.04237294 -0.02436812
v 0.00590487 -0.04289167 -0.02465224
v 0.00493413 -0.04326583 -0.02485649
v 0.00396764 -0.04352041 -0.02500078
v 0.00756580 -0.04174865 -0.02409474
v 0.00697281 -0.04225308 -0.02444173
v 0.00680274 -0.04237220 -0.02443482
v 0.00623938 -0.04273618 -0.02469950
v 0.00199678 -0.04387891 -0.02526139
v 0.00324140 -0.04369195 -0.02521839
v 0.00199101 -0.04386682 -0.02519700
v 0.00395447 -0.04350096 -0.02493730
v 0.00489969 -0.04322024 -0.02473228
v 0.01127887 -0.03573781 -0.02033728
v 0.01134773 -0.03576442 -0.02036244
v 0.01137520 -0.03577503 -0.02037248
v 0.00864257 -0.04034102 -0.02305299
v 0.00857996 -0.04032040 -0.02300624
v 0.00805978 -0.04104961 -0.02345893
v 0.00800143 -0.04102544 -0.02341171
v 0.00740375 -0.04172020 -0.02384229
v 0.00735149 -0.04169163 -0.02379448
v 0.00666370 -0.04232159 -0.02418525
v 0.00661982 -0.04228803 -0.02413680
v 0.00581935 -0.04282372 -0.02447102
v 0.00578629 -0.04278533 -0.02442199
v 0.00487992 -0.04318510 -0.02467651
v 0.00485919 -0.04314304 -0.02462704
v 0.00392367 -0.04343687 -0.02482106
v 0.00390688 -0.04339401 -0.02477151
v 0.00030400 -0.04399719 -0.02538942
v 0.00171951 -0.04391320 -0.02534232
v -0.00000695 -0.04399334 -0.02532755
v 0.01210899 -0.03447905 -0.01973145
v 0.01248722 -0.03373753 -0.01945915
v 0.01187196 -0.03471943 -0.01982498
v 0.01217939 -0.03451065 -0.01976634
v 0.01224777 -0.03453564 -0.01981455
v 0.01310422 -0.03325780 -0.01939081
v 0.01303719 -0.03321999 -0.01934177
v 0.01296800 -0.03317681 -0.01930806
v 0.01507122 -0.03082757 -0.01901247
v 0.01394065 -0.03193477 -0.01907920
v 0.01402900 -0.03170376 -0.01904629
v 0.01483568 -0.03088885 -0.01900101
v 0.01500013 -0.03074198 -0.01899993
v 0.01320416 -0.03271274 -0.01919606
v 0.01400666 -0.03199144 -0.01911021
v -0.02804059 -0.02006066 -0.01950009
v -0.02657840 -0.02200495 -0.01950009
v -0.02656528 -0.02199408 -0.01937067
v -0.02440223 -0.02439528 -0.01950008
v -0.02439019 -0.02438323 -0.01937067
v -0.01914690 -0.02810106 -0.01900006
v -0.01921975 -0.02820802 -0.01901709
v -0.01928764 -0.02830769 -0.01906704
v -0.01934593 -0.02839327 -0.01914651
v -0.02200102 -0.02655830 -0.01937066
v -0.02196917 -0.02651983 -0.01925007
v -0.02191849 -0.02645864 -0.01914651
v -0.02185244 -0.02637888 -0.01906705
v -0.02177552 -0.02628600 -0.01901710
v -0.02169298 -0.02618634 -0.01900007
v -0.02404868 -0.02404172 -0.01900008
v -0.02414019 -0.02413323 -0.01901711
v -0.02422546 -0.02421850 -0.01906706
v -0.02429868 -0.02429172 -0.01914652
v -0.02435487 -0.02434791 -0.01925007
v -0.02619331 -0.02168604 -0.01900008
v -0.02629298 -0.02176858 -0.01901712
v -0.02638586 -0.02184549 -0.01906707
v -0.02646561 -0.02191154 -0.01914653
v -0.02652681 -0.02196222 -0.01925008
v -0.02852130 -0.01942145 -0.01950009
v -0.02850722 -0.01941185 -0.01937068
v -0.02846594 -0.01938373 -0.01925009
v -0.02840026 -0.01933900 -0.01914654
v -0.02831468 -0.01928071 -0.01906708
v -0.02821501 -0.01921282 -0.01901713
v -0.02810805 -0.01913997 -0.01900009
v -0.02977609 -0.01642587 -0.01900010
v -0.02988940 -0.01648839 -0.01901713
v -0.02999498 -0.01654665 -0.01906708
v -0.03008565 -0.01659668 -0.01914654
v -0.03015522 -0.01663507 -0.01925009
v 0.01641874 -0.02976896 -0.01899993
v -0.03115480 -0.01363170 -0.01900010
v -0.03127336 -0.01368358 -0.01901714
v -0.03138383 -0.01373193 -0.01906709
v -0.03147869 -0.01377345 -0.01914655
v -0.03260744 -0.01083454 -0.01914655
v -0.03250917 -0.01080189 -0.01906709
v -0.03239473 -0.01076385 -0.01901714
v -0.03227193 -0.01072304 -0.01900010
v -0.03311809 -0.00772433 -0.01900011
v -0.03324411 -0.00775373 -0.01901715
v -0.03336155 -0.00778113 -0.01906709
v -0.03346240 -0.00780465 -0.01914656
v -0.03368618 -0.00466075 -0.01900011
v -0.03381437 -0.00467848 -0.01901715
v -0.03393382 -0.00469502 -0.01906710
v -0.03432461 -0.00157423 -0.01914656
v -0.03422116 -0.00156948 -0.01906710
v -0.03410070 -0.00156395 -0.01901715
v -0.03397142 -0.00155802 -0.01900011
v -0.03397144 0.00155778 -0.01900011
v -0.03410071 0.00156371 -0.01901715
v -0.03422118 0.00156924 -0.01906710
v -0.03432462 0.00157398 -0.01914656
v -0.03368621 0.00466051 -0.01900011
v -0.03381440 0.00467824 -0.01901715
v -0.03393385 0.00469478 -0.01906710
v -0.03346245 0.00780441 -0.01914656
v -0.03336161 0.00778089 -0.01906710
v -0.03324417 0.00775349 -0.01901714
v -0.03311814 0.00772410 -0.01900011
v -0.03227201 0.01072281 -0.01900010
v -0.03239481 0.01076362 -0.01901714
v -0.03250925 0.01080165 -0.01906709
v -0.03260752 0.01083432 -0.01914655
v -0.03115491 0.01363148 -0.01900010
v -0.03127346 0.01368336 -0.01901714
v -0.03138393 0.01373171 -0.01906709
v -0.03147880 0.01377322 -0.01914655
v -0.03015535 0.01663486 -0.01925009
v -0.03008578 0.01659647 -0.01914655
v -0.02999511 0.01654644 -0.01906708
v -0.02988953 0.01648818 -0.01901713
v -0.02977622 0.01642567 -0.01900010
v 0.02438814 -0.02439510 -0.01949990
v 0.02437610 -0.02438305 -0.01937049
v 0.02570138 -0.02295262 -0.01949989
v 0.02656430 -0.02200476 -0.01949989
v 0.02655118 -0.02199390 -0.01937048
v 0.02850718 -0.01942125 -0.01949988
v 0.02849309 -0.01941165 -0.01937047
v 0.01927358 -0.02830755 -0.01906690
v 0.01920569 -0.02820788 -0.01901695
v 0.01913284 -0.02810092 -0.01899992
v 0.01933187 -0.02839313 -0.01914636
v 0.02976194 -0.01642567 -0.01899988
v 0.02809392 -0.01913978 -0.01899988
v 0.02987525 -0.01648818 -0.01901691
v 0.02820088 -0.01921262 -0.01901692
v 0.02998083 -0.01654644 -0.01906686
v 0.02830055 -0.01928050 -0.01906687
v 0.03007150 -0.01659647 -0.01914633
v 0.02838614 -0.01933880 -0.01914633
v 0.03014107 -0.01663486 -0.01924988
v 0.02845181 -0.01938353 -0.01924988
v 0.02651270 -0.02196204 -0.01924989
v 0.02645150 -0.02191136 -0.01914634
v 0.02637175 -0.02184531 -0.01906688
v 0.02627887 -0.02176839 -0.01901693
v 0.02617920 -0.02168585 -0.01899989
v 0.02403459 -0.02404155 -0.01899990
v 0.02412609 -0.02413305 -0.01901693
v 0.02421137 -0.02421832 -0.01906688
v 0.02428459 -0.02429155 -0.01914635
v 0.02434078 -0.02434773 -0.01924990
v 0.02198695 -0.02655815 -0.01937050
v 0.02195509 -0.02651968 -0.01924990
v 0.02190441 -0.02645848 -0.01914635
v 0.02183836 -0.02637873 -0.01906689
v 0.02176144 -0.02628585 -0.01901694
v 0.02167891 -0.02618619 -0.01899991
v -0.02200123 0.02655815 -0.01937066
v -0.02501138 0.02372620 -0.01950008
v -0.02657857 0.02200476 -0.01950008
v -0.02656545 0.02199390 -0.01937067
v -0.02852145 0.01942124 -0.01950009
v -0.02850737 0.01941165 -0.01937068
v -0.01914712 0.02810092 -0.01900006
v -0.01921997 0.02820788 -0.01901709
v -0.01928785 0.02830755 -0.01906704
v -0.01934615 0.02839313 -0.01914651
v -0.02810820 0.01913977 -0.01900009
v -0.02821516 0.01921262 -0.01901713
v -0.02831483 0.01928051 -0.01906708
v -0.02840041 0.01933880 -0.01914654
v -0.02846609 0.01938353 -0.01925009
v -0.02619348 0.02168585 -0.01900008
v -0.02629315 0.02176839 -0.01901712
v -0.02638603 0.02184531 -0.01906707
v -0.02646578 0.02191136 -0.01914653
v -0.02652698 0.02196203 -0.01925008
v -0.02440242 0.02439510 -0.01950008
v -0.02439037 0.02438306 -0.01937067
v -0.02435505 0.02434773 -0.01925007
v -0.02429887 0.02429155 -0.01914652
v -0.02422564 0.02421833 -0.01906706
v -0.02414037 0.02413305 -0.01901711
v -0.02404887 0.02404155 -0.01900008
v -0.02169318 0.02618618 -0.01900007
v -0.02177572 0.02628585 -0.01901710
v -0.02185264 0.02637872 -0.01906705
v -0.02191869 0.02645848 -0.01914651
v -0.02196937 0.02651968 -0.01925006
v 0.02976182 0.01642587 -0.01899988
v 0.03114052 0.01363169 -0.01899987
v 0.02987512 0.01648839 -0.01901691
v 0.03125908 0.01368358 -0.01901691
v 0.02998071 0.01654665 -0.01906686
v 0.03136955 0.01373192 -0.01906686
v 0.03007137 0.01659668 -0.01914632
v 0.03146442 0.01377344 -0.01914632
v 0.03014094 0.01663507 -0.01924988
v 0.03259316 0.01083454 -0.01914631
v 0.03249489 0.01080188 -0.01906685
v 0.03238045 0.01076385 -0.01901691
v 0.03225765 0.01072304 -0.01899987
v 0.03310381 0.00772433 -0.01899987
v 0.03322983 0.00775373 -0.01901690
v 0.03334727 0.00778112 -0.01906685
v 0.03344812 0.00780465 -0.01914631
v 0.03367190 0.00466074 -0.01899986
v 0.03380009 0.00467848 -0.01901690
v 0.03391954 0.00469502 -0.01906685
v 0.03431033 0.00157422 -0.01914631
v 0.03420689 0.00156947 -0.01906685
v 0.03408642 0.00156395 -0.01901690
v 0.03395715 0.00155802 -0.01899986
v 0.03395716 -0.00155779 -0.01899986
v 0.03408643 -0.00156372 -0.01901690
v 0.03420690 -0.00156924 -0.01906685
v 0.03431034 -0.00157399 -0.01914631
v 0.03367193 -0.00466051 -0.01899986
v 0.03380012 -0.00467825 -0.01901690
v 0.03391957 -0.00469478 -0.01906685
v 0.03344818 -0.00780442 -0.01914631
v 0.03334733 -0.00778089 -0.01906685
v 0.03322989 -0.00775350 -0.01901690
v 0.03310387 -0.00772409 -0.01899987
v 0.03225773 -0.01072281 -0.01899987
v 0.03238053 -0.01076363 -0.01901691
v 0.03249497 -0.01080166 -0.01906685
v 0.03259324 -0.01083432 -0.01914631
v 0.03114063 -0.01363148 -0.01899987
v 0.03125918 -0.01368336 -0.01901691
v 0.03136965 -0.01373171 -0.01906686
v 0.03146452 -0.01377323 -0.01914632
v -0.01501441 0.03074197 -0.01900004
v 0.02656413 0.02200495 -0.01949989
v 0.02655101 0.02199408 -0.01937048
v 0.02438796 0.02439527 -0.01949990
v 0.02437591 0.02438322 -0.01937049
v 0.02198675 0.02655831 -0.01937050
v 0.01641852 0.02976907 -0.01899992
v 0.01913263 0.02810106 -0.01899992
v 0.01920547 0.02820801 -0.01901695
v 0.01927336 0.02830768 -0.01906690
v 0.01933165 0.02839327 -0.01914636
v 0.02167871 0.02618633 -0.01899991
v 0.02176124 0.02628600 -0.01901694
v 0.02183816 0.02637888 -0.01906689
v 0.02190421 0.02645863 -0.01914635
v 0.02195489 0.02651983 -0.01924990
v 0.02403440 0.02404172 -0.01899990
v 0.02412591 0.02413323 -0.01901694
v 0.02421118 0.02421849 -0.01906688
v 0.02428440 0.02429172 -0.01914635
v 0.02434059 0.02434790 -0.01924989
v 0.02651254 0.02196222 -0.01924989
v 0.02645134 0.02191154 -0.01914634
v 0.02637158 0.02184549 -0.01906688
v 0.02627871 0.02176858 -0.01901693
v 0.02617904 0.02168604 -0.01899989
v 0.02850703 0.01942144 -0.01949988
v 0.02849295 0.01941184 -0.01937047
v 0.02845166 0.01938373 -0.01924988
v 0.02838599 0.01933900 -0.01914633
v 0.02830040 0.01928070 -0.01906687
v 0.02820073 0.01921282 -0.01901692
v 0.02809378 0.01913997 -0.01899989
v -0.01410938 0.03163208 -0.01903973
v -0.01395084 0.03193991 -0.01907959
v -0.01136199 0.03576441 -0.02036252
v -0.01138946 0.03577503 -0.02037257
v -0.01212030 0.03448289 -0.01973314
v -0.01219080 0.03451439 -0.01976800
v -0.01148120 0.03579859 -0.02042672
v -0.01225924 0.03453930 -0.01981619
v -0.01188360 0.03472252 -0.01982641
v -0.01129314 0.03573781 -0.02033736
v -0.01401676 0.03199646 -0.01911063
v -0.01449195 0.03135672 -0.01902677
v -0.01444018 0.03130290 -0.01902365
v -0.01297117 0.03319243 -0.01931209
v -0.01329363 0.03261367 -0.01917676
v -0.01304039 0.03323547 -0.01934582
v -0.01310745 0.03327311 -0.01939485
v -0.01149969 0.03580054 -0.02044247
v -0.01156243 0.03580718 -0.02049591
v -0.01156398 0.03580735 -0.02049723
v -0.01491869 0.03082672 -0.01900040
v -0.01253746 0.03368233 -0.01944208
v 0.01499990 0.03074209 -0.01899993
v -0.00968032 0.03885624 -0.02220027
v -0.00961282 0.03884026 -0.02215416
v -0.00491393 0.04322024 -0.02473231
v -0.00395392 0.04347289 -0.02487685
v -0.00396870 0.04350096 -0.02493733
v -0.00493216 0.04324737 -0.02479289
v -0.00589377 0.04287770 -0.02458793
v -0.00586499 0.04285486 -0.02452689
v -0.00974308 0.03886343 -0.02225640
v -0.00197436 0.04373534 -0.02496799
v -0.00000728 0.04383443 -0.02501930
v -0.00000728 0.04374980 -0.02495786
v -0.00390405 0.04334575 -0.02472925
v -0.00252886 0.04355884 -0.02484775
v -0.00471783 0.04307991 -0.02457157
v -0.00485233 0.04309551 -0.02458500
v -0.00482637 0.04303550 -0.02454595
v -0.00576687 0.04274115 -0.02438093
v -0.00599940 0.04255544 -0.02426911
v -0.00658932 0.04224825 -0.02409704
v -0.00652440 0.04218206 -0.02405378
v -0.00705499 0.04180470 -0.02383616
v -0.00731234 0.04165645 -0.02375611
v -0.00786936 0.04099435 -0.02336882
v -0.00795600 0.04099431 -0.02337457
v -0.00853011 0.04029256 -0.02297012
v -0.00925783 0.03913393 -0.02229591
v -0.00954362 0.03881673 -0.02211933
v -0.00500729 0.04326658 -0.02497983
v -0.00501616 0.04326397 -0.02497844
v -0.00496217 0.04327546 -0.02492133
v -0.00507038 0.04324755 -0.02496940
v -0.00543370 0.04312250 -0.02490385
v -0.00594038 0.04289674 -0.02471790
v -0.00399314 0.04353107 -0.02506544
v -0.00476778 0.04333570 -0.02501869
v -0.00497329 0.04327639 -0.02498535
v -0.00871530 0.04035312 -0.02310913
v -0.00876721 0.04035604 -0.02317247
v -0.00817759 0.04107228 -0.02357791
v -0.00821889 0.04106990 -0.02364513
v -0.00772624 0.04161739 -0.02409810
v -0.00825153 0.04105893 -0.02371402
v -0.00881062 0.04034983 -0.02324044
v -0.00671945 0.04234750 -0.02424121
v -0.00675718 0.04236475 -0.02430287
v -0.00746720 0.04174076 -0.02389832
v -0.00751151 0.04175243 -0.02396062
v -0.00812872 0.04106548 -0.02351503
v -0.00198287 0.04377932 -0.02501768
v -0.00199100 0.04381657 -0.02507341
v -0.00199853 0.04384596 -0.02513375
v -0.00200524 0.04386681 -0.02519701
v -0.00754945 0.04175493 -0.02402694
v -0.00678996 0.04237293 -0.02436817
v -0.00591910 0.04289167 -0.02465228
v -0.00494836 0.04326582 -0.02485652
v -0.00398187 0.04352042 -0.02500080
v -0.00758004 0.04174865 -0.02409480
v -0.00698704 0.04225308 -0.02444178
v -0.00681698 0.04237220 -0.02443486
v -0.00625362 0.04273617 -0.02469954
v -0.00201101 0.04387891 -0.02526140
v -0.00325564 0.04369195 -0.02521842
v -0.00000728 0.04384878 -0.02503523
v -0.00000728 0.04390442 -0.02509699
v -0.00865682 0.04034102 -0.02305305
v -0.00859421 0.04032040 -0.02300629
v -0.00807403 0.04104961 -0.02345899
v -0.00801568 0.04102544 -0.02341176
v -0.00741799 0.04172020 -0.02384234
v -0.00736573 0.04169163 -0.02379454
v -0.00667793 0.04232159 -0.02418530
v -0.00663405 0.04228803 -0.02413685
v -0.00583358 0.04282371 -0.02447106
v -0.00580053 0.04278533 -0.02442203
v -0.00489416 0.04318509 -0.02467654
v -0.00487342 0.04314304 -0.02462707
v -0.00393790 0.04343687 -0.02482109
v -0.00392112 0.04339401 -0.02477154
v -0.00031823 0.04399719 -0.02538942
v -0.00173374 0.04391320 -0.02534233
v -0.00000728 0.04400001 -0.02539100
v -0.00000728 0.04398907 -0.02528700
v -0.00000728 0.04395674 -0.02518755
v -0.00000728 0.04392977 -0.02514086
v 0.01413991 0.03158305 -0.01903536
v 0.01447743 0.03135683 -0.01902666
v 0.01393632 0.03194001 -0.01907949
v 0.01259857 0.03356883 -0.01940778
v 0.01295664 0.03319252 -0.01931199
v 0.01332040 0.03255982 -0.01916654
v 0.01400224 0.03199656 -0.01911053
v 0.01309292 0.03327319 -0.01939476
v 0.01302587 0.03323556 -0.01934572
v 0.01127860 0.03573789 -0.02033728
v 0.01138136 0.03555737 -0.02023565
v 0.01210577 0.03448297 -0.01973305
v 0.01134746 0.03576450 -0.02036244
v 0.01137492 0.03577511 -0.02037248
v 0.01195671 0.03457737 -0.01976466
v 0.01203988 0.03444669 -0.01971842
v 0.01154944 0.03580743 -0.02049715
v 0.01154788 0.03580726 -0.02049581
v 0.01224470 0.03453938 -0.01981610
v 0.01146666 0.03579866 -0.02042663
v 0.01217626 0.03451448 -0.01976791
v 0.01141445 0.03578526 -0.02039581
v 0.00966694 0.03885444 -0.02219912
v 0.00972971 0.03886164 -0.02225525
v 0.00870040 0.04035361 -0.02310930
v 0.00959943 0.03883847 -0.02215301
v 0.00565191 0.04302808 -0.02485398
v 0.00547687 0.04309144 -0.02488658
v 0.00593127 0.04289409 -0.02471641
v 0.00495172 0.04327430 -0.02492061
v 0.00499318 0.04326648 -0.02497666
v 0.00498727 0.04326825 -0.02498079
v 0.00496705 0.04327421 -0.02498413
v 0.00953022 0.03881494 -0.02211819
v 0.00945203 0.03878034 -0.02209189
v 0.00970997 0.03839327 -0.02186867
v 0.00657501 0.04224760 -0.02409658
v 0.00725629 0.04161032 -0.02372397
v 0.00730071 0.04165376 -0.02375447
v 0.00784899 0.04093518 -0.02333461
v 0.00794213 0.04099418 -0.02337440
v 0.00851521 0.04029303 -0.02297029
v 0.00854234 0.04014538 -0.02287913
v 0.00575740 0.04273867 -0.02437943
v 0.00611664 0.04247877 -0.02422482
v 0.00389637 0.04334415 -0.02472828
v 0.00481752 0.04303220 -0.02454400
v 0.00484178 0.04309435 -0.02458428
v 0.00503613 0.04297836 -0.02451295
v 0.00079848 0.04373035 -0.02494665
v 0.00196396 0.04373486 -0.02496768
v 0.00302899 0.04347268 -0.02479804
v 0.00394632 0.04347128 -0.02487588
v 0.00393028 0.04343527 -0.02482012
v 0.00490343 0.04321908 -0.02473158
v 0.00488364 0.04318394 -0.02467581
v 0.00585573 0.04285231 -0.02452537
v 0.00582425 0.04282119 -0.02446954
v 0.00670532 0.04234672 -0.02424071
v 0.00666376 0.04232084 -0.02418480
v 0.00745567 0.04173802 -0.02389667
v 0.00740644 0.04171747 -0.02384069
v 0.00811492 0.04106539 -0.02351487
v 0.00806021 0.04104951 -0.02345882
v 0.00864192 0.04034151 -0.02305322
v 0.00391347 0.04339240 -0.02477056
v 0.00486289 0.04314188 -0.02462635
v 0.00579113 0.04278282 -0.02442052
v 0.00661982 0.04228732 -0.02413637
v 0.00735414 0.04168892 -0.02379288
v 0.00800183 0.04102533 -0.02341160
v 0.00857931 0.04032089 -0.02300647
v 0.00198064 0.04381608 -0.02507311
v 0.00197249 0.04377884 -0.02501738
v 0.00680286 0.04237142 -0.02443442
v 0.00719103 0.04208145 -0.02434944
v 0.00756858 0.04174584 -0.02409317
v 0.00644641 0.04261361 -0.02463434
v 0.00496292 0.04327537 -0.02498478
v 0.00449463 0.04340590 -0.02505801
v 0.00398561 0.04352944 -0.02506447
v 0.00445785 0.04341615 -0.02506376
v 0.00297820 0.04373996 -0.02524527
v 0.00148598 0.04393510 -0.02535457
v 0.00200069 0.04387843 -0.02526111
v 0.00198818 0.04384548 -0.02513345
v 0.00823775 0.04105883 -0.02371385
v 0.00788341 0.04144682 -0.02400489
v 0.00199491 0.04386633 -0.02519671
v 0.00397433 0.04351879 -0.02499983
v 0.00396114 0.04349934 -0.02493635
v 0.00493790 0.04326466 -0.02485580
v 0.00492168 0.04324621 -0.02479217
v 0.00590995 0.04288904 -0.02465078
v 0.00588457 0.04287512 -0.02458643
v 0.00677586 0.04237214 -0.02436769
v 0.00674307 0.04236395 -0.02430238
v 0.00753797 0.04175214 -0.02402530
v 0.00750001 0.04174965 -0.02395898
v 0.00820511 0.04106980 -0.02364496
v 0.00816379 0.04107218 -0.02357774
v 0.00879573 0.04035033 -0.02324061
v 0.00875232 0.04035654 -0.02317265
v -0.00576364 -0.04211023 -0.02401232
v -0.00576075 0.04212195 -0.02401910
v 0.00568795 0.04218171 -0.02405350
v -0.03799985 0.00744876 -0.04913836
v -0.03799985 0.00749987 -0.04875013
v -0.03798281 0.00757376 -0.04917186
v -0.03798282 0.00762928 -0.04875013
v -0.03793287 0.00769024 -0.04920307
v -0.03793287 0.00774987 -0.04875013
v -0.03785341 0.00785342 -0.04875013
v -0.03793286 0.00751541 -0.04962513
v -0.03798281 0.00741098 -0.04956484
v -0.03799985 0.00729891 -0.04950013
v -0.03798281 0.00715203 -0.04990230
v -0.03799985 0.00706053 -0.04981079
v -0.03798281 0.00681458 -0.05016124
v -0.03799984 0.00674987 -0.05004917
v -0.03798280 0.00642159 -0.05032402
v -0.03799984 0.00638810 -0.05019902
v -0.03798280 0.00599987 -0.05037954
v -0.03799984 0.00599987 -0.05025013
v -0.03798276 -0.00600013 -0.05037954
v -0.03799979 -0.00600013 -0.05025013
v -0.03799994 0.00749987 -0.02400013
v -0.03798291 0.00762928 -0.02400013
v -0.03793296 0.00774987 -0.02400013
v -0.03785350 0.00785342 -0.02400013
v -0.03799979 -0.00638836 -0.05019902
v -0.03798276 -0.00642185 -0.05032402
v -0.03798276 -0.00681484 -0.05016124
v -0.03799979 -0.00675013 -0.05004917
v -0.03798276 -0.00715230 -0.04990230
v -0.03799979 -0.00706079 -0.04981079
v -0.03793281 -0.00751568 -0.04962514
v -0.03798276 -0.00741124 -0.04956484
v -0.03799979 -0.00729917 -0.04950013
v -0.03793281 -0.00769050 -0.04920307
v -0.03798276 -0.00757402 -0.04917186
v -0.03799979 -0.00744902 -0.04913836
v -0.03785335 -0.00785368 -0.04875013
v -0.03793281 -0.00775014 -0.04875013
v -0.03798276 -0.00762954 -0.04875013
v -0.03799979 -0.00750013 -0.04875014
v -0.03799994 0.00638809 -0.02255124
v -0.03799994 0.00599987 -0.02250013
v -0.03798291 0.00642159 -0.02242624
v -0.03798291 0.00599987 -0.02237072
v -0.03793296 0.00645280 -0.02230976
v -0.03793296 0.00599987 -0.02225012
v -0.03785350 0.00647960 -0.02220973
v -0.03785350 0.00599987 -0.02214657
v -0.03774995 0.00650017 -0.02213298
v -0.03774994 0.00599987 -0.02206711
v -0.03785350 0.00692664 -0.02239490
v -0.03793296 0.00687487 -0.02248458
v -0.03798291 0.00681457 -0.02258902
v -0.03799994 0.00674987 -0.02270109
v -0.03785350 0.00731053 -0.02268946
v -0.03793296 0.00723731 -0.02276269
v -0.03798291 0.00715203 -0.02284796
v -0.03799995 0.00706053 -0.02293947
v -0.03785350 0.00760510 -0.02307335
v -0.03793296 0.00751542 -0.02312512
v -0.03798291 0.00741098 -0.02318542
v -0.03799994 0.00729890 -0.02325013
v -0.03793296 0.00769024 -0.02354719
v -0.03798291 0.00757376 -0.02357841
v -0.03799994 0.00744875 -0.02361190
v -0.03785344 -0.00785369 -0.02400013
v -0.03793290 -0.00775013 -0.02400013
v -0.03798285 -0.00762954 -0.02400013
v -0.03799989 -0.00750013 -0.02400013
v -0.03774990 -0.00600013 -0.02206711
v -0.03785345 -0.00600013 -0.02214657
v -0.03793291 -0.00600013 -0.02225012
v -0.03798286 -0.00600013 -0.02237072
v -0.03799990 -0.00600013 -0.02250013
v -0.03799989 -0.00744902 -0.02361190
v -0.03798285 -0.00757402 -0.02357840
v -0.03793290 -0.00769050 -0.02354719
v -0.03785345 -0.00760536 -0.02307335
v -0.03793291 -0.00751567 -0.02312512
v -0.03798285 -0.00741124 -0.02318542
v -0.03799989 -0.00729917 -0.02325013
v -0.03785345 -0.00731079 -0.02268947
v -0.03793291 -0.00723757 -0.02276269
v -0.03798286 -0.00715230 -0.02284796
v -0.03799989 -0.00706079 -0.02293947
v -0.03785345 -0.00692691 -0.02239490
v -0.03793291 -0.00687513 -0.02248458
v -0.03798286 -0.00681483 -0.02258902
v -0.03799989 -0.00675013 -0.02270109
v -0.03774990 -0.00650043 -0.02213298
v -0.03785345 -0.00647987 -0.02220973
v -0.03793291 -0.00645307 -0.02230976
v -0.03798286 -0.00642185 -0.02242624
v -0.03799990 -0.00638837 -0.02255124
v 0.03785362 0.00785369 -0.02399985
v 0.03785371 0.00785369 -0.04874986
v 0.03793308 0.00775013 -0.02399985
v 0.03793317 0.00775014 -0.04874985
v 0.03798303 0.00762954 -0.02399985
v 0.03798312 0.00762955 -0.04874986
v 0.03800006 0.00750013 -0.02399985
v 0.03800015 0.00750014 -0.04874985
v 0.03800006 0.00729917 -0.02324985
v 0.03800006 0.00744902 -0.02361162
v 0.03798302 0.00741124 -0.02318514
v 0.03798302 0.00757403 -0.02357813
v 0.03793307 0.00751568 -0.02312485
v 0.03793308 0.00769051 -0.02354691
v 0.03785361 0.00760536 -0.02307307
v 0.03800006 0.00706079 -0.02293919
v 0.03798302 0.00715230 -0.02284768
v 0.03793307 0.00723757 -0.02276241
v 0.03785361 0.00731079 -0.02268919
v 0.03775006 0.00650043 -0.02213270
v 0.03775006 0.00600013 -0.02206684
v 0.03785361 0.00647987 -0.02220945
v 0.03785362 0.00600013 -0.02214630
v 0.03793308 0.00645307 -0.02230948
v 0.03793308 0.00600014 -0.02224985
v 0.03798302 0.00642186 -0.02242596
v 0.03798303 0.00600013 -0.02237044
v 0.03800006 0.00638836 -0.02255096
v 0.03800006 0.00600013 -0.02249985
v 0.03785361 0.00692691 -0.02239462
v 0.03793307 0.00687513 -0.02248431
v 0.03798302 0.00681484 -0.02258874
v 0.03800006 0.00675013 -0.02270081
v 0.03800016 0.00675014 -0.05004889
v 0.03800016 0.00638836 -0.05019874
v 0.03798313 0.00681484 -0.05016097
v 0.03798313 0.00642186 -0.05032374
v 0.03800016 0.00706080 -0.04981051
v 0.03798312 0.00715230 -0.04990202
v 0.03793317 0.00769050 -0.04920279
v 0.03798312 0.00757403 -0.04917158
v 0.03800016 0.00744903 -0.04913808
v 0.03793317 0.00751568 -0.04962486
v 0.03798312 0.00741125 -0.04956456
v 0.03800016 0.00729917 -0.04949986
v 0.03800017 0.00600013 -0.05024986
v 0.03798313 0.00600014 -0.05037926
v 0.03775010 -0.00599987 -0.02206684
v 0.03785366 -0.00599987 -0.02214630
v 0.03793312 -0.00599986 -0.02224985
v 0.03798307 -0.00599987 -0.02237044
v 0.03800011 -0.00599987 -0.02249985
v 0.03798318 -0.00599987 -0.05037926
v 0.03800021 -0.00599987 -0.05024986
v 0.03800011 -0.00674987 -0.02270081
v 0.03800011 -0.00638810 -0.02255096
v 0.03798307 -0.00681457 -0.02258874
v 0.03798307 -0.00642159 -0.02242596
v 0.03793313 -0.00687487 -0.02248431
v 0.03793312 -0.00645280 -0.02230947
v 0.03785367 -0.00692664 -0.02239462
v 0.03785366 -0.00647960 -0.02220945
v 0.03800011 -0.00706053 -0.02293919
v 0.03798308 -0.00715204 -0.02284768
v 0.03793313 -0.00723731 -0.02276241
v 0.03785367 -0.00731052 -0.02268919
v 0.03775011 -0.00650017 -0.02213270
v 0.03785367 -0.00785342 -0.02399985
v 0.03793313 -0.00769024 -0.02354691
v 0.03793313 -0.00774986 -0.02399985
v 0.03798308 -0.00757375 -0.02357813
v 0.03798308 -0.00762928 -0.02399985
v 0.03800012 -0.00744875 -0.02361162
v 0.03800012 -0.00749987 -0.02399985
v 0.03785367 -0.00760509 -0.02307307
v 0.03793313 -0.00751541 -0.02312484
v 0.03798308 -0.00741098 -0.02318515
v 0.03800011 -0.00729891 -0.02324985
v 0.03800021 -0.00729891 -0.04949985
v 0.03800021 -0.00744876 -0.04913808
v 0.03798318 -0.00741098 -0.04956456
v 0.03798318 -0.00757375 -0.04917158
v 0.03793323 -0.00751541 -0.04962485
v 0.03793323 -0.00769023 -0.04920279
v 0.03800021 -0.00706053 -0.04981052
v 0.03798318 -0.00715204 -0.04990202
v 0.03798318 -0.00642159 -0.05032374
v 0.03800021 -0.00638809 -0.05019875
v 0.03798318 -0.00681457 -0.05016097
v 0.03800021 -0.00674987 -0.05004889
v 0.03800021 -0.00749987 -0.04874985
v 0.03798318 -0.00762928 -0.04874986
v 0.03793323 -0.00774987 -0.04874985
v 0.03785377 -0.00785342 -0.04874986
v 0.01648118 -0.02988224 -0.07073290
v 0.01347375 -0.03142162 -0.07071861
v 0.01350883 -0.03150149 -0.07067613
v -0.02840190 -0.01957197 -0.07033011
v -0.03018871 -0.01668605 -0.07033113
v -0.02921656 -0.01807471 -0.07060105
v -0.02828894 -0.01949408 -0.07060084
v -0.02834301 -0.01953137 -0.07051824
v -0.03230394 -0.01209649 -0.07033264
v -0.03167392 -0.01366094 -0.07033213
v -0.03285851 -0.01049730 -0.07033315
v -0.03427719 -0.00387613 -0.07033510
v -0.03333654 -0.00886339 -0.07033366
v -0.03373353 -0.00720860 -0.07033414
v -0.03370808 -0.00720316 -0.07042912
v -0.03449226 -0.00051246 -0.07033602
v -0.03437581 0.00288219 -0.07033691
v -0.03419246 0.00457213 -0.07033732
v -0.03392768 0.00624188 -0.07033772
v -0.03390158 0.00623708 -0.07043206
v -0.03435375 -0.00051037 -0.07060320
v -0.03413973 -0.00386057 -0.07060283
v -0.03420501 -0.00386796 -0.07052129
v -0.03411998 0.00456243 -0.07052263
v -0.03385567 0.00622863 -0.07052288
v -0.03379107 0.00621674 -0.07060387
v -0.02353670 0.02521925 -0.07034129
v -0.02226884 0.02634520 -0.07034141
v -0.02225137 0.02632453 -0.07043506
v -0.03251981 0.01108685 -0.07060432
v -0.03302311 0.00948317 -0.07060418
v -0.03308625 0.00950129 -0.07052335
v -0.02972455 0.01723084 -0.07060480
v -0.03053253 0.01575458 -0.07060469
v -0.03059091 0.01578470 -0.07052415
v -0.03127099 0.01423279 -0.07060458
v -0.03193598 0.01267063 -0.07060445
v -0.03199705 0.01269485 -0.07052377
v -0.02580348 0.02268424 -0.07060515
v -0.02688732 0.02138875 -0.07060508
v -0.02693873 0.02142965 -0.07052474
v -0.02086283 0.02729612 -0.07060533
v -0.02217866 0.02623848 -0.07060531
v -0.02222106 0.02628866 -0.07052510
v 0.01643569 -0.02979981 -0.07074530
v 0.01343749 -0.03133904 -0.07074283
v 0.01029396 -0.03253180 -0.07074371
v 0.01187594 -0.03197673 -0.07074330
v 0.01275246 -0.03154016 -0.07074996
v 0.01641866 -0.02976893 -0.07074994
v 0.00544143 -0.03369784 -0.07074422
v 0.00707742 -0.03339108 -0.07074415
v 0.00869467 -0.03300283 -0.07074399
v 0.00899827 -0.03283999 -0.07074997
v 0.01025204 -0.03240589 -0.07074996
v 0.00377417 -0.03379680 -0.07074999
v 0.00529270 -0.03364516 -0.07074998
v 0.00542703 -0.03361597 -0.07074998
v 0.00378770 -0.03392359 -0.07074424
v 0.00211709 -0.03406830 -0.07074423
v 0.00210945 -0.03396304 -0.07074999
v 0.00147882 -0.03402601 -0.07074999
v 0.00043392 -0.03413098 -0.07074422
v -0.00620567 -0.03356460 -0.07074417
v -0.00290590 -0.03400937 -0.07074419
v -0.00240380 -0.03397239 -0.07075001
v -0.00781296 -0.03310698 -0.07075003
v -0.00623468 -0.03348165 -0.07075002
v -0.00784001 -0.03322040 -0.07074415
v -0.00946405 -0.03279376 -0.07074412
v -0.00944272 -0.03272008 -0.07075003
v -0.01106907 -0.03228570 -0.07074405
v -0.01263650 -0.03170152 -0.07074391
v -0.01309931 -0.03142647 -0.07075005
v -0.01416622 -0.03104232 -0.07074369
v -0.01565867 -0.03030882 -0.07074339
v -0.01652078 -0.02974726 -0.07075006
v -0.01853288 -0.02862116 -0.07074269
v -0.01845782 -0.02850578 -0.07075007
v -0.01977028 -0.02766462 -0.07075007
v -0.02125347 -0.02664762 -0.07074219
v -0.02116478 -0.02653723 -0.07075008
v -0.02282009 -0.02519901 -0.07075008
v -0.02375967 -0.02443960 -0.07074219
v -0.02366312 -0.02434183 -0.07075009
v -0.02559318 -0.02237939 -0.07075009
v -0.02603192 -0.02200492 -0.07074222
v -0.02594239 -0.02193068 -0.07075009
v -0.02707995 -0.02070231 -0.07074223
v -0.02806825 -0.01934192 -0.07074225
v -0.02799134 -0.01929793 -0.07075010
v -0.02898877 -0.01793369 -0.07074226
v -0.02983412 -0.01648994 -0.07074227
v -0.02975695 -0.01644726 -0.07075011
v -0.03130192 -0.01350044 -0.07074229
v -0.03142793 -0.01297565 -0.07075012
v -0.03247266 -0.01037394 -0.07074232
v -0.03270880 -0.00928686 -0.07075012
v -0.03294512 -0.00875921 -0.07074233
v -0.03333747 -0.00712388 -0.07074234
v -0.03355660 -0.00548933 -0.07075012
v -0.03387481 -0.00383056 -0.07074236
v -0.03373393 -0.00381500 -0.07075012
v -0.03396331 -0.00164934 -0.07075012
v -0.03408742 -0.00050638 -0.07074238
v -0.03407140 0.00116735 -0.07074239
v -0.03392868 0.00226071 -0.07075013
v -0.03397239 0.00284842 -0.07074240
v -0.03379123 0.00451848 -0.07074240
v -0.03345011 0.00611694 -0.07075012
v -0.03352959 0.00616863 -0.07074241
v -0.03276779 0.00940987 -0.07074242
v -0.03268377 0.00938575 -0.07075012
v -0.03168926 0.01257275 -0.07074243
v -0.03158167 0.01253129 -0.07075012
v -0.03139333 0.01306886 -0.07075011
v -0.03102950 0.01412289 -0.07074243
v -0.03090919 0.01406691 -0.07075011
v -0.03029681 0.01563296 -0.07074244
v -0.02969540 0.01656910 -0.07075011
v -0.02862508 0.01851792 -0.07074244
v -0.02762801 0.01982543 -0.07075010
v -0.02667998 0.02122379 -0.07074244
v -0.02560454 0.02250934 -0.07074244
v -0.02517398 0.02286034 -0.07075009
v -0.02446070 0.02374715 -0.07074244
v -0.02326074 0.02492351 -0.07074244
v -0.02239357 0.02558964 -0.07075008
v -0.02200776 0.02603625 -0.07074244
v -0.02070209 0.02708576 -0.07074243
v -0.02061608 0.02697402 -0.07075008
v -0.01649530 0.02988229 -0.07073303
v -0.01793211 0.02899328 -0.07074242
v -0.01933414 0.02797245 -0.07075007
v -0.01934352 0.02807179 -0.07074243
v -0.01929284 0.02799802 -0.07075007
v -0.01643277 0.02976899 -0.07075006
v -0.01810586 0.02927433 -0.07052516
v -0.01660362 0.03007853 -0.07060361
v -0.01807132 0.02921847 -0.07060534
v -0.01660359 0.03007848 -0.07060366
v -0.01949369 0.02828979 -0.07060536
v -0.02090272 0.02734832 -0.07052515
v -0.02465072 0.02393164 -0.07060521
v -0.02585282 0.02272762 -0.07052485
v -0.01953096 0.02834389 -0.07052518
v -0.02351824 0.02519947 -0.07043497
v -0.02348622 0.02516515 -0.07052503
v -0.02344140 0.02511711 -0.07060526
v -0.02475091 0.02402893 -0.07034116
v -0.02473152 0.02401010 -0.07043486
v -0.02469785 0.02397740 -0.07052495
v -0.03133079 0.01426001 -0.07052397
v -0.02093123 0.02738563 -0.07043513
v -0.02588805 0.02275861 -0.07043472
v -0.02590834 0.02277644 -0.07034099
v -0.02402650 0.02476480 -0.07024919
v -0.02566146 0.02306665 -0.07024911
v -0.03137339 0.01427940 -0.07043352
v -0.03063253 0.01580618 -0.07043377
v -0.03139778 0.01429050 -0.07033952
v -0.03065638 0.01581849 -0.07033982
v -0.02801520 0.02012930 -0.07034059
v -0.02699655 0.02147565 -0.07034080
v -0.02697544 0.02145885 -0.07043457
v -0.02799332 0.02011357 -0.07043440
v -0.02795524 0.02008621 -0.07052461
v -0.02790189 0.02004787 -0.07060499
v -0.02984517 0.01730078 -0.07034010
v -0.02979972 0.01739469 -0.07024866
v -0.02896476 0.01873770 -0.07034035
v -0.02894216 0.01872308 -0.07043421
v -0.02982192 0.01728730 -0.07043400
v -0.02890281 0.01869761 -0.07052447
v -0.02978138 0.01726379 -0.07052432
v -0.02884765 0.01866192 -0.07060490
v -0.02855305 0.01937317 -0.07024887
v -0.03090734 0.01534058 -0.07024838
v -0.03265153 0.01113174 -0.07033886
v -0.03206540 0.01272197 -0.07033919
v -0.03204054 0.01271210 -0.07043326
v -0.03262625 0.01112313 -0.07043298
v -0.03258199 0.01110804 -0.07052357
v -0.03187185 0.01322033 -0.07024802
v -0.02717213 0.02126654 -0.07024901
v -0.03391022 -0.00552405 -0.07060265
v -0.03397505 -0.00553462 -0.07052100
v -0.03320317 -0.00882790 -0.07060226
v -0.03272716 -0.01045531 -0.07060206
v -0.03278973 -0.01047531 -0.07052010
v -0.03223642 -0.01207120 -0.07051978
v -0.03227976 -0.01208744 -0.07042788
v -0.03165029 -0.01365075 -0.07042747
v -0.03096875 -0.01519075 -0.07033163
v -0.03433748 0.00117642 -0.07060338
v -0.03441943 -0.00051136 -0.07052185
v -0.03439961 -0.00219652 -0.07043028
v -0.03425119 -0.00387319 -0.07042991
v -0.03351086 0.00787485 -0.07052312
v -0.03355632 0.00788554 -0.07043238
v -0.03313117 0.00951419 -0.07043269
v -0.03358221 0.00789162 -0.07033812
v -0.03315679 0.00952154 -0.07033850
v -0.03444791 0.00196400 -0.07024511
v -0.03416621 0.00456862 -0.07043172
v -0.03434947 0.00287998 -0.07043138
v -0.03447603 0.00118115 -0.07033647
v -0.03405486 0.00455373 -0.07060372
v -0.03423756 0.00287062 -0.07060355
v -0.03430302 0.00287610 -0.07052238
v -0.03440313 0.00117866 -0.07052212
v -0.03444968 0.00118025 -0.07043102
v -0.03446597 -0.00051206 -0.07043066
v -0.03442579 -0.00219819 -0.07033556
v -0.03404664 -0.00554630 -0.07033463
v -0.03402088 -0.00554210 -0.07042952
v -0.03283385 -0.01048942 -0.07042830
v -0.03331146 -0.00885672 -0.07042872
v -0.03326665 -0.00884480 -0.07052041
v -0.03366270 -0.00719345 -0.07052070
v -0.03359846 -0.00717972 -0.07060245
v -0.02394687 -0.02463227 -0.07060002
v -0.02271395 -0.02577306 -0.07059953
v -0.02275730 -0.02582237 -0.07051624
v -0.02623682 -0.02217821 -0.07060043
v -0.02399262 -0.02467937 -0.07051699
v -0.01272587 -0.03192362 -0.07063628
v -0.01426830 -0.03126328 -0.07063175
v -0.01577413 -0.03052903 -0.07062568
v -0.02738171 -0.02093314 -0.07042538
v -0.02734514 -0.02090517 -0.07051792
v -0.02729297 -0.02086527 -0.07060064
v -0.02634140 -0.02226667 -0.07032909
v -0.02632208 -0.02225034 -0.07042496
v -0.02628696 -0.02222063 -0.07051761
v -0.02007118 -0.02788276 -0.07060411
v -0.01867592 -0.02883904 -0.07061077
v -0.01871194 -0.02889392 -0.07053351
v -0.01727631 -0.02977757 -0.07054521
v 0.01508157 -0.03086259 -0.07060846
v 0.01354052 -0.03157366 -0.07061627
v 0.01196451 -0.03220894 -0.07062570
v 0.01036837 -0.03276148 -0.07063392
v 0.01658946 -0.03007849 -0.07060350
v -0.01114626 -0.03250952 -0.07063917
v -0.02962809 -0.01767437 -0.07023789
v -0.03217491 -0.01204816 -0.07060185
v -0.03154752 -0.01360641 -0.07060165
v -0.03160783 -0.01363243 -0.07051948
v -0.03090423 -0.01515909 -0.07051917
v -0.03094571 -0.01517945 -0.07042706
v -0.03016632 -0.01667367 -0.07042664
v -0.02933332 -0.01814700 -0.07033063
v -0.02740186 -0.02094856 -0.07032960
v -0.02838095 -0.01955753 -0.07042580
v -0.02931162 -0.01813357 -0.07042623
v -0.02927240 -0.01810928 -0.07051855
v -0.03012591 -0.01665132 -0.07051886
v -0.03006844 -0.01661953 -0.07060125
v -0.03084527 -0.01513015 -0.07060145
v -0.02846203 -0.01949558 -0.07023717
v -0.02278747 -0.02585686 -0.07042313
v -0.02402463 -0.02471231 -0.07042413
v -0.02280377 -0.02587577 -0.07032686
v -0.02404215 -0.02473035 -0.07032808
v -0.02467717 -0.02410556 -0.07023532
v -0.02518563 -0.02355541 -0.07023552
v -0.02598622 -0.02268917 -0.07023585
v -0.02725756 -0.02114590 -0.07023649
v -0.02146231 -0.02690854 -0.07051720
v -0.02149103 -0.02694442 -0.07042441
v -0.02010981 -0.02793590 -0.07052328
v -0.02142128 -0.02685727 -0.07060015
v -0.01724308 -0.02972119 -0.07061838
v -0.00952946 -0.03301978 -0.07064074
v -0.00789427 -0.03344855 -0.07064157
v 0.00547959 -0.03392669 -0.07064396
v 0.00712811 -0.03361864 -0.07064263
v 0.00875685 -0.03323072 -0.07063951
v -0.01720329 -0.02965359 -0.07067733
v -0.01858336 -0.02869805 -0.07071747
v -0.01569914 -0.03038601 -0.07072080
v -0.02137028 -0.02679356 -0.07066741
v -0.02388998 -0.02457373 -0.07066733
v -0.02617454 -0.02212554 -0.07066756
v -0.02722821 -0.02081573 -0.07066767
v -0.02822184 -0.01944782 -0.07066779
v -0.02914729 -0.01803183 -0.07066790
v -0.02999717 -0.01658012 -0.07066801
v 0.00043493 -0.03421192 -0.07072479
v -0.00124695 -0.03427090 -0.07069081
v -0.00291283 -0.03409030 -0.07072463
v -0.00291958 -0.03416909 -0.07069061
v -0.00622077 -0.03364462 -0.07072449
v -0.00623539 -0.03372255 -0.07069027
v -0.00785895 -0.03329981 -0.07072439
v -0.00787734 -0.03337711 -0.07069000
v -0.00948683 -0.03287247 -0.07072420
v -0.00950899 -0.03294907 -0.07068955
v -0.01109597 -0.03236369 -0.07072385
v -0.01112214 -0.03243956 -0.07068869
v -0.01266768 -0.03177902 -0.07072319
v -0.01269799 -0.03185434 -0.07068711
v -0.01420190 -0.03111957 -0.07072217
v -0.01423655 -0.03119457 -0.07068463
v -0.01573838 -0.03046084 -0.07068131
v 0.01653943 -0.02998782 -0.07068295
v 0.01190698 -0.03205812 -0.07072073
v 0.01193708 -0.03213703 -0.07068128
v 0.01031995 -0.03261202 -0.07072259
v 0.01034519 -0.03268994 -0.07068578
v 0.00871653 -0.03308213 -0.07072386
v 0.00873761 -0.03315937 -0.07068884
v 0.00709540 -0.03347010 -0.07072458
v 0.00711258 -0.03354719 -0.07069056
v 0.00545489 -0.03377733 -0.07072489
v 0.00546782 -0.03385484 -0.07069129
v 0.00379663 -0.03400379 -0.07072494
v 0.00380534 -0.03408190 -0.07069139
v 0.00212208 -0.03414896 -0.07072487
v 0.00212694 -0.03422752 -0.07069121
v 0.00043592 -0.03429075 -0.07069101
v -0.01798136 0.02907294 -0.07071626
v -0.03201327 -0.01198760 -0.07071552
v -0.03256283 -0.01040277 -0.07071557
v -0.03303654 -0.00878355 -0.07071562
v -0.03342992 -0.00714366 -0.07071566
v -0.03396863 -0.00384119 -0.07071574
v -0.03418173 -0.00050779 -0.07071583
v -0.03416561 0.00117056 -0.07071587
v -0.03406627 0.00285628 -0.07071590
v -0.03388456 0.00453096 -0.07071594
v -0.03362215 0.00618566 -0.07071597
v -0.01939664 0.02814890 -0.07071626
v -0.02075895 0.02716018 -0.07071626
v -0.02206822 0.02610779 -0.07071626
v -0.02332465 0.02499200 -0.07071625
v -0.02452792 0.02381242 -0.07071625
v -0.02567492 0.02257122 -0.07071623
v -0.02675334 0.02128216 -0.07071622
v -0.02870383 0.01856888 -0.07071619
v -0.03038022 0.01567600 -0.07071615
v -0.03111496 0.01416178 -0.07071612
v -0.03177657 0.01260739 -0.07071610
v -0.03235743 0.01103151 -0.07071607
v -0.03285816 0.00943582 -0.07071604
v -0.02965459 0.01719028 -0.07066995
v -0.02877977 0.01861801 -0.07067000
v -0.02682408 0.02133843 -0.07067009
v -0.02574279 0.02263089 -0.07067013
v -0.02459275 0.02387536 -0.07067016
v -0.02338628 0.02505805 -0.07067018
v -0.02212652 0.02617678 -0.07067021
v -0.02081379 0.02723194 -0.07067022
v -0.01944787 0.02822328 -0.07067023
v -0.01802885 0.02914976 -0.07067022
v -0.01655358 0.02998787 -0.07068307
v -0.03209873 -0.01201963 -0.07066835
v -0.03264971 -0.01043055 -0.07066846
v -0.03312463 -0.00880700 -0.07066857
v -0.03351901 -0.00716271 -0.07066868
v -0.03405906 -0.00385143 -0.07066888
v -0.03427262 -0.00050916 -0.07066908
v -0.03425642 0.00117366 -0.07066918
v -0.03415677 0.00286385 -0.07066927
v -0.03397453 0.00454299 -0.07066936
v -0.03371138 0.00620208 -0.07066945
v -0.03294528 0.00946083 -0.07066961
v -0.03244319 0.01106074 -0.07066969
v -0.03186076 0.01264079 -0.07066976
v -0.03119736 0.01419929 -0.07066983
v -0.03046065 0.01571749 -0.07066989
v -0.01863210 -0.02877230 -0.07067318
v -0.02002357 -0.02781727 -0.07066955
v -0.02131297 -0.02672196 -0.07071512
v -0.02382605 -0.02450793 -0.07071509
v -0.02610457 -0.02206636 -0.07071519
v -0.02715547 -0.02076008 -0.07071524
v -0.02814648 -0.01939586 -0.07071529
v -0.02906951 -0.01798368 -0.07071534
v -0.02991717 -0.01653587 -0.07071539
v -0.03138895 -0.01353798 -0.07071548
v -0.03147280 -0.01357416 -0.07066823
v -0.03063460 -0.01586717 -0.07023856
v 0.01919928 0.02842888 -0.07064641
v 0.01917077 0.02838720 -0.07068052
v 0.01747051 0.02947113 -0.07068483
v -0.01355531 0.03157527 -0.07061480
v -0.01540062 0.03071295 -0.07060583
v -0.01166133 0.03232777 -0.07062615
v 0.02093788 0.02735793 -0.07044433
v 0.02252704 0.02608881 -0.07038347
v 0.02090007 0.02730887 -0.07055162
v 0.02092116 0.02733623 -0.07049948
v 0.02249658 0.02605322 -0.07049647
v 0.01780699 -0.02946227 -0.07050625
v 0.01766082 -0.02922052 -0.07072790
v 0.01760334 -0.02912546 -0.07074866
v 0.00022289 0.03408834 -0.07074902
v 0.00222414 0.03401524 -0.07074901
v -0.01525849 0.03043084 -0.07074880
v -0.01343168 0.03129375 -0.07074886
v -0.01535690 0.03062650 -0.07068046
v 0.02396674 -0.02480898 -0.07024950
v 0.02426262 -0.02451784 -0.07028531
v 0.02567338 -0.02303581 -0.07028510
v 0.02555301 -0.02317117 -0.07024926
v 0.02698804 -0.02148000 -0.07028484
v 0.02838367 -0.01960010 -0.07024861
v 0.02820234 -0.01985863 -0.07028455
v 0.02702756 -0.02143220 -0.07024896
v 0.02931713 -0.01817204 -0.07028422
v 0.03033231 -0.01642013 -0.07028387
v 0.02959976 -0.01770931 -0.07024823
v 0.03124743 -0.01460268 -0.07028348
v 0.03070291 -0.01571834 -0.07024782
v 0.03170926 -0.01357295 -0.07024740
v 0.03205781 -0.01272444 -0.07028306
v 0.03256361 -0.01137021 -0.07024693
v 0.03419178 -0.00452814 -0.07024527
v 0.03441945 -0.00220357 -0.07024460
v 0.03448931 0.00012768 -0.07024389
v 0.03440177 0.00245411 -0.07024315
v 0.03415796 0.00476604 -0.07024238
v 0.03192665 0.01304181 -0.07027562
v 0.03250956 0.01151313 -0.07023996
v 0.03110727 0.01489034 -0.07027498
v 0.03166423 0.01366692 -0.07023917
v 0.03067745 0.01575716 -0.07023838
v 0.03017996 0.01668913 -0.07027433
v 0.02914413 0.01843830 -0.07027368
v 0.02970338 0.01752407 -0.07023773
v 0.02799996 0.02013329 -0.07027302
v 0.02854167 0.01935841 -0.07023701
v 0.02676325 0.02175022 -0.07027237
v 0.02734345 0.02101674 -0.07023634
v 0.02607643 0.02256949 -0.07023571
v 0.02544035 0.02328372 -0.07027171
v 0.02403207 0.02473460 -0.07027107
v 0.02476907 0.02399690 -0.07023517
v -0.01530801 0.03052944 -0.07072833
v -0.00965706 0.03268642 -0.07074900
v -0.01155859 0.03204992 -0.07074894
v -0.01276904 0.03153922 -0.07075005
v -0.00577618 0.03359939 -0.07074905
v -0.00772977 0.03320222 -0.07074904
v -0.00901485 0.03283940 -0.07075003
v -0.00963675 0.03262401 -0.07075004
v -0.00179263 0.03404309 -0.07074903
v -0.00378827 0.03379688 -0.07075001
v -0.00379688 0.03387952 -0.07074904
v -0.00530941 0.03364486 -0.07075002
v -0.00576550 0.03354571 -0.07075002
v 0.00000013 0.03400549 -0.07075000
v -0.00149555 0.03402603 -0.07075000
v 0.00621792 0.03348230 -0.07074998
v 0.00618322 0.03352067 -0.07074899
v 0.00421091 0.03382585 -0.07074900
v 0.00238701 0.03397272 -0.07074999
v 0.00222196 0.03397500 -0.07074999
v 0.00814069 0.03309819 -0.07074898
v 0.00942864 0.03272023 -0.07074996
v 0.01008234 0.03255693 -0.07074896
v 0.01198380 0.03190165 -0.07074893
v 0.01195629 0.03182603 -0.07074995
v 0.01308523 0.03142664 -0.07074995
v 0.01383007 0.03113777 -0.07074888
v 0.01380073 0.03107549 -0.07074995
v 0.01562236 0.03026654 -0.07074882
v 0.01650671 0.02974744 -0.07074994
v 0.01736121 0.02928919 -0.07074875
v 0.01904729 0.02820670 -0.07074867
v 0.02223553 0.02575190 -0.07074860
v 0.02067875 0.02702167 -0.07074862
v 0.01975622 0.02766481 -0.07074993
v 0.02509860 0.02297092 -0.07074859
v 0.02370924 0.02440232 -0.07074860
v 0.02280603 0.02519921 -0.07074992
v 0.02762384 0.01986282 -0.07074859
v 0.02633733 0.02140538 -0.07074990
v 0.02640374 0.02145802 -0.07074859
v 0.02557913 0.02237960 -0.07074991
v 0.02504633 0.02292134 -0.07074991
v 0.03068942 0.01469033 -0.07074858
v 0.02974295 0.01644743 -0.07074989
v 0.02977458 0.01646492 -0.07074858
v 0.02868825 0.01815028 -0.07074989
v 0.02875266 0.01819059 -0.07074859
v 0.02797730 0.01929815 -0.07074990
v 0.03219926 0.01099362 -0.07074858
v 0.03145742 0.01285057 -0.07074989
v 0.03149780 0.01286664 -0.07074858
v 0.03141393 0.01297583 -0.07074988
v 0.03060760 0.01465104 -0.07074989
v 0.03327278 0.00711318 -0.07074858
v 0.03274585 0.00905841 -0.07074988
v 0.03279287 0.00907077 -0.07074858
v 0.03269481 0.00928703 -0.07074988
v 0.03211260 0.01096373 -0.07074988
v 0.03387773 0.00316351 -0.07074858
v 0.03363381 0.00514391 -0.07074858
v 0.03354261 0.00548951 -0.07074988
v 0.03400519 0.00117204 -0.07074858
v 0.03394932 0.00164953 -0.07074988
v 0.03401552 -0.00083057 -0.07074858
v 0.03393472 0.00000012 -0.07074988
v 0.03368021 -0.00484263 -0.07074859
v 0.03384310 -0.00283749 -0.07074988
v 0.03390690 -0.00284397 -0.07074858
v 0.03391470 -0.00226053 -0.07074987
v 0.03288156 -0.00875451 -0.07074859
v 0.03327614 -0.00679926 -0.07074988
v 0.03333802 -0.00681270 -0.07074859
v 0.03343614 -0.00611678 -0.07074988
v 0.03359565 -0.00483144 -0.07074988
v 0.03162735 -0.01255368 -0.07074860
v 0.03231174 -0.01066827 -0.07074860
v 0.03266978 -0.00938566 -0.07074988
v 0.03282131 -0.00873929 -0.07074988
v 0.02992506 -0.01619974 -0.07074861
v 0.03074866 -0.01436887 -0.07074989
v 0.03082787 -0.01440671 -0.07074860
v 0.03137946 -0.01306847 -0.07074989
v 0.03156768 -0.01253123 -0.07074989
v 0.02782371 -0.01959208 -0.07074862
v 0.02884848 -0.01788092 -0.07074989
v 0.02892353 -0.01792811 -0.07074861
v 0.02968155 -0.01656873 -0.07074989
v 0.02987353 -0.01617298 -0.07074989
v 0.02532869 -0.02272665 -0.07074863
v 0.02662569 -0.02119172 -0.07074862
v 0.02761420 -0.01982505 -0.07074990
v 0.02778072 -0.01956276 -0.07074990
v 0.02237978 -0.02558933 -0.07074992
v 0.02246727 -0.02556011 -0.07074864
v 0.02393688 -0.02418878 -0.07074863
v 0.02516017 -0.02286003 -0.07074991
v 0.02529315 -0.02269556 -0.07074991
v 0.02092176 -0.02684035 -0.07074865
v 0.01932047 -0.02797210 -0.07074993
v 0.01930027 -0.02802942 -0.07074865
v 0.01927873 -0.02799794 -0.07074993
v 0.01756334 -0.02906013 -0.07074994
v 0.01771742 -0.02931413 -0.07067932
v 0.01394936 0.03140294 -0.07063131
v 0.01577956 0.03056639 -0.07058404
v 0.01576083 0.03053067 -0.07062410
v 0.01754039 0.02958720 -0.07057229
v 0.01751937 0.02955233 -0.07061515
v 0.01922542 0.02846708 -0.07060609
v 0.01924858 0.02850092 -0.07056040
v 0.01926826 0.02852969 -0.07051042
v 0.02398673 0.02468793 -0.07049734
v 0.02401949 0.02472165 -0.07038466
v 0.02539220 0.02323965 -0.07049773
v 0.02542694 0.02327144 -0.07038520
v 0.02671245 0.02170893 -0.07049812
v 0.02674905 0.02173868 -0.07038574
v 0.02794665 0.02009495 -0.07049852
v 0.02798500 0.02012253 -0.07038628
v 0.02908848 0.01840308 -0.07049892
v 0.02912846 0.01842838 -0.07038683
v 0.03012216 0.01665716 -0.07049932
v 0.03016362 0.01668009 -0.07038737
v 0.03104751 0.01486175 -0.07049971
v 0.03109031 0.01488223 -0.07038790
v 0.03186514 0.01301669 -0.07050009
v 0.03190914 0.01303465 -0.07038844
v 0.03257457 0.01112178 -0.07050049
v 0.03261961 0.01113716 -0.07038898
v 0.03317489 0.00917650 -0.07050089
v 0.03322083 0.00918921 -0.07038953
v 0.03366020 0.00719605 -0.07050127
v 0.03370688 0.00720604 -0.07039005
v 0.03402523 0.00520384 -0.07050165
v 0.03407249 0.00521108 -0.07039057
v 0.03427181 0.00320035 -0.07050201
v 0.03431948 0.00320480 -0.07039107
v 0.03440056 0.00118571 -0.07050238
v 0.03444847 0.00118736 -0.07039157
v 0.03441082 -0.00084017 -0.07050273
v 0.03445882 -0.00084133 -0.07039206
v 0.03430077 -0.00287694 -0.07050308
v 0.03434867 -0.00288095 -0.07039253
v 0.03407127 -0.00489876 -0.07050341
v 0.03411891 -0.00490559 -0.07039299
v 0.03372495 -0.00689166 -0.07050373
v 0.03377216 -0.00690129 -0.07039343
v 0.03326304 -0.00885598 -0.07050403
v 0.03330966 -0.00886838 -0.07039385
v 0.03268645 -0.01079193 -0.07050431
v 0.03273231 -0.01080706 -0.07039423
v 0.03199401 -0.01269913 -0.07050459
v 0.03203894 -0.01271695 -0.07039461
v 0.03118513 -0.01457358 -0.07050485
v 0.03122897 -0.01459406 -0.07039496
v 0.03027174 -0.01638736 -0.07050508
v 0.03031432 -0.01641040 -0.07039528
v 0.02925850 -0.01813571 -0.07050530
v 0.02929969 -0.01816124 -0.07039558
v 0.02814586 -0.01981887 -0.07050549
v 0.02818552 -0.01984679 -0.07039585
v 0.02693393 -0.02143695 -0.07050567
v 0.02697190 -0.02146716 -0.07039609
v 0.02562185 -0.02298959 -0.07050583
v 0.02565800 -0.02302201 -0.07039630
v 0.02421388 -0.02446860 -0.07050596
v 0.02424805 -0.02450312 -0.07039648
v 0.02272724 -0.02585575 -0.07050607
v 0.02275932 -0.02589224 -0.07039662
v 0.02116383 -0.02715077 -0.07050615
v 0.02119371 -0.02718910 -0.07039674
v 0.01952356 -0.02835357 -0.07050621
v -0.00974008 0.03296076 -0.07063523
v -0.00779647 0.03347472 -0.07064042
v -0.00582525 0.03387313 -0.07064260
v -0.00382769 0.03415593 -0.07064291
v 0.00623501 0.03379633 -0.07064075
v 0.00820839 0.03337115 -0.07064010
v 0.01016634 0.03282675 -0.07063888
v 0.01208502 0.03216863 -0.07063621
v 0.02084638 0.02723921 -0.07064161
v 0.02087496 0.02727630 -0.07059939
v 0.02244722 0.02599595 -0.07059755
v 0.01910950 0.02829764 -0.07072825
v 0.01741623 0.02938082 -0.07072954
v 0.01567042 0.03035822 -0.07073082
v 0.01387136 0.03122958 -0.07073187
v 0.01201878 0.03199393 -0.07073258
v 0.01011135 0.03265010 -0.07073297
v 0.00816411 0.03319240 -0.07073316
v 0.00620122 0.03361577 -0.07073326
v 0.00422307 0.03392173 -0.07073332
v 0.00223049 0.03411151 -0.07073339
v 0.00022358 0.03418461 -0.07073347
v -0.00179762 0.03413906 -0.07073354
v -0.00380751 0.03397485 -0.07073361
v -0.00579344 0.03369366 -0.07073356
v -0.00775322 0.03329607 -0.07073325
v -0.00968583 0.03278124 -0.07073251
v -0.01159423 0.03214629 -0.07073120
v -0.01347473 0.03139178 -0.07072959
v -0.01351716 0.03148840 -0.07068472
v -0.01162939 0.03224138 -0.07069012
v -0.00971418 0.03287492 -0.07069445
v -0.00777598 0.03338899 -0.07069692
v -0.00581017 0.03378696 -0.07069797
v -0.00381801 0.03406905 -0.07069811
v -0.00180256 0.03423389 -0.07069791
v 0.00022427 0.03427975 -0.07069768
v 0.00223676 0.03420664 -0.07069746
v 0.00423503 0.03401647 -0.07069725
v 0.00621888 0.03370977 -0.07069705
v 0.00818720 0.03328550 -0.07069674
v 0.01014001 0.03274216 -0.07069616
v 0.01205334 0.03208507 -0.07069487
v 0.01391213 0.03132020 -0.07069253
v 0.01571783 0.03044865 -0.07068909
v 0.02393403 0.02463369 -0.07059808
v 0.02533641 0.02318859 -0.07059832
v 0.02665375 0.02166122 -0.07059856
v 0.02788522 0.02005078 -0.07059880
v 0.02902454 0.01836263 -0.07059904
v 0.03005594 0.01662054 -0.07059928
v 0.03097924 0.01482907 -0.07059952
v 0.03179507 0.01298807 -0.07059975
v 0.03250293 0.01109732 -0.07060000
v 0.03310192 0.00915631 -0.07060024
v 0.03358615 0.00718021 -0.07060047
v 0.03395038 0.00519238 -0.07060070
v 0.03419641 0.00319330 -0.07060093
v 0.03432487 0.00118309 -0.07060115
v 0.03433510 -0.00083833 -0.07060137
v 0.03422527 -0.00287062 -0.07060158
v 0.03399628 -0.00488800 -0.07060178
v 0.03365071 -0.00687651 -0.07060198
v 0.03318981 -0.00883650 -0.07060217
v 0.03261449 -0.01076818 -0.07060234
v 0.03192357 -0.01267118 -0.07060251
v 0.03111647 -0.01454151 -0.07060267
v 0.03020508 -0.01635128 -0.07060281
v 0.02919408 -0.01809578 -0.07060295
v 0.02808389 -0.01977524 -0.07060307
v 0.02687461 -0.02138976 -0.07060318
v 0.02556543 -0.02293898 -0.07060327
v 0.02416055 -0.02441473 -0.07060335
v 0.02267718 -0.02579883 -0.07060342
v 0.02111721 -0.02709099 -0.07060348
v 0.01948056 -0.02829114 -0.07060352
v 0.01776777 -0.02939740 -0.07060354
v 0.02074743 0.02711081 -0.07072731
v 0.02081505 0.02719855 -0.07067735
v 0.02230977 0.02583732 -0.07072705
v 0.02238276 0.02592146 -0.07067647
v 0.02378797 0.02448336 -0.07072712
v 0.02386546 0.02456311 -0.07067672
v 0.02518188 0.02304716 -0.07072714
v 0.02526385 0.02312218 -0.07067683
v 0.02649129 0.02152918 -0.07072718
v 0.02657746 0.02159922 -0.07067694
v 0.02771536 0.01992863 -0.07072721
v 0.02780545 0.01999341 -0.07067705
v 0.02884785 0.01825082 -0.07072724
v 0.02894155 0.01831011 -0.07067716
v 0.02987308 0.01651940 -0.07072727
v 0.02997004 0.01657303 -0.07067728
v 0.03079087 0.01473890 -0.07072730
v 0.03089074 0.01478670 -0.07067739
v 0.03160185 0.01290914 -0.07072733
v 0.03170428 0.01295098 -0.07067750
v 0.03230554 0.01102992 -0.07072736
v 0.03241016 0.01106564 -0.07067761
v 0.03290103 0.00910070 -0.07072739
v 0.03300750 0.00913017 -0.07067772
v 0.03338244 0.00713664 -0.07072742
v 0.03349039 0.00715973 -0.07067783
v 0.03374458 0.00516087 -0.07072745
v 0.03385363 0.00517756 -0.07067794
v 0.03398923 0.00317393 -0.07072748
v 0.03409900 0.00318420 -0.07067805
v 0.03411703 0.00117590 -0.07072751
v 0.03422714 0.00117971 -0.07067815
v 0.03412731 -0.00083329 -0.07072754
v 0.03423738 -0.00083596 -0.07067825
v 0.03401827 -0.00285329 -0.07072758
v 0.03412791 -0.00286247 -0.07067835
v 0.03379076 -0.00485849 -0.07072760
v 0.03389961 -0.00487412 -0.07067845
v 0.03344739 -0.00683502 -0.07072763
v 0.03355506 -0.00685699 -0.07067855
v 0.03298936 -0.00878319 -0.07072766
v 0.03309551 -0.00881142 -0.07067863
v 0.03241761 -0.01070321 -0.07072769
v 0.03252186 -0.01073761 -0.07067872
v 0.03173093 -0.01259477 -0.07072771
v 0.03183292 -0.01263523 -0.07067880
v 0.03092878 -0.01445385 -0.07072774
v 0.03102815 -0.01450026 -0.07067887
v 0.03002297 -0.01625272 -0.07072776
v 0.03011938 -0.01630490 -0.07067895
v 0.02901812 -0.01798673 -0.07072778
v 0.02911126 -0.01804446 -0.07067901
v 0.02791467 -0.01965611 -0.07072780
v 0.02800424 -0.01971917 -0.07067907
v 0.02671271 -0.02126095 -0.07072782
v 0.02679841 -0.02132913 -0.07067913
v 0.02541145 -0.02280088 -0.07072784
v 0.02549295 -0.02287397 -0.07067917
v 0.02401507 -0.02426776 -0.07072786
v 0.02409207 -0.02434555 -0.07067922
v 0.02254065 -0.02564356 -0.07072787
v 0.02261291 -0.02572573 -0.07067925
v 0.02099009 -0.02692797 -0.07072788
v 0.02105736 -0.02701424 -0.07067928
v 0.01936330 -0.02812090 -0.07072789
v 0.01942535 -0.02821099 -0.07067930
v 0.02015274 0.01840262 -0.07074993
v -0.01320972 -0.03074208 -0.01900004
v -0.01252221 -0.03179799 -0.01905594
v -0.01119255 -0.03384013 -0.01949203
v 0.00995735 -0.03573782 -0.02033728
v 0.01053816 -0.03484576 -0.01988079
v 0.01184503 -0.03283855 -0.01922219
v -0.01119281 0.03384005 -0.01949203
v -0.01252245 0.03179790 -0.01905594
v -0.00995718 0.03573782 -0.02033736
v 0.01184479 0.03283863 -0.01922219
v 0.01053789 0.03484583 -0.01988079
v 0.00000016 0.02600001 -0.07075000
v 0.00406766 -0.02567988 -0.07074999
v -0.02719648 -0.02122883 -0.06407208
v -0.00812089 -0.04115641 -0.06417517
v 0.00673607 -0.04231252 -0.06416636
v 0.00593617 -0.04278824 -0.06417883
v 0.00588783 -0.04268168 -0.06443276
v 0.00051491 -0.04396605 -0.06393097
v 0.00449524 -0.04340636 -0.06363800
v 0.00421329 -0.04347630 -0.06363800
v 0.00420381 -0.04345463 -0.06392235
v -0.02513870 -0.02361438 -0.07004021
v -0.02701967 0.02145805 -0.06976702
v -0.02592715 0.02276632 -0.06976926
v -0.02477140 0.02401891 -0.06977121
v -0.02662974 0.02194134 -0.06438874
v -0.02540912 0.02334396 -0.06438700
v -0.02503380 0.02374676 -0.06363811
v -0.02533322 0.02342428 -0.06522624
v -0.02654613 0.02203951 -0.06522829
v 0.00815214 -0.04113331 -0.06388920
v 0.00826851 -0.04103200 -0.06363799
v 0.00749330 -0.04179303 -0.06389878
v 0.00688250 -0.04232028 -0.06363799
v 0.00676565 -0.04237524 -0.06390728
v 0.00596610 -0.04285421 -0.06391416
v 0.00510295 -0.04320628 -0.06391901
v 0.00548016 -0.04309904 -0.06363800
v 0.00275633 -0.04377732 -0.06363801
v 0.00237317 -0.04380850 -0.06392763
v 0.00333750 -0.04367342 -0.06363800
v 0.00391724 -0.04354974 -0.06363800
v 0.00491318 -0.04329008 -0.06363800
v 0.00479644 -0.04332363 -0.06363800
v 0.00466139 -0.04336140 -0.06363800
v -0.00549378 -0.04309908 -0.06363804
v -0.00588233 -0.04290782 -0.06392691
v -0.00393085 -0.04354977 -0.06363803
v -0.00450886 -0.04340639 -0.06363803
v -0.00501246 -0.04324134 -0.06392937
v -0.00467500 -0.04336144 -0.06363803
v -0.00481005 -0.04332366 -0.06363804
v -0.00492680 -0.04329011 -0.06363804
v -0.00276995 -0.04377734 -0.06363803
v -0.00319853 -0.04367802 -0.06393172
v -0.00318990 -0.04370226 -0.06363803
v -0.00335111 -0.04367344 -0.06363803
v 0.00417442 -0.04338445 -0.06419369
v 0.00234487 -0.04373541 -0.06420326
v 0.00229915 -0.04361736 -0.06446578
v -0.00000681 -0.04400001 -0.06363802
v -0.00134983 -0.04392207 -0.06393231
v -0.00137540 -0.04384584 -0.06421173
v -0.00322272 -0.04360161 -0.06421066
v -0.00326177 -0.04347819 -0.06447578
v -0.00507249 -0.04304331 -0.06447001
v -0.00512271 -0.04287763 -0.06472114
v -0.00599078 -0.04254895 -0.06471392
v -0.00518511 -0.04267176 -0.06496072
v 0.00746462 -0.04173422 -0.06415095
v 0.00741829 -0.04163924 -0.06439506
v 0.00662358 -0.04207401 -0.06465653
v 0.00668830 -0.04221123 -0.06441589
v -0.00503542 -0.04316561 -0.06420639
v -0.00594138 -0.04271242 -0.06446396
v -0.00680004 -0.04209475 -0.06470209
v -0.00669134 -0.04244466 -0.06392287
v -0.00689612 -0.04232034 -0.06363804
v -0.00671397 -0.04237180 -0.06419459
v -0.00745177 -0.04180458 -0.06418537
v -0.00828215 -0.04103205 -0.06363805
v -0.00590491 -0.04283310 -0.06420192
v -0.00675052 -0.04225414 -0.06445405
v -0.00748926 -0.04169102 -0.06444157
v -0.00754003 -0.04153720 -0.06468719
v -0.02600977 -0.02266643 -0.06407632
v -0.02503362 -0.02374693 -0.06363811
v -0.00605215 -0.04234582 -0.06495269
v -0.00686157 -0.04189670 -0.06493955
v -0.00760313 -0.04134606 -0.06492300
v -0.00701683 -0.04139693 -0.06538610
v -0.00693415 -0.04166307 -0.06516727
v -0.00629864 -0.04153011 -0.06561079
v -0.00612456 -0.04210620 -0.06518117
v -0.00525872 -0.04242892 -0.06518965
v -0.00345798 -0.04285822 -0.06519775
v -0.00543570 -0.04184506 -0.06561928
v 0.00582234 -0.04253735 -0.06467668
v 0.00564497 -0.04214642 -0.06513743
v 0.00412697 -0.04327111 -0.06445284
v 0.00223722 -0.04345743 -0.06471610
v 0.00406268 -0.04311758 -0.06470065
v 0.00206950 -0.04302431 -0.06518373
v 0.00388857 -0.04270176 -0.06516559
v 0.00185126 -0.04246074 -0.06561336
v 0.00366202 -0.04216071 -0.06559519
v 0.00455357 -0.04194510 -0.06558370
v 0.00478329 -0.04247247 -0.06515412
v 0.00495984 -0.04287776 -0.06469089
v 0.00502503 -0.04302741 -0.06444466
v 0.00507315 -0.04313788 -0.06418764
v 0.00048793 -0.04389092 -0.06420930
v -0.00141669 -0.04372272 -0.06447723
v 0.00044434 -0.04376958 -0.06447395
v -0.00147264 -0.04355593 -0.06472977
v 0.00038529 -0.04360521 -0.06472586
v -0.00162415 -0.04310422 -0.06519979
v 0.00022536 -0.04316004 -0.06519519
v -0.00182130 -0.04251645 -0.06562944
v 0.00001727 -0.04258078 -0.06562483
v -0.00364444 -0.04226907 -0.06562739
v -0.00331468 -0.04331101 -0.06472803
v 0.00810695 0.04115642 -0.06417510
v -0.00675001 0.04231252 -0.06416640
v -0.00595011 0.04278824 -0.06417887
v -0.00590176 0.04268169 -0.06443280
v -0.00052886 0.04396606 -0.06393097
v -0.00450919 0.04340636 -0.06363803
v -0.00421835 0.04345446 -0.06392238
v 0.02591323 -0.02276613 -0.06976907
v 0.02475730 -0.02401889 -0.06977102
v 0.02484387 -0.02392729 -0.06891139
v 0.02718254 0.02122883 -0.06407188
v 0.02661580 -0.02194133 -0.06438855
v 0.02539517 -0.02334396 -0.06438681
v 0.02572835 -0.02297703 -0.06363792
v 0.02531926 -0.02342428 -0.06522606
v 0.02653219 -0.02203948 -0.06522810
v -0.00816609 0.04113331 -0.06388926
v -0.00828246 0.04103201 -0.06363805
v -0.00750724 0.04179304 -0.06389883
v -0.00689644 0.04232029 -0.06363804
v -0.00677960 0.04237524 -0.06390732
v -0.00598004 0.04285422 -0.06391420
v -0.00511698 0.04320625 -0.06391905
v -0.00549411 0.04309904 -0.06363804
v -0.00512507 0.04322339 -0.06363804
v -0.00277028 0.04377733 -0.06363803
v -0.00238712 0.04380851 -0.06392764
v -0.00335144 0.04367342 -0.06363803
v -0.00393118 0.04354975 -0.06363803
v -0.00492713 0.04329008 -0.06363803
v -0.00481038 0.04332363 -0.06363803
v -0.00467533 0.04336141 -0.06363803
v 0.00547984 0.04309908 -0.06363800
v 0.00586839 0.04290782 -0.06392686
v 0.00391691 0.04354978 -0.06363800
v 0.00449491 0.04340639 -0.06363800
v 0.00499852 0.04324135 -0.06392933
v 0.00466106 0.04336145 -0.06363800
v 0.00479611 0.04332367 -0.06363800
v 0.00491285 0.04329012 -0.06363800
v 0.00275600 0.04377735 -0.06363800
v 0.00318459 0.04367802 -0.06393169
v 0.00317595 0.04370227 -0.06363800
v 0.00333716 0.04367344 -0.06363800
v -0.00418896 0.04338430 -0.06419372
v -0.00235882 0.04373542 -0.06420327
v -0.00231310 0.04361736 -0.06446579
v -0.00000714 0.04400001 -0.06363802
v 0.00133588 0.04392207 -0.06393230
v 0.00136145 0.04384584 -0.06421171
v 0.00320877 0.04360161 -0.06421063
v 0.00324783 0.04347820 -0.06447575
v 0.00505855 0.04304332 -0.06446996
v 0.00510877 0.04287764 -0.06472109
v 0.00597683 0.04254895 -0.06471387
v 0.00517117 0.04267177 -0.06496067
v -0.00747856 0.04173423 -0.06415100
v -0.00743224 0.04163924 -0.06439511
v -0.00663752 0.04207402 -0.06465657
v -0.00670224 0.04221123 -0.06441593
v 0.00502148 0.04316562 -0.06420634
v 0.00592744 0.04271242 -0.06446390
v 0.00678610 0.04209476 -0.06470203
v 0.00667739 0.04244466 -0.06392282
v 0.00688218 0.04232034 -0.06363799
v 0.00670003 0.04237181 -0.06419454
v 0.00743783 0.04180459 -0.06418531
v 0.00826820 0.04103205 -0.06363799
v 0.00589097 0.04283311 -0.06420187
v 0.00673658 0.04225416 -0.06445399
v 0.00747532 0.04169103 -0.06444151
v 0.00752609 0.04153721 -0.06468713
v 0.02473338 0.02403762 -0.06408047
v 0.02599582 0.02266644 -0.06407613
v 0.02580395 0.02289206 -0.06363792
v 0.00603821 0.04234583 -0.06495264
v 0.00684763 0.04189671 -0.06493949
v 0.00758919 0.04134608 -0.06492293
v 0.00700289 0.04139695 -0.06538604
v 0.00692021 0.04166308 -0.06516721
v 0.00628470 0.04153013 -0.06561073
v 0.00611062 0.04210622 -0.06518111
v 0.00524478 0.04242893 -0.06518960
v 0.00344404 0.04285823 -0.06519771
v 0.00542176 0.04184509 -0.06561923
v -0.00583627 0.04253735 -0.06467671
v -0.00565890 0.04214644 -0.06513746
v -0.00414149 0.04327096 -0.06445287
v -0.00225117 0.04345744 -0.06471610
v -0.00407719 0.04311743 -0.06470068
v -0.00208345 0.04302433 -0.06518374
v -0.00390305 0.04270164 -0.06516562
v -0.00186521 0.04246076 -0.06561336
v -0.00367645 0.04216060 -0.06559522
v -0.00456755 0.04194510 -0.06558373
v -0.00479729 0.04247246 -0.06515415
v -0.00497386 0.04287774 -0.06469092
v -0.00503905 0.04302738 -0.06444470
v -0.00508718 0.04313785 -0.06418767
v -0.00050187 0.04389092 -0.06420930
v 0.00140275 0.04372272 -0.06447721
v -0.00045828 0.04376959 -0.06447394
v 0.00145870 0.04355593 -0.06472975
v -0.00039923 0.04360522 -0.06472585
v 0.00161021 0.04310424 -0.06519977
v -0.00023930 0.04316005 -0.06519519
v 0.00180736 0.04251647 -0.06562941
v -0.00003122 0.04258080 -0.06562482
v 0.00363050 0.04226909 -0.06562735
v 0.00330074 0.04331101 -0.06472800
v -0.02184257 -0.02060555 -0.07075008
v -0.02368281 -0.02076948 -0.01900007
v -0.03020279 0.00894638 -0.01900010
v 0.00598516 -0.04255543 -0.02426906
v 0.03117411 -0.00451991 -0.01899987
v -0.02543776 0.02331365 -0.06363811
v -0.02666130 0.02190429 -0.06363811
f 1691 221 219
f 82 221 1691
f 1691 1685 82
f 1112 1685 1691
f 409 410 405
f 730 749 729
f 220 244 219
f 1745 1744 508
f 1614 452 567
f 1747 1745 1746
f 1755 530 1754
f 219 695 1617
f 1690 1691 219
f 1114 1691 1690
f 1112 1691 1626
f 1626 1691 1114
f 508 1744 1629
f 1629 356 508
f 1632 356 1629
f 1842 356 1632
f 394 398 800
f 314 410 409
f 318 818 813
f 814 410 813
f 827 305 828
f 827 818 305
f 406 410 814
f 406 405 410
f 749 259 260
f 340 338 721
f 1390 1090 1153
f 1153 1090 1086
f 828 305 821
f 16 1650 1657
f 1654 1656 1657
f 1657 1650 1654
f 82 1685 72
f 1618 1685 1112
f 71 72 1682
f 1768 1767 1769
f 559 555 419
f 464 553 456
f 464 456 455
f 630 1791 1790
f 1627 682 338
f 665 682 1627
f 452 1614 563
f 563 1614 567
f 560 573 561
f 573 560 421
f 367 505 336
f 1756 502 1757
f 1748 1747 1746
f 452 563 453
f 526 527 1746
f 487 657 483
f 1746 527 528
f 528 1748 1746
f 540 541 539
f 1115 1617 695
f 1837 1616 900
f 1744 1745 1743
f 337 1842 338
f 356 1842 337
f 394 800 395
f 814 813 812
f 802 812 803
f 410 314 316
f 318 813 316
f 316 813 410
f 409 405 408
f 408 314 409
f 811 812 813
f 814 800 819
f 819 800 398
f 819 406 814
f 405 406 400
f 400 819 398
f 169 175 174
f 1704 1714 1662
f 1702 1676 1621
f 1621 1714 1702
f 18 1657 1656
f 1652 77 1653
f 1654 1652 1653
f 16 18 15
f 328 327 332
f 1024 1007 663
f 681 682 665
f 721 338 681
f 338 682 681
f 681 722 721
f 937 940 942
f 942 940 941
f 253 246 247
f 246 241 247
f 251 247 248
f 258 259 253
f 258 260 259
f 267 260 266
f 266 260 261
f 260 258 261
f 728 729 749
f 272 271 728
f 728 271 729
f 1012 1013 1020
f 675 676 674
f 669 1048 865
f 278 271 272
f 272 277 278
f 706 729 278
f 729 271 278
f 338 340 339
f 339 337 338
f 1603 1367 1616
f 1113 1080 1112
f 1114 1080 1113
f 1112 1626 1113
f 1113 1626 1114
f 1165 1163 1709
f 1703 1090 1702
f 1086 1090 1703
f 1243 1601 1390
f 1390 1153 1243
f 1742 1254 1738
f 1742 1738 302
f 1734 1254 1742
f 1742 302 1734
f 1734 302 1740
f 1740 302 1739
f 158 159 174
f 174 1637 158
f 158 1637 1636
f 299 159 158
f 82 72 86
f 219 221 222
f 222 220 219
f 229 236 228
f 179 1646 130
f 1645 1646 179
f 179 1643 1645
f 1650 12 14
f 1111 1618 1112
f 1651 14 73
f 1650 14 1651
f 1654 1650 1651
f 1622 1643 201
f 1725 1141 1723
f 1709 1722 1724
f 1122 1725 1701
f 1723 1141 1139
f 1707 1722 1709
f 1720 1707 1705
f 1722 1707 1720
f 1475 1502 1474
f 1733 1732 1755
f 1733 1755 1754
f 1753 1733 1754
f 1823 1816 1822
f 1825 1733 1771
f 1771 1753 1772
f 1733 1753 1771
f 1815 1816 1773
f 1772 1826 1773
f 1819 1817 1832
f 1492 1461 1462
f 1286 1727 1794
f 1804 1240 1803
f 1780 1781 1802
f 1781 1803 1802
f 555 559 558
f 1766 1759 1763
f 1763 1795 1787
f 1791 630 627
f 627 628 1791
f 338 1630 1843
f 1843 1627 338
f 1630 1627 1843
f 1012 1009 1010
f 564 563 567
f 573 563 564
f 567 568 564
f 564 568 556
f 561 573 564
f 564 556 561
f 576 575 569
f 525 526 1746
f 525 1745 508
f 1746 1745 525
f 508 356 509
f 509 525 508
f 504 505 367
f 367 475 504
f 346 1839 411
f 290 286 346
f 286 1839 346
f 344 345 366
f 1745 1747 1783
f 1756 1751 498
f 498 1750 499
f 498 1751 1750
f 1612 563 562
f 1612 453 563
f 539 541 474
f 486 487 485
f 485 484 486
f 485 487 483
f 483 484 485
f 541 540 542
f 486 484 542
f 542 540 486
f 538 540 539
f 519 529 530
f 548 529 519
f 1755 1732 501
f 501 1732 502
f 530 1755 501
f 1079 1080 1114
f 1114 1690 1079
f 1617 1115 1079
f 1079 1690 219
f 219 1617 1079
f 1230 1040 851
f 1092 851 1099
f 1745 1783 873
f 1819 1462 1820
f 1462 1461 1820
f 1820 1817 1819
f 1158 1156 1159
f 1388 900 1616
f 1388 1367 1384
f 1616 1367 1388
f 1837 900 912
f 1536 1090 1390
f 1702 1090 1536
f 1536 1676 1702
f 1536 1242 1676
f 1631 1842 1632
f 1632 1633 1631
f 1180 976 1181
f 1812 985 986
f 1460 1461 1491
f 1461 1492 1491
f 775 395 801
f 801 395 800
f 801 800 814
f 814 812 801
f 812 802 801
f 317 316 314
f 318 316 317
f 404 408 405
f 407 408 404
f 313 314 312
f 314 408 312
f 812 811 809
f 406 819 399
f 399 400 406
f 819 400 399
f 411 1841 427
f 397 398 394
f 397 400 398
f 385 427 1841
f 391 390 385
f 370 371 372
f 372 442 370
f 372 371 373
f 373 375 372
f 383 384 377
f 778 781 780
f 774 375 377
f 1647 127 125
f 1715 1662 1714
f 1714 1621 1715
f 1704 1662 1663
f 1663 1622 1716
f 1636 1637 1635
f 174 175 1638
f 1638 1637 174
f 76 15 77
f 76 77 1652
f 78 96 76
f 1652 1661 76
f 76 1661 78
f 74 15 18
f 16 1657 17
f 17 18 16
f 1657 18 17
f 1655 1653 77
f 1655 1656 1654
f 1654 1653 1655
f 1655 18 1656
f 1655 74 18
f 16 15 13
f 13 15 12
f 13 1650 16
f 13 12 1650
f 94 96 93
f 12 15 94
f 94 76 96
f 15 76 94
f 2 96 78
f 303 305 320
f 321 322 327
f 327 328 321
f 328 320 321
f 321 317 322
f 321 320 317
f 207 116 332
f 207 206 116
f 730 731 750
f 750 749 730
f 254 246 253
f 219 244 218
f 244 243 218
f 701 702 704
f 661 663 667
f 662 663 661
f 667 659 661
f 661 659 662
f 667 663 666
f 664 663 662
f 664 681 665
f 668 659 667
f 1228 1227 1229
f 1204 1228 1229
f 1172 1206 1207
f 1171 1206 1172
f 248 249 250
f 250 251 248
f 257 251 250
f 252 258 253
f 253 247 252
f 247 251 252
f 252 251 257
f 257 258 252
f 748 267 266
f 748 728 749
f 749 260 748
f 260 267 748
f 262 258 257
f 262 261 258
f 1025 1028 1047
f 667 666 1025
f 1014 1194 1022
f 1022 1013 1014
f 1022 1020 1013
f 1018 1009 1012
f 1012 1020 1018
f 1007 1005 1027
f 1048 669 1049
f 1049 669 667
f 667 1025 1049
f 1049 1025 1047
f 721 722 718
f 719 718 722
f 715 718 719
f 273 277 272
f 273 276 277
f 273 274 275
f 275 276 273
f 272 728 270
f 270 273 272
f 269 273 270
f 266 269 270
f 728 748 270
f 270 748 266
f 264 286 275
f 264 1839 286
f 290 297 291
f 291 286 290
f 291 287 286
f 1472 1473 1504
f 1379 1378 1384
f 1379 1372 1373
f 1373 1378 1379
f 1373 1372 1374
f 1354 1367 1345
f 1615 1616 1837
f 1615 1603 1616
f 1116 1070 1069
f 1070 1072 1069
f 1081 1072 1080
f 927 924 1127
f 1710 1707 1709
f 1709 1163 1710
f 1124 1710 1161
f 1159 1124 1161
f 1161 1158 1159
f 1705 1707 1708
f 1708 1710 1711
f 1707 1710 1708
f 1260 1259 836
f 837 831 838
f 1417 1418 1420
f 1415 1418 1417
f 791 1422 1420
f 791 1418 796
f 1420 1418 791
f 796 794 797
f 799 805 1268
f 789 798 799
f 1254 1256 1257
f 846 820 1257
f 820 302 1257
f 1257 1738 1254
f 1257 302 1738
f 822 302 820
f 821 302 822
f 822 824 821
f 304 821 305
f 304 302 821
f 304 305 303
f 303 302 304
f 1735 158 1636
f 299 158 1735
f 1741 1739 1735
f 299 1739 301
f 301 1739 302
f 303 299 301
f 301 302 303
f 1253 1739 1741
f 1741 1735 1253
f 1740 1739 1253
f 329 320 328
f 329 328 332
f 821 824 823
f 81 221 82
f 82 86 81
f 81 222 221
f 86 222 81
f 229 41 109
f 11 41 6
f 241 236 235
f 84 86 83
f 84 222 86
f 242 236 241
f 220 222 242
f 244 220 242
f 40 41 229
f 229 228 40
f 40 228 7
f 7 6 40
f 40 6 41
f 237 228 236
f 222 228 237
f 236 242 237
f 237 242 222
f 179 130 173
f 201 1643 178
f 178 1643 179
f 170 169 164
f 164 162 170
f 168 182 196
f 93 48 91
f 91 94 93
f 1110 1111 1108
f 1110 1108 1688
f 1688 1108 1689
f 1680 1689 1694
f 1684 1682 72
f 1684 72 1685
f 1685 1618 1684
f 1618 1111 1684
f 1688 1683 1684
f 1684 1111 1110
f 1110 1688 1684
f 201 200 1665
f 1665 1622 201
f 1665 200 97
f 1667 1716 1666
f 1716 1622 1666
f 1622 1665 1666
f 1700 1725 1723
f 1701 1725 1700
f 1672 1679 1680
f 1660 1658 78
f 78 1661 1660
f 1167 1724 1168
f 1167 1165 1709
f 1709 1724 1167
f 1168 1136 1167
f 1141 1725 1143
f 1725 1122 1143
f 1723 1139 1137
f 1137 1724 1723
f 1168 1724 1137
f 1137 1136 1168
f 1718 1720 1705
f 1718 1716 1667
f 1719 1669 1726
f 1722 1720 1719
f 753 754 412
f 1476 1500 1501
f 1466 1502 1501
f 1501 1475 1476
f 1502 1475 1501
f 1464 1499 1835
f 1464 1500 1499
f 1732 1733 1758
f 1757 502 1758
f 502 1732 1758
f 548 519 547
f 1752 529 548
f 1752 1753 1754
f 1754 530 1752
f 530 529 1752
f 1825 1771 1824
f 1824 1823 1812
f 1814 1773 1816
f 1814 1824 1771
f 1814 1771 1772
f 1772 1773 1814
f 1816 1823 1814
f 1823 1824 1814
f 1787 1778 1777
f 1768 1763 1777
f 1777 1763 1787
f 1778 1827 1777
f 1780 1778 1779
f 1779 1778 1787
f 1779 1781 1780
f 1835 1833 1810
f 1810 1833 1831
f 1810 1811 1835
f 1809 1811 1810
f 1819 1832 1834
f 1834 1832 1831
f 1831 1833 1834
f 1237 1240 1804
f 1285 1727 1286
f 1286 1400 1285
f 1793 1792 1790
f 1793 1797 1792
f 1790 1791 1793
f 1793 1794 1727
f 1727 1285 1793
f 1793 1285 1400
f 1793 1400 1238
f 1238 1797 1793
f 1286 1794 1799
f 1804 1803 1789
f 1789 1803 1781
f 1398 1803 1240
f 1790 1792 1760
f 1792 1795 1760
f 1760 630 1790
f 1760 1763 1759
f 1795 1763 1760
f 556 568 1610
f 1610 568 567
f 451 366 345
f 561 556 557
f 557 559 561
f 557 558 559
f 556 457 557
f 342 464 455
f 455 343 342
f 411 464 342
f 419 555 554
f 555 553 554
f 550 636 549
f 549 547 550
f 550 641 636
f 550 547 519
f 582 634 633
f 1794 1793 629
f 1791 628 629
f 629 1793 1791
f 1634 1627 1630
f 1634 1630 338
f 665 1627 1031
f 1627 1010 1031
f 1031 664 665
f 1031 1010 1009
f 1009 664 1031
f 1014 1013 887
f 573 421 571
f 473 522 512
f 505 504 506
f 506 504 515
f 298 297 290
f 290 346 298
f 298 346 297
f 295 709 293
f 367 336 357
f 357 358 367
f 357 509 356
f 356 337 357
f 337 339 357
f 360 366 359
f 367 358 359
f 359 366 367
f 1784 1783 1728
f 1728 1786 1784
f 1728 1783 1747
f 1728 1729 1786
f 1747 1748 1728
f 1748 1729 1728
f 1749 1751 1756
f 1749 1733 1825
f 1750 1751 1749
f 1749 1756 1757
f 1749 1748 1750
f 1757 1758 1749
f 1749 1758 1733
f 1825 1729 1749
f 1749 1729 1748
f 473 474 472
f 1786 1729 1730
f 1730 1824 1812
f 1730 1729 1825
f 1825 1824 1730
f 488 487 486
f 500 522 499
f 528 522 500
f 499 1750 500
f 1750 1748 500
f 1748 528 500
f 514 506 515
f 486 540 489
f 540 538 489
f 489 488 486
f 538 491 489
f 687 688 686
f 244 740 736
f 691 688 687
f 698 693 697
f 937 934 935
f 1107 1099 850
f 850 1099 1101
f 1098 851 1040
f 941 940 939
f 939 1228 941
f 1227 1228 939
f 937 935 936
f 1744 1743 1003
f 1003 1743 1745
f 1745 873 1003
f 1784 1786 1000
f 1817 1820 1818
f 1822 1816 1818
f 1818 1816 1815
f 1815 1817 1818
f 1821 1461 1460
f 1821 1820 1461
f 1822 1818 1821
f 1821 1818 1820
f 1833 1497 1496
f 1496 1834 1833
f 892 848 1154
f 1154 894 892
f 1156 894 1154
f 893 894 1156
f 1156 1158 893
f 1125 1089 1711
f 1711 1710 1125
f 1125 1124 1159
f 1125 1710 1124
f 1159 1156 1157
f 1157 1125 1159
f 1089 1125 1157
f 1156 1154 1157
f 895 893 900
f 894 893 895
f 895 896 892
f 892 894 895
f 1244 1388 1386
f 1837 912 920
f 919 921 920
f 920 918 919
f 1456 1637 1674
f 1456 1250 1637
f 1454 1250 1456
f 1628 1010 1627
f 1627 1634 1628
f 1628 1634 338
f 976 1180 981
f 1289 1248 1487
f 1487 1248 1488
f 1488 1247 1287
f 1248 1247 1488
f 1294 982 1290
f 1290 1289 1294
f 1248 1289 1290
f 1290 1247 1248
f 1812 986 1785
f 1785 1730 1812
f 1786 1730 1785
f 979 981 1169
f 1169 981 1180
f 1813 985 1812
f 1813 1235 985
f 1813 1823 1822
f 1812 1823 1813
f 1487 1491 1486
f 1288 1289 1486
f 1486 1289 1487
f 1486 1491 1492
f 315 314 313
f 315 317 314
f 313 322 315
f 322 317 315
f 318 317 319
f 319 818 318
f 305 818 319
f 319 320 305
f 317 320 319
f 405 400 401
f 401 404 405
f 400 397 401
f 407 404 403
f 403 401 402
f 404 401 403
f 310 408 407
f 310 312 408
f 310 311 313
f 313 312 310
f 407 403 310
f 310 1841 411
f 810 804 803
f 803 812 810
f 812 809 810
f 420 559 419
f 561 559 420
f 420 560 561
f 420 421 560
f 423 420 419
f 424 420 423
f 422 427 423
f 425 571 421
f 421 420 425
f 425 420 424
f 411 427 417
f 394 395 389
f 389 390 394
f 393 397 394
f 394 390 393
f 381 385 382
f 378 383 377
f 379 382 378
f 378 382 383
f 377 375 378
f 375 373 378
f 371 379 378
f 378 373 371
f 781 778 779
f 372 375 374
f 375 774 782
f 782 374 375
f 376 374 782
f 782 776 783
f 782 774 776
f 771 376 782
f 377 384 772
f 772 774 377
f 384 383 772
f 1648 1649 1641
f 1641 1647 1648
f 1624 130 1646
f 1624 1623 130
f 130 1623 131
f 131 1623 1649
f 1649 1648 131
f 131 1648 1647
f 1704 1663 1664
f 1664 1718 1705
f 1664 1663 1716
f 1716 1718 1664
f 1644 1663 1662
f 1644 1645 1643
f 1643 1622 1644
f 1622 1663 1644
f 177 129 1640
f 1640 1638 177
f 75 1655 77
f 74 1655 75
f 77 15 75
f 15 74 75
f 70 90 71
f 71 1682 70
f 73 90 70
f 70 1682 73
f 46 48 93
f 93 96 95
f 95 46 93
f 44 46 95
f 96 2 95
f 134 133 137
f 1608 183 205
f 332 327 333
f 327 334 333
f 206 207 309
f 309 207 332
f 332 333 309
f 309 333 306
f 113 1609 106
f 1609 114 106
f 230 236 229
f 230 235 236
f 238 249 248
f 248 239 238
f 238 250 249
f 238 239 234
f 234 233 238
f 231 230 224
f 234 235 231
f 235 230 231
f 223 224 104
f 223 231 224
f 223 238 233
f 250 238 223
f 326 334 327
f 327 322 326
f 740 254 744
f 749 750 744
f 744 254 253
f 744 259 749
f 253 259 744
f 245 740 244
f 245 254 740
f 246 254 245
f 244 242 245
f 245 241 246
f 245 242 241
f 700 702 699
f 702 701 699
f 699 701 712
f 705 704 706
f 293 709 705
f 1023 664 1009
f 667 669 670
f 670 668 667
f 680 679 722
f 722 681 680
f 662 659 660
f 967 969 968
f 1186 969 967
f 1093 1204 1229
f 1037 1036 1093
f 1228 1204 1170
f 941 1228 1170
f 1096 1095 1106
f 1094 1229 1106
f 1106 1095 1094
f 1094 1093 1229
f 1094 1095 1037
f 1037 1093 1094
f 1037 1095 1038
f 1095 1096 1039
f 1039 1038 1095
f 1207 1206 1067
f 860 859 687
f 1035 1036 1065
f 1035 1093 1036
f 1204 1093 1035
f 857 859 1063
f 1063 1038 857
f 1063 1036 1037
f 1037 1038 1063
f 663 664 1017
f 664 1023 1017
f 1009 1018 1017
f 1017 1023 1009
f 1030 663 1007
f 1030 666 663
f 1026 1025 666
f 666 1030 1026
f 1028 1025 1026
f 1026 1027 1028
f 1007 1027 1026
f 1026 1030 1007
f 671 674 672
f 672 670 671
f 671 670 669
f 862 677 675
f 862 1043 1060
f 1060 684 862
f 684 677 862
f 1053 862 675
f 1047 1045 1046
f 1046 1049 1047
f 1048 1049 1046
f 869 1043 868
f 1044 1043 869
f 1044 1062 858
f 1044 858 1060
f 1060 1043 1044
f 341 340 721
f 721 718 341
f 341 339 340
f 341 350 339
f 717 341 718
f 720 719 722
f 250 223 256
f 256 264 263
f 257 250 256
f 1839 264 256
f 411 1839 256
f 263 262 256
f 256 262 257
f 274 273 268
f 268 273 269
f 275 274 268
f 268 264 275
f 265 269 266
f 265 268 269
f 264 268 265
f 266 261 265
f 261 262 265
f 265 262 263
f 263 264 265
f 286 287 284
f 292 295 293
f 1317 1473 1472
f 1313 1475 1474
f 1395 1392 1805
f 1805 1394 1395
f 1543 1323 1541
f 1322 1323 1543
f 1325 1335 1327
f 1384 1367 1375
f 1375 1379 1384
f 1372 1379 1375
f 1375 1374 1372
f 1526 1443 1527
f 1527 1584 1526
f 1420 1422 1419
f 1419 1417 1420
f 1367 1603 1329
f 1329 1345 1367
f 1603 1615 1329
f 1329 1615 1316
f 1329 1316 1324
f 1324 1323 1329
f 1354 1345 1348
f 1348 1345 1342
f 1073 1091 1701
f 1116 1069 1119
f 1130 1069 1068
f 1068 1069 1072
f 1071 1130 1068
f 1068 1081 1071
f 1072 1081 1068
f 1071 1081 1077
f 1075 1126 1152
f 1163 1165 1162
f 1162 897 898
f 1123 1710 1163
f 1163 1161 1123
f 1123 1161 1710
f 1713 1714 1704
f 1702 1714 1713
f 1713 1703 1702
f 847 1244 1243
f 847 1243 1153
f 1153 848 847
f 847 848 892
f 1259 1260 1444
f 1446 1444 1260
f 1443 1444 1446
f 1434 838 1436
f 1432 1434 1431
f 838 1434 1432
f 833 838 831
f 1265 1438 833
f 1436 838 833
f 833 1438 1436
f 839 805 806
f 1574 1521 1522
f 1422 791 788
f 788 789 1424
f 788 791 786
f 786 789 788
f 790 791 796
f 796 797 790
f 786 791 790
f 1428 1268 805
f 805 839 1428
f 787 789 786
f 798 789 787
f 1424 789 1269
f 1384 1378 1377
f 1529 1588 1528
f 1531 1592 1530
f 1736 1739 299
f 299 1735 1736
f 1736 1735 1739
f 1252 1734 1740
f 1740 1253 1252
f 1254 1734 1252
f 1252 1450 1254
f 1252 1452 1450
f 300 329 330
f 300 159 299
f 300 299 303
f 303 320 300
f 320 329 300
f 331 329 332
f 330 329 331
f 153 152 331
f 332 154 331
f 331 154 153
f 332 116 115
f 115 154 332
f 160 300 330
f 117 115 116
f 117 152 153
f 153 154 117
f 154 115 117
f 206 205 185
f 150 151 183
f 150 183 1607
f 149 150 147
f 151 150 149
f 828 821 829
f 821 823 829
f 829 816 828
f 830 816 829
f 830 829 825
f 825 829 823
f 824 826 825
f 825 823 824
f 1256 1255 845
f 845 844 824
f 824 822 845
f 846 1257 845
f 845 1257 1256
f 19 9 11
f 87 90 89
f 89 52 87
f 54 87 52
f 229 109 226
f 10 41 11
f 11 9 10
f 43 19 20
f 43 150 1607
f 241 235 240
f 240 247 241
f 234 239 240
f 240 235 234
f 248 247 240
f 240 239 248
f 227 228 222
f 222 84 227
f 83 228 227
f 227 84 83
f 179 173 180
f 180 178 179
f 201 178 180
f 180 200 201
f 180 1 200
f 168 120 181
f 181 182 168
f 120 180 181
f 181 180 173
f 97 200 202
f 200 1 202
f 175 169 176
f 169 170 176
f 176 1638 175
f 176 170 177
f 177 1638 176
f 128 129 171
f 171 129 177
f 177 170 171
f 171 170 162
f 162 122 171
f 73 14 92
f 92 90 73
f 92 14 12
f 89 90 92
f 92 91 89
f 12 94 92
f 94 91 92
f 1689 1108 1117
f 1116 1694 1117
f 1117 1694 1689
f 1117 1070 1116
f 1117 1108 1070
f 1109 1108 1111
f 1109 1111 1112
f 1109 1072 1070
f 1070 1108 1109
f 1112 1080 1109
f 1080 1072 1109
f 1680 1679 1687
f 1687 1683 1688
f 1687 1689 1680
f 1687 1688 1689
f 1651 1683 1686
f 1654 1651 1686
f 1686 1687 1679
f 1683 1687 1686
f 1681 1683 1651
f 73 1682 1681
f 1681 1651 73
f 1682 1684 1681
f 1681 1684 1683
f 1658 1666 80
f 97 202 80
f 80 1665 97
f 80 1666 1665
f 80 1 2
f 80 202 1
f 1726 1669 1671
f 1671 1672 1692
f 1659 1660 1661
f 1659 1661 1652
f 1658 1660 1659
f 1659 1652 1654
f 1654 1668 1659
f 1659 1666 1658
f 1659 1668 1667
f 1667 1666 1659
f 1166 1167 1136
f 1165 1167 1166
f 1141 1143 1142
f 1136 1137 1138
f 1138 1137 1139
f 1720 1718 1717
f 1717 1719 1720
f 1717 1718 1667
f 1669 1719 1717
f 1667 1668 1717
f 1668 1669 1717
f 1722 1719 1721
f 1723 1724 1721
f 1721 1724 1722
f 1721 1700 1723
f 1726 1700 1721
f 1721 1719 1726
f 1471 1232 1537
f 1541 1539 1542
f 1399 1401 1505
f 1465 1464 1835
f 1500 1464 1465
f 1835 1811 1465
f 1465 1811 1466
f 1466 1501 1465
f 1465 1501 1500
f 1308 1302 1307
f 1307 1309 1308
f 1775 1767 1768
f 1775 636 1767
f 1829 1827 1778
f 1831 1832 1829
f 1787 1795 1788
f 1788 1779 1787
f 1781 1779 1788
f 1788 1789 1781
f 1809 1810 1782
f 1780 1802 1782
f 1782 1808 1809
f 1802 1808 1782
f 1819 1834 1495
f 1834 1496 1495
f 1240 1237 1241
f 1238 1400 1241
f 1400 1399 1241
f 1537 1232 1538
f 1538 1539 1537
f 414 412 1801
f 1474 1502 1503
f 1503 1391 1504
f 1503 1473 1474
f 1503 1504 1473
f 1807 1811 1809
f 1809 1808 1807
f 1807 1808 1805
f 1504 1391 1393
f 1392 1395 1393
f 1391 1807 1393
f 1805 1392 1393
f 1393 1807 1805
f 1804 1789 1798
f 1798 1797 1238
f 1238 1241 1798
f 1798 1237 1804
f 1798 1241 1237
f 1792 1797 1796
f 1789 1788 1796
f 1797 1798 1796
f 1796 1798 1789
f 1796 1795 1792
f 1796 1788 1795
f 1806 1802 1803
f 1806 1808 1802
f 1805 1808 1806
f 1806 1394 1805
f 1397 1394 1806
f 1806 1398 1397
f 1803 1398 1806
f 465 457 556
f 556 1610 465
f 567 452 448
f 448 1610 567
f 448 465 1610
f 460 345 344
f 452 453 446
f 366 451 450
f 555 558 1611
f 558 458 1611
f 1611 553 555
f 558 557 1613
f 1613 458 558
f 1613 557 457
f 457 458 1613
f 344 343 454
f 454 458 457
f 352 346 351
f 351 346 411
f 411 342 351
f 361 360 352
f 352 351 361
f 641 550 551
f 551 550 519
f 551 517 552
f 1761 633 634
f 1761 1763 1768
f 1765 585 1766
f 1766 1763 1765
f 632 634 582
f 583 1759 1766
f 583 585 582
f 1794 629 640
f 640 639 414
f 652 639 640
f 640 629 652
f 414 1799 640
f 640 1799 1794
f 887 991 886
f 1014 887 886
f 571 425 572
f 573 571 572
f 572 574 573
f 650 629 628
f 652 629 650
f 582 633 644
f 644 579 582
f 511 474 473
f 473 512 511
f 539 474 511
f 525 509 507
f 509 357 507
f 505 506 507
f 709 295 294
f 297 346 347
f 347 346 352
f 295 292 296
f 297 347 296
f 296 347 348
f 296 291 297
f 296 292 291
f 350 294 349
f 349 294 295
f 295 296 349
f 349 296 348
f 1756 498 496
f 496 495 1756
f 545 517 470
f 502 1756 503
f 1756 495 503
f 523 522 473
f 473 472 523
f 499 522 523
f 469 474 541
f 469 472 474
f 471 472 469
f 469 470 471
f 546 482 479
f 479 482 481
f 481 484 483
f 481 482 484
f 481 483 480
f 480 479 481
f 513 514 515
f 512 514 513
f 513 511 512
f 521 514 512
f 521 528 527
f 521 522 528
f 521 512 522
f 535 513 515
f 490 489 491
f 490 491 492
f 488 489 490
f 487 488 490
f 657 487 490
f 453 1612 490
f 518 519 471
f 471 470 518
f 518 470 517
f 518 551 519
f 517 551 518
f 684 686 683
f 678 677 683
f 683 677 684
f 687 686 685
f 685 686 684
f 1060 858 685
f 685 684 1060
f 724 695 219
f 219 725 724
f 694 693 698
f 694 691 693
f 690 691 687
f 693 691 690
f 690 689 693
f 687 859 690
f 690 859 857
f 696 697 693
f 696 1099 1107
f 695 724 696
f 696 724 725
f 696 1115 695
f 1104 852 1103
f 1103 1098 1104
f 1105 852 1104
f 1104 1096 1105
f 1105 1096 1106
f 1107 850 1100
f 1100 696 1107
f 1115 696 1100
f 1080 1079 1100
f 1100 1079 1115
f 1224 1223 1132
f 982 977 980
f 980 977 976
f 976 981 980
f 980 979 982
f 980 981 979
f 1012 1010 1011
f 1011 1013 1012
f 1011 887 1013
f 1632 1629 1004
f 1004 1633 1632
f 1004 1631 1633
f 1842 1631 1004
f 338 1842 1004
f 1004 1628 338
f 1786 1785 992
f 988 888 992
f 992 986 988
f 875 1783 1784
f 1784 1000 875
f 1245 1482 1481
f 1482 1495 1481
f 1481 1495 1496
f 900 893 899
f 899 893 1158
f 898 900 899
f 900 1388 901
f 901 895 900
f 1388 895 901
f 896 895 1389
f 1389 895 1388
f 1389 1244 896
f 1388 1244 1389
f 1837 920 931
f 931 942 1837
f 931 934 937
f 937 942 931
f 915 1142 916
f 915 916 917
f 918 920 917
f 917 916 918
f 922 924 923
f 923 921 922
f 923 920 921
f 904 912 900
f 904 900 898
f 912 908 909
f 909 908 906
f 906 1166 909
f 909 1166 1136
f 1598 1597 1595
f 1595 1596 1598
f 1594 1592 1531
f 1531 1532 1594
f 1594 1532 1596
f 1387 1385 1601
f 1386 1385 1387
f 1387 1244 1386
f 1601 1243 1387
f 1243 1244 1387
f 1380 1385 1386
f 1386 1388 1380
f 1380 1388 1384
f 1251 1735 1636
f 1636 1635 1251
f 1251 1253 1735
f 1251 1635 1637
f 1637 1250 1251
f 1251 1250 1454
f 1251 1252 1253
f 1454 1452 1251
f 1452 1252 1251
f 1676 1242 1459
f 1458 1456 1674
f 1674 1675 1458
f 1458 1675 1457
f 1455 1456 1458
f 1458 1457 1455
f 1601 1385 1599
f 1457 1459 1534
f 979 1169 978
f 1287 1247 978
f 982 979 983
f 983 1290 982
f 1247 1290 983
f 979 978 983
f 983 978 1247
f 1487 1488 1490
f 1460 1491 1490
f 1490 1491 1487
f 1201 1169 1180
f 1201 1180 1181
f 1203 978 1169
f 1203 1249 1287
f 1287 978 1203
f 1234 1249 1235
f 1235 1813 1234
f 391 385 392
f 397 393 392
f 392 390 391
f 392 393 390
f 396 385 1841
f 1841 310 396
f 396 392 385
f 396 403 402
f 396 310 403
f 397 392 396
f 402 401 396
f 396 401 397
f 817 809 811
f 817 816 809
f 817 813 818
f 817 811 813
f 828 816 817
f 817 827 828
f 818 827 817
f 815 816 830
f 809 816 815
f 815 807 809
f 804 810 808
f 809 807 808
f 808 810 809
f 576 569 426
f 569 425 426
f 416 655 426
f 411 417 466
f 466 464 411
f 553 464 466
f 466 554 553
f 418 427 422
f 418 417 427
f 418 466 417
f 418 423 419
f 422 423 418
f 419 554 418
f 554 466 418
f 368 370 442
f 442 443 368
f 388 395 775
f 388 389 395
f 773 388 775
f 389 388 773
f 775 774 773
f 774 772 773
f 389 773 387
f 387 772 383
f 387 773 772
f 784 778 780
f 783 776 784
f 776 778 784
f 770 782 783
f 771 782 770
f 783 784 770
f 770 784 769
f 770 769 765
f 767 771 770
f 770 765 767
f 777 778 776
f 777 779 778
f 777 774 775
f 776 774 777
f 764 759 757
f 124 1647 125
f 172 173 130
f 128 171 172
f 172 171 122
f 1625 1644 1662
f 1645 1644 1625
f 1646 1645 1625
f 1625 1624 1646
f 1625 1715 1641
f 1662 1715 1625
f 1623 1624 1625
f 1641 1649 1625
f 1649 1623 1625
f 1642 129 128
f 1642 1640 129
f 128 127 1642
f 1641 1640 1642
f 127 1647 1642
f 1642 1647 1641
f 1641 1715 1620
f 1620 1640 1641
f 1620 1715 1621
f 135 199 139
f 137 133 135
f 135 133 199
f 168 196 198
f 167 120 168
f 168 198 167
f 47 46 44
f 65 64 4
f 4 167 65
f 120 167 4
f 4 180 120
f 5 95 2
f 2 4 5
f 5 4 64
f 44 95 5
f 5 64 44
f 141 195 142
f 196 195 197
f 139 199 197
f 197 141 139
f 195 141 197
f 197 198 196
f 199 198 197
f 161 192 123
f 123 122 161
f 161 122 162
f 123 192 194
f 194 195 196
f 194 182 123
f 194 196 182
f 142 195 193
f 195 194 193
f 193 194 192
f 217 209 306
f 212 114 216
f 216 114 1609
f 216 217 212
f 113 1606 204
f 306 209 208
f 208 309 306
f 208 209 206
f 206 309 208
f 103 1605 213
f 213 114 212
f 213 1605 114
f 104 224 105
f 105 103 104
f 224 103 105
f 101 106 114
f 232 223 233
f 231 223 232
f 232 233 234
f 234 231 232
f 323 322 313
f 323 326 322
f 307 333 334
f 306 333 307
f 212 217 307
f 307 217 306
f 307 213 212
f 334 326 335
f 335 326 325
f 335 307 334
f 308 307 335
f 335 310 411
f 411 256 335
f 745 744 750
f 740 744 745
f 703 701 704
f 704 705 703
f 703 705 709
f 709 710 703
f 293 705 289
f 289 292 293
f 708 705 706
f 706 278 708
f 708 278 277
f 1214 876 1215
f 1186 967 1187
f 1097 1039 1096
f 1097 1098 1040
f 1040 856 1097
f 1097 856 1039
f 1104 1098 1097
f 1097 1096 1104
f 1065 1066 1034
f 1066 1067 1034
f 1034 1067 1206
f 1034 1035 1065
f 869 868 1032
f 1207 1067 1032
f 1032 1208 1207
f 1032 868 1208
f 1061 860 687
f 687 685 1061
f 858 1062 1061
f 1061 685 858
f 859 860 1064
f 1064 1063 859
f 1065 1036 1064
f 1036 1063 1064
f 1204 1035 1205
f 1171 1170 1205
f 1205 1170 1204
f 1205 1206 1171
f 1205 1034 1206
f 1035 1034 1205
f 1207 1208 1173
f 1173 1172 1207
f 944 949 942
f 1021 1018 1020
f 965 1187 967
f 863 671 864
f 864 669 865
f 864 671 669
f 673 671 863
f 674 671 673
f 675 674 673
f 673 1053 675
f 958 959 957
f 1174 1173 1208
f 713 710 709
f 713 717 718
f 709 294 713
f 713 294 350
f 350 341 713
f 341 717 713
f 712 715 716
f 715 719 716
f 719 720 716
f 722 679 723
f 723 720 722
f 1838 223 104
f 1838 256 223
f 1838 335 256
f 279 276 275
f 711 710 715
f 711 715 712
f 712 701 711
f 701 703 711
f 711 703 710
f 1473 1317 1315
f 1315 1317 1316
f 1474 1473 1315
f 1315 1313 1474
f 1475 1313 1310
f 1476 1475 1310
f 1310 1309 1476
f 1308 1309 1310
f 1312 1310 1313
f 1313 1315 1312
f 1472 1504 1233
f 1504 1393 1233
f 1233 1393 1395
f 1233 1471 1472
f 1232 1471 1233
f 1397 1469 1396
f 1396 1394 1397
f 1396 1395 1394
f 1544 1543 1541
f 1541 1542 1544
f 1547 1549 1325
f 1325 1327 1547
f 1334 1335 1325
f 1325 1549 1334
f 1374 1375 1368
f 1368 1375 1367
f 1567 1346 1565
f 1421 1419 1422
f 1421 1422 1424
f 1556 1554 1512
f 1512 1554 1511
f 1345 1329 1337
f 1339 1336 1337
f 1337 1336 1345
f 1322 1327 1328
f 1328 1323 1322
f 1328 1329 1323
f 1350 1348 1346
f 1565 1346 1347
f 1346 1348 1347
f 1338 1336 1339
f 1572 1521 1574
f 1571 1351 1569
f 1569 1572 1571
f 1571 1572 1574
f 1354 1353 1361
f 1360 1361 1353
f 796 1418 1416
f 1416 1418 1415
f 1273 792 1274
f 1275 792 1273
f 437 766 412
f 919 918 1146
f 1145 1143 1122
f 1147 1146 1145
f 919 1146 1148
f 1148 1146 1147
f 1148 921 919
f 1149 1147 1091
f 1091 1073 1149
f 1149 1148 1147
f 1129 1119 1069
f 1129 1069 1130
f 853 1103 852
f 1128 1152 1126
f 1128 1126 1127
f 1128 924 922
f 1127 924 1128
f 1075 1152 1074
f 1075 1074 1697
f 1697 1073 1701
f 1697 1074 1073
f 1696 1698 1692
f 1160 1162 898
f 1158 1161 1160
f 1160 1161 1163
f 1163 1162 1160
f 898 899 1160
f 1160 899 1158
f 1706 1713 1704
f 1705 1708 1706
f 1706 1664 1705
f 1704 1664 1706
f 896 1244 891
f 1244 847 891
f 892 896 891
f 891 847 892
f 1373 1374 1366
f 1366 1587 1373
f 1374 1368 1366
f 1586 1584 1527
f 1527 1528 1586
f 1528 1588 1586
f 1371 1377 1378
f 1371 1378 1373
f 1590 1587 1588
f 1588 1529 1590
f 1590 1530 1592
f 1529 1530 1590
f 1448 1255 1256
f 1448 1446 1255
f 1448 1256 1254
f 1254 1450 1448
f 1255 1446 1258
f 836 845 1258
f 1258 845 1255
f 1258 1260 836
f 1258 1446 1260
f 836 833 834
f 834 845 836
f 844 845 834
f 837 838 842
f 1266 1432 1430
f 1433 1434 1436
f 1431 1434 1433
f 1433 1521 1431
f 1433 1522 1521
f 1424 1422 1270
f 1270 788 1424
f 1422 788 1270
f 1423 1421 1424
f 1267 839 1430
f 1430 1428 1267
f 1267 1428 839
f 1450 1452 1449
f 1449 1530 1529
f 152 165 156
f 164 169 156
f 156 165 164
f 183 151 184
f 151 185 184
f 184 205 183
f 184 185 205
f 116 206 118
f 206 185 118
f 119 185 151
f 119 118 185
f 119 117 116
f 116 118 119
f 148 149 147
f 26 24 20
f 25 24 26
f 25 26 28
f 20 19 28
f 28 26 20
f 88 86 72
f 90 87 88
f 88 72 71
f 71 90 88
f 50 91 48
f 89 91 50
f 50 52 89
f 51 50 48
f 87 54 85
f 86 88 85
f 85 88 87
f 83 86 85
f 55 54 52
f 225 230 229
f 229 226 225
f 224 230 225
f 225 101 224
f 98 204 1606
f 1608 205 98
f 9 19 42
f 19 43 42
f 111 43 1607
f 1607 183 111
f 111 183 1608
f 1608 98 111
f 111 98 100
f 111 42 43
f 9 42 111
f 1658 80 79
f 78 1658 79
f 79 80 2
f 79 2 78
f 1673 1700 1726
f 1726 1671 1673
f 1692 1698 1673
f 1673 1671 1692
f 1678 1669 1668
f 1678 1668 1654
f 1654 1686 1678
f 1678 1686 1679
f 1164 1162 1165
f 1165 1166 1164
f 897 1162 1164
f 1164 1166 906
f 910 1138 1140
f 1141 1142 1140
f 1140 1139 1141
f 1140 1138 1139
f 915 910 1140
f 1140 1142 915
f 413 412 414
f 413 437 412
f 372 374 440
f 440 374 376
f 1737 412 754
f 1402 1400 1286
f 1402 1399 1400
f 1401 1399 1402
f 1281 1737 754
f 412 1737 1281
f 1476 1309 1477
f 1309 1307 1477
f 1477 1500 1476
f 1499 1500 1477
f 1776 1777 1827
f 1826 1775 1776
f 1768 1777 1776
f 1776 1775 1768
f 1774 547 549
f 549 636 1774
f 636 1775 1774
f 548 547 1774
f 1836 1829 1778
f 1836 1778 1780
f 1836 1810 1831
f 1831 1829 1836
f 1780 1782 1836
f 1836 1782 1810
f 1830 1829 1832
f 1827 1829 1830
f 1830 1817 1815
f 1830 1832 1817
f 1494 1495 1482
f 1494 1463 1819
f 1819 1495 1494
f 1294 1289 1293
f 1293 1289 1288
f 1485 1486 1492
f 1288 1486 1485
f 1240 1241 1239
f 1239 1469 1397
f 1397 1398 1239
f 1239 1398 1240
f 1469 1239 1470
f 1470 1239 1241
f 1470 1399 1505
f 1470 1241 1399
f 1284 1799 414
f 414 1801 1284
f 1286 1799 1284
f 1284 1402 1286
f 1467 1807 1391
f 1467 1503 1502
f 1391 1503 1467
f 1811 1807 1467
f 1467 1502 1466
f 1466 1811 1467
f 457 465 459
f 465 448 459
f 459 460 344
f 344 454 459
f 459 454 457
f 449 448 452
f 449 459 448
f 449 450 451
f 460 459 449
f 449 451 345
f 345 460 449
f 367 366 463
f 463 475 367
f 553 1611 444
f 455 456 444
f 456 553 444
f 445 343 455
f 445 454 343
f 455 444 445
f 458 454 445
f 445 1611 458
f 445 444 1611
f 344 366 365
f 365 366 360
f 363 351 342
f 636 641 637
f 1767 636 637
f 635 1769 1767
f 1767 637 635
f 635 637 641
f 1762 1761 634
f 1763 1761 1762
f 582 585 631
f 631 632 582
f 1766 585 584
f 584 583 1766
f 585 583 584
f 580 579 1759
f 1759 583 580
f 582 579 580
f 580 583 582
f 1196 1186 1195
f 1014 886 1195
f 1195 1194 1014
f 1195 1187 1194
f 1186 1187 1195
f 570 569 575
f 575 572 570
f 570 425 569
f 570 572 425
f 578 572 575
f 574 572 578
f 624 586 578
f 588 587 562
f 562 586 588
f 588 586 587
f 565 586 562
f 562 563 565
f 625 551 552
f 630 1760 581
f 1759 579 581
f 581 1760 1759
f 658 1612 562
f 506 514 520
f 520 507 506
f 525 507 520
f 514 521 520
f 520 521 527
f 527 526 520
f 526 525 520
f 505 507 510
f 510 507 357
f 510 336 505
f 510 357 336
f 494 446 453
f 467 504 475
f 450 468 467
f 475 463 467
f 504 467 533
f 533 467 468
f 515 504 533
f 533 535 515
f 339 350 355
f 355 359 358
f 355 357 339
f 358 357 355
f 495 496 497
f 497 503 495
f 497 496 498
f 502 503 497
f 497 498 499
f 499 523 497
f 497 501 502
f 497 523 501
f 524 472 471
f 524 523 472
f 501 523 524
f 530 501 524
f 524 519 530
f 471 519 524
f 541 542 543
f 543 469 541
f 545 470 543
f 470 469 543
f 516 517 545
f 545 546 516
f 492 491 536
f 536 491 538
f 513 535 537
f 537 538 539
f 537 536 538
f 535 536 537
f 539 511 537
f 511 513 537
f 692 696 693
f 692 851 1092
f 1230 851 692
f 1092 1099 692
f 1099 696 692
f 692 1040 1230
f 692 856 1040
f 693 689 692
f 689 856 692
f 1101 1099 1102
f 1098 1103 1102
f 1102 1099 851
f 851 1098 1102
f 1132 1223 1131
f 1131 1130 1071
f 933 1224 935
f 1223 1224 933
f 1101 1077 1076
f 1076 850 1101
f 1076 1100 850
f 1080 1100 1076
f 1076 1081 1080
f 1076 1077 1081
f 852 1105 1134
f 1227 939 938
f 938 1226 1227
f 936 1226 938
f 938 939 940
f 938 940 937
f 937 936 938
f 1225 1226 936
f 1225 936 935
f 935 1224 1225
f 1225 1134 1226
f 885 990 1196
f 885 886 991
f 1196 1195 885
f 885 1195 886
f 1196 990 1197
f 1181 976 1182
f 976 975 1182
f 989 1000 1786
f 1786 992 989
f 989 992 888
f 984 1785 986
f 986 992 984
f 984 992 1785
f 874 873 1783
f 1783 875 874
f 993 997 873
f 873 874 993
f 993 874 875
f 973 972 1183
f 1183 1182 973
f 973 1182 975
f 1155 1154 848
f 1155 1157 1154
f 1089 1157 1155
f 1155 1088 1089
f 1086 1703 1087
f 1703 1088 1087
f 1712 1088 1703
f 1712 1708 1711
f 1711 1089 1712
f 1089 1088 1712
f 1703 1713 1712
f 1712 1706 1708
f 1713 1706 1712
f 914 920 912
f 914 917 920
f 914 910 915
f 925 931 920
f 920 923 925
f 925 923 924
f 907 908 912
f 912 904 907
f 912 909 911
f 911 1138 910
f 1136 1138 911
f 911 909 1136
f 911 914 912
f 910 914 911
f 1383 1380 1384
f 1382 1380 1383
f 1384 1377 1383
f 1533 1532 1455
f 1533 1534 1598
f 1598 1596 1533
f 1596 1532 1533
f 1455 1457 1533
f 1457 1534 1533
f 1455 1532 1453
f 1454 1456 1453
f 1453 1456 1455
f 1453 1532 1531
f 1385 1380 1381
f 1597 1599 1381
f 1381 1599 1385
f 1381 1380 1382
f 1381 1595 1597
f 1382 1595 1381
f 1242 1536 1535
f 1535 1459 1242
f 1535 1534 1459
f 1249 1203 987
f 985 1235 987
f 1235 1249 987
f 987 986 985
f 1249 1234 1489
f 1489 1488 1287
f 1287 1249 1489
f 1489 1490 1488
f 1822 1821 1236
f 1236 1813 1822
f 1236 1234 1813
f 1490 1489 1236
f 1236 1489 1234
f 1236 1821 1460
f 1460 1490 1236
f 653 655 652
f 653 651 615
f 652 650 653
f 650 651 653
f 652 655 654
f 654 655 416
f 617 578 575
f 624 578 617
f 576 426 577
f 577 426 655
f 577 575 576
f 577 617 575
f 615 617 577
f 577 653 615
f 655 653 577
f 424 423 428
f 428 429 424
f 428 423 427
f 428 427 435
f 435 429 428
f 434 429 435
f 431 426 425
f 416 426 431
f 436 368 443
f 435 427 436
f 427 385 436
f 385 368 436
f 436 442 435
f 436 443 442
f 380 385 381
f 380 368 385
f 381 382 380
f 380 382 379
f 380 379 371
f 371 370 369
f 370 368 369
f 369 380 371
f 368 380 369
f 383 382 386
f 386 387 383
f 386 382 385
f 386 385 390
f 390 389 386
f 389 387 386
f 768 761 769
f 769 784 768
f 762 759 764
f 764 761 762
f 763 761 764
f 769 761 763
f 765 769 763
f 764 766 763
f 763 766 765
f 755 766 764
f 764 757 755
f 753 412 755
f 412 766 755
f 755 754 753
f 755 756 754
f 796 1416 795
f 795 1416 1272
f 132 131 1647
f 1647 124 132
f 121 181 173
f 173 172 121
f 182 181 121
f 121 172 122
f 123 182 121
f 121 122 123
f 1640 1620 1619
f 1619 1675 1674
f 138 135 139
f 139 141 138
f 138 141 140
f 166 133 65
f 65 167 166
f 166 167 198
f 199 133 166
f 166 198 199
f 35 29 34
f 20 24 35
f 1 180 3
f 180 4 3
f 2 1 3
f 3 4 2
f 142 143 1840
f 1840 141 142
f 140 141 1840
f 192 161 190
f 206 209 203
f 209 204 203
f 203 205 206
f 203 98 205
f 204 98 203
f 210 1609 113
f 113 204 210
f 210 216 1609
f 210 204 209
f 209 217 210
f 217 216 210
f 114 1605 102
f 102 1605 103
f 102 101 114
f 102 103 224
f 224 101 102
f 214 307 308
f 104 103 214
f 103 213 214
f 313 311 324
f 324 323 313
f 324 335 325
f 325 326 324
f 326 323 324
f 311 310 324
f 310 335 324
f 215 214 308
f 751 750 731
f 751 745 750
f 725 734 726
f 727 726 733
f 733 726 734
f 735 734 725
f 735 725 219
f 219 218 735
f 735 218 243
f 735 243 244
f 740 745 741
f 741 745 742
f 276 279 280
f 280 279 284
f 1028 1027 1029
f 1192 1214 1215
f 1179 1214 1192
f 958 957 1192
f 1192 957 1179
f 877 1214 1045
f 876 1214 877
f 877 1029 876
f 1215 876 883
f 960 963 962
f 960 1190 1189
f 1189 963 960
f 962 961 960
f 960 959 958
f 960 961 959
f 964 961 962
f 962 963 964
f 1038 1039 855
f 1039 856 855
f 855 856 689
f 689 690 855
f 857 1038 855
f 855 690 857
f 1033 1066 1062
f 869 1032 1033
f 1033 1067 1066
f 1033 1032 1067
f 1062 1044 1033
f 1033 1044 869
f 861 1066 1065
f 1065 1064 861
f 861 1064 860
f 1062 1066 861
f 861 1061 1062
f 860 1061 861
f 948 951 950
f 950 949 948
f 1171 1172 943
f 941 1170 943
f 943 1170 1171
f 943 942 941
f 943 944 942
f 1020 1022 879
f 879 1021 1020
f 1019 1017 1018
f 1018 1021 1019
f 1019 1021 881
f 966 965 967
f 966 967 968
f 963 965 966
f 966 964 963
f 961 964 966
f 959 961 966
f 863 1053 1050
f 1050 673 863
f 1053 673 1050
f 1058 1053 863
f 867 868 1043
f 1208 868 867
f 1179 957 955
f 1045 872 871
f 871 1046 1045
f 1213 1214 1179
f 1045 1214 1213
f 1213 872 1045
f 1052 1058 863
f 1057 1058 1052
f 863 864 1052
f 714 718 715
f 714 713 718
f 715 710 714
f 710 713 714
f 1604 1838 104
f 104 214 1604
f 214 215 1604
f 286 284 285
f 284 279 285
f 275 286 285
f 285 279 275
f 1537 1539 1319
f 1319 1323 1324
f 1319 1539 1541
f 1541 1323 1319
f 1314 1315 1316
f 1314 1312 1315
f 1314 1302 1308
f 1308 1310 1311
f 1310 1312 1311
f 1311 1314 1308
f 1312 1314 1311
f 1395 1396 1231
f 1232 1233 1231
f 1231 1233 1395
f 1231 1538 1232
f 1549 1547 1550
f 1543 1544 1546
f 1544 1507 1546
f 1551 1334 1549
f 1335 1334 1333
f 1334 1331 1333
f 1333 1337 1335
f 1331 1337 1333
f 1419 1421 1515
f 1415 1417 1513
f 1513 1512 1415
f 1556 1512 1513
f 1329 1328 1326
f 1335 1337 1326
f 1326 1337 1329
f 1326 1327 1335
f 1326 1328 1327
f 1356 1353 1354
f 1351 1350 1349
f 1569 1351 1349
f 1349 1567 1569
f 1346 1567 1349
f 1349 1350 1346
f 1341 1348 1342
f 1341 1347 1348
f 1330 1338 1339
f 1429 1432 1431
f 1430 1432 1429
f 1573 1571 1574
f 1361 1360 1358
f 1354 1361 1358
f 1358 1367 1354
f 1358 1370 1367
f 1272 1416 1414
f 1414 795 1272
f 1091 1147 1121
f 1147 1145 1121
f 1701 1091 1121
f 1121 1122 1701
f 1121 1145 1122
f 1144 916 1142
f 1144 1142 1143
f 1143 1145 1144
f 1144 1145 1146
f 918 916 1144
f 1144 1146 918
f 1220 1129 1221
f 1127 1220 1221
f 1221 927 1127
f 1078 853 1132
f 1071 1077 1078
f 1078 1131 1071
f 1132 1131 1078
f 854 1077 1101
f 1103 853 854
f 854 1078 1077
f 853 1078 854
f 1101 1102 854
f 854 1102 1103
f 1151 1149 1073
f 1073 1074 1151
f 1152 1128 1151
f 1151 1074 1152
f 1680 1694 1693
f 1693 1696 1692
f 1693 1672 1680
f 1692 1672 1693
f 1695 1697 1698
f 1698 1696 1695
f 1075 1697 1695
f 1696 1084 1695
f 1587 1366 1585
f 1588 1587 1585
f 1585 1586 1588
f 1585 1366 1368
f 1589 1590 1592
f 1587 1590 1589
f 1373 1587 1589
f 1589 1371 1373
f 1259 1444 1262
f 1444 1442 1262
f 836 1259 1262
f 1443 1526 1441
f 1441 1444 1443
f 1441 1442 1444
f 1441 1526 1525
f 1440 1438 1265
f 1440 1437 1438
f 1446 1448 1445
f 1443 1446 1445
f 1527 1443 1445
f 1445 1528 1527
f 832 843 844
f 844 834 832
f 832 833 831
f 832 834 833
f 840 839 806
f 840 842 839
f 841 842 838
f 839 842 841
f 838 1432 841
f 1432 1266 841
f 1430 839 841
f 841 1266 1430
f 1435 1433 1436
f 1435 1437 1523
f 1523 1522 1435
f 1522 1433 1435
f 1436 1438 1435
f 1438 1437 1435
f 1426 1423 1424
f 1424 1269 1426
f 1426 1269 789
f 1426 789 799
f 1268 1428 1426
f 799 1268 1426
f 1451 1449 1452
f 1451 1453 1531
f 1531 1530 1451
f 1530 1449 1451
f 1451 1452 1454
f 1454 1453 1451
f 1447 1449 1529
f 1447 1445 1448
f 1447 1448 1450
f 1450 1449 1447
f 1447 1529 1528
f 1528 1445 1447
f 152 156 155
f 155 331 152
f 330 331 155
f 155 160 330
f 159 300 157
f 157 156 169
f 300 160 157
f 174 159 157
f 157 169 174
f 160 155 157
f 157 155 156
f 151 149 187
f 187 119 151
f 147 150 146
f 146 150 134
f 134 1840 146
f 144 143 142
f 144 1840 143
f 144 146 1840
f 52 50 53
f 50 51 53
f 53 51 61
f 53 55 52
f 61 51 60
f 11 6 56
f 54 55 56
f 110 225 226
f 100 98 99
f 99 98 1606
f 1701 1700 1699
f 1700 1673 1699
f 1699 1673 1698
f 1699 1697 1701
f 1698 1697 1699
f 1670 1671 1669
f 1669 1678 1670
f 1670 1678 1679
f 1679 1672 1670
f 1672 1671 1670
f 905 1164 906
f 897 1164 905
f 906 908 905
f 908 907 905
f 432 440 439
f 439 376 771
f 439 440 376
f 441 442 372
f 372 440 441
f 440 434 441
f 435 442 441
f 441 434 435
f 1800 1801 412
f 1245 1481 1246
f 1835 1499 1498
f 1498 1833 1835
f 1498 1497 1833
f 1499 1477 1478
f 1478 1498 1499
f 1478 1477 1307
f 1731 1775 1826
f 1731 1774 1775
f 1772 1753 1731
f 1731 1826 1772
f 548 1774 1731
f 1731 1752 548
f 1753 1752 1731
f 1815 1773 1828
f 1828 1830 1815
f 1828 1773 1826
f 1827 1830 1828
f 1826 1776 1828
f 1828 1776 1827
f 1483 1494 1482
f 1484 1494 1483
f 1493 1494 1484
f 1493 1492 1462
f 1463 1494 1493
f 1493 1485 1492
f 1484 1485 1493
f 1493 1462 1819
f 1819 1463 1493
f 1292 1293 1288
f 1288 1485 1292
f 1292 1485 1484
f 1539 1538 1540
f 1540 1542 1539
f 1505 1542 1540
f 1540 1470 1505
f 1402 1284 1283
f 1283 1284 1801
f 412 1281 1283
f 1283 1800 412
f 1801 1800 1283
f 450 449 447
f 447 468 450
f 452 446 447
f 447 449 452
f 446 494 447
f 447 494 468
f 366 450 461
f 450 467 461
f 362 361 351
f 351 363 362
f 364 342 343
f 364 363 342
f 364 343 344
f 344 365 364
f 360 361 364
f 364 365 360
f 361 362 364
f 364 362 363
f 633 1761 1770
f 1770 635 633
f 1769 635 1770
f 1768 1769 1770
f 1770 1761 1768
f 1764 1762 634
f 634 632 1764
f 1764 1765 1763
f 1763 1762 1764
f 632 631 1764
f 585 1765 1764
f 1764 631 585
f 566 578 586
f 586 565 566
f 574 578 566
f 573 574 566
f 566 563 573
f 566 565 563
f 532 625 552
f 552 517 532
f 517 516 532
f 641 551 638
f 551 625 638
f 592 658 562
f 598 601 600
f 480 483 478
f 483 657 478
f 657 490 478
f 478 490 1612
f 1612 658 478
f 493 494 453
f 453 490 493
f 492 494 493
f 493 490 492
f 534 533 468
f 534 494 492
f 468 494 534
f 492 536 534
f 535 533 534
f 534 536 535
f 350 349 354
f 354 355 350
f 360 359 354
f 359 355 354
f 544 543 542
f 544 542 484
f 484 482 544
f 482 546 544
f 544 546 545
f 545 543 544
f 476 516 546
f 476 479 480
f 476 546 479
f 480 478 476
f 476 478 477
f 476 532 516
f 932 935 934
f 932 933 935
f 934 931 932
f 1130 1131 1222
f 1222 1131 1223
f 1222 1129 1130
f 1222 1221 1129
f 1135 1134 1105
f 1135 1105 1106
f 1227 1226 1135
f 1226 1134 1135
f 1106 1229 1135
f 1229 1227 1135
f 1134 1225 1133
f 1133 853 852
f 852 1134 1133
f 1132 853 1133
f 1133 1224 1132
f 1133 1225 1224
f 1001 997 991
f 1001 991 887
f 887 1011 1001
f 996 1004 1629
f 996 1003 873
f 873 997 996
f 997 1001 996
f 996 1629 1744
f 1744 1003 996
f 1183 972 1184
f 972 970 1184
f 1181 1182 1200
f 1200 1201 1181
f 1200 888 988
f 988 1201 1200
f 1183 1184 1198
f 1198 1184 1197
f 890 875 1000
f 1000 989 890
f 997 993 998
f 991 997 998
f 998 885 991
f 990 885 998
f 972 973 974
f 974 973 975
f 976 977 974
f 974 975 976
f 1088 1155 849
f 849 1087 1088
f 849 1155 848
f 1086 1087 849
f 849 1153 1086
f 849 848 1153
f 915 917 913
f 913 914 915
f 917 914 913
f 931 925 926
f 926 927 929
f 924 927 926
f 926 925 924
f 1596 1595 1593
f 1593 1594 1596
f 1390 1601 1602
f 1602 1536 1390
f 1602 1535 1536
f 1601 1599 1602
f 986 987 1202
f 1202 987 1203
f 1202 1203 1169
f 1169 1201 1202
f 988 986 1202
f 1202 1201 988
f 429 434 433
f 433 440 432
f 433 434 440
f 430 431 425
f 430 425 424
f 424 429 430
f 429 433 430
f 432 431 430
f 430 433 432
f 415 639 652
f 414 639 415
f 416 431 415
f 415 413 414
f 652 654 415
f 415 654 416
f 432 413 415
f 415 431 432
f 785 784 780
f 785 768 784
f 758 760 794
f 756 1280 1279
f 126 132 124
f 126 124 125
f 131 132 126
f 125 127 126
f 130 131 126
f 126 172 130
f 126 127 128
f 128 172 126
f 1674 1637 1639
f 1639 1619 1674
f 1637 1638 1639
f 1638 1640 1639
f 1640 1619 1639
f 1677 1621 1676
f 1677 1620 1621
f 1677 1619 1620
f 1676 1459 1677
f 1677 1459 1457
f 1457 1675 1677
f 1675 1619 1677
f 137 135 136
f 135 138 136
f 136 134 137
f 136 138 140
f 140 1840 136
f 136 1840 134
f 134 35 69
f 36 68 69
f 133 134 69
f 69 68 133
f 22 35 24
f 22 24 25
f 134 150 656
f 656 35 134
f 150 43 656
f 656 43 20
f 20 35 656
f 65 133 67
f 133 68 67
f 38 68 36
f 38 67 68
f 65 67 38
f 164 165 163
f 163 190 161
f 163 162 164
f 163 161 162
f 149 148 189
f 189 187 149
f 213 307 211
f 211 214 213
f 307 214 211
f 308 335 255
f 255 215 308
f 255 1604 215
f 335 1838 255
f 1838 1604 255
f 752 731 732
f 752 751 731
f 742 743 739
f 739 738 742
f 739 733 734
f 734 738 739
f 244 736 737
f 737 735 244
f 737 738 734
f 734 735 737
f 737 736 740
f 740 741 737
f 742 738 737
f 737 741 742
f 707 289 705
f 707 282 289
f 707 283 282
f 705 708 707
f 289 282 288
f 282 283 288
f 292 289 288
f 288 284 287
f 288 283 284
f 287 291 288
f 291 292 288
f 281 708 277
f 277 276 281
f 276 280 281
f 281 707 708
f 283 707 281
f 284 283 281
f 281 280 284
f 1191 1192 1215
f 958 1192 1191
f 1191 960 958
f 1190 960 1191
f 1029 877 878
f 1047 1028 878
f 1028 1029 878
f 878 1045 1047
f 878 877 1045
f 1215 883 1216
f 1216 1191 1215
f 1190 1191 1216
f 999 883 884
f 884 1005 999
f 884 1027 1005
f 884 1029 1027
f 876 1029 884
f 884 883 876
f 946 1174 948
f 1173 1174 946
f 881 1021 880
f 1021 879 880
f 663 1017 1016
f 1042 1058 1057
f 1057 867 1042
f 1042 867 1043
f 953 951 952
f 953 950 951
f 949 950 953
f 942 949 953
f 1046 871 866
f 865 1048 866
f 1048 1046 866
f 870 866 871
f 1318 1317 1472
f 1472 1471 1318
f 1506 1507 1544
f 1505 1401 1506
f 1506 1542 1505
f 1506 1544 1542
f 1403 1506 1401
f 1507 1506 1403
f 1508 1546 1507
f 1543 1546 1545
f 1322 1543 1545
f 1545 1327 1322
f 1545 1547 1327
f 1332 1331 1334
f 1334 1551 1332
f 1332 1330 1331
f 1510 1411 1511
f 1409 1411 1510
f 1509 1409 1510
f 1510 1550 1509
f 1568 1567 1565
f 1516 1515 1421
f 1421 1423 1516
f 1423 1517 1516
f 1342 1345 1344
f 1345 1336 1344
f 1344 1341 1342
f 1557 1559 1336
f 1336 1338 1557
f 1560 1559 1557
f 1514 1513 1417
f 1514 1515 1560
f 1417 1419 1514
f 1419 1515 1514
f 792 1278 1277
f 756 792 1277
f 1277 1280 756
f 1352 1350 1351
f 1351 1356 1352
f 1352 1356 1354
f 1354 1348 1352
f 1348 1350 1352
f 1353 1356 1355
f 1355 1573 1353
f 1571 1573 1355
f 1351 1571 1355
f 1355 1356 1351
f 1562 1559 1560
f 1560 1515 1562
f 1515 1516 1562
f 1553 1554 1556
f 1553 1551 1554
f 1553 1332 1551
f 1330 1332 1553
f 1340 1330 1339
f 1331 1330 1340
f 1339 1337 1340
f 1340 1337 1331
f 1519 1568 1518
f 1583 1581 1584
f 1583 1585 1368
f 1584 1586 1583
f 1586 1585 1583
f 1362 1583 1368
f 1581 1583 1362
f 1584 1581 1582
f 1525 1526 1582
f 1582 1526 1584
f 1582 1580 1525
f 1576 1573 1574
f 1574 1522 1576
f 1576 1523 1578
f 1576 1522 1523
f 1573 1576 1575
f 1353 1573 1575
f 1575 1576 1578
f 1364 1370 1365
f 1370 1358 1365
f 1274 792 1271
f 1271 1414 1274
f 792 795 1271
f 795 1414 1271
f 1414 1411 1412
f 1412 1273 1274
f 1274 1414 1412
f 1275 1273 1412
f 1412 1410 1275
f 1412 1411 1409
f 1409 1410 1412
f 1413 1512 1511
f 1511 1411 1413
f 1413 1411 1414
f 1415 1512 1413
f 1413 1416 1415
f 1413 1414 1416
f 921 1148 1150
f 1150 1151 1128
f 1148 1149 1150
f 1149 1151 1150
f 922 921 1150
f 1150 1128 922
f 1219 1220 1127
f 1127 1126 1219
f 1116 1119 1118
f 1118 1694 1116
f 1118 1693 1694
f 1696 1693 1118
f 1118 1084 1696
f 1120 1126 1075
f 1075 1695 1120
f 1120 1219 1126
f 836 1262 1261
f 1261 1262 1442
f 1439 1441 1525
f 1437 1440 1439
f 1442 1441 1439
f 1439 1440 1442
f 1264 1440 1265
f 1525 1580 1524
f 1524 1439 1525
f 1437 1439 1524
f 1523 1437 1524
f 1578 1523 1524
f 1524 1580 1578
f 1579 1582 1581
f 1580 1582 1579
f 1425 1426 1428
f 1423 1426 1425
f 1425 1517 1423
f 1518 1517 1425
f 187 189 188
f 188 189 190
f 188 163 165
f 190 163 188
f 117 119 186
f 119 187 186
f 152 117 186
f 187 188 186
f 186 165 152
f 186 188 165
f 191 189 148
f 190 189 191
f 191 193 192
f 192 190 191
f 49 51 48
f 49 60 51
f 48 46 49
f 46 47 49
f 63 56 55
f 11 56 63
f 63 19 11
f 7 228 8
f 8 228 83
f 8 6 7
f 8 56 6
f 54 56 8
f 83 85 8
f 8 85 54
f 225 110 108
f 106 101 108
f 101 225 108
f 113 106 108
f 108 100 113
f 112 1606 113
f 112 99 1606
f 113 100 112
f 100 99 112
f 897 905 903
f 898 897 903
f 903 904 898
f 438 413 432
f 432 439 438
f 437 413 438
f 765 766 438
f 766 437 438
f 767 765 438
f 438 771 767
f 438 439 771
f 1245 1246 1305
f 1305 1246 1304
f 1305 1304 1302
f 1480 1246 1481
f 1480 1496 1497
f 1480 1481 1496
f 1304 1246 1480
f 1302 1304 1303
f 1303 1307 1302
f 1303 1478 1307
f 1484 1483 1291
f 1291 1292 1484
f 1298 1292 1291
f 1296 1301 1300
f 1469 1470 1468
f 1470 1540 1468
f 1468 1540 1538
f 1538 1231 1468
f 1468 1396 1469
f 1468 1231 1396
f 462 463 366
f 366 461 462
f 462 467 463
f 462 461 467
f 626 532 603
f 625 532 626
f 626 606 625
f 531 477 603
f 603 532 531
f 531 476 477
f 532 476 531
f 605 638 625
f 625 606 605
f 628 627 648
f 648 650 628
f 648 627 630
f 648 651 650
f 648 649 651
f 647 611 649
f 587 586 595
f 562 587 595
f 595 592 562
f 603 598 618
f 618 626 603
f 606 626 618
f 618 598 600
f 603 477 602
f 477 478 602
f 604 602 478
f 604 598 603
f 603 602 604
f 353 349 348
f 353 354 349
f 353 347 352
f 348 347 353
f 352 360 353
f 360 354 353
f 933 932 930
f 1223 933 930
f 930 1222 1223
f 930 932 931
f 930 931 929
f 929 927 930
f 927 1221 930
f 1221 1222 930
f 1004 996 1002
f 1002 996 1001
f 1010 1628 1002
f 1628 1004 1002
f 1002 1011 1010
f 1002 1001 1011
f 1196 1197 1185
f 1197 1184 1185
f 1185 1184 970
f 1185 1186 1196
f 1185 969 1186
f 1185 970 969
f 990 998 994
f 994 998 993
f 994 993 875
f 875 890 994
f 889 989 888
f 889 890 989
f 972 974 971
f 971 970 972
f 969 970 971
f 968 969 971
f 971 974 977
f 971 977 982
f 971 966 968
f 959 966 971
f 971 982 1294
f 971 1615 1837
f 1294 1615 971
f 929 931 928
f 928 926 929
f 931 926 928
f 1382 1383 1376
f 1376 1595 1382
f 1376 1593 1595
f 1376 1383 1377
f 1377 1593 1376
f 1591 1593 1377
f 1591 1589 1592
f 1592 1594 1591
f 1594 1593 1591
f 1377 1371 1591
f 1371 1589 1591
f 1534 1535 1600
f 1535 1602 1600
f 1600 1602 1599
f 1598 1534 1600
f 1600 1597 1598
f 1600 1599 1597
f 756 758 793
f 793 792 756
f 796 795 793
f 793 795 792
f 793 794 796
f 793 758 794
f 756 1279 1282
f 754 756 1282
f 1282 1281 754
f 29 35 30
f 35 22 30
f 61 60 23
f 25 61 23
f 23 22 25
f 31 38 39
f 66 64 65
f 65 38 66
f 33 31 34
f 34 29 33
f 29 58 33
f 746 743 742
f 751 752 746
f 742 745 746
f 745 751 746
f 882 1216 883
f 882 883 999
f 999 881 882
f 881 880 882
f 944 946 947
f 949 944 947
f 948 949 947
f 947 946 948
f 1172 1173 945
f 1173 946 945
f 945 943 1172
f 944 943 945
f 945 946 944
f 1218 880 879
f 1017 1019 1015
f 1015 1016 1017
f 663 1016 1015
f 1043 862 1059
f 1059 1042 1043
f 1058 1042 1059
f 862 1053 1059
f 1053 1058 1059
f 952 951 1176
f 1208 867 1209
f 1209 1174 1208
f 1041 867 1057
f 1041 1209 867
f 1210 1209 1041
f 956 957 959
f 956 955 957
f 956 953 955
f 956 971 1837
f 959 971 956
f 1837 942 956
f 942 953 956
f 1051 1052 864
f 866 870 1051
f 1051 864 865
f 865 866 1051
f 1211 1176 1210
f 1317 1318 1321
f 1316 1317 1321
f 1324 1316 1321
f 1320 1471 1537
f 1320 1318 1471
f 1320 1321 1318
f 1537 1319 1320
f 1320 1319 1324
f 1324 1321 1320
f 1401 1402 1404
f 1404 1403 1401
f 1402 1283 1404
f 1404 1283 1281
f 1281 1282 1404
f 1509 1550 1548
f 1548 1508 1509
f 1548 1550 1547
f 1546 1508 1548
f 1547 1545 1548
f 1548 1545 1546
f 1507 1403 1405
f 1405 1508 1507
f 1554 1551 1552
f 1511 1554 1552
f 1552 1510 1511
f 1550 1510 1552
f 1549 1550 1552
f 1552 1551 1549
f 1566 1568 1565
f 1518 1568 1566
f 1566 1517 1518
f 1341 1344 1343
f 1336 1559 1343
f 1343 1344 1336
f 1560 1557 1558
f 1558 1514 1560
f 1513 1514 1558
f 1556 1513 1558
f 1276 792 1275
f 1275 1410 1276
f 1276 1278 792
f 1276 1410 1278
f 1347 1341 1563
f 1565 1347 1563
f 1563 1566 1565
f 1555 1553 1556
f 1555 1557 1338
f 1338 1330 1555
f 1330 1553 1555
f 1556 1558 1555
f 1555 1558 1557
f 1520 1519 1429
f 1521 1572 1520
f 1431 1521 1520
f 1520 1429 1431
f 1570 1572 1569
f 1568 1519 1570
f 1570 1520 1572
f 1519 1520 1570
f 1569 1567 1570
f 1567 1568 1570
f 1369 1362 1368
f 1369 1368 1367
f 1367 1370 1369
f 1359 1360 1353
f 1353 1575 1359
f 1359 1358 1360
f 1359 1365 1358
f 1357 1364 1359
f 1364 1365 1359
f 1577 1575 1578
f 1577 1579 1357
f 1357 1359 1577
f 1577 1359 1575
f 1578 1580 1577
f 1580 1579 1577
f 1084 1118 1082
f 1082 1118 1119
f 1082 1129 1220
f 1119 1129 1082
f 1085 1120 1695
f 1442 1440 1263
f 1263 1261 1442
f 1440 1264 1263
f 836 1261 1263
f 835 833 836
f 836 1263 835
f 835 1263 1264
f 1265 833 835
f 835 1264 1265
f 1581 1362 1363
f 1363 1579 1581
f 1363 1370 1364
f 1363 1364 1357
f 1357 1579 1363
f 1363 1369 1370
f 1362 1369 1363
f 1427 1519 1518
f 1518 1425 1427
f 1427 1425 1428
f 1429 1519 1427
f 1427 1428 1430
f 1430 1429 1427
f 145 191 148
f 146 144 145
f 145 144 142
f 145 148 147
f 147 146 145
f 142 193 145
f 193 191 145
f 60 49 59
f 59 58 29
f 47 58 59
f 59 49 47
f 62 63 55
f 62 61 25
f 62 53 61
f 55 53 62
f 25 28 27
f 27 62 25
f 63 62 27
f 27 28 19
f 19 63 27
f 107 108 110
f 107 226 109
f 107 110 226
f 100 108 107
f 107 10 9
f 9 111 107
f 107 111 100
f 107 109 41
f 41 10 107
f 902 905 907
f 902 903 905
f 902 907 904
f 904 903 902
f 1245 1305 1306
f 1306 1301 1245
f 1300 1301 1306
f 1306 1296 1300
f 1293 1296 1306
f 1294 1293 1306
f 1306 1314 1316
f 1306 1615 1294
f 1316 1615 1306
f 1302 1314 1306
f 1306 1305 1302
f 1497 1498 1479
f 1479 1480 1497
f 1304 1480 1479
f 1498 1478 1479
f 1479 1303 1304
f 1478 1303 1479
f 1299 1296 1293
f 1298 1296 1299
f 1293 1292 1299
f 1299 1292 1298
f 1301 1296 1297
f 1297 1296 1298
f 1298 1291 1297
f 1297 1291 1483
f 608 605 606
f 607 605 608
f 608 620 610
f 610 607 608
f 638 605 643
f 643 605 607
f 641 638 643
f 621 589 591
f 591 622 621
f 621 622 612
f 620 589 621
f 612 610 621
f 610 620 621
f 614 622 623
f 612 622 614
f 614 611 612
f 630 581 646
f 646 648 630
f 646 581 579
f 649 648 646
f 646 647 649
f 579 644 646
f 644 647 646
f 611 647 609
f 609 610 612
f 612 611 609
f 609 607 610
f 645 647 644
f 645 643 607
f 607 609 645
f 645 609 647
f 658 592 590
f 590 597 658
f 591 589 590
f 589 597 590
f 596 589 620
f 596 597 589
f 601 597 596
f 600 601 596
f 594 586 624
f 594 595 586
f 624 623 594
f 599 604 478
f 599 597 601
f 601 598 599
f 598 604 599
f 599 478 658
f 658 597 599
f 1198 889 1199
f 1199 1182 1183
f 1183 1198 1199
f 1199 1200 1182
f 888 1200 1199
f 1199 889 888
f 995 889 1198
f 990 994 995
f 995 994 890
f 890 889 995
f 995 1197 990
f 995 1198 1197
f 29 30 21
f 21 59 29
f 60 59 21
f 21 23 60
f 21 30 22
f 22 23 21
f 36 69 37
f 69 39 37
f 37 38 36
f 37 39 38
f 34 31 32
f 31 39 32
f 32 35 34
f 32 69 35
f 32 39 69
f 57 38 31
f 57 66 38
f 31 33 57
f 57 33 58
f 743 746 747
f 747 746 752
f 1189 1218 1188
f 1188 963 1189
f 1188 965 963
f 1187 965 1188
f 1217 882 880
f 880 1218 1217
f 1217 1218 1189
f 1216 882 1217
f 1189 1190 1217
f 1190 1216 1217
f 1024 663 1008
f 663 1015 1008
f 1008 1007 1024
f 1008 1005 1007
f 1175 1176 951
f 1174 1209 1175
f 1210 1176 1175
f 1175 1209 1210
f 1175 951 948
f 948 1174 1175
f 1176 1211 1177
f 952 1176 1177
f 872 1213 1212
f 1212 1177 1211
f 1210 1041 1055
f 1055 1211 1210
f 1406 1282 1279
f 1406 1404 1282
f 1406 1279 1280
f 1403 1404 1406
f 1406 1405 1403
f 1407 1409 1509
f 1509 1508 1407
f 1508 1405 1407
f 1407 1410 1409
f 1561 1563 1341
f 1559 1562 1561
f 1561 1343 1559
f 1341 1343 1561
f 1564 1562 1516
f 1566 1563 1564
f 1564 1561 1562
f 1563 1561 1564
f 1564 1516 1517
f 1517 1566 1564
f 1083 1695 1084
f 1083 1085 1695
f 1120 1085 1083
f 1219 1120 1083
f 1084 1082 1083
f 1220 1219 1083
f 1083 1082 1220
f 1295 1483 1482
f 1295 1297 1483
f 1301 1297 1295
f 1295 1482 1245
f 1245 1301 1295
f 619 618 600
f 620 608 619
f 606 618 619
f 619 608 606
f 600 596 619
f 619 596 620
f 642 644 633
f 633 635 642
f 642 645 644
f 643 645 642
f 642 635 641
f 641 643 642
f 616 614 623
f 616 617 615
f 616 623 624
f 624 617 616
f 615 651 613
f 613 616 615
f 614 616 613
f 611 614 613
f 651 649 613
f 649 611 613
f 593 594 623
f 623 622 593
f 593 622 591
f 591 590 593
f 593 590 592
f 592 595 593
f 595 594 593
f 45 47 44
f 66 57 45
f 45 58 47
f 45 57 58
f 44 64 45
f 64 66 45
f 1194 1187 1193
f 1187 1188 1193
f 1193 1188 1218
f 1193 1218 879
f 1193 1022 1194
f 1193 879 1022
f 1005 1008 1006
f 999 1005 1006
f 1006 881 999
f 1006 1019 881
f 1006 1015 1019
f 1006 1008 1015
f 952 1177 954
f 954 953 952
f 955 953 954
f 1177 1212 1178
f 955 954 1178
f 1178 954 1177
f 1179 955 1178
f 1178 1213 1179
f 1178 1212 1213
f 870 1055 1056
f 1052 1051 1056
f 1056 1051 870
f 1057 1052 1056
f 1056 1041 1057
f 1056 1055 1041
f 1054 1212 1211
f 1211 1055 1054
f 1054 1055 870
f 872 1212 1054
f 1054 871 872
f 1054 870 871
f 1405 1406 1408
f 1408 1407 1405
f 1280 1277 1408
f 1408 1406 1280
f 1410 1407 1408
f 1278 1410 1408
f 1408 1277 1278
f 704 729 706
f 730 729 704
f 700 732 702
f 732 731 702
f 730 704 702
f 702 731 730
f 678 676 677
f 677 676 675
f 798 805 799
f 806 805 798
f 804 781 779
f 803 804 779
f 681 664 680
f 680 664 662
f 660 680 662
f 679 680 660
f 843 826 824
f 824 844 843
f 845 822 820
f 845 820 846
f 777 801 802
f 775 801 777
f 803 779 777
f 777 802 803
f 726 727 698
f 698 697 726
f 726 696 725
f 697 696 726
f 785 831 837
f 780 781 785
f 786 790 785
f 785 787 786
f 837 842 785
f 804 808 785
f 785 797 794
f 785 781 804
f 759 762 785
f 794 760 785
f 806 798 785
f 830 825 785
f 785 815 830
f 785 790 797
f 798 787 785
f 785 825 826
f 826 843 785
f 807 815 785
f 785 808 807
f 785 840 806
f 785 832 831
f 761 768 785
f 785 762 761
f 785 760 759
f 843 832 785
f 842 840 785
f 758 755 757
f 756 755 758
f 759 760 758
f 758 757 759
f 747 732 700
f 678 683 747
f 747 676 678
f 747 694 698
f 672 674 747
f 747 660 659
f 700 699 747
f 747 674 676
f 727 733 747
f 698 727 747
f 659 668 747
f 747 670 672
f 747 686 688
f 688 691 747
f 747 699 712
f 668 670 747
f 679 660 747
f 712 716 747
f 747 683 686
f 691 694 747
f 747 723 679
f 747 716 720
f 720 723 747
f 747 752 732
f 747 739 743
f 733 739 747

