# https://github.com/mikedh/trimesh

o dexmate_c960_base_camera_mount_skate_ramp_full_base_coverage_left_dual_limit_2mm_w16mm_tangent_YZ24deg.stl
v 0.02309267 -0.05260076 -0.02011259
v -0.02267793 -0.05260093 -0.02011276
v 0.02309267 -0.05275012 -0.02029939
v -0.04049990 -0.00213134 -0.02503747
v -0.04076024 -0.00302305 -0.02569273
v -0.04077663 -0.00254345 -0.02528862
v -0.04075334 -0.00322515 -0.02586303
v -0.04049990 -0.00303495 -0.02567861
v -0.04073374 -0.00375168 -0.02652337
v -0.04049989 -0.00375451 -0.02652111
v -0.04049991 -0.00109846 -0.02463654
v -0.04049990 -0.00059421 -0.02677852
v -0.04049990 -0.00114893 -0.02700829
v -0.03449987 -0.01130013 -0.02628942
v -0.03797010 -0.01130014 -0.02628943
v -0.03797007 -0.01130014 -0.03428943
v -0.04030211 -0.01076757 -0.02226667
v -0.04032226 -0.01057458 -0.02228944
v -0.04011200 -0.01269860 -0.04756341
v -0.04060381 -0.00655181 -0.02273163
v -0.04040271 -0.00950735 -0.04791561
v -0.03499989 -0.00800012 -0.02302151
v -0.03499980 -0.00800012 -0.04751689
v -0.03749989 -0.00800013 -0.02251848
v -0.03749979 -0.00800013 -0.04801949
v -0.03754690 -0.00799792 -0.02251900
v -0.03754850 -0.00799450 -0.04802068
v -0.03758301 -0.00799014 -0.02252075
v -0.03758325 -0.00799047 -0.04802153
v -0.03759744 -0.00798703 -0.02252145
v -0.03799989 -0.00750014 -0.02262773
v -0.03799989 -0.00229891 -0.02900014
v -0.03799989 -0.00222055 -0.02840486
v -0.03799989 -0.00222055 -0.02959542
v -0.04061660 -0.00624165 -0.02276292
v -0.04070657 -0.00442677 -0.02819745
v -0.04070504 -0.00446281 -0.02859839
v -0.04070352 -0.00449893 -0.02900015
v -0.04070519 -0.00445924 -0.02940139
v -0.04070720 -0.00441176 -0.02988156
v -0.04073286 -0.00377563 -0.02655340
v -0.04071665 -0.00418354 -0.02734514
v -0.04049989 -0.00424640 -0.02751389
v -0.04071461 -0.00423281 -0.02751777
v -0.04049988 -0.00448081 -0.02859677
v -0.04049990 -0.00162527 -0.02737380
v -0.04049989 -0.00199078 -0.02785015
v -0.03799990 -0.00485008 -0.02290630
v -0.03799990 -0.00162526 -0.02737379
v -0.03799990 -0.00114892 -0.02700828
v -0.04057403 -0.00645878 -0.02255565
v -0.04075336 -0.00216569 -0.02299024
v -0.04077992 -0.00217555 -0.02308302
v -0.03849991 -0.00215011 -0.02267320
v -0.04032364 -0.00086369 -0.02279721
v -0.04027601 -0.00211985 -0.02267176
v -0.04037934 -0.00212434 -0.02268413
v -0.03799991 -0.00219858 -0.02317085
v -0.03801182 -0.00218980 -0.02308076
v -0.04060040 -0.00647001 -0.02264851
v -0.04078404 -0.00218432 -0.02317228
v -0.04078963 -0.00212095 -0.02505636
v -0.04079876 -0.00182765 -0.02320827
v -0.04081886 -0.00109418 -0.02465013
v -0.03799989 -0.00199077 -0.02785014
v -0.04080046 -0.00176908 -0.02486293
v -0.04082355 -0.00092197 -0.02459583
v -0.03799990 -0.00059420 -0.02677851
v -0.04052788 -0.00644683 -0.02246632
v -0.04070708 -0.00215558 -0.02290096
v -0.03799989 -0.00162526 -0.03062649
v -0.03799989 -0.00114892 -0.03099200
v -0.04049989 -0.00114893 -0.03099200
v -0.04049989 -0.00162527 -0.03062650
v -0.03799992 0.00209636 -0.02357636
v -0.03837050 -0.00215177 -0.02269016
v -0.03831748 -0.00215389 -0.02271202
v -0.03832924 0.00646024 -0.02350211
v -0.03824991 -0.00215661 -0.02273988
v -0.03827017 0.00645707 -0.02352384
v -0.03822805 -0.00215823 -0.02275658
v -0.03822838 0.00645293 -0.02355223
v -0.03814636 -0.00216430 -0.02281896
v -0.03816818 0.00644697 -0.02359311
v -0.03808368 -0.00217222 -0.02290026
v -0.03808691 0.00643367 -0.02368444
v -0.03806690 -0.00217435 -0.02292202
v -0.03806828 0.00642848 -0.02372003
v -0.03803891 -0.00218089 -0.02298927
v -0.03803583 0.00641943 -0.02378207
v -0.03801695 -0.00218604 -0.02304205
v -0.03803142 0.00641821 -0.02379049
v -0.03801075 0.00640596 -0.02387448
v -0.04086816 0.00238861 -0.02359746
v -0.03840940 -0.00215127 -0.02268506
v -0.03841291 0.00646365 -0.02347865
v -0.03838379 0.00646317 -0.02348204
v -0.04051784 0.00646411 -0.02347917
v -0.04047252 -0.00212980 -0.02271058
v -0.04060945 0.00646102 -0.02350681
v -0.04056218 -0.00213705 -0.02275667
v -0.04069995 0.00645622 -0.02355389
v -0.04064217 -0.00214582 -0.02282130
v -0.04078016 0.00644993 -0.02361843
v -0.04084599 0.00644240 -0.02369793
v -0.04091567 0.00642604 -0.02387658
v -0.04042650 0.00646568 -0.02346858
v -0.04051734 0.00646412 -0.02347911
v -0.04086262 0.00084157 -0.02457934
v -0.03800360 0.00640173 -0.02390354
v -0.03799989 -0.00199077 -0.03015014
v -0.04049989 -0.00199078 -0.03015015
v -0.04049988 -0.00424641 -0.03048640
v -0.04049989 -0.00222056 -0.02959543
v -0.04049987 -0.00375450 -0.03147919
v -0.04049989 -0.00222055 -0.02840487
v -0.04049989 -0.00229892 -0.02900015
v -0.04049988 -0.00449893 -0.02900015
v -0.04049988 -0.00448081 -0.02940353
v -0.04071475 -0.00422887 -0.03048106
v -0.04071791 -0.00415231 -0.03073204
v -0.04073375 -0.00375152 -0.03147758
v -0.04046303 -0.00643487 -0.02238666
v -0.04038304 -0.00642367 -0.02232207
v -0.04029335 -0.00641390 -0.02227612
v -0.03800029 -0.00758958 -0.02251665
v -0.03797618 -0.00764407 -0.02259682
v -0.03798499 -0.00762131 -0.02260175
v -0.03798964 -0.00758350 -0.02260986
v -0.03800676 -0.00754009 -0.02252664
v -0.03799393 -0.00754858 -0.02261734
v -0.03830560 -0.00760989 -0.02214607
v -0.03837049 -0.00744824 -0.02214756
v -0.03840938 -0.00744768 -0.02214247
v -0.03832085 -0.00745045 -0.02216800
v -0.03831746 -0.00745060 -0.02216940
v -0.03813931 -0.00758896 -0.02225702
v -0.03814835 -0.00746198 -0.02227469
v -0.03822803 -0.00745541 -0.02221390
v -0.03821797 -0.00759756 -0.02219251
v -0.03824989 -0.00745361 -0.02219722
v -0.03807486 -0.00758477 -0.02233615
v -0.03808147 -0.00752776 -0.02234512
v -0.03814634 -0.00746214 -0.02227622
v -0.03808481 -0.00747076 -0.02235594
v -0.03803437 -0.00753277 -0.02243411
v -0.03803890 -0.00748054 -0.02244635
v -0.03803936 -0.00748041 -0.02244522
v -0.03801693 -0.00748623 -0.02249907
v -0.03808366 -0.00747092 -0.02235743
v -0.03806688 -0.00747327 -0.02237917
v -0.03801188 -0.00749035 -0.02253717
v -0.03801181 -0.00749042 -0.02253774
v -0.03830996 -0.00803196 -0.02206693
v -0.03842300 -0.00782707 -0.02208931
v -0.03983233 -0.01037929 -0.02180364
v -0.03842841 -0.00781728 -0.02209038
v -0.03798899 -0.00763830 -0.02250682
v -0.03795851 -0.00768977 -0.02258693
v -0.04010372 -0.00639972 -0.02224101
v -0.03795433 -0.00770059 -0.02258458
v -0.03797292 -0.00768579 -0.02249724
v -0.03802812 -0.00758511 -0.02242466
v -0.03795250 -0.00778224 -0.02238923
v -0.03792698 -0.00777507 -0.02247925
v -0.03797877 -0.00773586 -0.02239755
v -0.03795217 -0.00773155 -0.02248802
v -0.03800027 -0.00768718 -0.02240629
v -0.03804488 -0.00769606 -0.02231868
v -0.03806266 -0.00764105 -0.02232731
v -0.03801675 -0.00763675 -0.02241536
v -0.03789763 -0.00781593 -0.02247102
v -0.03785779 -0.00785199 -0.02250763
v -0.03787021 -0.00783608 -0.02255461
v -0.03786438 -0.00785371 -0.02246341
v -0.03785243 -0.00785119 -0.02255131
v -0.03788483 -0.00781539 -0.02255923
v -0.03789171 -0.00780566 -0.02256140
v -0.03791304 -0.00777545 -0.02256813
v -0.03794028 -0.00773689 -0.02257672
v -0.03834551 -0.00779639 -0.02209998
v -0.03842841 -0.00781727 -0.02209038
v -0.03849126 -0.00757764 -0.02211642
v -0.03841342 -0.00744763 -0.02214194
v -0.03849990 -0.00744641 -0.02213063
v -0.04012625 -0.00606945 -0.02227732
v -0.04020012 -0.00640602 -0.02224987
v -0.03989838 -0.01067542 -0.02177801
v -0.03999163 -0.01068667 -0.02180397
v -0.04016123 -0.01071443 -0.02191424
v -0.04008131 -0.01069990 -0.02184973
v -0.04022592 -0.01072936 -0.02199394
v -0.04027180 -0.01074376 -0.02208338
v -0.04029782 -0.01075681 -0.02217637
v -0.03831712 0.00645959 -0.02350657
v -0.04060677 -0.00647991 -0.02273888
v -0.03817771 0.00644792 -0.02358664
v -0.03814836 0.00644372 -0.02361538
v -0.04061498 0.00695249 -0.02359992
v -0.04066412 0.00746215 -0.02378958
v -0.04070512 0.00694036 -0.02364553
v -0.04089935 0.00735969 -0.02403284
v -0.04089525 0.00643363 -0.02379277
v -0.04091693 0.00642556 -0.02388174
v -0.04092524 0.00732357 -0.02411956
v -0.04092298 0.00642331 -0.02390657
v -0.04092659 0.00641790 -0.02396704
v -0.04078863 0.00742615 -0.02387438
v -0.04085348 0.00739468 -0.02394919
v -0.03850021 0.00736902 -0.02370359
v -0.04043227 0.00738257 -0.02369699
v -0.04043221 0.00737348 -0.02369460
v -0.04043282 0.00748093 -0.02374630
v -0.04042962 0.00695729 -0.02358508
v -0.04052433 0.00748150 -0.02374524
v -0.04052118 0.00695975 -0.02357368
v -0.04057132 0.00747694 -0.02375542
v -0.04061818 0.00747052 -0.02377017
v -0.04047787 0.00748423 -0.02373941
v -0.04070836 0.00745190 -0.02381357
v -0.03850033 0.00770857 -0.02386473
v -0.04043553 0.00796992 -0.02399148
v -0.04079172 0.00790724 -0.02412886
v -0.04085656 0.00786181 -0.02419625
v -0.04048078 0.00799039 -0.02400747
v -0.04057429 0.00798018 -0.02402182
v -0.04052726 0.00798660 -0.02401268
v -0.04078537 0.00692369 -0.02370938
v -0.04083965 0.00644353 -0.02368570
v -0.03841261 0.00721219 -0.02364530
v -0.03849994 0.00646512 -0.02346851
v -0.03850015 0.00721327 -0.02364346
v -0.03929994 0.00646544 -0.02346855
v -0.03832797 0.00720519 -0.02366702
v -0.03850017 0.00727057 -0.02365687
v -0.03841261 0.00771436 -0.02385197
v -0.03832797 0.00770392 -0.02387227
v -0.03850042 0.00795441 -0.02398141
v -0.04042732 0.00658735 -0.02348773
v -0.04054227 0.00646369 -0.02348200
v -0.04061066 0.00646097 -0.02350725
v -0.04075838 0.00645226 -0.02359381
v -0.04062117 0.00797102 -0.02403507
v -0.04066715 0.00795905 -0.02405252
v -0.03800684 0.00708652 -0.02403522
v -0.03799994 0.00715871 -0.02414727
v -0.03800684 0.00752708 -0.02421620
v -0.03802888 0.00711256 -0.02395443
v -0.03802888 0.00756588 -0.02414074
v -0.03799994 0.00748135 -0.02430585
v -0.03802888 0.00791377 -0.02435809
v -0.03806539 0.00760232 -0.02406986
v -0.03811527 0.00763529 -0.02400574
v -0.03806540 0.00796179 -0.02429448
v -0.03817698 0.00766377 -0.02395035
v -0.03811527 0.00800521 -0.02423693
v -0.03817698 0.00804273 -0.02418723
v -0.03800684 0.00786267 -0.02442582
v -0.03799994 0.00770564 -0.02441609
v -0.03799994 0.00780505 -0.02450097
v -0.03824861 0.00768688 -0.02390540
v -0.03824861 0.00807317 -0.02414689
v -0.03817698 0.00836828 -0.02448434
v -0.03832797 0.00809561 -0.02411715
v -0.03824861 0.00840576 -0.02445043
v -0.03832797 0.00843338 -0.02442543
v -0.03841262 0.00810935 -0.02409894
v -0.03811527 0.00832210 -0.02452612
v -0.03802888 0.00820953 -0.02462797
v -0.03800684 0.00814662 -0.02468490
v -0.03806540 0.00826864 -0.02457450
v -0.03799994 0.00808439 -0.02473949
v -0.03799994 0.00705889 -0.02412333
v -0.04093254 0.00728808 -0.02420390
v -0.04093548 0.00771872 -0.02442711
v -0.04090934 0.00415373 -0.02726654
v -0.04090533 0.00375319 -0.02652298
v -0.04093222 0.00724118 -0.02417959
v -0.04090514 0.00373336 -0.02648617
v -0.04075319 0.00792698 -0.02409967
v -0.04071142 0.00794432 -0.02407411
v -0.03850042 0.00798665 -0.02400749
v -0.04043562 0.00798752 -0.02400633
v -0.03850043 0.00810532 -0.02410351
v -0.03840923 0.00646359 -0.02347908
v -0.04092091 0.00559367 -0.02389330
v -0.03799991 0.00199294 -0.02785014
v -0.03799994 0.00829485 -0.02503686
v -0.03799994 0.00835588 -0.02512309
v -0.03799994 0.00845526 -0.02536761
v -0.03799994 0.00856067 -0.02562696
v -0.04089872 0.00316908 -0.02580426
v -0.03799994 0.00639299 -0.02396367
v -0.03799991 0.00162743 -0.02737379
v -0.04084535 0.00000074 -0.02450387
v -0.04084454 -0.00003879 -0.02450032
v -0.04049991 0.00000108 -0.02450015
v -0.04049992 0.00110060 -0.02463654
v -0.04086711 0.00109536 -0.02465428
v -0.04049992 0.00213348 -0.02503747
v -0.03799991 0.00000108 -0.02670014
v -0.03799991 0.00059637 -0.02677851
v -0.03799991 0.00115108 -0.02700828
v -0.04049991 0.00000107 -0.02670015
v -0.04049991 0.00059636 -0.02677852
v -0.04049991 0.00115107 -0.02700829
v -0.04087774 0.00169672 -0.02483184
v -0.04088425 0.00212347 -0.02505648
v -0.04088828 0.00238826 -0.02519587
v -0.04088964 0.00247750 -0.02524285
v -0.03808225 0.00643237 -0.02369333
v -0.03800893 0.00640488 -0.02388188
v -0.04065640 0.00645916 -0.02352414
v -0.04069819 0.00645634 -0.02355269
v -0.04089687 0.00302804 -0.02568976
v -0.03817698 0.00717825 -0.02375061
v -0.03824861 0.00719376 -0.02370249
v -0.03811527 0.00715914 -0.02380991
v -0.03806539 0.00713701 -0.02387855
v -0.04049992 0.00303709 -0.02567861
v -0.04049991 0.00162742 -0.02737380
v -0.04049992 0.00375666 -0.02652111
v -0.03792175 -0.00782584 -0.02238141
v -0.03787401 -0.00785839 -0.02241873
v -0.03480179 -0.00837453 -0.02232594
v -0.03495930 -0.00832523 -0.02221565
v -0.03495148 -0.00836859 -0.02220407
v -0.03479474 -0.00846149 -0.02231935
v -0.03479518 -0.00841831 -0.02231940
v -0.03494602 -0.00841188 -0.02219598
v -0.03481143 -0.00833062 -0.02233549
v -0.03496954 -0.00828240 -0.02223083
v -0.03513436 -0.00827883 -0.02214362
v -0.03499726 -0.00820087 -0.02227189
v -0.03515360 -0.00819826 -0.02218953
v -0.03482422 -0.00828719 -0.02234815
v -0.03485920 -0.00820439 -0.02238279
v -0.03512169 -0.00836416 -0.02211337
v -0.03530659 -0.00836143 -0.02205751
v -0.03530429 -0.00844669 -0.02204453
v -0.03531748 -0.00844646 -0.02204063
v -0.03513056 -0.00844984 -0.02209584
v -0.03512720 -0.00832121 -0.02212653
v -0.03533720 -0.00844610 -0.02203480
v -0.03549989 -0.00836120 -0.02204133
v -0.03549989 -0.00832707 -0.02204938
v -0.03531313 -0.00827663 -0.02208996
v -0.03549989 -0.00827757 -0.02207485
v -0.03532300 -0.00819665 -0.02213888
v -0.03549989 -0.00821908 -0.02210493
v -0.03549989 -0.00812768 -0.02218488
v -0.03503387 -0.00812905 -0.02232612
v -0.03517885 -0.00812736 -0.02224980
v -0.03491899 -0.00845618 -0.02220744
v -0.03479243 -0.00846159 -0.02232143
v -0.03466584 -0.01130013 -0.02216218
v -0.03466557 -0.00846988 -0.02248365
v -0.03467397 -0.00846925 -0.02247139
v -0.03472929 -0.00846502 -0.02239067
v -0.03460638 -0.01130012 -0.02225136
v -0.03461139 -0.00847402 -0.02256271
v -0.03457433 -0.01130013 -0.02234219
v -0.03458231 -0.00847857 -0.02264230
v -0.03457482 -0.00847974 -0.02266281
v -0.03452299 -0.01130013 -0.02248777
v -0.03454869 -0.00848383 -0.02273431
v -0.03451861 -0.01130012 -0.02252867
v -0.03452481 -0.00848757 -0.02279966
v -0.03451940 -0.00849030 -0.02284784
v -0.03449988 -0.01130012 -0.02270366
v -0.03449987 -0.01130013 -0.02428942
v -0.03449988 -0.00990038 -0.02286481
v -0.03797010 -0.01130014 -0.02428943
v -0.03449988 -0.00990037 -0.02286481
v -0.03449989 -0.00850013 -0.02302151
v -0.03451078 -0.00849463 -0.02292453
v -0.03549989 -0.00844526 -0.02202149
v -0.03511594 -0.00845010 -0.02210016
v -0.03511778 -0.00840709 -0.02210405
v -0.03510001 -0.00845039 -0.02210486
v -0.03495116 -0.00845515 -0.02218921
v -0.03507753 -0.00807127 -0.02239080
v -0.03520889 -0.00807035 -0.02232148
v -0.03476089 -0.00829001 -0.02241678
v -0.03470438 -0.00829307 -0.02249136
v -0.03474507 -0.00820871 -0.02251831
v -0.03467880 -0.00838178 -0.02247441
v -0.03465521 -0.00829634 -0.02257118
v -0.03479894 -0.00820646 -0.02244771
v -0.03479979 -0.00813414 -0.02255454
v -0.03469813 -0.00821112 -0.02259392
v -0.03462855 -0.00838581 -0.02255706
v -0.03461394 -0.00829979 -0.02265555
v -0.03465863 -0.00821367 -0.02267389
v -0.03471941 -0.00813737 -0.02269884
v -0.03458654 -0.00839008 -0.02264430
v -0.03455327 -0.00839452 -0.02273528
v -0.03458108 -0.00830341 -0.02274363
v -0.03462707 -0.00821634 -0.02275745
v -0.03466825 -0.00814089 -0.02285647
v -0.03452903 -0.00839910 -0.02282904
v -0.03455692 -0.00830714 -0.02283454
v -0.03451399 -0.00840378 -0.02292474
v -0.03454166 -0.00831096 -0.02292744
v -0.03460373 -0.00821909 -0.02284376
v -0.03533592 -0.00812631 -0.02220288
v -0.03549989 -0.00812621 -0.02218699
v -0.03535125 -0.00806978 -0.02227884
v -0.03549989 -0.00807146 -0.02226555
v -0.03549989 -0.00805824 -0.02228451
v -0.03524193 -0.00802992 -0.02240033
v -0.03475142 -0.00846334 -0.02235837
v -0.03473673 -0.00837800 -0.02239713
v -0.03474554 -0.01130013 -0.02204265
v -0.03774051 -0.01367036 -0.02172513
v -0.03782007 -0.01267911 -0.02191611
v -0.03786926 -0.01233501 -0.02188826
v -0.03778775 -0.01366529 -0.02163636
v -0.03787211 -0.01231510 -0.02188665
v -0.03779688 -0.01282383 -0.02196030
v -0.03779768 -0.01281899 -0.02197473
v -0.03780462 -0.01277648 -0.02193971
v -0.03779107 -0.01285875 -0.02199562
v -0.03779061 -0.01286148 -0.02200976
v -0.03779195 -0.01285348 -0.02198573
v -0.03779362 -0.01284344 -0.02197439
v -0.03768117 -0.01368506 -0.02190700
v -0.03779060 -0.01286148 -0.02428943
v -0.03780957 -0.01274534 -0.02193216
v -0.03797600 -0.01130014 -0.02192151
v -0.03804269 -0.01130013 -0.02184221
v -0.03797011 -0.01130013 -0.02193054
v -0.03797551 -0.01130014 -0.02192210
v -0.03982254 -0.01503442 -0.02166508
v -0.04010066 -0.01269736 -0.02203890
v -0.03996060 -0.01403913 -0.02188054
v -0.03979706 -0.01501934 -0.02157183
v -0.03968731 -0.01498326 -0.02140237
v -0.03975165 -0.01500198 -0.02148217
v -0.03771264 -0.01367821 -0.02181743
v -0.03628649 -0.01892320 -0.02628943
v -0.03635529 -0.01875011 -0.02628943
v -0.03516875 -0.02094077 -0.02094070
v -0.03499218 -0.02121983 -0.02428942
v -0.03582501 -0.01981481 -0.02109992
v -0.03596888 -0.01956796 -0.02113483
v -0.03636382 -0.01875350 -0.02428942
v -0.03634364 -0.01874433 -0.02124784
v -0.03638408 -0.01865544 -0.02126004
v -0.03665562 -0.01805864 -0.02134193
v -0.03685119 -0.01746861 -0.02142046
v -0.03714058 -0.01659554 -0.02153665
v -0.03723754 -0.01623044 -0.02428943
v -0.03449983 -0.02193128 -0.02428942
v -0.03449983 -0.02193128 -0.02628942
v -0.03497380 -0.02120779 -0.02628942
v -0.03553852 -0.02034581 -0.02628943
v -0.03722052 -0.01624355 -0.02158212
v -0.03722420 -0.01622735 -0.02158422
v -0.03751138 -0.01496279 -0.02174758
v -0.03981523 -0.01504454 -0.02175541
v -0.03690629 -0.01736405 -0.02628943
v -0.03549988 -0.01101963 -0.02172958
v -0.03976512 -0.01101955 -0.02172748
v -0.03839149 -0.01130014 -0.02169687
v -0.03511524 -0.01130013 -0.02177525
v -0.03513028 -0.01130012 -0.02177102
v -0.03495083 -0.01130013 -0.02186533
v -0.03492894 -0.01130013 -0.02187732
v -0.03479318 -0.01130012 -0.02199971
v -0.03531802 -0.01130013 -0.02171827
v -0.03549988 -0.01130013 -0.02169686
v -0.03821376 -0.01130014 -0.02173436
v -0.03815443 -0.01130014 -0.02175802
v -0.03826829 -0.01130014 -0.02171263
v -0.03830609 -0.01130014 -0.02170780
v -0.03722152 -0.01622600 -0.02628943
v -0.03734725 -0.01577206 -0.02628943
v -0.03764769 -0.01410963 -0.02628943
v -0.03779059 -0.01286148 -0.02628943
v -0.03449979 -0.02193127 -0.03428942
v -0.03499214 -0.02121983 -0.03428942
v -0.03636378 -0.01875350 -0.03428943
v -0.03860600 -0.02142028 -0.02092543
v -0.03898062 -0.01991259 -0.02113287
v -0.03832375 -0.02250845 -0.04625100
v -0.03909565 -0.01931184 -0.02121123
v -0.03834145 -0.02244899 -0.04626003
v -0.03933847 -0.01804364 -0.02137666
v -0.03849619 -0.02192928 -0.04633897
v -0.03723751 -0.01623044 -0.03428943
v -0.03951450 -0.01712428 -0.02149658
v -0.03933513 -0.01804323 -0.04688607
v -0.03779056 -0.01286148 -0.03428943
v -0.03946589 -0.01731406 -0.04698437
v -0.03964229 -0.01633038 -0.04711698
v -0.03535742 -0.01130013 -0.02170720
v -0.03458881 -0.00822192 -0.02293203
v -0.03802394 -0.00797784 -0.02214592
v -0.03796821 -0.00792940 -0.02221045
v -0.03811361 -0.00786450 -0.02215982
v -0.03814525 -0.00820925 -0.02204750
v -0.03814907 -0.00809389 -0.02206719
v -0.03820327 -0.00814681 -0.02205434
v -0.03808548 -0.00803388 -0.02209775
v -0.03826092 -0.00776456 -0.02212849
v -0.03775550 -0.00807678 -0.02219031
v -0.03773027 -0.00802469 -0.02226737
v -0.03786936 -0.00801364 -0.02219893
v -0.03783279 -0.00796765 -0.02227625
v -0.03804779 -0.00782769 -0.02222435
v -0.03792170 -0.00789158 -0.02228811
v -0.03771106 -0.00798794 -0.02235246
v -0.03780511 -0.00793579 -0.02236176
v -0.03788677 -0.00786623 -0.02237419
v -0.03795974 -0.00784746 -0.02229500
v -0.03817919 -0.00773593 -0.02217558
v -0.03799313 -0.00779982 -0.02230244
v -0.03810560 -0.00771257 -0.02224010
v -0.03791298 -0.00807156 -0.02213441
v -0.03778551 -0.00814170 -0.02212578
v -0.03788237 -0.00836290 -0.02203059
v -0.03785261 -0.00829391 -0.02204503
v -0.03793527 -0.00834473 -0.02203259
v -0.03749989 -0.00836549 -0.02204032
v -0.03749989 -0.00832707 -0.02204939
v -0.03749989 -0.00828171 -0.02207272
v -0.03781852 -0.00821559 -0.02207692
v -0.03749989 -0.00821909 -0.02210494
v -0.03764610 -0.00818506 -0.02212045
v -0.03749989 -0.00820148 -0.02212035
v -0.03749989 -0.00812769 -0.02218489
v -0.03763079 -0.00811584 -0.02218497
v -0.03749989 -0.00805825 -0.02228452
v -0.03761789 -0.00806000 -0.02226188
v -0.03749989 -0.00803472 -0.02234605
v -0.03760803 -0.00802020 -0.02234671
v -0.03802162 -0.00774918 -0.02231036
v -0.03769450 -0.00796270 -0.02248422
v -0.03770008 -0.00795465 -0.02252863
v -0.03778164 -0.00791537 -0.02249423
v -0.03766218 -0.00797307 -0.02252459
v -0.03769081 -0.00795915 -0.02252764
v -0.03770391 -0.00797561 -0.02239644
v -0.03779489 -0.00792542 -0.02240598
v -0.03778709 -0.00791866 -0.02245033
v -0.03769841 -0.00796726 -0.02244055
v -0.03777139 -0.00792001 -0.02253623
v -0.03780479 -0.00789164 -0.02254244
v -0.03760149 -0.00799729 -0.02243451
v -0.03549989 -0.00803297 -0.02235060
v -0.03549989 -0.00801487 -0.02239794
v -0.03749989 -0.00801488 -0.02239795
v -0.03549989 -0.00801004 -0.02243749
v -0.03749989 -0.00801061 -0.02243280
v -0.03549989 -0.00800012 -0.02251847
v -0.03770735 -0.00842303 -0.02202396
v -0.03503865 -0.00800012 -0.02282980
v -0.03500559 -0.00800013 -0.02294666
v -0.03502312 -0.00803081 -0.02254512
v -0.03487484 -0.00803216 -0.02276264
v -0.03508674 -0.00800705 -0.02260812
v -0.03486567 -0.00807405 -0.02259816
v -0.03479306 -0.00807581 -0.02272907
v -0.03509998 -0.00800013 -0.02271978
v -0.03516257 -0.00800012 -0.02265023
v -0.03495946 -0.00800734 -0.02279737
v -0.03504003 -0.00800012 -0.02282495
v -0.03530905 -0.00800013 -0.02256075
v -0.03474697 -0.00807773 -0.02287198
v -0.03483467 -0.00803294 -0.02288926
v -0.03464634 -0.00814657 -0.02302151
v -0.03487048 -0.00801716 -0.02302151
v -0.03537797 -0.00800013 -0.02253398
v -0.03451189 -0.00840898 -0.02302151
v -0.03451692 -0.00837071 -0.02302151
v -0.03456688 -0.00825013 -0.02302151
v -0.03453940 -0.00831645 -0.02302151
v -0.03526497 -0.00800013 -0.02257788
v -0.03490576 -0.00813134 -0.02242890
v -0.03496154 -0.00807252 -0.02248413
v -0.03527603 -0.00800686 -0.02248170
v -0.03458492 -0.00822661 -0.02302150
v -0.03464854 -0.00814487 -0.02302151
v -0.03749989 -0.00844527 -0.02202150
v -0.03980224 -0.01066584 -0.02176955
v -0.03474989 -0.00806711 -0.02302151
v -0.03482118 -0.00803758 -0.02302151
v -0.03491381 -0.00801146 -0.02302151
v -0.03805207 -0.01130014 -0.02183106
v -0.03824861 0.00867098 -0.02480514
v -0.03832797 0.00870273 -0.02478565
v -0.03841262 0.00845031 -0.02441012
v 0.03241312 -0.02521484 -0.04614644
v 0.03414802 -0.02325644 -0.04645768
v 0.03421224 -0.02331878 -0.04652176
v 0.02998104 -0.03270882 -0.04501948
v 0.02967072 -0.03250083 -0.04505784
v 0.03093189 -0.02722998 -0.04598167
v 0.02950659 -0.03244247 -0.04506856
v 0.02931997 -0.03237612 -0.04508076
v 0.03080057 -0.02735509 -0.04596050
v 0.02843955 -0.03246085 -0.04506519
v 0.02827197 -0.03252849 -0.04505274
v 0.02886875 -0.02919575 -0.04564903
v 0.02897168 -0.03234125 -0.04508717
v 0.02860981 -0.03239212 -0.04507783
v 0.02797563 -0.03274376 -0.04501304
v 0.02106625 -0.03636667 -0.04431343
v 0.02874328 -0.02903903 -0.04563534
v 0.02881136 -0.02911601 -0.04565324
v 0.02099790 -0.03628830 -0.04429686
v 0.02867816 -0.02896126 -0.04559424
v 0.02083223 -0.03606963 -0.04411028
v 0.02854917 -0.02877946 -0.04535317
v 0.02857744 -0.02882657 -0.04544782
v 0.02087579 -0.03613375 -0.04419309
v 0.02862135 -0.02888854 -0.04553041
v 0.02093259 -0.03620863 -0.04425662
v 0.02352837 -0.03420020 -0.04474061
v 0.02485827 -0.03215335 -0.04454656
v 0.02853888 -0.02873344 -0.04515254
v 0.02853685 -0.02874891 -0.04525419
v 0.03047928 -0.02697081 -0.04566249
v 0.02933528 -0.02799344 -0.04528367
v 0.03074683 -0.02729972 -0.04596303
v 0.03050838 -0.02701695 -0.04575688
v 0.03055327 -0.02707752 -0.04583933
v 0.03067751 -0.02722449 -0.04594464
v 0.03061120 -0.02714853 -0.04590323
v 0.02975993 -0.02759888 -0.04535358
v 0.03046637 -0.02694079 -0.04556383
v 0.03236612 -0.02515691 -0.04606421
v 0.03409778 -0.02320274 -0.04637579
v 0.03233539 -0.02511254 -0.04597026
v 0.03406454 -0.02316114 -0.04628246
v 0.03436184 -0.02345053 -0.04658421
v 0.03428542 -0.02338507 -0.04656415
v 0.03592350 -0.02131613 -0.04690761
v 0.03490026 -0.02201691 -0.04428916
v 0.03403487 -0.02310745 -0.04609047
v 0.03359455 -0.02366232 -0.04600307
v 0.03490026 -0.02201691 -0.04626226
v 0.03285501 -0.02447363 -0.04587122
v 0.03404882 -0.02313318 -0.04618499
v 0.03232136 -0.02508334 -0.04587209
v 0.03760027 -0.02457149 -0.04641729
v 0.03442367 -0.02350082 -0.04658478
v 0.03485467 -0.02298471 -0.04666538
v 0.03247353 -0.02528254 -0.04621043
v 0.03254255 -0.02535484 -0.04625226
v 0.03349379 -0.02461433 -0.04641090
v 0.03763667 -0.02447407 -0.04643313
v 0.03593196 -0.02147794 -0.04689280
v 0.03558465 -0.02103821 -0.04650858
v 0.03560274 -0.02106417 -0.04660509
v 0.03563935 -0.02110151 -0.04669759
v 0.03569384 -0.02114877 -0.04677902
v 0.03490026 -0.02201813 -0.04628917
v 0.03584154 -0.02126004 -0.04688630
v 0.03576299 -0.02120292 -0.04684319
v 0.03045673 -0.02691485 -0.04546764
v 0.03878826 -0.02220057 -0.04647936
v 0.03874230 -0.02220120 -0.04656617
v 0.03939397 -0.01969030 -0.04684422
v 0.03881634 -0.02219460 -0.04638933
v 0.03942187 -0.01968336 -0.04675359
v 0.03914923 -0.02084193 -0.04649501
v 0.03867962 -0.02219595 -0.04664418
v 0.03934768 -0.01969285 -0.04693156
v 0.03860349 -0.02218498 -0.04670840
v 0.03928416 -0.01969045 -0.04700991
v 0.03851877 -0.02216908 -0.04675549
v 0.03920676 -0.01968309 -0.04707421
v 0.03912048 -0.01967137 -0.04712108
v 0.03843089 -0.02214955 -0.04678428
v 0.03903094 -0.01965630 -0.04714932
v 0.03942219 -0.01967045 -0.04666371
v 0.03843405 -0.02179198 -0.04684602
v 0.03893187 -0.01963628 -0.04715843
v 0.03952463 -0.01923084 -0.04672701
v 0.03905093 -0.01912074 -0.04723315
v 0.03833509 -0.02212486 -0.04679478
v 0.03668407 -0.02020858 -0.04707800
v 0.03680505 -0.02000440 -0.04710779
v 0.03599876 -0.02136522 -0.04690925
v 0.03660964 -0.02016766 -0.04707528
v 0.03652470 -0.02011783 -0.04705323
v 0.03644323 -0.02006681 -0.04700969
v 0.03629378 -0.01982875 -0.04659431
v 0.03625641 -0.01991617 -0.04667641
v 0.03625077 -0.01989951 -0.04658365
v 0.03662286 -0.01918948 -0.04628916
v 0.03889188 -0.02194639 -0.04633597
v 0.03833144 -0.01179291 -0.04428915
v 0.03837044 -0.01129985 -0.04428915
v 0.03490022 -0.01129986 -0.04428916
v 0.03828047 -0.01254018 -0.04428915
v 0.03210177 -0.02529998 -0.04573692
v 0.03647771 -0.01948019 -0.03628916
v 0.03646240 -0.01947202 -0.04428916
v 0.03595474 -0.02042458 -0.04428916
v 0.03670870 -0.01900988 -0.04428916
v 0.03748401 -0.01700361 -0.03628916
v 0.03729300 -0.01758553 -0.04428915
v 0.03774554 -0.01604653 -0.04428915
v 0.03746570 -0.01699822 -0.04428915
v 0.03498323 -0.02190234 -0.03628917
v 0.03497829 -0.02189906 -0.04428916
v 0.03261466 -0.02542640 -0.04627136
v 0.03807792 -0.01433377 -0.04428915
v 0.03809759 -0.01420011 -0.03628916
v 0.03809306 -0.01419960 -0.04428915
v 0.03833141 -0.01179291 -0.03628915
v 0.03660787 -0.01918222 -0.04668864
v 0.03461905 -0.03170062 -0.04517192
v 0.03454140 -0.03166327 -0.04520318
v 0.03581676 -0.02939087 -0.04558244
v 0.03445796 -0.03161991 -0.04521781
v 0.03573633 -0.02935736 -0.04561311
v 0.03431061 -0.03190063 -0.04516772
v 0.03486164 -0.03178555 -0.04489902
v 0.03606691 -0.02946408 -0.04530874
v 0.03609494 -0.02946230 -0.04522074
v 0.03481877 -0.03177711 -0.04498340
v 0.03602309 -0.02945770 -0.04539372
v 0.03476198 -0.03175949 -0.04505981
v 0.03596462 -0.02944282 -0.04547052
v 0.03469407 -0.03173344 -0.04512369
v 0.03589443 -0.02942005 -0.04553449
v 0.03557488 -0.02949203 -0.04559741
v 0.03516964 -0.03128850 -0.04481375
v 0.03609605 -0.02944761 -0.04513462
v 0.03030823 -0.03313723 -0.04494002
v 0.03565250 -0.02931942 -0.04562687
v 0.03020143 -0.03294712 -0.04497538
v 0.03659190 -0.02723029 -0.04598344
v 0.03038753 -0.03327839 -0.04491378
v 0.03624422 -0.02915320 -0.04518593
v 0.03687100 -0.02703067 -0.04598445
v 0.03178239 -0.02641961 -0.04611880
v 0.03715659 -0.02708748 -0.04562124
v 0.03806523 -0.02466483 -0.04601119
v 0.03736708 -0.02658704 -0.04561509
v 0.03712843 -0.02709069 -0.04570993
v 0.03708373 -0.02708659 -0.04579553
v 0.03803705 -0.02466946 -0.04610057
v 0.03702365 -0.02707478 -0.04587272
v 0.03799162 -0.02466774 -0.04618678
v 0.03488943 -0.03178512 -0.04481168
v 0.03837041 -0.01129985 -0.03628915
v 0.03489093 -0.03177011 -0.04472597
v 0.03490023 -0.02201691 -0.03628917
v 0.02080463 -0.03602062 -0.04401506
v 0.03635470 -0.02893367 -0.04522419
v 0.03695126 -0.02705571 -0.04593678
v 0.03715740 -0.02707305 -0.04553413
v 0.03678784 -0.02700151 -0.04601447
v 0.03668008 -0.02703418 -0.04601692
v 0.03670428 -0.02696941 -0.04602745
v 0.03793012 -0.02465920 -0.04626439
v 0.03785570 -0.02464414 -0.04632852
v 0.03790217 -0.02510146 -0.04585122
v 0.03231705 -0.02506380 -0.04577531
v 0.03267223 -0.02548097 -0.04627068
v 0.03768733 -0.02459923 -0.04640529
v 0.03824084 -0.02416124 -0.04600067
v 0.03882243 -0.02218267 -0.04630020
v 0.03806465 -0.02465037 -0.04592292
v 0.03777304 -0.02462363 -0.04637590
v 0.04061241 -0.01162412 -0.02216448
v 0.04027765 -0.01455414 -0.04733702
v 0.04047611 -0.01306229 -0.04752177
v 0.03728644 -0.01898164 -0.04725193
v 0.03770886 -0.01623126 -0.04719744
v 0.03785631 -0.01556085 -0.04719312
v 0.03818043 -0.01364086 -0.04753103
v 0.03809833 -0.01638190 -0.04759579
v 0.03857885 -0.01373689 -0.04792928
v 0.03838657 -0.01550829 -0.04771709
v 0.03841230 -0.01540121 -0.04773102
v 0.03814439 -0.01385747 -0.04741156
v 0.03820606 -0.01365526 -0.04762418
v 0.03783973 -0.01629897 -0.04746193
v 0.03831611 -0.01368901 -0.04779353
v 0.03839593 -0.01370638 -0.04785800
v 0.03800643 -0.01635544 -0.04757125
v 0.03848560 -0.01372263 -0.04790359
v 0.03791813 -0.01632723 -0.04752631
v 0.03773285 -0.01624963 -0.04729144
v 0.03825163 -0.01367161 -0.04771376
v 0.03777679 -0.01627256 -0.04738175
v 0.03866437 -0.01374773 -0.04793606
v 0.04028552 -0.01456687 -0.04743089
v 0.04025803 -0.01457465 -0.04752242
v 0.04081072 -0.00938919 -0.04802220
v 0.04021151 -0.01457955 -0.04761056
v 0.04078356 -0.00939679 -0.04811434
v 0.04014710 -0.01458094 -0.04768945
v 0.04073704 -0.00940256 -0.04820304
v 0.04006827 -0.01457868 -0.04775391
v 0.04067229 -0.00940595 -0.04828233
v 0.03998019 -0.01457298 -0.04780047
v 0.04059279 -0.00940668 -0.04834693
v 0.03988873 -0.01456448 -0.04782798
v 0.04050386 -0.00940477 -0.04839333
v 0.03978118 -0.01455108 -0.04783271
v 0.04001953 -0.01269860 -0.04806176
v 0.03868802 -0.01359256 -0.04795530
v 0.04041148 -0.00940058 -0.04842042
v 0.04031201 -0.00939342 -0.04842564
v 0.03885906 -0.01129985 -0.04822241
v 0.03814448 -0.01385692 -0.04741163
v 0.03816521 -0.01362810 -0.04743918
v 0.03833145 -0.01179291 -0.04766011
v 0.03838372 -0.01129985 -0.04788168
v 0.03837045 -0.01129984 -0.04628915
v 0.03834224 -0.01167523 -0.04773963
v 0.03833696 -0.01173408 -0.04769987
v 0.03490022 -0.01129986 -0.04628917
v 0.03987654 -0.01714670 -0.04719264
v 0.03983010 -0.01715063 -0.04728042
v 0.03976604 -0.01715040 -0.04735907
v 0.03968778 -0.01714589 -0.04742345
v 0.03960043 -0.01713751 -0.04747013
v 0.03950976 -0.01712606 -0.04749797
v 0.03958163 -0.01610198 -0.04764095
v 0.03940456 -0.01710924 -0.04750488
v 0.03817197 -0.01640140 -0.04760093
v 0.03965807 -0.01550795 -0.04771440
v 0.04010705 -0.01583656 -0.04717821
v 0.03843706 -0.01129985 -0.04799140
v 0.03850522 -0.01129985 -0.04807289
v 0.03820679 -0.00789323 -0.02254173
v 0.03820658 -0.00789318 -0.04804088
v 0.03817695 -0.00791299 -0.02253742
v 0.03830177 -0.00779765 -0.02256288
v 0.03834764 -0.00772303 -0.04807539
v 0.03829356 -0.00780629 -0.02256097
v 0.03835586 -0.00770052 -0.02258428
v 0.03835586 -0.00770081 -0.04807977
v 0.03821795 -0.00788584 -0.02254335
v 0.03825142 -0.00785062 -0.02255115
v 0.03829277 -0.00780596 -0.04805852
v 0.03836128 -0.00769079 -0.02258643
v 0.03838990 -0.00758320 -0.04810281
v 0.03838693 -0.00759675 -0.02260664
v 0.03839042 -0.00758295 -0.02260960
v 0.03839673 -0.00755797 -0.02261495
v 0.03839422 -0.00754831 -0.04810960
v 0.03810071 -0.00795451 -0.02252832
v 0.03810121 -0.00795620 -0.04802821
v 0.03801397 -0.00798672 -0.02252120
v 0.03798358 -0.00799023 -0.02252040
v 0.03799771 -0.00798859 -0.02252077
v 0.03840012 -0.00749985 -0.02262745
v 0.03840022 -0.00749985 -0.04811901
v 0.03490012 -0.00849987 -0.02302125
v 0.03490019 -0.01129986 -0.03628917
v 0.03490018 -0.01129986 -0.03428917
v 0.03490601 -0.00845513 -0.02302125
v 0.03491725 -0.00837045 -0.04751664
v 0.03491716 -0.00837045 -0.02302125
v 0.03493965 -0.00831617 -0.02302125
v 0.03493973 -0.00831617 -0.04751664
v 0.03496711 -0.00824987 -0.02302125
v 0.03496720 -0.00824987 -0.04751664
v 0.03504657 -0.00814631 -0.02302125
v 0.03527071 -0.00801690 -0.02302125
v 0.03527080 -0.00801690 -0.04751664
v 0.03522146 -0.00803730 -0.02302125
v 0.03531409 -0.00801119 -0.02302125
v 0.03540012 -0.00799986 -0.02302125
v 0.03540021 -0.00799986 -0.04751664
v 0.03531415 -0.00801119 -0.04751664
v 0.03515012 -0.00806685 -0.02302125
v 0.03522153 -0.00803731 -0.04751664
v 0.03515021 -0.00806685 -0.04751664
v 0.04078607 -0.00963638 -0.02239189
v 0.04079585 -0.00963737 -0.04790280
v 0.04110683 -0.00442561 -0.02980720
v 0.04111691 -0.00418256 -0.03065656
v 0.04113307 -0.00377544 -0.03144642
v 0.04090014 -0.00375420 -0.03147889
v 0.03813606 -0.00794008 -0.02253150
v 0.03813159 -0.00794305 -0.02253086
v 0.03819616 -0.00790286 -0.04803893
v 0.03821784 -0.00788591 -0.02254333
v 0.03851799 -0.01129985 -0.04808817
v 0.03867556 -0.01129985 -0.04818346
v 0.03873123 -0.01129985 -0.04820566
v 0.03833272 -0.01177969 -0.04768418
v 0.03833472 -0.01175836 -0.04770081
v 0.03833189 -0.01178840 -0.04767331
v 0.03833159 -0.01179153 -0.04766666
v 0.03835602 -0.01149195 -0.04778672
v 0.03839349 -0.01129985 -0.04790178
v 0.03833145 -0.01179291 -0.04628915
v 0.03861870 -0.01129984 -0.04816078
v 0.03876818 -0.01129985 -0.04821051
v 0.03837038 -0.01129986 -0.02628915
v 0.03837041 -0.01129985 -0.03428915
v 0.03683643 -0.01871177 -0.04675727
v 0.03684755 -0.01872994 -0.04684947
v 0.03731503 -0.01747310 -0.04693264
v 0.03692430 -0.01853091 -0.04678366
v 0.03733468 -0.01749273 -0.04702489
v 0.03735738 -0.01751330 -0.04711948
v 0.03686866 -0.01875269 -0.04694475
v 0.03739988 -0.01754013 -0.04721030
v 0.03690925 -0.01878358 -0.04703617
v 0.03696852 -0.01882132 -0.04711698
v 0.03753815 -0.01760701 -0.04735511
v 0.03704305 -0.01886355 -0.04718126
v 0.03746130 -0.01757203 -0.04729078
v 0.03757606 -0.01669205 -0.04628915
v 0.03756265 -0.01668851 -0.04704088
v 0.03746185 -0.01707562 -0.04698862
v 0.03502598 -0.02184269 -0.04628916
v 0.03538175 -0.02132948 -0.04636802
v 0.03557190 -0.02101659 -0.04641521
v 0.03627594 -0.01994072 -0.04677233
v 0.03990148 -0.01712644 -0.04701046
v 0.03990424 -0.01713919 -0.04710152
v 0.04003360 -0.01638867 -0.04710984
v 0.03631450 -0.01997516 -0.04686433
v 0.03721521 -0.01894970 -0.04724817
v 0.03712736 -0.01890731 -0.04722527
v 0.03637137 -0.02001809 -0.04694547
v 0.03771519 -0.01767679 -0.04742338
v 0.03762487 -0.01764269 -0.04739961
v 0.03803517 -0.01697071 -0.04752688
v 0.03814441 -0.01385747 -0.04628915
v 0.03768639 -0.01621335 -0.04710502
v 0.03778171 -0.01770002 -0.04742794
v 0.03747699 -0.01857680 -0.04730899
v -0.03512052 -0.02102352 -0.02092899
v 0.04011171 -0.01583730 -0.02165743
v -0.03832796 0.00908055 -0.02577303
v -0.03832898 0.00916628 -0.02646697
v -0.03841261 0.00910290 -0.02576837
v -0.03802888 0.00878496 -0.02583474
v -0.03800924 0.00878285 -0.02648915
v -0.03801205 0.00880774 -0.02648771
v -0.03800684 0.00870187 -0.02585209
v -0.03799994 0.00870049 -0.02649392
v -0.03801248 0.00881156 -0.02648749
v -0.03803183 0.00886680 -0.02648430
v -0.03824861 0.00904407 -0.02578065
v -0.03818820 0.00909075 -0.02647134
v -0.03828214 0.00914968 -0.02646793
v -0.03828300 0.00915022 -0.02646790
v -0.03806539 0.00886301 -0.02581845
v -0.03804846 0.00891422 -0.02648155
v -0.03804946 0.00891707 -0.02648139
v -0.03811527 0.00893360 -0.02580371
v -0.03810782 0.00900979 -0.02647602
v -0.03810902 0.00901171 -0.02647591
v -0.03817697 0.00899459 -0.02579098
v -0.03818707 0.00908962 -0.02647140
v -0.04093789 0.00807154 -0.02473363
v -0.04093802 0.00809052 -0.02475012
v -0.04093991 0.00836753 -0.02515284
v -0.04094096 0.00852093 -0.02556051
v -0.04094141 0.00858657 -0.02573498
v -0.03841261 0.00892499 -0.02517650
v -0.03850014 0.00901177 -0.02539280
v -0.03850021 0.00891525 -0.02518130
v -0.03850011 0.00903779 -0.02551700
v -0.04044067 0.00900163 -0.02540820
v -0.04044089 0.00904324 -0.02551679
v -0.03850005 0.00909099 -0.02577087
v -0.04093274 0.00842488 -0.02507483
v -0.04093405 0.00861796 -0.02552874
v -0.04053173 0.00878259 -0.02487912
v -0.04053245 0.00890911 -0.02514045
v -0.04062650 0.00888381 -0.02515086
v -0.04071611 0.00871683 -0.02491468
v -0.04062576 0.00875849 -0.02489205
v -0.04071686 0.00884002 -0.02516909
v -0.04079646 0.00865863 -0.02494646
v -0.04086267 0.00879454 -0.02547253
v -0.04086131 0.00858719 -0.02498561
v -0.04090706 0.00850743 -0.02502942
v -0.04090840 0.00870777 -0.02550013
v -0.04079783 0.00887223 -0.02544787
v -0.03800684 0.00854563 -0.02533085
v -0.03802888 0.00862423 -0.02529887
v -0.03806540 0.00869806 -0.02526883
v -0.03811527 0.00876484 -0.02524166
v -0.03817698 0.00882253 -0.02521819
v -0.03824861 0.00886934 -0.02519914
v -0.03832797 0.00890385 -0.02518511
v -0.03799994 0.00860024 -0.02587233
v -0.04044015 0.00890033 -0.02514377
v -0.04044217 0.00919965 -0.02646505
v -0.04044148 0.00911988 -0.02593954
v -0.04093027 0.00880870 -0.02648748
v -0.04094216 0.00869881 -0.02649383
v -0.04087272 0.00894852 -0.02647941
v -0.04044099 0.00906392 -0.02557078
v -0.04053379 0.00913378 -0.02593745
v -0.04079862 0.00899439 -0.02596031
v -0.04083430 0.00901017 -0.02647585
v -0.04094216 0.00870360 -0.02649355
v -0.04094216 0.00870262 -0.02649361
v -0.04094216 0.00870169 -0.02649366
v -0.04094217 0.00870091 -0.02649371
v -0.04094217 0.00870058 -0.02649373
v -0.04094217 0.00870056 -0.02649373
v -0.04094217 0.00870051 -0.02649373
v -0.04094217 0.00870045 -0.02649373
v -0.04094217 0.00870038 -0.02649374
v -0.04094217 0.00870029 -0.02649374
v -0.04094217 0.00870021 -0.02649375
v -0.04094217 0.00870014 -0.02649375
v -0.04094217 0.00869978 -0.02649377
v -0.04094217 0.00869970 -0.02649378
v -0.04094206 0.00871113 -0.02649312
v -0.04094216 0.00870409 -0.02649352
v -0.04094156 0.00872518 -0.02649230
v -0.04093937 0.00875321 -0.02649068
v -0.04094216 0.00869706 -0.02649393
v -0.04093439 0.00878356 -0.02648893
v -0.03929994 0.00919965 -0.02646504
v -0.03849996 0.00917436 -0.02616878
v -0.03849994 0.00919965 -0.02646504
v -0.03841285 0.00918985 -0.02646560
v -0.04062709 0.00898075 -0.02541360
v -0.04053302 0.00900687 -0.02540547
v -0.04071746 0.00893549 -0.02542785
v -0.04043971 0.00881535 -0.02492197
v -0.04071824 0.00905990 -0.02594952
v -0.04062786 0.00910676 -0.02594184
v -0.03838868 0.00918714 -0.02646576
v -0.03838822 0.00918698 -0.02646577
v -0.04092327 0.00882902 -0.02648630
v -0.04092820 0.00775886 -0.02434975
v -0.04090239 0.00781119 -0.02427162
v -0.04093078 0.00813745 -0.02467280
v -0.03850045 0.00838505 -0.02432983
v -0.04043793 0.00844326 -0.02439101
v -0.03850044 0.00843897 -0.02439856
v -0.03850043 0.00844857 -0.02441080
v -0.03841261 0.00872217 -0.02477371
v -0.04043793 0.00844513 -0.02439368
v -0.04043794 0.00844519 -0.02439375
v -0.03850035 0.00872356 -0.02476125
v -0.04043875 0.00861556 -0.02463688
v -0.04048328 0.00844389 -0.02439474
v -0.04052980 0.00843898 -0.02439894
v -0.04057686 0.00843060 -0.02440633
v -0.04062378 0.00841856 -0.02441707
v -0.04066979 0.00840279 -0.02443123
v -0.04071408 0.00838336 -0.02444877
v -0.04075587 0.00836042 -0.02446952
v -0.04079442 0.00833428 -0.02449324
v -0.04085926 0.00827409 -0.02454801
v -0.03817698 0.00862791 -0.02483159
v -0.03811527 0.00857485 -0.02486418
v -0.03802888 0.00844549 -0.02494361
v -0.03800684 0.00837319 -0.02498801
v -0.03806540 0.00851341 -0.02490191
v -0.03850030 0.00878932 -0.02490534
v -0.04090504 0.00820692 -0.02460928
v -0.04079553 0.00851021 -0.02471052
v -0.04043956 0.00878512 -0.02487883
v -0.04043964 0.00880055 -0.02490085
v -0.04053084 0.00862559 -0.02462949
v -0.04062485 0.00860313 -0.02464506
v -0.04071517 0.00856435 -0.02467229
v -0.04089371 0.00891485 -0.02648135
v -0.03799990 0.00222271 -0.02959542
v -0.03799990 0.00199294 -0.03015014
v -0.04049992 0.00448296 -0.02859677
v -0.04091212 0.00446138 -0.02859891
v -0.04049991 0.00450107 -0.02900015
v -0.04091246 0.00450107 -0.02900015
v -0.04091214 0.00446471 -0.02940187
v -0.04049991 0.00448296 -0.02940353
v -0.04091182 0.00442793 -0.02980823
v -0.04091007 0.00423485 -0.03048249
v -0.04049991 0.00424855 -0.03048640
v -0.04090962 0.00418470 -0.03065766
v -0.04090558 0.00377740 -0.03144746
v -0.03929994 0.00920049 -0.02649392
v -0.04044213 0.00920048 -0.03863140
v -0.04044217 0.00920049 -0.02649393
v -0.04094217 0.00870048 -0.02649393
v -0.04094211 0.00869706 -0.03863137
v -0.04093296 0.00878445 -0.02649393
v -0.04093028 0.00880888 -0.02649393
v -0.04090899 0.00887947 -0.03863141
v -0.04092327 0.00882925 -0.02649393
v -0.04089371 0.00891522 -0.02649393
v -0.04052993 0.00919055 -0.02649393
v -0.04053012 0.00919268 -0.03863140
v -0.04055391 0.00918783 -0.02649393
v -0.04057101 0.00918182 -0.02649393
v -0.04065999 0.00915054 -0.02649393
v -0.04087272 0.00894895 -0.02649393
v -0.04086006 0.00896929 -0.02649393
v -0.04083430 0.00901070 -0.02649393
v -0.04079706 0.00905265 -0.03863141
v -0.04079485 0.00905041 -0.02649393
v -0.04086266 0.00897094 -0.03863141
v -0.04079348 0.00905180 -0.02649393
v -0.04071586 0.00911889 -0.03863141
v -0.04075506 0.00909048 -0.02649393
v -0.04069069 0.00913115 -0.02649393
v -0.04079348 0.00905120 -0.02647349
v -0.04079675 0.00904792 -0.02647369
v -0.04069069 0.00913042 -0.02646896
v -0.04065999 0.00914979 -0.02646785
v -0.04053394 0.00918928 -0.02646561
v -0.04055391 0.00918702 -0.02646573
v -0.04057101 0.00918102 -0.02646607
v -0.04086116 0.00896707 -0.02647834
v -0.04075506 0.00908982 -0.02647128
v -0.04062474 0.00916594 -0.03863141
v 0.03490019 -0.02201691 -0.02628917
v 0.03497826 -0.02189906 -0.03428917
v 0.03490022 -0.02201690 -0.03428917
v 0.03809755 -0.01420012 -0.02628916
v 0.03809302 -0.01419961 -0.03428915
v 0.03807788 -0.01433376 -0.03428916
v 0.03828044 -0.01254018 -0.03428915
v 0.03833137 -0.01179291 -0.02628915
v 0.03833140 -0.01179291 -0.03428915
v 0.03670867 -0.01900988 -0.03428916
v 0.03729296 -0.01758553 -0.03428916
v 0.03746567 -0.01699822 -0.03428916
v 0.03774550 -0.01604653 -0.03428915
v 0.03915555 -0.02084369 -0.02100526
v 0.04007445 -0.01611884 -0.02162290
v 0.04007918 -0.01609139 -0.02162641
v 0.03646236 -0.01947202 -0.03428916
v 0.03595470 -0.02042459 -0.03428916
v 0.03624335 -0.02915278 -0.01974398
v 0.03738332 -0.02654571 -0.02017334
v 0.03790123 -0.02510120 -0.02039343
v 0.03526984 -0.03108183 -0.01940220
v 0.03420743 -0.03295120 -0.04451068
v 0.03865600 -0.02271825 -0.02074293
v 0.03902981 -0.02141064 -0.02092922
v 0.03263288 -0.02473867 -0.02037502
v 0.03285986 -0.02447837 -0.02041482
v 0.02847126 -0.02878366 -0.01970256
v 0.02932915 -0.02798703 -0.01984077
v 0.03035207 -0.02703717 -0.02000556
v 0.03040580 -0.02698302 -0.02001426
v 0.03647767 -0.01948020 -0.02628916
v 0.03748397 -0.01700361 -0.02628916
v 0.03498319 -0.02190235 -0.02628916
v -0.04049992 0.00424855 -0.02751389
v -0.04049991 0.00222271 -0.02840487
v -0.04049991 0.00199293 -0.02785015
v -0.03799991 0.00222272 -0.02840486
v -0.03799991 0.00230108 -0.02900014
v -0.04049991 0.00230108 -0.02900015
v -0.03799989 0.00115108 -0.03099200
v -0.03799990 0.00162743 -0.03062649
v -0.04049990 0.00162742 -0.03062650
v -0.04049989 0.00115107 -0.03099200
v -0.04049990 0.00222270 -0.02959543
v -0.04049990 0.00199293 -0.03015015
v -0.04049990 0.00375665 -0.03147919
v -0.04091004 0.00423090 -0.02751928
v -0.04091171 0.00441384 -0.02811836
v -0.03828179 0.00915038 -0.02649392
v -0.03838802 0.00918780 -0.02649392
v -0.03841646 0.00919102 -0.02649392
v -0.03849994 0.00920049 -0.02649392
v -0.03829885 0.00915640 -0.02649392
v -0.03800901 0.00878402 -0.02649392
v -0.03801159 0.00880781 -0.02649392
v -0.03804367 0.00890171 -0.02649392
v -0.03804801 0.00891439 -0.02649392
v -0.03810582 0.00900765 -0.02649392
v -0.03810735 0.00901012 -0.02649392
v -0.03818662 0.00909015 -0.02649392
v -0.03819303 0.00909420 -0.02649392
v -0.03498453 -0.02121441 -0.02090118
v -0.03397891 -0.02262598 -0.02069551
v -0.03833477 -0.02251186 -0.02077524
v 0.03497823 -0.00826198 -0.02283843
v 0.03500398 -0.00821881 -0.02284351
v 0.03575148 -0.00806950 -0.02227861
v 0.03590012 -0.00803269 -0.02235038
v 0.03564218 -0.00802964 -0.02240011
v 0.03590012 -0.00801461 -0.02239767
v 0.03560913 -0.00807006 -0.02232125
v 0.03547778 -0.00807099 -0.02239056
v 0.03590012 -0.00800976 -0.02243727
v 0.03567628 -0.00800659 -0.02248149
v 0.03590013 -0.00799986 -0.02251821
v 0.03580179 -0.00799986 -0.02252827
v 0.03570887 -0.00799986 -0.02255974
v 0.03548701 -0.00800678 -0.02260789
v 0.03568347 -0.00799986 -0.02256834
v 0.03558245 -0.00799986 -0.02263289
v 0.03543411 -0.00812877 -0.02232588
v 0.03530601 -0.00813106 -0.02242866
v 0.03539750 -0.00820059 -0.02227164
v 0.03525944 -0.00820411 -0.02238255
v 0.03542338 -0.00803054 -0.02254489
v 0.03536179 -0.00807224 -0.02248390
v 0.03526593 -0.00807377 -0.02259792
v 0.03520004 -0.00813386 -0.02255429
v 0.03533887 -0.00803116 -0.02264623
v 0.03506851 -0.00814061 -0.02285622
v 0.03514532 -0.00820843 -0.02251806
v 0.03495716 -0.00830687 -0.02283428
v 0.03503439 -0.00825557 -0.02266359
v 0.03507178 -0.00842587 -0.02246935
v 0.03497936 -0.00843482 -0.02264100
v 0.03497900 -0.00847984 -0.02264114
v 0.03498677 -0.00838981 -0.02264405
v 0.03507904 -0.00838151 -0.02247416
v 0.03499832 -0.00834450 -0.02264879
v 0.03508994 -0.00833694 -0.02248138
v 0.03510462 -0.00829279 -0.02249110
v 0.03501418 -0.00829952 -0.02265530
v 0.03512310 -0.00824972 -0.02250334
v 0.03505887 -0.00821339 -0.02267364
v 0.03496317 -0.00848161 -0.02267169
v 0.03492504 -0.00849011 -0.02282818
v 0.03492926 -0.00839884 -0.02282879
v 0.03494087 -0.00835273 -0.02283107
v 0.03511967 -0.00813709 -0.02269860
v 0.03492216 -0.00844453 -0.02282739
v 0.03491826 -0.00849162 -0.02285597
v 0.03490745 -0.00849403 -0.02290034
v 0.03544171 -0.00799986 -0.02283071
v 0.03541603 -0.00799986 -0.02289644
v 0.03523495 -0.00803266 -0.02288901
v 0.03514724 -0.00807744 -0.02287173
v 0.03490014 -0.01129986 -0.02428916
v 0.03490013 -0.00990012 -0.02286456
v 0.03490015 -0.01129987 -0.02628917
v 0.04056427 -0.00704408 -0.02218151
v 0.04059862 -0.00457507 -0.02243150
v 0.04045225 -0.00703597 -0.02216779
v 0.03890010 -0.00292387 -0.02259703
v 0.03890012 -0.00744612 -0.02213034
v 0.03881339 -0.00744717 -0.02214006
v 0.03880935 -0.00744722 -0.02214051
v 0.03878886 -0.00744747 -0.02214280
v 0.03880959 -0.00292504 -0.02260889
v 0.04096447 -0.00711034 -0.02258011
v 0.04095680 -0.00711917 -0.02266631
v 0.04111933 -0.00412221 -0.02298180
v 0.04074719 -0.00706262 -0.02225365
v 0.04085917 -0.00255438 -0.02266877
v 0.04065750 -0.00705240 -0.02220773
v 0.04082718 -0.00707425 -0.02231822
v 0.04094883 -0.00256185 -0.02271484
v 0.04089202 -0.00708661 -0.02239789
v 0.04102883 -0.00257081 -0.02277947
v 0.04093814 -0.00709888 -0.02248724
v 0.04109374 -0.00258075 -0.02285913
v 0.04076599 -0.00254873 -0.02264233
v 0.04114001 -0.00259102 -0.02294840
v 0.04116656 -0.00260100 -0.02304119
v 0.03527511 -0.00803188 -0.02276240
v 0.03553450 -0.00799986 -0.02267813
v 0.03553450 -0.00799986 -0.02267813
v 0.03519333 -0.00807552 -0.02272883
v 0.03535974 -0.00800707 -0.02279713
v 0.03546098 -0.00799986 -0.02278138
v 0.03507409 -0.00846922 -0.02245759
v 0.03503705 -0.00847336 -0.02252908
v 0.03495820 -0.00992037 -0.02252428
v 0.03491404 -0.00993952 -0.02269279
v 0.03490013 -0.00995829 -0.02285786
v 0.03490013 -0.00990012 -0.02286455
v 0.03503711 -0.01129986 -0.02220817
v 0.03497706 -0.01129986 -0.02231827
v 0.03837037 -0.01129985 -0.02428915
v 0.03496374 -0.01129986 -0.02236684
v 0.03491711 -0.01129987 -0.02253690
v 0.03490998 -0.01129987 -0.02256289
v 0.03490013 -0.01129986 -0.02270341
v 0.03590012 -0.00844499 -0.02202123
v 0.03590012 -0.00836093 -0.02204107
v 0.03572601 -0.00844598 -0.02204079
v 0.03590012 -0.00832680 -0.02204912
v 0.03570681 -0.00836116 -0.02205725
v 0.03570378 -0.00844611 -0.02204328
v 0.03567843 -0.00844624 -0.02204613
v 0.03552191 -0.00836389 -0.02211311
v 0.03555909 -0.00844863 -0.02208977
v 0.03590012 -0.00827728 -0.02207459
v 0.03571336 -0.00827635 -0.02208970
v 0.03503128 -0.00990238 -0.02236602
v 0.03508489 -0.01129986 -0.02212058
v 0.03513106 -0.00988611 -0.02222286
v 0.03590013 -0.00984514 -0.02186247
v 0.03572555 -0.00984709 -0.02187960
v 0.03555633 -0.00985223 -0.02192490
v 0.03551806 -0.00844944 -0.02210477
v 0.03539768 -0.00986065 -0.02199886
v 0.03540042 -0.00845253 -0.02216065
v 0.03525445 -0.00987205 -0.02209921
v 0.03519597 -0.00846142 -0.02231921
v 0.03513644 -0.00846523 -0.02238680
v 0.03544052 -0.00845099 -0.02213313
v 0.03534727 -0.00845457 -0.02219712
v 0.03526634 -0.00845767 -0.02225266
v 0.03523665 -0.00845881 -0.02227303
v 0.03590012 -0.00821882 -0.02210467
v 0.03572324 -0.00819636 -0.02213863
v 0.03553459 -0.00827855 -0.02214337
v 0.03590012 -0.00819754 -0.02212328
v 0.03573615 -0.00812603 -0.02220264
v 0.03590012 -0.00812742 -0.02218462
v 0.03590012 -0.00807118 -0.02226532
v 0.03557909 -0.00812707 -0.02224957
v 0.03555383 -0.00819797 -0.02218928
v 0.03590012 -0.00805798 -0.02228424
v 0.03529422 -0.00828438 -0.02228576
v 0.03524040 -0.00824462 -0.02236369
v 0.03522446 -0.00828692 -0.02234790
v 0.03519541 -0.00841804 -0.02231914
v 0.03520202 -0.00837426 -0.02232568
v 0.03521166 -0.00833036 -0.02233523
v 0.03536977 -0.00828212 -0.02223057
v 0.03543473 -0.00836590 -0.02215426
v 0.03535171 -0.00836831 -0.02220382
v 0.03545020 -0.00828017 -0.02218291
v 0.03527382 -0.00837111 -0.02226116
v 0.03524930 -0.01129987 -0.02193895
v 0.03877070 -0.00292555 -0.02261398
v 0.03871698 -0.00745017 -0.02216781
v 0.03871767 -0.00292770 -0.02263584
v 0.03868317 -0.00745145 -0.02217957
v 0.03970007 0.00646577 -0.02346825
v 0.03890007 0.00646542 -0.02346822
v 0.03880935 0.00646365 -0.02347868
v 0.03880874 0.00646364 -0.02347875
v 0.03878509 0.00646318 -0.02348147
v 0.04131520 0.00642735 -0.02387641
v 0.04129309 0.00643578 -0.02378789
v 0.04131636 0.00642691 -0.02388105
v 0.04116828 -0.00260967 -0.02312905
v 0.04132280 0.00642446 -0.02390683
v 0.04119059 -0.00192024 -0.02319617
v 0.04132644 0.00641901 -0.02396675
v 0.03841202 -0.00296410 -0.02300454
v 0.03841173 0.00640606 -0.02387434
v 0.03840009 0.00170908 -0.02354044
v 0.03862823 -0.00293210 -0.02268039
v 0.03866542 0.00645627 -0.02352612
v 0.03862848 0.00645248 -0.02355177
v 0.03871744 0.00645927 -0.02350671
v 0.03871626 0.00645921 -0.02350715
v 0.03856517 0.00644598 -0.02359573
v 0.03854655 -0.00293826 -0.02274277
v 0.03854824 0.00644320 -0.02361479
v 0.03848387 -0.00294627 -0.02282406
v 0.03854659 0.00644293 -0.02361665
v 0.03848930 0.00643352 -0.02368116
v 0.03848296 0.00643180 -0.02369324
v 0.03846709 -0.00294843 -0.02284582
v 0.03848158 0.00643142 -0.02369586
v 0.03843641 0.00641918 -0.02378195
v 0.03841714 -0.00296028 -0.02296583
v 0.03843084 0.00641767 -0.02379257
v 0.04122660 -0.00080730 -0.02330452
v 0.04121898 -0.00109293 -0.02465394
v 0.04122578 -0.00084020 -0.02457924
v 0.04124555 0.00000171 -0.02450348
v 0.04090010 -0.00109816 -0.02463625
v 0.04124645 0.00004027 -0.02450001
v 0.04124478 0.00644458 -0.02369794
v 0.04126436 0.00092362 -0.02459536
v 0.04124312 0.00644488 -0.02369485
v 0.04123463 0.00644642 -0.02367904
v 0.04093996 0.00646483 -0.02348135
v 0.04105369 0.00646126 -0.02352287
v 0.04117927 0.00645226 -0.02361866
v 0.03843910 -0.00295506 -0.02291306
v 0.03865010 -0.00293045 -0.02266369
v 0.04091721 0.00646508 -0.02347874
v 0.04077422 0.00153020 -0.02302163
v 0.04109813 0.00645852 -0.02355247
v 0.04115063 0.00645528 -0.02358742
v 0.04109975 0.00645842 -0.02355355
v 0.04091766 0.00646508 -0.02347879
v 0.04090010 0.00000138 -0.02449985
v 0.04090009 0.00110091 -0.02463625
v 0.03890006 0.00657967 -0.02348610
v 0.04101387 0.00695433 -0.02360005
v 0.04110393 0.00694239 -0.02364559
v 0.04118413 0.00692590 -0.02370933
v 0.03841090 0.00640555 -0.02387790
v 0.03840271 0.00640057 -0.02391293
v 0.03840007 0.00639327 -0.02396338
v 0.03862478 0.00696342 -0.02365078
v 0.03854460 0.00694698 -0.02371449
v 0.04082827 0.00695965 -0.02358380
v 0.04082637 0.00646608 -0.02346829
v 0.04092018 0.00696140 -0.02357383
v 0.04118618 0.00742646 -0.02387361
v 0.04082947 0.00727149 -0.02365678
v 0.04110598 0.00745193 -0.02381289
v 0.03840010 0.00162771 -0.02737351
v 0.03840010 0.00115137 -0.02700800
v 0.04126737 0.00109662 -0.02464987
v 0.04127910 0.00177083 -0.02486232
v 0.03840010 -0.00297299 -0.02309461
v 0.03840011 0.00000137 -0.02669986
v 0.04090011 -0.00059391 -0.02677822
v 0.04090011 -0.00114863 -0.02700799
v 0.04090011 0.00000138 -0.02669985
v 0.04090010 0.00059667 -0.02677822
v 0.04090009 0.00213379 -0.02503717
v 0.04090010 0.00115138 -0.02700799
v 0.03840011 0.00059666 -0.02677823
v 0.04128437 0.00212340 -0.02505607
v 0.04129066 0.00254529 -0.02528790
v 0.04129687 0.00302552 -0.02569241
v 0.04090009 0.00303740 -0.02567831
v 0.04129947 0.00322706 -0.02586217
v 0.04130545 0.00375419 -0.02652302
v 0.04090009 0.00375696 -0.02652081
v 0.04090013 -0.00162497 -0.03062620
v 0.03840013 -0.00114863 -0.03099171
v 0.03840013 -0.00162498 -0.03062621
v 0.04065704 -0.00254381 -0.02262784
v 0.04117898 -0.00247611 -0.02524325
v 0.04118980 -0.00212101 -0.02505619
v 0.04113398 -0.00375081 -0.02652264
v 0.04113475 -0.00373145 -0.02648668
v 0.04115558 -0.00316750 -0.02580481
v 0.04116039 -0.00302554 -0.02568951
v 0.03840011 -0.00523696 -0.02286628
v 0.03840012 -0.00162497 -0.02737351
v 0.04111817 -0.00415152 -0.02726679
v 0.04111498 -0.00422849 -0.02751897
v 0.04110742 -0.00441142 -0.02811825
v 0.04110542 -0.00445893 -0.02859860
v 0.03840012 -0.00199049 -0.02784986
v 0.03840012 -0.00222026 -0.02840457
v 0.04119591 -0.00192039 -0.02495051
v 0.04120275 -0.00169541 -0.02483200
v 0.04090011 -0.00213103 -0.02503717
v 0.03840011 -0.00114864 -0.02700800
v 0.04090011 -0.00303464 -0.02567831
v 0.03872043 -0.00745004 -0.02216661
v 0.03863082 -0.00745497 -0.02221228
v 0.03862815 -0.00745516 -0.02221395
v 0.03858837 -0.00745784 -0.02223879
v 0.03854879 -0.00746210 -0.02227815
v 0.03855059 -0.00746190 -0.02227635
v 0.03850920 -0.00746635 -0.02231750
v 0.03848421 -0.00747062 -0.02235705
v 0.03845798 -0.00747511 -0.02239856
v 0.03844964 -0.00747654 -0.02241176
v 0.03843780 -0.00748017 -0.02244536
v 0.03842189 -0.00748506 -0.02249058
v 0.03841265 -0.00748789 -0.02251683
v 0.03841035 -0.00749009 -0.02253720
v 0.03840517 -0.00749503 -0.02258284
v 0.04090012 -0.00375420 -0.02652081
v 0.04090012 -0.00199048 -0.02784985
v 0.04090012 -0.00222025 -0.02840456
v 0.03840012 -0.00229863 -0.02899986
v 0.04090013 -0.00449863 -0.02899985
v 0.04090013 -0.00448051 -0.02859647
v 0.04110375 -0.00449863 -0.02899985
v 0.04110528 -0.00446229 -0.02940158
v 0.04090013 -0.00448051 -0.02940323
v 0.04090012 -0.00229862 -0.02899985
v 0.04090014 -0.00424610 -0.03048610
v 0.04111485 -0.00423246 -0.03048220
v 0.04090013 -0.00222025 -0.02959513
v 0.03840013 -0.00222026 -0.02959514
v 0.03840013 -0.00199049 -0.03014986
v 0.04090013 -0.00199048 -0.03014985
v 0.04090013 -0.00114862 -0.03099171
v 0.04090012 -0.00162496 -0.02737350
v 0.04090013 -0.00424610 -0.02751359
v 0.03840011 -0.00059392 -0.02677823
v 0.03798366 -0.00799167 -0.04802094
v 0.03790012 -0.00799985 -0.02251820
v 0.04101590 0.00747026 -0.02376953
v 0.03540088 -0.01129986 -0.02183781
v 0.03590013 -0.01101937 -0.02172932
v 0.03808349 -0.01419768 -0.02184310
v 0.03809299 -0.01419960 -0.02428915
v 0.03807784 -0.01433377 -0.02428915
v 0.04006830 -0.01610636 -0.02153127
v 0.04052904 -0.01257827 -0.02205532
v 0.04061865 -0.01161426 -0.02207656
v 0.04004300 -0.01609074 -0.02143794
v 0.04059271 -0.01160082 -0.02198353
v 0.04054691 -0.01158587 -0.02189405
v 0.03817257 -0.01370376 -0.02181464
v 0.03815744 -0.01375406 -0.02189935
v 0.03816105 -0.01371336 -0.02190432
v 0.03833148 -0.01179169 -0.02213297
v 0.03824666 -0.01369093 -0.02163482
v 0.03839503 -0.01129985 -0.02201437
v 0.03820009 -0.01369596 -0.02172303
v 0.03835411 -0.01152250 -0.02207967
v 0.03833226 -0.01178341 -0.02212095
v 0.03833174 -0.01178893 -0.02212743
v 0.03833333 -0.01177211 -0.02211281
v 0.03833602 -0.01174332 -0.02210090
v 0.03850339 -0.01129985 -0.02184492
v 0.03848489 -0.01129985 -0.02186095
v 0.03841725 -0.01129985 -0.02195682
v 0.03834778 -0.01160922 -0.02208022
v 0.03833136 -0.01179291 -0.02213877
v 0.03833985 -0.01170109 -0.02210949
v 0.03785654 -0.01555928 -0.02167044
v 0.03774547 -0.01604653 -0.02428915
v 0.03766257 -0.01629159 -0.02157439
v 0.03746563 -0.01699822 -0.02428915
v 0.02459738 -0.03241275 -0.01902449
v 0.02709748 -0.03005932 -0.01948125
v 0.03225491 -0.02511956 -0.02031380
v 0.03621173 -0.01997037 -0.02107639
v 0.03646112 -0.01947195 -0.02114549
v 0.03646233 -0.01947202 -0.02428916
v 0.03595466 -0.02042459 -0.02428916
v 0.03670863 -0.01900988 -0.02428916
v 0.03680433 -0.01878603 -0.02124059
v 0.03687643 -0.01864194 -0.02126056
v 0.03729004 -0.01755001 -0.02140800
v 0.03729292 -0.01758553 -0.02428915
v 0.03747464 -0.01700112 -0.02148132
v 0.03742044 -0.01720575 -0.02145448
v 0.03526590 -0.02150000 -0.02085967
v 0.03552605 -0.02108320 -0.02091878
v 0.03497822 -0.02189906 -0.02428916
v 0.03617566 -0.02004245 -0.02106639
v 0.03490018 -0.02201691 -0.02428916
v 0.03828040 -0.01254018 -0.02428915
v 0.03833137 -0.01179291 -0.02428915
v 0.04015690 -0.01101910 -0.02172517
v 0.03885403 -0.01129985 -0.02169659
v 0.03880651 -0.01129985 -0.02169881
v 0.03590013 -0.01129986 -0.02169660
v 0.03876402 -0.01129985 -0.02170819
v 0.03868973 -0.01129985 -0.02172460
v 0.03867152 -0.01129984 -0.02173367
v 0.03857824 -0.01129985 -0.02178011
v 0.03572591 -0.01129986 -0.02171543
v 0.04021947 -0.01152880 -0.02167825
v 0.04030887 -0.00944683 -0.02190944
v 0.04040237 -0.01155493 -0.02174984
v 0.04031270 -0.01154088 -0.02170413
v 0.04048227 -0.01157025 -0.02181433
v 0.03860362 -0.00814690 -0.02205402
v 0.03848199 -0.00825839 -0.02204178
v 0.03828271 -0.00836663 -0.02202987
v 0.03826584 -0.00837579 -0.02202886
v 0.03802642 -0.00843701 -0.02202211
v 0.04010879 -0.01151675 -0.02166685
v 0.03922216 -0.02054332 -0.02104555
v 0.03962581 -0.01872324 -0.02128966
v 0.03837036 -0.01129985 -0.02207825
v 0.03588481 -0.02124940 -0.02043762
v 0.03604520 -0.02113485 -0.02044521
v 0.03657533 -0.02010661 -0.02059513
v 0.03649686 -0.02006715 -0.02062547
v 0.03581001 -0.02120497 -0.02046850
v 0.03642111 -0.02003161 -0.02067344
v 0.03573777 -0.02116464 -0.02051673
v 0.03497107 -0.02189335 -0.02080219
v 0.03555117 -0.02108709 -0.02083202
v 0.03635275 -0.02000241 -0.02073779
v 0.03567249 -0.02113108 -0.02058104
v 0.03629599 -0.01998142 -0.02081525
v 0.03561809 -0.02110641 -0.02065821
v 0.03625366 -0.01996960 -0.02090110
v 0.03557728 -0.02109175 -0.02074360
v 0.03622690 -0.01996685 -0.02099004
v 0.03949225 -0.01654697 -0.02105472
v 0.03967154 -0.01599588 -0.02113314
v 0.03957061 -0.01597971 -0.02112529
v 0.03814851 -0.01635427 -0.02107862
v 0.03985398 -0.01603251 -0.02120392
v 0.03993355 -0.01605273 -0.02126835
v 0.03999775 -0.01607255 -0.02134820
v 0.03992620 -0.01340577 -0.02144546
v 0.03865788 -0.01371389 -0.02140789
v 0.03836921 -0.01548860 -0.02118836
v 0.03976456 -0.01601321 -0.02115851
v 0.03595069 -0.02129071 -0.02042371
v 0.03583418 -0.02148281 -0.02039721
v 0.03731481 -0.01754766 -0.02132007
v 0.03710367 -0.01886168 -0.02078764
v 0.03760609 -0.01760144 -0.02095313
v 0.03752331 -0.01757878 -0.02100046
v 0.03702429 -0.01883210 -0.02083530
v 0.03744889 -0.01756124 -0.02106487
v 0.03695280 -0.01880829 -0.02089968
v 0.03738755 -0.01755002 -0.02114301
v 0.03689363 -0.01879184 -0.02097748
v 0.03734248 -0.01754561 -0.02122993
v 0.03682251 -0.01878301 -0.02115336
v 0.03684982 -0.01878348 -0.02106384
v 0.03775857 -0.01764899 -0.02091269
v 0.03796086 -0.01709027 -0.02098531
v 0.03769194 -0.01762754 -0.02092409
v 0.03808052 -0.01633803 -0.02108940
v 0.03799198 -0.01631880 -0.02111783
v 0.03790665 -0.01630275 -0.02116485
v 0.03783008 -0.01629116 -0.02122928
v 0.03776719 -0.01628489 -0.02130773
v 0.03772130 -0.01628414 -0.02139516
v 0.03769355 -0.01628849 -0.02148586
v 0.03831115 -0.01368924 -0.02155587
v 0.03866384 -0.01367728 -0.02141242
v 0.03856986 -0.01370426 -0.02141741
v 0.03847830 -0.01369631 -0.02144487
v 0.03839009 -0.01369111 -0.02149140
v 0.03399293 -0.02317898 -0.02061352
v 0.03409637 -0.02306036 -0.02063166
v 0.03629466 -0.02905111 -0.01976200
v 0.03636296 -0.02891576 -0.01978598
v 0.03719838 -0.02697530 -0.02010313
v 0.03510992 -0.03139873 -0.01934605
v 0.03798621 -0.02486421 -0.02042954
v 0.03826411 -0.02408909 -0.02054764
v 0.03545469 -0.01129986 -0.02180191
v 0.03835255 -0.00778217 -0.02238890
v 0.03842048 -0.00769084 -0.02236135
v 0.03840032 -0.00768734 -0.02240593
v 0.03827398 -0.00785838 -0.02241840
v 0.03833792 -0.00777731 -0.02243385
v 0.03826435 -0.00785368 -0.02246308
v 0.03832705 -0.00777499 -0.02247893
v 0.03838449 -0.00768574 -0.02245133
v 0.03844925 -0.00758465 -0.02237922
v 0.03842822 -0.00758535 -0.02242429
v 0.03841197 -0.00758709 -0.02247021
v 0.03837298 -0.00768594 -0.02249687
v 0.03825777 -0.00785196 -0.02250729
v 0.03831982 -0.00777505 -0.02252353
v 0.03836559 -0.00768779 -0.02254193
v 0.03840039 -0.00758978 -0.02251627
v 0.03839331 -0.00759331 -0.02256182
v 0.03844492 -0.00769627 -0.02231832
v 0.03837100 -0.00778964 -0.02234477
v 0.03828673 -0.00786622 -0.02237386
v 0.03823280 -0.00796755 -0.02227594
v 0.03820514 -0.00793568 -0.02236145
v 0.03815936 -0.00796411 -0.02235638
v 0.03814392 -0.00794504 -0.02244469
v 0.03811084 -0.00798785 -0.02235215
v 0.03824775 -0.00790293 -0.02236730
v 0.03830264 -0.00787729 -0.02233010
v 0.03822741 -0.00788797 -0.02245617
v 0.03818712 -0.00791854 -0.02245002
v 0.03809821 -0.00796715 -0.02244024
v 0.03847495 -0.00758506 -0.02233578
v 0.03836477 -0.00768453 -0.02258781
v 0.03861801 -0.00759798 -0.02219215
v 0.03853939 -0.00758931 -0.02225665
v 0.04087628 -0.00860389 -0.02251001
v 0.03568649 -0.01129986 -0.02171969
v 0.03555878 -0.01129986 -0.02176499
v 0.03513585 -0.01129986 -0.02206429
v 0.03870562 -0.00761039 -0.02214570
v 0.03800768 -0.00802006 -0.02234641
v 0.03790012 -0.00801460 -0.02239767
v 0.03790012 -0.00803444 -0.02234577
v 0.03800118 -0.00799713 -0.02243421
v 0.03790012 -0.00801033 -0.02243253
v 0.03790012 -0.00805797 -0.02228424
v 0.03790012 -0.00820120 -0.02212007
v 0.03825209 -0.00829393 -0.02204472
v 0.03790012 -0.00836521 -0.02204004
v 0.03790012 -0.00844498 -0.02202122
v 0.03854884 -0.00809407 -0.02206686
v 0.03821808 -0.00821559 -0.02207661
v 0.03790012 -0.00828143 -0.02207245
v 0.03790012 -0.00832679 -0.02204911
v 0.03804555 -0.00818497 -0.02212015
v 0.03790012 -0.00821881 -0.02210466
v 0.03866024 -0.00809500 -0.02205972
v 0.03874543 -0.00779685 -0.02209961
v 0.03879801 -0.00788409 -0.02208278
v 0.03858646 -0.00790789 -0.02211184
v 0.03848529 -0.00803402 -0.02209742
v 0.03842379 -0.00797794 -0.02214559
v 0.03851360 -0.00786450 -0.02215951
v 0.03831294 -0.00807150 -0.02213410
v 0.03818513 -0.00814168 -0.02212547
v 0.03887771 -0.00765411 -0.02210781
v 0.03881808 -0.00782616 -0.02208909
v 0.03815519 -0.00807673 -0.02219000
v 0.03826934 -0.00801356 -0.02219863
v 0.03839317 -0.00779977 -0.02230212
v 0.03844780 -0.00782767 -0.02222403
v 0.03803032 -0.00811572 -0.02218467
v 0.03790012 -0.00812741 -0.02218461
v 0.03801749 -0.00805986 -0.02226158
v 0.03813002 -0.00802461 -0.02226706
v 0.03832164 -0.00789160 -0.02228778
v 0.03836811 -0.00792946 -0.02221012
v 0.03850561 -0.00771284 -0.02223974
v 0.03866088 -0.00776495 -0.02212813
v 0.03857918 -0.00773626 -0.02217522
v 0.04113397 -0.00375134 -0.03147661
v 0.04092218 0.00748098 -0.02374457
v 0.03889993 0.00697898 -0.02359021
v -0.03533529 -0.02920543 -0.01920111
v -0.03523209 -0.02915480 -0.01919665
v -0.03588922 -0.02778486 -0.01943497
v -0.03542287 -0.02925156 -0.01922263
v -0.03638420 -0.02736767 -0.01959323
v -0.03550684 -0.02929972 -0.01926573
v -0.03629889 -0.02732430 -0.01954962
v -0.03645951 -0.02741016 -0.01965726
v -0.03558081 -0.02934668 -0.01932964
v -0.03620997 -0.02728289 -0.01952727
v -0.03496755 -0.03087740 -0.01943782
v -0.03569827 -0.02945047 -0.01959831
v -0.03545090 -0.02997441 -0.01960350
v -0.03568817 -0.02946190 -0.01969017
v -0.03047180 -0.02709011 -0.01954983
v -0.03227099 -0.02528147 -0.01983751
v -0.03567860 -0.02942420 -0.01950247
v -0.03658078 -0.02750559 -0.01992476
v -0.03655257 -0.02759471 -0.02000592
v -0.03563922 -0.02938908 -0.01941059
v -0.03651925 -0.02744878 -0.01973799
v -0.03655993 -0.02748107 -0.01982943
v -0.03658133 -0.02752114 -0.02001749
v -0.03610943 -0.02723977 -0.01952274
v -0.03691252 -0.02667385 -0.02015064
v -0.03033212 -0.02711447 -0.01955248
v -0.03027107 -0.02705632 -0.01958486
v -0.03221355 -0.02522953 -0.01985257
v -0.03021185 -0.02700279 -0.01963373
v -0.03214922 -0.02517358 -0.01988439
v -0.03015790 -0.02695722 -0.01969779
v -0.03208685 -0.02512210 -0.01993302
v -0.03473381 -0.03019357 -0.01901595
v -0.03011230 -0.02692232 -0.01977399
v -0.03203012 -0.02507836 -0.01999717
v -0.03459128 -0.03045085 -0.01896728
v -0.02843534 -0.02898562 -0.01922552
v -0.03038711 -0.02716894 -0.01953635
v -0.02811442 -0.02870901 -0.01963694
v -0.03005383 -0.02688957 -0.01994484
v -0.03007728 -0.02689969 -0.01985796
v -0.02809669 -0.02870420 -0.01971910
v -0.02999744 -0.02691535 -0.02002031
v -0.03003343 -0.02688148 -0.02002602
v -0.03060631 -0.02634232 -0.02011680
v -0.02686711 -0.03044799 -0.01896292
v -0.03426889 -0.03103280 -0.01885720
v -0.03341441 -0.03257525 -0.01856542
v -0.03436823 -0.03108745 -0.01886075
v -0.03417224 -0.03236318 -0.01916520
v -0.03472319 -0.03135372 -0.01925755
v -0.03470785 -0.03136256 -0.01934880
v -0.03445444 -0.03113798 -0.01888137
v -0.03453705 -0.03119065 -0.01892391
v -0.03460966 -0.03124186 -0.01898767
v -0.03466669 -0.03128790 -0.01906883
v -0.03470474 -0.03132574 -0.01916117
v -0.03198234 -0.02504502 -0.02007374
v -0.03194587 -0.02502361 -0.02015827
v -0.03688381 -0.02532291 -0.01983141
v -0.03383582 -0.02353069 -0.02010273
v -0.03402383 -0.02328614 -0.02013813
v -0.03396793 -0.02324249 -0.02015200
v -0.03504754 -0.02195455 -0.02033093
v -0.03389859 -0.02319082 -0.02018311
v -0.03552411 -0.02110042 -0.02045787
v -0.03383143 -0.02314345 -0.02023141
v -0.03544824 -0.02105614 -0.02048804
v -0.03377046 -0.02310345 -0.02029564
v -0.03537480 -0.02101587 -0.02053589
v -0.03371932 -0.02307332 -0.02037264
v -0.03530830 -0.02098233 -0.02060018
v -0.03368060 -0.02305446 -0.02045782
v -0.03365536 -0.02304700 -0.02054606
v -0.03521124 -0.02094307 -0.02076367
v -0.03525283 -0.02095767 -0.02067768
v -0.03755554 -0.02327609 -0.02013795
v -0.03363044 -0.02303916 -0.02063273
v -0.03518466 -0.02093849 -0.02085282
v -0.03698574 -0.02531771 -0.01984114
v -0.03716244 -0.02539250 -0.01990831
v -0.03707590 -0.02535414 -0.01986425
v -0.03723900 -0.02543034 -0.01997246
v -0.03729998 -0.02546506 -0.02005297
v -0.03734187 -0.02549443 -0.02014400
v -0.03736385 -0.02551715 -0.02023883
v -0.03312911 -0.02363359 -0.02054241
v -0.03192173 -0.02501434 -0.02024578
v -0.03234255 -0.02520954 -0.01984895
v -0.03189731 -0.02500401 -0.02032971
v -0.02813768 -0.02871923 -0.01955062
v -0.03250197 -0.02437719 -0.02042942
v -0.02817208 -0.02874203 -0.01946714
v -0.02826924 -0.02882309 -0.01932734
v 0.03881683 0.00918982 -0.02649364
v 0.03877066 0.00918374 -0.02649364
v 0.03877087 0.00918296 -0.02646574
v 0.03877066 0.00918294 -0.02646574
v 0.03840007 0.00870077 -0.02649364
v 0.03841142 0.00878686 -0.02648866
v 0.03841103 0.00878402 -0.02649364
v 0.03841711 0.00882997 -0.02648616
v 0.03841711 0.00883018 -0.02649364
v 0.03841719 0.00883016 -0.02648615
v 0.03844638 0.00890085 -0.02649364
v 0.03843758 0.00887930 -0.02648331
v 0.03846706 0.00895078 -0.02649364
v 0.03846706 0.00895036 -0.02647920
v 0.03846728 0.00895064 -0.02647918
v 0.03848180 0.00896954 -0.02647809
v 0.03850907 0.00900552 -0.02649364
v 0.03854488 0.00905160 -0.02647334
v 0.03854652 0.00905433 -0.02649364
v 0.03865007 0.00913307 -0.02646863
v 0.03865007 0.00913379 -0.02649364
v 0.03859533 0.00909178 -0.02649364
v 0.03870000 0.00915447 -0.02649363
v 0.03865040 0.00913320 -0.02646862
v 0.03871643 0.00916051 -0.02646704
v 0.03854652 0.00905374 -0.02647321
v 0.03854685 0.00905399 -0.02647320
v 0.04133501 0.00870078 -0.02649363
v 0.04133501 0.00869961 -0.02649363
v 0.04133503 0.00869961 -0.03151762
v 0.04132554 0.00878563 -0.02649363
v 0.03880895 0.00918797 -0.02646545
v 0.04131249 0.00446523 -0.02859809
v 0.04090009 0.00448326 -0.02859647
v 0.04131283 0.00450138 -0.02899985
v 0.03890007 0.00920078 -0.02649364
v 0.03970007 0.00920078 -0.02649363
v 0.03890007 0.00919994 -0.02646475
v 0.04126562 0.00894928 -0.02649363
v 0.04125301 0.00896897 -0.02647805
v 0.04126562 0.00894886 -0.02647921
v 0.04128585 0.00891697 -0.02649363
v 0.04125335 0.00896889 -0.02649363
v 0.04122634 0.00901149 -0.02647560
v 0.04122634 0.00901200 -0.02649363
v 0.04118856 0.00904929 -0.02647341
v 0.04118893 0.00904950 -0.02649363
v 0.04118633 0.00905211 -0.02649363
v 0.04118633 0.00905152 -0.02647329
v 0.04114715 0.00909073 -0.02647102
v 0.04114715 0.00909139 -0.02649363
v 0.04110894 0.00911474 -0.02646964
v 0.04108352 0.00913144 -0.02649363
v 0.04108352 0.00913072 -0.02646872
v 0.04105225 0.00915037 -0.02646759
v 0.04105225 0.00915113 -0.02649363
v 0.04096384 0.00918131 -0.02646581
v 0.04096384 0.00918210 -0.02649363
v 0.04094643 0.00918740 -0.02646546
v 0.04094643 0.00918821 -0.02649363
v 0.04092647 0.00918964 -0.02646533
v 0.04092659 0.00919045 -0.02649363
v 0.04083501 0.00920079 -0.02649363
v 0.04083501 0.00919995 -0.02646475
v 0.03970007 0.00919994 -0.02646475
v 0.04090010 0.00450138 -0.02899985
v 0.04131247 0.00446169 -0.02940109
v 0.04090010 0.00448326 -0.02940323
v -0.02442069 -0.03250138 -0.01860875
v -0.02436254 -0.03244989 -0.01865798
v -0.02430937 -0.03240650 -0.01872166
v -0.02426412 -0.03237372 -0.01879684
v -0.02821665 -0.02877717 -0.01939130
v -0.02422891 -0.03235299 -0.01887938
v -0.02420476 -0.03234445 -0.01896469
v -0.02448059 -0.03255784 -0.01857530
v -0.02838629 -0.02893582 -0.01924547
v -0.02756453 -0.02920503 -0.01963477
v -0.02832688 -0.02887708 -0.01927829
v -0.02748654 -0.02986876 -0.01907442
v -0.02419584 -0.03235023 -0.01904077
v -0.02454477 -0.03261963 -0.01854490
v 0.04131204 0.00441417 -0.02988149
v 0.03840011 0.00222300 -0.02959514
v 0.03840011 0.00199323 -0.03014986
v 0.04131030 0.00423129 -0.03048074
v 0.04090011 0.00424885 -0.03048610
v 0.04130957 0.00415451 -0.03073234
v 0.04130546 0.00375390 -0.03147723
v 0.04132776 0.00878587 -0.03863109
v 0.04132269 0.00881106 -0.02649363
v 0.04131625 0.00882960 -0.02649363
v 0.04130190 0.00887983 -0.03863109
v 0.04125604 0.00897054 -0.03863109
v 0.04119119 0.00905173 -0.03863109
v 0.04111092 0.00911779 -0.03863109
v 0.04102072 0.00916504 -0.03863109
v 0.04092684 0.00919229 -0.03863109
v 0.04083505 0.00920079 -0.03863109
v 0.04128585 0.00891661 -0.02648108
v -0.03735978 -0.02552967 -0.02033045
v -0.03896856 -0.01923832 -0.02085715
v -0.03888950 -0.01921348 -0.02079279
v -0.03903216 -0.01926207 -0.02093716
v -0.03870797 -0.01916680 -0.02072283
v -0.03896002 -0.01733674 -0.02095394
v -0.03942502 -0.01493055 -0.02126692
v -0.03910129 -0.01930079 -0.02112087
v -0.03770253 -0.01630269 -0.02108558
v -0.03763597 -0.01628731 -0.02109529
v -0.03782720 -0.01585346 -0.02114283
v -0.03724414 -0.01623779 -0.02149208
v -0.03754666 -0.01626807 -0.02112299
v -0.03746035 -0.01625199 -0.02116958
v -0.03802226 -0.01367077 -0.02144667
v -0.03738274 -0.01624038 -0.02123395
v -0.03793311 -0.01366552 -0.02149276
v -0.03731891 -0.01623410 -0.02131269
v -0.03785315 -0.01366361 -0.02155714
v -0.03727230 -0.01623338 -0.02140067
v -0.03811459 -0.01367879 -0.02141995
v -0.03814364 -0.01411333 -0.02135936
v -0.03932002 -0.01491497 -0.02125847
v -0.03951811 -0.01494645 -0.02129243
v -0.03880054 -0.01918916 -0.02074769
v -0.03960763 -0.01496435 -0.02133792
v -0.03907673 -0.01928325 -0.02102719
v -0.03641600 -0.01865789 -0.02117004
v -0.03688002 -0.01746666 -0.02133043
v -0.03690810 -0.01746454 -0.02123957
v -0.03726215 -0.01754627 -0.02093406
v -0.03739053 -0.01742696 -0.02094230
v -0.03733438 -0.01756926 -0.02092366
v -0.03717547 -0.01752026 -0.02096239
v -0.03701619 -0.01748012 -0.02107365
v -0.03709167 -0.01749764 -0.02100930
v -0.03695389 -0.01746892 -0.02115209
v -0.03860018 -0.01914366 -0.02071480
v -0.03944321 -0.01408621 -0.02136269
v -0.02253957 -0.03391688 -0.04421209
v -0.02808173 -0.02873554 -0.04514863
v -0.02926682 -0.02762761 -0.04534889
v -0.02999608 -0.02691443 -0.04546896
v -0.03496745 -0.03087770 -0.04488415
v -0.03555718 -0.02973451 -0.04508468
v -0.03692146 -0.02667755 -0.04559907
v -0.03002082 -0.02689023 -0.04547303
v -0.03150241 -0.02544131 -0.04571697
v -0.03449979 -0.02193128 -0.03628942
v -0.03747558 -0.02523343 -0.02037701
v -0.03802921 -0.02349377 -0.02063214
v -0.03831011 -0.02261108 -0.02076159
v -0.03756408 -0.02493835 -0.04587772
v -0.03833545 -0.01226699 -0.02158275
v -0.03818795 -0.01368685 -0.02141096
v -0.03685024 -0.01879628 -0.02076297
v -0.03783839 -0.02337397 -0.02021246
v -0.03841125 -0.02131269 -0.02050697
v -0.03848972 -0.02134145 -0.02057127
v -0.03797809 -0.02343797 -0.02035701
v -0.03855268 -0.02136850 -0.02065142
v -0.03859655 -0.02139217 -0.02074172
v -0.03804405 -0.02348533 -0.02054204
v -0.03802107 -0.02346443 -0.02044765
v -0.03862042 -0.02141131 -0.02083572
v -0.03557623 -0.02113536 -0.02044518
v -0.03557781 -0.02113291 -0.02044552
v -0.03600591 -0.02046957 -0.02053804
v -0.03620191 -0.01995387 -0.02061535
v -0.03612233 -0.01991474 -0.02064497
v -0.03604533 -0.01987943 -0.02069253
v -0.03597572 -0.01985041 -0.02075685
v -0.03591785 -0.01982958 -0.02083464
v -0.03587471 -0.01981792 -0.02092110
v -0.03775080 -0.02334062 -0.02016799
v -0.03832285 -0.02128416 -0.02046215
v -0.03584748 -0.01981532 -0.02101077
v -0.03765958 -0.02330920 -0.02014420
v -0.03823083 -0.02125756 -0.02043777
v -0.03791602 -0.02340717 -0.02027669
v -0.03773972 -0.02271486 -0.02022200
v -0.03812286 -0.02122922 -0.02043041
v -0.03814722 -0.02113476 -0.02044366
v -0.03839501 -0.02017394 -0.02057845
v -0.03654859 -0.01868264 -0.02091472
v -0.03662131 -0.01870622 -0.02085038
v -0.03670188 -0.01873555 -0.02080314
v -0.03675690 -0.01903285 -0.02073199
v -0.03678519 -0.01876850 -0.02077415
v -0.03648836 -0.01866638 -0.02099283
v -0.03644376 -0.01865820 -0.02107979
v -0.03625975 -0.01998394 -0.02060359
v 0.04132269 0.00881087 -0.02648719
v 0.04131625 0.00882938 -0.02648612
v 0.04106465 0.00840233 -0.02442968
v 0.04110885 0.00838309 -0.02444722
v 0.04110968 0.00871899 -0.02491672
v 0.04101875 0.00841792 -0.02441549
v 0.04106547 0.00874183 -0.02490421
v 0.04115058 0.00836035 -0.02446797
v 0.04115141 0.00869199 -0.02493151
v 0.04097194 0.00842981 -0.02440470
v 0.04097275 0.00877443 -0.02488642
v 0.04092499 0.00843807 -0.02439725
v 0.04101956 0.00876034 -0.02489410
v 0.04087858 0.00844287 -0.02439298
v 0.04092580 0.00878421 -0.02488111
v 0.04083356 0.00872475 -0.02476241
v 0.04083277 0.00843938 -0.02439817
v 0.04083262 0.00838672 -0.02433093
v 0.04083277 0.00843816 -0.02439659
v 0.03889957 0.00844480 -0.02439429
v 0.03889964 0.00862542 -0.02464661
v 0.03889958 0.00800665 -0.02401541
v 0.03880848 0.00800226 -0.02402267
v 0.03880848 0.00844988 -0.02441021
v 0.03876157 0.00799604 -0.02403186
v 0.03885484 0.00800585 -0.02401736
v 0.03885484 0.00845464 -0.02440591
v 0.03876157 0.00844165 -0.02441766
v 0.03889957 0.00845442 -0.02440261
v 0.03889957 0.00845590 -0.02440472
v 0.03880848 0.00863405 -0.02464059
v 0.04133337 0.00809138 -0.02474831
v 0.04132587 0.00813876 -0.02467095
v 0.04133331 0.00807265 -0.02473209
v 0.04118909 0.00833444 -0.02449167
v 0.04118992 0.00866119 -0.02494840
v 0.04132669 0.00842855 -0.02507618
v 0.04118785 0.00790927 -0.02412902
v 0.04110829 0.00817477 -0.02424688
v 0.04110763 0.00794605 -0.02407437
v 0.04101819 0.00820548 -0.02421115
v 0.04101753 0.00797243 -0.02403535
v 0.04092444 0.00822326 -0.02419061
v 0.04092379 0.00798775 -0.02401291
v 0.04083154 0.00798695 -0.02400719
v 0.04083217 0.00821971 -0.02419569
v 0.04118852 0.00813192 -0.02429692
v 0.04125271 0.00786414 -0.02419625
v 0.04129866 0.00781375 -0.02427145
v 0.04125395 0.00827468 -0.02454636
v 0.04132467 0.00776157 -0.02434941
v 0.04129988 0.00820791 -0.02460752
v 0.04130070 0.00851079 -0.02503097
v 0.04125478 0.00859017 -0.02498737
v 0.03880848 0.00878892 -0.02488967
v 0.03889970 0.00879404 -0.02488723
v 0.03871481 0.00876509 -0.02490266
v 0.03889971 0.00880255 -0.02489937
v 0.03889971 0.00880779 -0.02490684
v 0.04083442 0.00901259 -0.02539413
v 0.03889979 0.00890261 -0.02515382
v 0.03880848 0.00891358 -0.02514988
v 0.03871481 0.00888855 -0.02516035
v 0.03840765 0.00734359 -0.02412591
v 0.03840007 0.00722592 -0.02417192
v 0.03840007 0.00730631 -0.02421284
v 0.03843375 0.00738000 -0.02403958
v 0.03843375 0.00782776 -0.02428026
v 0.03840765 0.00777521 -0.02435782
v 0.03847974 0.00741512 -0.02395631
v 0.03854460 0.00792378 -0.02413850
v 0.03847974 0.00787845 -0.02420543
v 0.03840007 0.00770915 -0.02441794
v 0.03840007 0.00808469 -0.02473921
v 0.03871481 0.00798704 -0.02404513
v 0.03871481 0.00842977 -0.02442841
v 0.03866894 0.00797525 -0.02406254
v 0.03866894 0.00841417 -0.02444253
v 0.03862478 0.00796067 -0.02408406
v 0.03854460 0.00834614 -0.02450409
v 0.03847974 0.00828620 -0.02455833
v 0.03862478 0.00839491 -0.02445996
v 0.03858308 0.00794344 -0.02410949
v 0.03858308 0.00837213 -0.02448057
v 0.04083376 0.00878971 -0.02490499
v 0.04083373 0.00877954 -0.02488267
v 0.04133414 0.00835768 -0.02512805
v 0.04132718 0.00862167 -0.02553128
v 0.04087939 0.00878986 -0.02487807
v 0.04106596 0.00896231 -0.02542315
v 0.04097324 0.00899772 -0.02541197
v 0.04102005 0.00898240 -0.02541680
v 0.04092628 0.00900834 -0.02540863
v 0.04125527 0.00879742 -0.02547544
v 0.04130119 0.00871111 -0.02550286
v 0.04119041 0.00887464 -0.02545093
v 0.04111017 0.00893748 -0.02543101
v 0.04087987 0.00901446 -0.02540671
v 0.04133049 0.00728620 -0.02420875
v 0.04133216 0.00771844 -0.02442529
v 0.04110685 0.00770255 -0.02393003
v 0.04083081 0.00773299 -0.02387590
v 0.04083145 0.00795497 -0.02398128
v 0.04101676 0.00772473 -0.02388849
v 0.04083006 0.00747638 -0.02375407
v 0.03889976 0.00749828 -0.02375677
v 0.03889980 0.00737267 -0.02369287
v 0.03880848 0.00698194 -0.02357895
v 0.03880848 0.00750092 -0.02375291
v 0.04082976 0.00736935 -0.02370324
v 0.03889980 0.00737396 -0.02369352
v 0.03876157 0.00749660 -0.02376314
v 0.03885485 0.00750341 -0.02374700
v 0.03889959 0.00798844 -0.02400616
v 0.04092304 0.00773764 -0.02386459
v 0.04125105 0.00739526 -0.02394830
v 0.04129700 0.00736048 -0.02403182
v 0.04132304 0.00732450 -0.02411843
v 0.04133008 0.00717884 -0.02415497
v 0.03866894 0.00748220 -0.02379728
v 0.03862478 0.00747210 -0.02382123
v 0.03854460 0.00744654 -0.02388182
v 0.04130571 0.00377763 -0.02655241
v 0.04130987 0.00418570 -0.02734408
v 0.03840010 0.00199323 -0.02784986
v 0.03840007 0.00808531 -0.02474011
v 0.03840007 0.00836585 -0.02514073
v 0.03840007 0.00852828 -0.02556677
v 0.03840007 0.00858623 -0.02571877
v 0.04133216 0.00771844 -0.02442529
v 0.03871481 0.00749038 -0.02377790
v 0.03871481 0.00697517 -0.02360523
v 0.03843375 0.00871327 -0.02550740
v 0.03840765 0.00862394 -0.02553567
v 0.03847974 0.00879944 -0.02548014
v 0.03871481 0.00910823 -0.02594720
v 0.03862478 0.00906182 -0.02595485
v 0.03854460 0.00899691 -0.02596555
v 0.04090010 0.00162772 -0.02737350
v 0.04090010 0.00199324 -0.02784985
v 0.03889994 0.00906776 -0.02558397
v 0.04083494 0.00917490 -0.02617057
v 0.03889999 0.00912189 -0.02594464
v 0.03880848 0.00913501 -0.02594279
v 0.03840765 0.00843351 -0.02508352
v 0.03847974 0.00859511 -0.02499538
v 0.03854460 0.00866608 -0.02495667
v 0.03854460 0.00887651 -0.02545576
v 0.03843375 0.00851577 -0.02503865
v 0.03871481 0.00898404 -0.02542174
v 0.03862478 0.00893921 -0.02543592
v 0.03862478 0.00884516 -0.02517849
v 0.03880848 0.00900990 -0.02541356
v 0.04090009 0.00424885 -0.02751359
v 0.04131216 0.00442910 -0.02819647
v 0.03840011 0.00222300 -0.02840458
v 0.03840011 0.00230137 -0.02899986
v 0.04133467 0.00856162 -0.02563319
v 0.04131033 0.00423521 -0.02751749
v 0.04133501 0.00870093 -0.02649355
v 0.04133501 0.00870124 -0.02649353
v 0.04133501 0.00870088 -0.02649355
v 0.04133501 0.00870082 -0.02649356
v 0.04133501 0.00870079 -0.02649356
v 0.04133501 0.00870076 -0.02649356
v 0.04133501 0.00870074 -0.02649356
v 0.04133501 0.00870072 -0.02649356
v 0.04133501 0.00870070 -0.02649356
v 0.04133501 0.00870065 -0.02649357
v 0.04133501 0.00870053 -0.02649357
v 0.04133501 0.00870049 -0.02649357
v 0.04133501 0.00870136 -0.02649353
v 0.04133497 0.00870662 -0.02649322
v 0.04133484 0.00871363 -0.02649281
v 0.04133500 0.00870311 -0.02649342
v 0.04132681 0.00878640 -0.02648861
v 0.04133198 0.00875559 -0.02649039
v 0.04133429 0.00872764 -0.02649201
v 0.04090010 0.00222301 -0.02840456
v 0.04090011 0.00230138 -0.02899985
v 0.04090012 0.00115138 -0.03099171
v 0.04090012 0.00162773 -0.03062620
v 0.03840012 0.00162772 -0.03062621
v 0.03840012 0.00115137 -0.03099171
v 0.04090011 0.00222301 -0.02959513
v 0.04090011 0.00199324 -0.03014985
v 0.04090011 0.00375696 -0.03147889
v 0.04092656 0.00913486 -0.02593980
v 0.03862478 0.00872381 -0.02492518
v 0.04133460 0.00853219 -0.02556029
v 0.04083450 0.00903821 -0.02551668
v 0.04083443 0.00901516 -0.02540639
v 0.03889987 0.00900349 -0.02541656
v 0.03889991 0.00904207 -0.02551707
v 0.04111044 0.00906149 -0.02595187
v 0.03854460 0.00851972 -0.02472122
v 0.03843375 0.00821920 -0.02461898
v 0.03840765 0.00814973 -0.02468185
v 0.03871481 0.00861188 -0.02465623
v 0.03862478 0.00857346 -0.02468332
v 0.04102032 0.00910801 -0.02594420
v 0.04119067 0.00899643 -0.02596259
v 0.04083479 0.00912708 -0.02594183
v 0.04090014 -0.00303464 -0.03232139
v -0.03467113 -0.00843354 -0.04806985
v -0.03479120 -0.00848897 -0.04822417
v -0.03479366 -0.00844041 -0.04822174
v -0.03467870 -0.00838454 -0.04806482
v -0.03479969 -0.00839086 -0.04821574
v -0.03469067 -0.00833539 -0.04805688
v -0.03480955 -0.00834107 -0.04820596
v -0.03483652 -0.00853803 -0.04826530
v -0.03486558 -0.00844340 -0.04828782
v -0.03487955 -0.00834355 -0.04827093
v -0.03470718 -0.00828694 -0.04804592
v -0.03482334 -0.00829191 -0.04819226
v -0.03472819 -0.00824006 -0.04803197
v -0.03484107 -0.00824429 -0.04817465
v -0.03490769 -0.00824614 -0.04823690
v -0.03486260 -0.00819914 -0.04815327
v -0.03488763 -0.00815731 -0.04812842
v -0.03494948 -0.00815853 -0.04818637
v -0.03501703 -0.00815960 -0.04823806
v -0.03498042 -0.00824779 -0.04829241
v -0.03486667 -0.00853910 -0.04828597
v -0.03494388 -0.00844606 -0.04834667
v -0.03495589 -0.00834575 -0.04832884
v -0.03494751 -0.00854195 -0.04834141
v -0.03502776 -0.00844837 -0.04839766
v -0.03503777 -0.00834767 -0.04837907
v -0.03512440 -0.00834927 -0.04842096
v -0.03466770 -0.00848165 -0.04807212
v -0.03467484 -0.00852956 -0.04808204
v -0.03453610 -0.00836964 -0.04770902
v -0.03458070 -0.00842574 -0.04789759
v -0.03458970 -0.00837738 -0.04789387
v -0.03455127 -0.00832203 -0.04770601
v -0.03460348 -0.00832896 -0.04788819
v -0.03457794 -0.00852019 -0.04789845
v -0.03457622 -0.00847333 -0.04789943
v -0.03462218 -0.00828132 -0.04788050
v -0.03464574 -0.00823528 -0.04787078
v -0.03467398 -0.00819171 -0.04785915
v -0.03475355 -0.00819565 -0.04801513
v -0.03478291 -0.00815455 -0.04799565
v -0.03473671 -0.00853295 -0.04815721
v -0.03478680 -0.00853568 -0.04821807
v -0.03479218 -0.00853594 -0.04822319
v -0.03485869 -0.00853881 -0.04828049
v -0.03504043 -0.00854522 -0.04840515
v -0.03505850 -0.00824922 -0.04834059
v -0.03508957 -0.00816053 -0.04828293
v -0.03511617 -0.00803706 -0.04809085
v -0.03523502 -0.00803744 -0.04815596
v -0.03527303 -0.00800845 -0.04806492
v -0.03508213 -0.00800827 -0.04793529
v -0.03528681 -0.00800013 -0.04797118
v -0.03530891 -0.00800013 -0.04797845
v -0.03540554 -0.00800013 -0.04801027
v -0.03549980 -0.00801104 -0.04811041
v -0.03549980 -0.00800013 -0.04801949
v -0.03549980 -0.00801432 -0.04813780
v -0.03494641 -0.00808665 -0.04807005
v -0.03506348 -0.00808789 -0.04816909
v -0.03519851 -0.00808882 -0.04824342
v -0.03516638 -0.00816131 -0.04832038
v -0.03536470 -0.00803768 -0.04819614
v -0.03549980 -0.00804085 -0.04820862
v -0.03534603 -0.00808940 -0.04828931
v -0.03549980 -0.00805611 -0.04824939
v -0.03524669 -0.00816193 -0.04834990
v -0.03549980 -0.00812313 -0.04834792
v -0.03549980 -0.00809252 -0.04830291
v -0.03532962 -0.00816237 -0.04837122
v -0.03518520 -0.00800012 -0.04790743
v -0.03501294 -0.00803657 -0.04800399
v -0.03514116 -0.00825042 -0.04838081
v -0.03522757 -0.00825136 -0.04841250
v -0.03531677 -0.00825204 -0.04843538
v -0.03541428 -0.00816264 -0.04838415
v -0.03478230 -0.00808347 -0.04781451
v -0.03470652 -0.00815144 -0.04784574
v -0.03485157 -0.00808515 -0.04795006
v -0.03486757 -0.00803528 -0.04777938
v -0.03452588 -0.00841730 -0.04771105
v -0.03492909 -0.00803597 -0.04789861
v -0.03495612 -0.00800800 -0.04774290
v -0.03513369 -0.00800013 -0.04785920
v -0.03513370 -0.00800013 -0.04785920
v -0.03452037 -0.00846430 -0.04771214
v -0.03456771 -0.00851919 -0.04787907
v -0.03463898 -0.00852609 -0.04801408
v -0.03468431 -0.01130012 -0.04779859
v -0.03473375 -0.00994386 -0.04801217
v -0.03463376 -0.00992862 -0.04787019
v -0.03484870 -0.01130012 -0.04798024
v -0.03485700 -0.00995700 -0.04813472
v -0.03500290 -0.01130012 -0.04808313
v -0.03499979 -0.00996766 -0.04823414
v -0.03505417 -0.01130012 -0.04811734
v -0.03515777 -0.00997552 -0.04830738
v -0.03516022 -0.01130012 -0.04815495
v -0.03532614 -0.00998033 -0.04835224
v -0.03549978 -0.01130013 -0.04822268
v -0.03549979 -0.00998156 -0.04836379
v -0.03449979 -0.00990052 -0.04737034
v -0.03451498 -0.00989382 -0.04754570
v -0.03449979 -0.00987529 -0.04737298
v -0.03450684 -0.00850626 -0.04763542
v -0.03449979 -0.00850012 -0.04751690
v -0.03452028 -0.00850911 -0.04768920
v -0.03456010 -0.00991177 -0.04771311
v -0.03452566 -0.00851026 -0.04771075
v -0.03511871 -0.00854667 -0.04843376
v -0.03527814 -0.00854959 -0.04849203
v -0.03532650 -0.01130013 -0.04820396
v -0.03528608 -0.01130013 -0.04819959
v -0.03799984 -0.00222055 -0.04340485
v -0.03799983 -0.00229892 -0.04400014
v -0.04049983 -0.00229893 -0.04400015
v -0.04049983 -0.00222055 -0.04459544
v -0.03799983 -0.00222054 -0.04459543
v -0.04049983 -0.00199079 -0.04515015
v -0.03449980 -0.01130012 -0.04428942
v -0.03449979 -0.01130012 -0.04628942
v -0.03797002 -0.01130014 -0.04628943
v -0.03449979 -0.01130013 -0.04721637
v -0.03450964 -0.01130013 -0.04735693
v -0.03451875 -0.01130013 -0.04739009
v -0.03457675 -0.01130013 -0.04760140
v -0.03463947 -0.01130012 -0.04771639
v -0.03473869 -0.01130012 -0.04785868
v -0.03462680 -0.00818748 -0.04769103
v -0.03461635 -0.00818554 -0.04751690
v -0.03464625 -0.00814657 -0.04751689
v -0.03466127 -0.00814808 -0.04768419
v -0.03473065 -0.00808180 -0.04751690
v -0.03474113 -0.00808164 -0.04766836
v -0.03474980 -0.00806711 -0.04751689
v -0.03483071 -0.00803453 -0.04765059
v -0.03482106 -0.00803759 -0.04751689
v -0.03487039 -0.00801716 -0.04751689
v -0.03491369 -0.00801146 -0.04751689
v -0.03501559 -0.00800012 -0.04764101
v -0.03504159 -0.00800012 -0.04770776
v -0.03506032 -0.00800013 -0.04775585
v -0.03459675 -0.00823012 -0.04769699
v -0.03457150 -0.00827525 -0.04770200
v -0.03516053 -0.00854743 -0.04844905
v -0.03540228 -0.00855023 -0.04850597
v -0.03521111 -0.00854836 -0.04846753
v -0.03532662 -0.00854984 -0.04849748
v -0.03549979 -0.00855074 -0.04851692
v -0.03450568 -0.00845539 -0.04751689
v -0.03451683 -0.00837072 -0.04751689
v -0.03452043 -0.00836204 -0.04751689
v -0.03453931 -0.00831646 -0.04751690
v -0.03456679 -0.00825012 -0.04751689
v -0.03458482 -0.00822662 -0.04751689
v -0.04049982 -0.00448082 -0.04440353
v -0.04049982 -0.00424640 -0.04548641
v -0.03549980 -0.00816511 -0.04838586
v -0.03771603 -0.00805001 -0.04831432
v -0.03776655 -0.00802690 -0.04831785
v -0.03774613 -0.00797934 -0.04822431
v -0.03781468 -0.00799904 -0.04832208
v -0.03779052 -0.00795354 -0.04822883
v -0.03783226 -0.00792362 -0.04823404
v -0.03785999 -0.00796671 -0.04832697
v -0.03788454 -0.00790816 -0.04828712
v -0.03790203 -0.00793018 -0.04833248
v -0.03787095 -0.00788984 -0.04823990
v -0.03795427 -0.00782700 -0.04830017
v -0.03797499 -0.00784533 -0.04834516
v -0.03785079 -0.00806122 -0.04840411
v -0.03790121 -0.00802507 -0.04840881
v -0.03792325 -0.00795566 -0.04837509
v -0.03794795 -0.00798424 -0.04841411
v -0.03802897 -0.00788947 -0.04842633
v -0.03800000 -0.00786625 -0.04838748
v -0.03785286 -0.00785726 -0.04809563
v -0.03785528 -0.00786449 -0.04814335
v -0.03791869 -0.00778902 -0.04815772
v -0.03786123 -0.00787529 -0.04819169
v -0.03792617 -0.00779880 -0.04820561
v -0.03791529 -0.00778203 -0.04811043
v -0.03796651 -0.00770266 -0.04817399
v -0.03796207 -0.00769617 -0.04812717
v -0.03797541 -0.00771105 -0.04822139
v -0.03793798 -0.00781146 -0.04825337
v -0.03779718 -0.00809239 -0.04840003
v -0.03798901 -0.00772138 -0.04826866
v -0.03774090 -0.00811826 -0.04839665
v -0.03769164 -0.00797183 -0.04812266
v -0.03769952 -0.00800075 -0.04822055
v -0.03773627 -0.00795104 -0.04812669
v -0.03755081 -0.00803695 -0.04821416
v -0.03749979 -0.00809460 -0.04830597
v -0.03755501 -0.00808907 -0.04830833
v -0.03765113 -0.00801756 -0.04821759
v -0.03760977 -0.00808119 -0.04830954
v -0.03766361 -0.00806815 -0.04831154
v -0.03760141 -0.00802964 -0.04821545
v -0.03756137 -0.00816199 -0.04839090
v -0.03749979 -0.00812314 -0.04834793
v -0.03749979 -0.00816735 -0.04838787
v -0.03762244 -0.00815317 -0.04839206
v -0.03768247 -0.00813856 -0.04839399
v -0.03777869 -0.00792605 -0.04813152
v -0.03781849 -0.00789710 -0.04813709
v -0.03796785 -0.00767599 -0.04808505
v -0.03799126 -0.00760258 -0.04814525
v -0.03799672 -0.00760823 -0.04819158
v -0.03800482 -0.00750448 -0.04816367
v -0.03801003 -0.00750897 -0.04820964
v -0.03799981 -0.00443313 -0.04840061
v -0.03799980 -0.00750014 -0.04811930
v -0.04040055 -0.00951715 -0.04800904
v -0.04044265 -0.00906890 -0.04796400
v -0.04060572 -0.00624096 -0.04823211
v -0.04067697 -0.00429636 -0.04859819
v -0.04037338 -0.00952477 -0.04810118
v -0.04063051 -0.00430200 -0.04868728
v -0.04032687 -0.00953054 -0.04818988
v -0.04070391 -0.00428962 -0.04850564
v -0.03749979 -0.00855075 -0.04851693
v -0.03549979 -0.00845382 -0.04851517
v -0.03749979 -0.00845450 -0.04851519
v -0.03549979 -0.00843160 -0.04851477
v -0.03749979 -0.00835434 -0.04849448
v -0.03549980 -0.00831635 -0.04848449
v -0.03749979 -0.00831636 -0.04848450
v -0.03549980 -0.00825422 -0.04845089
v -0.03549980 -0.00821154 -0.04842780
v -0.03749979 -0.00821155 -0.04842781
v -0.03749979 -0.00825618 -0.04845195
v -0.03749979 -0.00843161 -0.04851478
v -0.03764619 -0.00854013 -0.04851801
v -0.03765714 -0.00833814 -0.04849916
v -0.03784651 -0.00838557 -0.04852445
v -0.03780877 -0.00829262 -0.04850400
v -0.03763865 -0.00824106 -0.04845657
v -0.03806664 -0.00764029 -0.04837525
v -0.03810888 -0.00753049 -0.04842956
v -0.03808389 -0.00752662 -0.04838998
v -0.03804174 -0.00763096 -0.04833109
v -0.03804931 -0.00752126 -0.04833521
v -0.03799090 -0.00758343 -0.04810308
v -0.03799566 -0.00756430 -0.04810681
v -0.03800681 -0.00761487 -0.04823846
v -0.03802177 -0.00762246 -0.04828522
v -0.03801233 -0.00751097 -0.04823003
v -0.03803748 -0.00751797 -0.04830157
v -0.03800744 -0.00773363 -0.04831500
v -0.03803069 -0.00774768 -0.04835959
v -0.03805854 -0.00776340 -0.04840159
v -0.03809629 -0.00765031 -0.04841693
v -0.03764522 -0.00798815 -0.04811948
v -0.03759747 -0.00799991 -0.04811719
v -0.03540783 -0.00825245 -0.04844925
v -0.03797002 -0.01130014 -0.04798490
v -0.03795660 -0.01149410 -0.04795552
v -0.03839631 -0.01130014 -0.04822269
v -0.03797681 -0.01130014 -0.04799326
v -0.03804954 -0.01130014 -0.04808265
v -0.03812446 -0.01130014 -0.04813797
v -0.03814996 -0.01130014 -0.04815679
v -0.03821445 -0.01130013 -0.04818368
v -0.03830711 -0.01130014 -0.04821089
v -0.03826692 -0.01130013 -0.04820557
v -0.03984427 -0.01033318 -0.04832946
v -0.03989832 -0.00952089 -0.04841068
v -0.03986390 -0.01472870 -0.04741110
v -0.03983640 -0.01473648 -0.04750262
v -0.03978989 -0.01474132 -0.04759075
v -0.04026212 -0.00953390 -0.04826918
v -0.03972551 -0.01474264 -0.04766965
v -0.04018263 -0.00953458 -0.04833378
v -0.03964669 -0.01474025 -0.04773412
v -0.04009370 -0.00953260 -0.04838019
v -0.03955865 -0.01473441 -0.04778068
v -0.04000133 -0.00952832 -0.04840730
v -0.03540356 -0.00835199 -0.04849224
v -0.03511638 -0.00845029 -0.04844017
v -0.03521489 -0.00835052 -0.04845397
v -0.03520888 -0.00845180 -0.04847364
v -0.03530426 -0.00845289 -0.04849779
v -0.03540156 -0.00845356 -0.04851242
v -0.03530827 -0.00835143 -0.04847780
v -0.03950510 -0.01370110 -0.04794251
v -0.03807073 -0.00837163 -0.04853509
v -0.03770037 -0.00795477 -0.04802882
v -0.03773562 -0.00794038 -0.04803174
v -0.03777588 -0.00791252 -0.04803733
v -0.03780543 -0.00789205 -0.04804143
v -0.03783279 -0.00787311 -0.04804523
v -0.03785154 -0.00785163 -0.04804961
v -0.03781620 -0.00788460 -0.04804292
v -0.03789184 -0.00780542 -0.04805904
v -0.03791456 -0.00777938 -0.04806435
v -0.03795513 -0.00770067 -0.04808011
v -0.03796021 -0.00769082 -0.04808208
v -0.03798745 -0.00759729 -0.04810038
v -0.03749979 -0.00801433 -0.04813780
v -0.03749979 -0.00805612 -0.04824939
v -0.03754885 -0.00800702 -0.04811580
v -0.03749979 -0.00801161 -0.04811507
v -0.03764414 -0.00797570 -0.04802456
v -0.03773166 -0.00794312 -0.04803119
v -0.03788326 -0.00847411 -0.04852471
v -0.03788359 -0.00847402 -0.04852472
v -0.03761401 -0.00798692 -0.04802228
v -0.03799984 -0.00199078 -0.04285014
v -0.04049984 -0.00222056 -0.04340486
v -0.03772068 -0.01361155 -0.04753496
v -0.03779146 -0.01285583 -0.04755575
v -0.03779076 -0.01286000 -0.04754481
v -0.03780972 -0.01274379 -0.04764015
v -0.03779830 -0.01281466 -0.04759994
v -0.03781416 -0.01271630 -0.04765575
v -0.03774647 -0.01362593 -0.04762839
v -0.03779230 -0.01364225 -0.04771821
v -0.03786893 -0.01233857 -0.04778324
v -0.03786894 -0.01233851 -0.04778326
v -0.03812071 -0.01370725 -0.04793353
v -0.03820603 -0.01371811 -0.04794030
v -0.03821281 -0.01367486 -0.04794568
v -0.03785711 -0.01365960 -0.04779813
v -0.03793728 -0.01367692 -0.04786261
v -0.03802724 -0.01369309 -0.04790809
v -0.04009294 -0.01290784 -0.04754032
v -0.03779337 -0.01284441 -0.04757270
v -0.03770766 -0.01359895 -0.04744341
v -0.03779052 -0.01286147 -0.04753408
v -0.03746639 -0.01628809 -0.04753245
v -0.03755509 -0.01631616 -0.04757727
v -0.03764731 -0.01634244 -0.04760157
v -0.03792516 -0.01550858 -0.04771752
v -0.03947181 -0.01732760 -0.04707677
v -0.03944411 -0.01733508 -0.04716787
v -0.03939767 -0.01733893 -0.04725563
v -0.03933365 -0.01733856 -0.04733427
v -0.03925544 -0.01733386 -0.04739865
v -0.03791894 -0.01554824 -0.04771259
v -0.03905502 -0.01690320 -0.04753616
v -0.03925111 -0.01550806 -0.04771320
v -0.03916816 -0.01732525 -0.04744536
v -0.03946722 -0.01472573 -0.04780823
v -0.03907755 -0.01731354 -0.04747323
v -0.03936294 -0.01471254 -0.04781416
v -0.03985489 -0.01471574 -0.04731670
v -0.03766150 -0.01400984 -0.04739288
v -0.04073442 -0.00373454 -0.03150918
v -0.04071660 -0.00418354 -0.04234514
v -0.04049987 -0.00303494 -0.03232169
v -0.04075541 -0.00316638 -0.03219659
v -0.04049987 -0.00213134 -0.03296283
v -0.04076017 -0.00302602 -0.03231070
v -0.04077861 -0.00248143 -0.03275344
v -0.04049988 -0.00109845 -0.03336375
v -0.04078959 -0.00212112 -0.03294346
v -0.04080260 -0.00169412 -0.03316864
v -0.04081877 -0.00109331 -0.03334632
v -0.03449984 -0.01130012 -0.03428942
v -0.03738758 -0.01625994 -0.04746806
v -0.03732428 -0.01623358 -0.04738773
v -0.03725597 -0.01619232 -0.04720292
v -0.03689705 -0.01739154 -0.04694505
v -0.03689264 -0.01743119 -0.04703366
v -0.03722295 -0.01622634 -0.04710376
v -0.03691548 -0.01745172 -0.04712852
v -0.03695825 -0.01747848 -0.04721957
v -0.03728009 -0.01621067 -0.04729719
v -0.03721995 -0.01622569 -0.04628943
v -0.03897146 -0.01991631 -0.04672091
v -0.03910733 -0.01931358 -0.04671480
v -0.03894355 -0.01992318 -0.04681149
v -0.03883382 -0.01992298 -0.04697714
v -0.03875651 -0.01991535 -0.04704145
v -0.03867033 -0.01990329 -0.04708834
v -0.03858091 -0.01988788 -0.04711663
v -0.03889728 -0.01992559 -0.04689881
v -0.03679906 -0.01884862 -0.04726293
v -0.03687191 -0.01888055 -0.04726652
v -0.03699965 -0.01861204 -0.04730442
v -0.03671070 -0.01880681 -0.04724022
v -0.03718448 -0.01758058 -0.04740892
v -0.03662583 -0.01876356 -0.04719631
v -0.03709733 -0.01754510 -0.04736453
v -0.03727515 -0.01761444 -0.04743245
v -0.03702006 -0.01751027 -0.04730019
v -0.03854787 -0.01961659 -0.04716346
v -0.03734509 -0.01763842 -0.04743684
v -0.03641631 -0.01861303 -0.04677142
v -0.03693251 -0.01728434 -0.04628943
v -0.03896967 -0.01990275 -0.04663015
v -0.03826914 -0.02246947 -0.04652615
v -0.03820657 -0.02246389 -0.04660412
v -0.03831506 -0.02246909 -0.04643938
v -0.03813059 -0.02245251 -0.04666835
v -0.03804605 -0.02243616 -0.04671548
v -0.03848674 -0.01986863 -0.04712650
v -0.03632394 -0.01884141 -0.04628942
v -0.03634259 -0.01880037 -0.04674480
v -0.03635908 -0.01875150 -0.04628942
v -0.03636146 -0.01875243 -0.04675161
v -0.03585931 -0.01979549 -0.04669445
v -0.03642867 -0.01863095 -0.04686396
v -0.03587908 -0.01981995 -0.04679061
v -0.03645000 -0.01865360 -0.04695947
v -0.03591804 -0.01985420 -0.04688280
v -0.03649096 -0.01868431 -0.04705109
v -0.03597547 -0.01989681 -0.04696405
v -0.03655073 -0.01872175 -0.04713203
v -0.03898120 -0.01729815 -0.04748191
v -0.03752507 -0.01713116 -0.04750583
v -0.03736589 -0.01568823 -0.04628943
v -0.03765993 -0.01402049 -0.04628943
v -0.03779052 -0.01286147 -0.04628943
v -0.03771682 -0.01636052 -0.04760649
v -0.03733525 -0.01582483 -0.04715845
v -0.03449976 -0.02193128 -0.04428942
v -0.03723726 -0.01617519 -0.04711072
v -0.04082550 -0.00084364 -0.03342016
v -0.04084449 -0.00003879 -0.03950033
v -0.04082349 -0.00092196 -0.03959583
v -0.04084534 0.00000139 -0.03349673
v -0.04084529 0.00000074 -0.03950387
v -0.04088421 0.00212291 -0.03294357
v -0.04086705 0.00109537 -0.03965428
v -0.04086257 0.00084157 -0.03957933
v -0.04084618 0.00003754 -0.03350000
v -0.03799985 -0.00059420 -0.04177851
v -0.03799985 0.00000108 -0.04170014
v -0.03799985 0.00059637 -0.04177851
v -0.03799985 0.00115108 -0.04200828
v -0.03799985 0.00162743 -0.04237379
v -0.04088820 0.00238827 -0.03279789
v -0.04087769 0.00169673 -0.03983185
v -0.04088419 0.00212347 -0.04005649
v -0.04088823 0.00238827 -0.04019587
v -0.04088959 0.00247750 -0.04024285
v -0.04089059 0.00254679 -0.03271086
v -0.04089682 0.00302804 -0.04068976
v -0.03799989 0.00000109 -0.03130014
v -0.03799985 -0.00114892 -0.04200828
v -0.04049985 -0.00109845 -0.03963655
v -0.04081880 -0.00109418 -0.03965013
v -0.04049986 0.00000107 -0.03950015
v -0.04049985 0.00000107 -0.04170015
v -0.04049986 0.00110061 -0.03963655
v -0.04049986 0.00213348 -0.04003747
v -0.04087883 0.00176534 -0.03313988
v -0.03800693 0.00878424 -0.04698408
v -0.03800785 0.00878732 -0.04698408
v -0.03804233 0.00890215 -0.04698408
v -0.03808265 0.00896962 -0.04698408
v -0.03810547 0.00900783 -0.04698408
v -0.03819253 0.00909488 -0.04698408
v -0.03829821 0.00915802 -0.04698408
v -0.03840857 0.00919116 -0.04698408
v -0.03849987 0.00920049 -0.04698409
v -0.04044210 0.00920048 -0.04697592
v -0.04090532 0.00375385 -0.03147695
v -0.04089936 0.00322339 -0.03214128
v -0.04089679 0.00302548 -0.03230789
v -0.04093499 0.00878468 -0.03863141
v -0.03799985 0.00199294 -0.04285014
v -0.04044211 0.00920048 -0.04470014
v -0.04049985 -0.00213134 -0.04003747
v -0.04049985 -0.00059421 -0.04177852
v -0.04049985 -0.00114892 -0.04200829
v -0.04049984 -0.00303494 -0.04067862
v -0.04049984 -0.00375451 -0.04152111
v -0.04049984 -0.00162527 -0.04237380
v -0.04049984 -0.00199079 -0.04285015
v -0.04049983 -0.00424640 -0.04251389
v -0.03799984 -0.00162526 -0.04237379
v -0.04049983 -0.00448081 -0.04359678
v -0.04070652 -0.00442676 -0.04319745
v -0.04071456 -0.00423280 -0.04251777
v -0.04070499 -0.00446281 -0.04359839
v -0.04070346 -0.00449893 -0.04400015
v -0.04049983 -0.00449892 -0.04400015
v -0.04070514 -0.00445925 -0.04440139
v -0.04070714 -0.00441176 -0.04488156
v -0.04071470 -0.00422887 -0.04548106
v -0.04073369 -0.00375168 -0.04152337
v -0.04075328 -0.00322514 -0.04086303
v -0.04077657 -0.00254344 -0.04028862
v -0.04076018 -0.00302304 -0.04069273
v -0.03799986 0.00870049 -0.04698408
v -0.04089867 0.00316909 -0.04080427
v -0.04094211 0.00869706 -0.03863141
v -0.03814718 0.00904953 -0.04698408
v -0.03831521 0.00916312 -0.04698408
v -0.04086414 0.00092341 -0.03340461
v -0.04086716 0.00109635 -0.03335023
v -0.04090528 0.00375319 -0.04152299
v -0.04094211 0.00869706 -0.04034053
v -0.03841611 0.00919342 -0.04698408
v -0.04044210 0.00920048 -0.04621732
v -0.03797006 -0.01130013 -0.03628943
v -0.03797003 -0.01130013 -0.04428943
v -0.03449983 -0.01130012 -0.03628942
v -0.04073280 -0.00377563 -0.04155340
v -0.03799989 -0.00059420 -0.03122177
v -0.04078958 -0.00212095 -0.04005636
v -0.04080041 -0.00176908 -0.03986293
v -0.04049990 0.00303710 -0.03232169
v -0.04049989 0.00213348 -0.03296283
v -0.04049989 0.00110061 -0.03336375
v -0.04049988 0.00000107 -0.03350014
v -0.03799989 0.00059637 -0.03122177
v -0.04049989 0.00059636 -0.03122178
v -0.04049989 0.00000108 -0.03130015
v -0.04049989 -0.00059421 -0.03122178
v -0.03834315 -0.02246326 -0.04634940
v -0.03777263 -0.00820123 -0.04846117
v -0.04093437 0.00869892 -0.04774528
v -0.04093203 0.00835568 -0.04845667
v -0.04094044 0.00845820 -0.04814020
v -0.04093926 0.00828402 -0.04839884
v -0.04090743 0.00865311 -0.04815838
v -0.04090593 0.00842913 -0.04851639
v -0.03850000 0.00910013 -0.04782790
v -0.04044096 0.00909374 -0.04784344
v -0.04044098 0.00909888 -0.04782767
v -0.03850009 0.00902152 -0.04804949
v -0.04044018 0.00895344 -0.04827327
v -0.04094151 0.00861399 -0.04772382
v -0.04090836 0.00879083 -0.04776843
v -0.04086202 0.00887952 -0.04779074
v -0.04079642 0.00895875 -0.04781061
v -0.04086108 0.00873588 -0.04819719
v -0.04079548 0.00880983 -0.04823179
v -0.04048278 0.00910053 -0.04784585
v -0.04075745 0.00899304 -0.04781920
v -0.04071522 0.00902300 -0.04782669
v -0.04075651 0.00884183 -0.04824674
v -0.04057686 0.00908405 -0.04784185
v -0.04057596 0.00892687 -0.04828618
v -0.04062412 0.00906865 -0.04783804
v -0.04052951 0.00909459 -0.04784443
v -0.04052863 0.00893675 -0.04829068
v -0.04067051 0.00904827 -0.04783299
v -0.04066959 0.00889343 -0.04827074
v -0.04062321 0.00891246 -0.04827955
v -0.04071430 0.00886982 -0.04825977
v -0.03850019 0.00891234 -0.04835717
v -0.04043996 0.00890494 -0.04835255
v -0.04044012 0.00894172 -0.04829243
v -0.04085956 0.00850005 -0.04857392
v -0.04075500 0.00859092 -0.04864739
v -0.03850019 0.00891126 -0.04836021
v -0.03840830 0.00887589 -0.04840858
v -0.03840830 0.00903203 -0.04805332
v -0.04090896 0.00887948 -0.04697592
v -0.04048335 0.00919877 -0.04697592
v -0.04053009 0.00919268 -0.04697592
v -0.04044210 0.00920048 -0.04698409
v -0.04057744 0.00918181 -0.04697592
v -0.04062471 0.00916594 -0.04697592
v -0.04071583 0.00911890 -0.04697592
v -0.04067111 0.00914495 -0.04697592
v -0.04075805 0.00908799 -0.04697592
v -0.04079703 0.00905265 -0.04697592
v -0.04044113 0.00912560 -0.04774579
v -0.04086263 0.00897094 -0.04697592
v -0.03849998 0.00911967 -0.04777283
v -0.03840830 0.00914085 -0.04762243
v -0.03831466 0.00900639 -0.04804452
v -0.03831466 0.00885214 -0.04839554
v -0.03850022 0.00887814 -0.04840915
v -0.04071279 0.00861493 -0.04866673
v -0.04066811 0.00863521 -0.04868301
v -0.03822465 0.00767610 -0.04930051
v -0.03831465 0.00769162 -0.04934486
v -0.03831466 0.00809440 -0.04916260
v -0.03807961 0.00711239 -0.04928995
v -0.03814448 0.00712520 -0.04936973
v -0.03814448 0.00765437 -0.04923848
v -0.03822464 0.00713560 -0.04943463
v -0.03831465 0.00714305 -0.04948103
v -0.03840829 0.00770059 -0.04937044
v -0.03799986 0.00827104 -0.04842556
v -0.03799986 0.00827103 -0.04842555
v -0.03799986 0.00809462 -0.04858865
v -0.03800747 0.00815656 -0.04866155
v -0.03800747 0.00836539 -0.04844789
v -0.03799985 0.00801604 -0.04866130
v -0.03803361 0.00843840 -0.04850655
v -0.03807962 0.00868252 -0.04830244
v -0.03807962 0.00850882 -0.04856312
v -0.03803361 0.00821692 -0.04873317
v -0.03807962 0.00827513 -0.04880224
v -0.03814449 0.00857179 -0.04861372
v -0.03799985 0.00785775 -0.04874818
v -0.03800747 0.00790706 -0.04883487
v -0.03803361 0.00795354 -0.04891619
v -0.03807962 0.00799836 -0.04899461
v -0.03814449 0.00832720 -0.04886402
v -0.03814448 0.00803846 -0.04906475
v -0.03822465 0.00850193 -0.04879145
v -0.03822465 0.00807108 -0.04912181
v -0.03807962 0.00762767 -0.04916222
v -0.03803360 0.00759782 -0.04907696
v -0.04048190 0.00894233 -0.04829316
v -0.03799985 0.00753570 -0.04889803
v -0.03800747 0.00756686 -0.04898856
v -0.03799985 0.00763802 -0.04886877
v -0.03799985 0.00635561 -0.04905752
v -0.03800747 0.00708325 -0.04910827
v -0.03799985 0.00706892 -0.04901350
v -0.03800746 0.00635534 -0.04915705
v -0.03803360 0.00709808 -0.04920075
v -0.04094195 0.00867741 -0.04697426
v -0.03803360 0.00635421 -0.04925072
v -0.03799985 0.00714932 -0.04900854
v -0.03807961 0.00635313 -0.04934106
v -0.03814448 0.00635215 -0.04942185
v -0.03822464 0.00635137 -0.04948758
v -0.03831465 0.00635080 -0.04953457
v -0.03840829 0.00714734 -0.04950780
v -0.03831466 0.00853552 -0.04882431
v -0.03822465 0.00862303 -0.04865488
v -0.04082947 0.00094655 -0.04898464
v -0.04091136 0.00620446 -0.04918244
v -0.04088754 0.00620217 -0.04924645
v -0.04088661 0.00620209 -0.04924896
v -0.04086917 0.00620041 -0.04929581
v -0.04078305 0.00094183 -0.04907398
v -0.04084133 0.00619905 -0.04933637
v -0.04084049 0.00619901 -0.04933759
v -0.04079918 0.00619698 -0.04939775
v -0.04071812 0.00093805 -0.04915375
v -0.04077691 0.00619639 -0.04941736
v -0.04063821 0.00093549 -0.04921858
v -0.04070690 0.00619451 -0.04947900
v -0.04054872 0.00093426 -0.04926493
v -0.04069720 0.00619439 -0.04948402
v -0.04060014 0.00619313 -0.04953434
v -0.04051542 0.00619290 -0.04955506
v -0.04087756 0.00238840 -0.04886711
v -0.04092507 0.00620881 -0.04906637
v -0.04091481 0.00620556 -0.04915323
v -0.04040117 0.00346417 -0.04944392
v -0.04042507 0.00619311 -0.04956600
v -0.03849984 0.00619312 -0.04956599
v -0.04048591 0.00619283 -0.04956228
v -0.04051215 0.00619290 -0.04955585
v -0.04089930 0.00322339 -0.04714128
v -0.04093020 0.00695963 -0.04903507
v -0.03840887 0.00619352 -0.04955525
v -0.03840944 0.00619352 -0.04955540
v -0.03849989 0.00634992 -0.04955937
v -0.03843371 0.00619328 -0.04956160
v -0.03831963 0.00619439 -0.04953241
v -0.03840828 0.00635048 -0.04956169
v -0.04091437 0.00620541 -0.04915692
v -0.04092260 0.00697091 -0.04912430
v -0.04089622 0.00698311 -0.04921783
v -0.04085628 0.00095186 -0.04889180
v -0.03799983 0.00242909 -0.04888779
v -0.03801053 0.00620877 -0.04915700
v -0.03801005 0.00620893 -0.04915293
v -0.03799985 0.00621223 -0.04906636
v -0.03801353 0.00620780 -0.04918242
v -0.03803676 0.00620537 -0.04924567
v -0.03803804 0.00620524 -0.04924914
v -0.03805393 0.00620358 -0.04929239
v -0.03808290 0.00620196 -0.04933485
v -0.03808470 0.00620186 -0.04933748
v -0.03812637 0.00619952 -0.04939856
v -0.03814797 0.00619879 -0.04941778
v -0.03821275 0.00619658 -0.04947542
v -0.03822704 0.00619629 -0.04948304
v -0.03831602 0.00619447 -0.04953049
v -0.04043037 0.00702637 -0.04952369
v -0.04084969 0.00699502 -0.04930795
v -0.03800748 0.00852123 -0.04821392
v -0.03803361 0.00860333 -0.04825898
v -0.03807963 0.00892343 -0.04758500
v -0.03803361 0.00873790 -0.04795241
v -0.03807963 0.00882335 -0.04798173
v -0.03799986 0.00855375 -0.04788914
v -0.03800748 0.00864932 -0.04792202
v -0.03814449 0.00889977 -0.04800794
v -0.03814449 0.00900305 -0.04759870
v -0.03822466 0.00906783 -0.04760986
v -0.03822466 0.00896194 -0.04802927
v -0.03831467 0.00911414 -0.04761783
v -0.03814449 0.00875334 -0.04834131
v -0.03822465 0.00881095 -0.04837293
v -0.04090956 0.00418469 -0.04565766
v -0.04093909 0.00826010 -0.04843435
v -0.04093720 0.00798334 -0.04868211
v -0.03849996 0.00913508 -0.04762242
v -0.03799986 0.00843995 -0.04816875
v -0.03799986 0.00847411 -0.04811683
v -0.04081910 0.00700059 -0.04934976
v -0.04078408 0.00700579 -0.04938838
v -0.04061222 0.00702128 -0.04949978
v -0.04051793 0.00702530 -0.04952604
v -0.04074518 0.00701053 -0.04942315
v -0.03799986 0.00864453 -0.04753784
v -0.03800748 0.00874209 -0.04755377
v -0.03803361 0.00883440 -0.04756967
v -0.03799986 0.00863149 -0.04766693
v -0.03822465 0.00836955 -0.04891428
v -0.03831466 0.00839983 -0.04895021
v -0.04047962 0.00850543 -0.04890125
v -0.04048051 0.00867737 -0.04871632
v -0.04043876 0.00864412 -0.04874777
v -0.04057360 0.00849347 -0.04888928
v -0.04057453 0.00866400 -0.04870594
v -0.04052722 0.00867252 -0.04871264
v -0.04052631 0.00850108 -0.04889699
v -0.03840829 0.00810785 -0.04918613
v -0.03840829 0.00841730 -0.04897094
v -0.03850037 0.00784062 -0.04931751
v -0.03850041 0.00810500 -0.04917994
v -0.03850043 0.00827051 -0.04909381
v -0.03850043 0.00828936 -0.04907705
v -0.03850040 0.00841334 -0.04896682
v -0.04043711 0.00828769 -0.04907292
v -0.04043517 0.00788994 -0.04929936
v -0.04043738 0.00834184 -0.04904209
v -0.04057023 0.00788429 -0.04928728
v -0.04061976 0.00829374 -0.04903500
v -0.04057257 0.00830330 -0.04904761
v -0.04085500 0.00779816 -0.04909592
v -0.04085747 0.00817782 -0.04887901
v -0.04082442 0.00781535 -0.04913453
v -0.04075047 0.00784567 -0.04920229
v -0.04078939 0.00783128 -0.04917020
v -0.04079187 0.00822624 -0.04894449
v -0.04075293 0.00824724 -0.04897278
v -0.04066368 0.00786899 -0.04925394
v -0.04071075 0.00826562 -0.04899748
v -0.04066609 0.00828117 -0.04901828
v -0.04070831 0.00785829 -0.04923032
v -0.04061739 0.00787766 -0.04927294
v -0.04047635 0.00789163 -0.04930250
v -0.04052299 0.00788892 -0.04929706
v -0.04052529 0.00830991 -0.04905619
v -0.04062175 0.00865158 -0.04869609
v -0.03850036 0.00863267 -0.04877181
v -0.04043808 0.00849634 -0.04889166
v -0.04079395 0.00856346 -0.04862523
v -0.04043897 0.00869105 -0.04870208
v -0.04047863 0.00831372 -0.04906094
v 0.02220179 -0.07320112 -0.03191997
v 0.01045179 -0.07137408 -0.03273349
v 0.02220178 -0.07137403 -0.03273344
v 0.01045179 -0.07320116 -0.03192001
v -0.01004828 -0.06669345 -0.01730336
v -0.01004825 -0.06839848 -0.02396632
v -0.01004829 -0.06486636 -0.01811683
v -0.01004826 -0.06693985 -0.02277395
v -0.02179828 -0.06669349 -0.01730340
v -0.02179829 -0.06486641 -0.01811688
v -0.02179826 -0.06693989 -0.02277400
v -0.02179826 -0.06717446 -0.02330084
v -0.01004821 -0.07320124 -0.03192009
v -0.01004825 -0.06879160 -0.02461736
v -0.01004826 -0.06752606 -0.02409061
v -0.02179821 -0.07320128 -0.03192013
v -0.01004825 -0.06816728 -0.02553081
v -0.01004823 -0.06930099 -0.02807717
v -0.01004821 -0.07137415 -0.03273356
v -0.02179821 -0.07137420 -0.03273360
v -0.02179823 -0.06930104 -0.02807722
v -0.02179825 -0.06909513 -0.02522055
v -0.02179825 -0.06796453 -0.02507536
v -0.02179824 -0.06930113 -0.02589963
v -0.02179824 -0.06856227 -0.02641792
v 0.02220176 -0.06930088 -0.02807706
v 0.01045176 -0.06929965 -0.02589503
v 0.01045177 -0.06930092 -0.02807710
v 0.01045175 -0.06909827 -0.02523117
v 0.02220171 -0.06669333 -0.01730324
v 0.02220174 -0.06839836 -0.02396620
v 0.02220171 -0.06486624 -0.01811671
v 0.02220173 -0.06693973 -0.02277383
v 0.01045172 -0.06669337 -0.01730329
v 0.01045171 -0.06486629 -0.01811676
v 0.01045174 -0.06693977 -0.02277388
v 0.02220174 -0.06878987 -0.02461457
v 0.02220174 -0.06744777 -0.02391491
v 0.02220174 -0.06803047 -0.02522368
v 0.01045174 -0.06718847 -0.02333246
v 0.01045175 -0.06799101 -0.02513500
v 0.01045176 -0.06861806 -0.02654337
v -0.04090390 0.00812370 -0.04880559
v -0.03850012 0.00714661 -0.04950775
v -0.03850034 0.00770151 -0.04937084
v -0.03850037 0.00777119 -0.04935365
v -0.04043106 0.00713571 -0.04951813
v -0.04043279 0.00745204 -0.04943141
v -0.04043494 0.00784411 -0.04932392
v -0.04093040 0.00698897 -0.04903385
v -0.04092772 0.00772302 -0.04892626
v -0.04090146 0.00776121 -0.04901267
v -0.03850012 0.00712004 -0.04951431
v -0.04043097 0.00712145 -0.04951886
v -0.04070305 0.00701472 -0.04945353
v -0.04070571 0.00743603 -0.04937454
v -0.03850009 0.00705884 -0.04952941
v -0.03831466 0.00865966 -0.04868431
v -0.03840830 0.00855490 -0.04884327
v -0.04093456 0.00759749 -0.04888348
v -0.04093515 0.00768371 -0.04883849
v -0.04093007 0.00806769 -0.04872938
v -0.04052050 0.00745539 -0.04944531
v -0.04061484 0.00744821 -0.04941970
v -0.03840830 0.00868079 -0.04870129
v -0.03850033 0.00868013 -0.04870168
v -0.03850035 0.00864663 -0.04875119
v -0.03850037 0.00855419 -0.04884159
v -0.04043497 0.00784928 -0.04932251
v -0.04090552 0.00377741 -0.04644746
v -0.04090526 0.00375386 -0.04647696
v -0.03803882 -0.00137606 -0.04882554
v -0.03801686 -0.00137221 -0.04877266
v -0.03806681 -0.00138096 -0.04889293
v -0.03808358 -0.00138254 -0.04891474
v -0.03814626 -0.00138847 -0.04899621
v -0.03818805 -0.00753821 -0.04850836
v -0.03822795 -0.00139301 -0.04905873
v -0.03822782 -0.00754064 -0.04853323
v -0.03824982 -0.00139422 -0.04907546
v -0.03828286 -0.00754401 -0.04856764
v -0.03831738 -0.00139625 -0.04910338
v -0.03831665 -0.00754516 -0.04857941
v -0.03837041 -0.00139785 -0.04912528
v -0.03801174 -0.00136940 -0.04873386
v -0.03799982 -0.00136284 -0.04864359
v -0.03799982 -0.00135044 -0.04864449
v -0.03801174 -0.00135699 -0.04873476
v -0.03801686 -0.00135981 -0.04877356
v -0.03803882 -0.00136365 -0.04882645
v -0.03806681 -0.00136854 -0.04889383
v -0.03808358 -0.00137013 -0.04891564
v -0.03814627 -0.00137605 -0.04899712
v -0.03822795 -0.00138058 -0.04905963
v -0.03824982 -0.00138180 -0.04907637
v -0.03831738 -0.00138383 -0.04910428
v -0.03837041 -0.00138542 -0.04912619
v -0.04049982 -0.00213134 -0.04796283
v -0.04081872 -0.00109331 -0.04834633
v -0.04080254 -0.00169412 -0.04816865
v -0.04070808 -0.00428178 -0.04841025
v -0.04082544 -0.00084364 -0.04842016
v -0.03849980 -0.00754883 -0.04861692
v -0.04014041 -0.00588272 -0.04877444
v -0.03849981 -0.00452210 -0.04889482
v -0.03849981 -0.00452210 -0.04889483
v -0.03840903 -0.00754783 -0.04860674
v -0.03840930 -0.00139822 -0.04913039
v -0.03838854 -0.00754760 -0.04860445
v -0.04019245 -0.00452141 -0.04888621
v -0.04056562 -0.00430606 -0.04876687
v -0.04048583 -0.00430825 -0.04883160
v -0.04039651 -0.00430849 -0.04887794
v -0.04030369 -0.00430694 -0.04890483
v -0.04020082 -0.00430269 -0.04890417
v -0.04069539 -0.00468591 -0.04837952
v -0.03799983 -0.00114891 -0.04599200
v -0.03799983 -0.00059420 -0.04622177
v -0.04075535 -0.00316638 -0.04719660
v -0.04049982 -0.00303495 -0.04732169
v -0.04076011 -0.00302602 -0.04731070
v -0.04077856 -0.00248143 -0.04775344
v -0.04078953 -0.00212112 -0.04794346
v -0.04049983 -0.00114892 -0.04599201
v -0.04049982 -0.00109846 -0.04836375
v -0.03849982 -0.00139908 -0.04914228
v -0.04049985 0.00115108 -0.04200829
v -0.04049985 0.00162742 -0.04237380
v -0.04049987 0.00303710 -0.04067862
v -0.04049987 0.00375666 -0.04152111
v -0.04090508 0.00373336 -0.04148618
v -0.04049985 0.00199293 -0.04285015
v -0.04049985 0.00222270 -0.04340487
v -0.04049986 0.00424855 -0.04251389
v -0.03799985 0.00222271 -0.04340486
v -0.03799985 0.00230109 -0.04400014
v -0.04049986 0.00448296 -0.04359677
v -0.04049985 0.00230108 -0.04400015
v -0.03799985 0.00222271 -0.04459542
v -0.04049985 0.00222270 -0.04459543
v -0.03799985 0.00199295 -0.04515014
v -0.04049986 0.00448297 -0.04440353
v -0.04049986 0.00450107 -0.04400015
v -0.04049985 0.00059636 -0.04177852
v -0.04031072 -0.00142814 -0.04914017
v -0.04085141 0.00028473 -0.04875739
v -0.04045572 0.00093433 -0.04929172
v -0.03840930 -0.00138579 -0.04913129
v -0.03849982 -0.00138665 -0.04914318
v -0.03809680 -0.00794121 -0.04849090
v -0.03824996 -0.00785741 -0.04854973
v -0.03816553 -0.00781797 -0.04850484
v -0.03817352 -0.00799683 -0.04853517
v -0.03814053 -0.00818960 -0.04854439
v -0.03825480 -0.00820579 -0.04855180
v -0.03833785 -0.00789623 -0.04857396
v -0.03839398 -0.00799588 -0.04857279
v -0.03809066 -0.00778054 -0.04844023
v -0.03813032 -0.00766088 -0.04845536
v -0.03820925 -0.00768299 -0.04851998
v -0.03829796 -0.00770517 -0.04856552
v -0.03814846 -0.00753435 -0.04846895
v -0.03820336 -0.00825214 -0.04854713
v -0.03800601 -0.00804869 -0.04847867
v -0.03807186 -0.00811883 -0.04852236
v -0.03789666 -0.00813624 -0.04846865
v -0.03794882 -0.00821847 -0.04851185
v -0.03841724 -0.00793001 -0.04857932
v -0.03847672 -0.00776156 -0.04859602
v -0.04049982 -0.00375450 -0.04647918
v -0.03799983 -0.00199078 -0.04515014
v -0.03799983 -0.00162526 -0.04562648
v -0.04049983 -0.00162527 -0.04562649
v -0.04073436 -0.00373454 -0.04650918
v -0.04073369 -0.00375152 -0.04647758
v -0.04071786 -0.00415230 -0.04573204
v -0.04049985 0.00424855 -0.04548640
v -0.04035444 0.00093651 -0.04928698
v -0.04091177 0.00442793 -0.04480823
v -0.04091001 0.00423486 -0.04548249
v -0.04094208 0.00869706 -0.04621732
v -0.04094209 0.00869706 -0.04500927
v -0.04093496 0.00878467 -0.04470014
v -0.04090896 0.00887947 -0.04470014
v -0.04093496 0.00878467 -0.04621732
v -0.04053010 0.00919268 -0.04470014
v -0.04062472 0.00916594 -0.04621732
v -0.04062472 0.00916594 -0.04470014
v -0.04086264 0.00897094 -0.04470014
v -0.04090896 0.00887948 -0.04621732
v -0.04079704 0.00905264 -0.04470014
v -0.04086263 0.00897094 -0.04621732
v -0.04071583 0.00911889 -0.04470014
v -0.04079703 0.00905265 -0.04621732
v -0.04071583 0.00911890 -0.04621733
v -0.04053010 0.00919268 -0.04621732
v -0.04088815 0.00238827 -0.04779789
v -0.04089674 0.00302548 -0.04730789
v -0.04089053 0.00254678 -0.04771086
v -0.04086710 0.00109635 -0.04835024
v -0.04087877 0.00176534 -0.04813989
v -0.04085978 0.00095788 -0.04879250
v -0.04093496 0.00878467 -0.04697592
v -0.04094208 0.00869706 -0.04674202
v -0.04049984 0.00303709 -0.04732168
v -0.04088415 0.00212291 -0.04794357
v -0.04094210 0.00869706 -0.04192636
v -0.04094209 0.00869706 -0.04470014
v -0.04091206 0.00446138 -0.04359891
v -0.04091209 0.00446471 -0.04440187
v -0.04049983 -0.00059421 -0.04622178
v -0.03799984 0.00115109 -0.04599200
v -0.03799984 0.00162743 -0.04562648
v -0.04049984 0.00162742 -0.04562649
v -0.04049984 0.00115108 -0.04599201
v -0.03799984 0.00059637 -0.04622177
v -0.03799983 0.00000108 -0.04630014
v -0.04049983 0.00000107 -0.04630015
v -0.04049983 0.00000108 -0.04850015
v -0.04049984 0.00059636 -0.04622178
v -0.04049983 0.00110061 -0.04836375
v -0.04091241 0.00450107 -0.04400015
v -0.04090928 0.00415374 -0.04226654
v -0.04090999 0.00423091 -0.04251928
v -0.04091165 0.00441383 -0.04311836
v -0.04049984 0.00213348 -0.04796283
v -0.04049985 0.00199294 -0.04515015
v -0.04084528 0.00000138 -0.04849673
v -0.04084612 0.00003754 -0.04850001
v -0.04086408 0.00092342 -0.04840461
v -0.04049985 0.00375665 -0.04647919
v 0.03526803 -0.00803499 -0.04777910
v 0.03523118 -0.00803426 -0.04765033
v 0.03540646 -0.00799986 -0.04759480
v 0.03535659 -0.00800773 -0.04774261
v 0.03543954 -0.00799986 -0.04770855
v 0.03513111 -0.00808151 -0.04751664
v 0.03505107 -0.00814607 -0.04760052
v 0.03504888 -0.00814461 -0.04751664
v 0.03514159 -0.00808135 -0.04766809
v 0.03504666 -0.00814631 -0.04751664
v 0.03498560 -0.00822719 -0.04760695
v 0.03506171 -0.00814779 -0.04768393
v 0.03499719 -0.00822984 -0.04769674
v 0.03532954 -0.00803568 -0.04789833
v 0.03544176 -0.00799986 -0.04771620
v 0.03548259 -0.00800800 -0.04793499
v 0.03550230 -0.00799986 -0.04782076
v 0.03570987 -0.00799986 -0.04797718
v 0.03508040 -0.00814950 -0.04776591
v 0.03518275 -0.00808318 -0.04781424
v 0.03501744 -0.00823246 -0.04778494
v 0.03510696 -0.00815115 -0.04784547
v 0.03494717 -0.00851504 -0.04780591
v 0.03498078 -0.00851989 -0.04789763
v 0.03498078 -0.00851989 -0.04789763
v 0.03500284 -0.00852307 -0.04795782
v 0.03504617 -0.00823499 -0.04787052
v 0.03497337 -0.00832527 -0.04779826
v 0.03590023 -0.00998130 -0.04836353
v 0.03586782 -0.00855045 -0.04851613
v 0.03590022 -0.00855047 -0.04851666
v 0.03570514 -0.00997964 -0.04834798
v 0.03570603 -0.00854930 -0.04849153
v 0.03563420 -0.00854878 -0.04848061
v 0.03570563 -0.00854929 -0.04849147
v 0.03491222 -0.00840871 -0.04751664
v 0.03491222 -0.00850497 -0.04761398
v 0.03490022 -0.00849986 -0.04751664
v 0.03491272 -0.00841266 -0.04761412
v 0.03493911 -0.00831816 -0.04761152
v 0.03492419 -0.00851005 -0.04771111
v 0.03492425 -0.00851008 -0.04771153
v 0.03492630 -0.00841703 -0.04771079
v 0.03495169 -0.00832176 -0.04770575
v 0.03493016 -0.00851259 -0.04775947
v 0.03494919 -0.00842132 -0.04780556
v 0.03500391 -0.00832869 -0.04788794
v 0.03498113 -0.00842548 -0.04789733
v 0.03519144 -0.00853560 -0.04822208
v 0.03519163 -0.00848870 -0.04822391
v 0.03519247 -0.00853565 -0.04822308
v 0.03519313 -0.00853568 -0.04822374
v 0.03521165 -0.00853659 -0.04824183
v 0.03534750 -0.00854174 -0.04834218
v 0.03534269 -0.00849471 -0.04834882
v 0.03540937 -0.00854409 -0.04838789
v 0.03551953 -0.00854639 -0.04843331
v 0.03534849 -0.00854178 -0.04834291
v 0.03520012 -0.00839058 -0.04821548
v 0.03534879 -0.00839579 -0.04833976
v 0.03519408 -0.00844014 -0.04822148
v 0.03520997 -0.00834080 -0.04820570
v 0.03535632 -0.00834548 -0.04832858
v 0.03518153 -0.00824198 -0.04810585
v 0.03526304 -0.00819885 -0.04815300
v 0.03524151 -0.00824401 -0.04817438
v 0.03522377 -0.00829163 -0.04819199
v 0.03536701 -0.00829574 -0.04831271
v 0.03541747 -0.00815931 -0.04823778
v 0.03539775 -0.00820173 -0.04826706
v 0.03538085 -0.00824750 -0.04829215
v 0.03512742 -0.00853247 -0.04814991
v 0.03511569 -0.00853189 -0.04813669
v 0.03512911 -0.00843684 -0.04814859
v 0.03507155 -0.00843327 -0.04806960
v 0.03514687 -0.00833807 -0.04813411
v 0.03534431 -0.00844579 -0.04834641
v 0.03572312 -0.00820522 -0.04840556
v 0.03554159 -0.00825013 -0.04838053
v 0.03555321 -0.00820389 -0.04835268
v 0.03573005 -0.00816208 -0.04837094
v 0.03502202 -0.00842946 -0.04798551
v 0.03504325 -0.00833198 -0.04797422
v 0.03508332 -0.00823743 -0.04795294
v 0.03514137 -0.00815274 -0.04792211
v 0.03512862 -0.00823978 -0.04803170
v 0.03509110 -0.00833512 -0.04805661
v 0.03507288 -0.00852855 -0.04806883
v 0.03507320 -0.00852857 -0.04806934
v 0.03518335 -0.00815427 -0.04799537
v 0.03523242 -0.00815570 -0.04806436
v 0.03590022 -0.00816482 -0.04838557
v 0.03590022 -0.00821127 -0.04842754
v 0.03553210 -0.00829882 -0.04840327
v 0.03571720 -0.00825175 -0.04843510
v 0.03551754 -0.00997357 -0.04829140
v 0.03552036 -0.00854640 -0.04843367
v 0.03534465 -0.00996371 -0.04819952
v 0.03865389 -0.00785792 -0.04855078
v 0.03856871 -0.00781830 -0.04850631
v 0.03870199 -0.00770490 -0.04856661
v 0.03861249 -0.00768269 -0.04852148
v 0.03851576 -0.00772158 -0.04844929
v 0.03845285 -0.00769458 -0.04836870
v 0.03853270 -0.00766050 -0.04845696
v 0.03846824 -0.00763981 -0.04837664
v 0.03854366 -0.00759794 -0.04846478
v 0.03847826 -0.00758366 -0.04838474
v 0.03846720 -0.00752419 -0.04836783
v 0.03854666 -0.00753428 -0.04847089
v 0.03854867 -0.00753443 -0.04847242
v 0.03863085 -0.00754056 -0.04853518
v 0.03865022 -0.00754201 -0.04854997
v 0.03871668 -0.00754469 -0.04857736
v 0.03874236 -0.00789682 -0.04857435
v 0.03872117 -0.00754488 -0.04857922
v 0.03877081 -0.00754688 -0.04859968
v 0.03814255 -0.00811967 -0.04839822
v 0.03804037 -0.00824351 -0.04845796
v 0.03802389 -0.00815474 -0.04839364
v 0.03790022 -0.00855046 -0.04851665
v 0.03790022 -0.00845851 -0.04851499
v 0.03590022 -0.00850298 -0.04851580
v 0.03790022 -0.00843133 -0.04851450
v 0.03590022 -0.00843133 -0.04851451
v 0.03790022 -0.00835784 -0.04849519
v 0.03790022 -0.00831608 -0.04848422
v 0.03590022 -0.00831609 -0.04848423
v 0.03790022 -0.00825887 -0.04845328
v 0.03790022 -0.00816910 -0.04838943
v 0.03790022 -0.00821127 -0.04842753
v 0.03590022 -0.00825393 -0.04845061
v 0.03849301 -0.00778061 -0.04844183
v 0.03843226 -0.00774748 -0.04836098
v 0.03840669 -0.00779797 -0.04835357
v 0.03846467 -0.00783697 -0.04843467
v 0.03805912 -0.00834134 -0.04850004
v 0.03854437 -0.00819186 -0.04854464
v 0.03847522 -0.00812077 -0.04852332
v 0.03857715 -0.00799832 -0.04853615
v 0.03835155 -0.00822103 -0.04851276
v 0.03840874 -0.00805015 -0.04848010
v 0.03849973 -0.00794232 -0.04849234
v 0.03843113 -0.00789014 -0.04842789
v 0.03825247 -0.00806246 -0.04840567
v 0.03835000 -0.00798512 -0.04841569
v 0.03829890 -0.00813820 -0.04847006
v 0.03817470 -0.00820344 -0.04846257
v 0.03839278 -0.00793968 -0.04842154
v 0.03860338 -0.00825124 -0.04854690
v 0.03870952 -0.00813696 -0.04855839
v 0.03882338 -0.00793061 -0.04857896
v 0.03870952 -0.00813696 -0.04855839
v 0.03551785 -0.01129986 -0.04814472
v 0.03491943 -0.00989585 -0.04756677
v 0.03490022 -0.00987504 -0.04737272
v 0.03497634 -0.00991585 -0.04775329
v 0.03490022 -0.00990026 -0.04737008
v 0.03506875 -0.00993429 -0.04792519
v 0.03519311 -0.00995045 -0.04807586
v 0.03590023 -0.01129986 -0.04822242
v 0.03519724 -0.01129986 -0.04792306
v 0.03490023 -0.01129986 -0.04721612
v 0.03492123 -0.01129986 -0.04741226
v 0.03492333 -0.01129986 -0.04743190
v 0.03498232 -0.01129986 -0.04759910
v 0.03570662 -0.01129985 -0.04819772
v 0.03575787 -0.01129986 -0.04821210
v 0.03500667 -0.01129986 -0.04766810
v 0.03507519 -0.01129986 -0.04777086
v 0.03532902 -0.01129986 -0.04804187
v 0.03551567 -0.01129986 -0.04814411
v 0.03514573 -0.01129986 -0.04787663
v 0.03551975 -0.00839968 -0.04843285
v 0.03551681 -0.00845002 -0.04843991
v 0.03848002 -0.00066950 -0.04896455
v 0.03854488 -0.00067511 -0.04904512
v 0.03862505 -0.00067967 -0.04911065
v 0.03871504 -0.00068293 -0.04915751
v 0.04115563 -0.00316860 -0.04719378
v 0.04116050 -0.00303437 -0.04732110
v 0.04090019 -0.00303464 -0.04732138
v 0.04109173 -0.00477783 -0.04837243
v 0.04111041 -0.00419283 -0.04841712
v 0.04116100 -0.00302045 -0.04733429
v 0.04090019 -0.00213103 -0.04796253
v 0.04118257 -0.00237296 -0.04782248
v 0.04119000 -0.00212240 -0.04794486
v 0.04118301 -0.00191994 -0.04859075
v 0.04090019 -0.00109815 -0.04836345
v 0.04090018 -0.00059391 -0.04622148
v 0.04119599 -0.00192036 -0.04804355
v 0.04120686 -0.00155402 -0.04822249
v 0.04121899 -0.00109287 -0.04834329
v 0.03840019 -0.00162497 -0.04562620
v 0.03840019 -0.00065069 -0.04869418
v 0.04110792 -0.00420072 -0.04851289
v 0.03843785 -0.00751729 -0.04829729
v 0.03843400 -0.00066323 -0.04887446
v 0.03843968 -0.00751773 -0.04830171
v 0.04108097 -0.00420744 -0.04860544
v 0.04125806 0.00099791 -0.04889450
v 0.03841220 -0.00750872 -0.04820967
v 0.03841725 -0.00751245 -0.04824781
v 0.04113419 -0.00374950 -0.04648599
v 0.04090019 -0.00375420 -0.04647888
v 0.04090018 -0.00162496 -0.04562619
v 0.04090018 -0.00114862 -0.04599171
v 0.03840019 -0.00114863 -0.04599171
v 0.04081908 -0.00938840 -0.04793050
v 0.03840019 -0.00065068 -0.04869418
v 0.03841162 -0.00750828 -0.04820519
v 0.03840784 -0.00065674 -0.04878105
v 0.04103450 -0.00421306 -0.04869452
v 0.04096960 -0.00421713 -0.04877410
v 0.04088982 -0.00421934 -0.04883881
v 0.04080050 -0.00421961 -0.04888515
v 0.04070770 -0.00421808 -0.04891202
v 0.04036633 -0.00877965 -0.04849322
v 0.04060153 -0.00452165 -0.04889283
v 0.03890022 -0.00754853 -0.04861664
v 0.03890021 -0.00452182 -0.04889454
v 0.03881374 -0.00754743 -0.04860530
v 0.03880914 -0.00754737 -0.04860470
v 0.03880866 -0.00068481 -0.04918454
v 0.04061257 -0.00432194 -0.04891158
v 0.04061574 -0.00421499 -0.04891953
v 0.04123124 0.00099268 -0.04898733
v 0.04118482 0.00098799 -0.04907667
v 0.04111989 0.00098423 -0.04915643
v 0.04090015 0.00213379 -0.04003717
v 0.04090016 0.00115138 -0.04200799
v 0.04090015 0.00303740 -0.04067832
v 0.04129135 0.00259498 -0.04032245
v 0.04129693 0.00302619 -0.04069142
v 0.04129961 0.00323355 -0.04086886
v 0.04130555 0.00375603 -0.04152156
v 0.04090015 0.00375696 -0.04152081
v 0.03840015 0.00870078 -0.04698380
v 0.03840016 0.00222300 -0.04340458
v 0.04090016 0.00162773 -0.04237351
v 0.03840016 0.00162772 -0.04237352
v 0.04090016 0.00199323 -0.04284985
v 0.04130564 0.00376405 -0.04153158
v 0.04130972 0.00416161 -0.04228450
v 0.04090015 0.00424886 -0.04251360
v 0.03840016 0.00199322 -0.04284986
v 0.04090016 0.00222301 -0.04340457
v 0.04090016 0.00230138 -0.04399985
v 0.04090015 0.00448326 -0.04359648
v 0.03840016 0.00230137 -0.04399986
v 0.04090016 0.00222300 -0.04459514
v 0.03840016 0.00222299 -0.04459515
v 0.04090017 0.00199324 -0.04514985
v 0.04090016 0.00448327 -0.04440322
v 0.04090015 0.00450139 -0.04399985
v 0.03840016 0.00115137 -0.04200800
v 0.03840016 0.00059665 -0.04177823
v 0.04103998 0.00098166 -0.04922125
v 0.04076079 0.00067749 -0.04928356
v 0.04095049 0.00098039 -0.04926759
v 0.04122899 -0.00071306 -0.04844277
v 0.03890020 -0.00068177 -0.04913507
v 0.04090016 -0.00109815 -0.03963624
v 0.04090016 -0.00059390 -0.04177822
v 0.04090015 0.00000138 -0.03949985
v 0.04090017 -0.00114862 -0.04200799
v 0.04090016 0.00000137 -0.04169985
v 0.04090015 0.00110091 -0.03963625
v 0.04090016 0.00059666 -0.04177822
v 0.03840017 -0.00114863 -0.04200800
v 0.03840016 -0.00059391 -0.04177823
v 0.03840016 0.00000137 -0.04169986
v 0.04090018 -0.00199048 -0.04514985
v 0.03840019 -0.00199049 -0.04514986
v 0.03525203 -0.00808487 -0.04794979
v 0.03551661 -0.00803678 -0.04809055
v 0.03541339 -0.00803629 -0.04800370
v 0.03534686 -0.00808637 -0.04806977
v 0.03546392 -0.00808760 -0.04816880
v 0.03528808 -0.00815703 -0.04812814
v 0.03590022 -0.00801077 -0.04811009
v 0.03590022 -0.00801406 -0.04813753
v 0.03563546 -0.00803715 -0.04815566
v 0.03590022 -0.00804056 -0.04820831
v 0.03576513 -0.00803739 -0.04819583
v 0.03559895 -0.00808853 -0.04824312
v 0.03590022 -0.00805584 -0.04824912
v 0.03574646 -0.00808910 -0.04828902
v 0.03590022 -0.00809222 -0.04830261
v 0.03590022 -0.00812285 -0.04834766
v 0.03556682 -0.00816102 -0.04832010
v 0.03556252 -0.00799986 -0.04788725
v 0.03552482 -0.00834899 -0.04842070
v 0.03577793 -0.00799986 -0.04800366
v 0.03590022 -0.00799986 -0.04801922
v 0.03567347 -0.00800818 -0.04806461
v 0.03566483 -0.00799986 -0.04795965
v 0.03551585 -0.00849921 -0.04844221
v 0.04110531 -0.00446325 -0.04359859
v 0.04110388 -0.00449678 -0.04387106
v 0.04110380 -0.00449862 -0.04399985
v 0.04110551 -0.00445859 -0.04440104
v 0.04110759 -0.00440987 -0.04488914
v 0.04111513 -0.00422678 -0.04548012
v 0.04090019 -0.00424610 -0.04548611
v 0.04111870 -0.00414000 -0.04576024
v 0.03840018 -0.00222026 -0.04340458
v 0.03840018 -0.00229863 -0.04399986
v 0.03840018 -0.00222026 -0.04459515
v 0.04113403 -0.00375352 -0.04647852
v 0.04090018 -0.00222025 -0.04459514
v 0.03570869 -0.00835115 -0.04847753
v 0.03571237 -0.00830072 -0.04845916
v 0.03570425 -0.00850198 -0.04849971
v 0.03570469 -0.00845262 -0.04849752
v 0.03570615 -0.00840209 -0.04849025
v 0.04090016 0.00424885 -0.04548611
v 0.04122375 -0.00092182 -0.03340413
v 0.04121898 -0.00109341 -0.03965477
v 0.04122914 -0.00070599 -0.03955579
v 0.04124550 0.00000202 -0.03950970
v 0.04124481 -0.00003609 -0.03349969
v 0.04124558 0.00000106 -0.03349634
v 0.04124838 0.00012667 -0.03950159
v 0.04126291 0.00084497 -0.03342007
v 0.04126564 0.00099473 -0.03961085
v 0.04126741 0.00109799 -0.03964507
v 0.04127988 0.00182552 -0.03988614
v 0.04128432 0.00212359 -0.04005516
v 0.04126733 0.00109575 -0.03334598
v 0.03840013 -0.00059391 -0.03122149
v 0.03840012 0.00000137 -0.03129985
v 0.03840012 0.00059665 -0.03122149
v 0.04127791 0.00169537 -0.03316883
v 0.03890015 0.00920078 -0.04698380
v 0.03881640 0.00919372 -0.04698380
v 0.03840812 0.00878754 -0.04698380
v 0.03844262 0.00890244 -0.04698380
v 0.03850576 0.00900812 -0.04698380
v 0.03854743 0.00904979 -0.04698380
v 0.03862662 0.00911536 -0.04698380
v 0.03869849 0.00915831 -0.04698380
v 0.03859281 0.00909517 -0.04698380
v 0.04130529 0.00373642 -0.03150973
v 0.04129878 0.00316793 -0.03219718
v 0.04133505 0.00869961 -0.03863109
v 0.04129696 0.00302851 -0.03231045
v 0.04116378 -0.00294119 -0.04059525
v 0.04116049 -0.00303274 -0.04068036
v 0.04090017 -0.00303464 -0.04067832
v 0.04115520 -0.00317980 -0.04081707
v 0.04090018 -0.00375420 -0.04152081
v 0.04113532 -0.00371961 -0.04146919
v 0.04090016 -0.00213103 -0.04003717
v 0.04090017 -0.00162497 -0.04237351
v 0.03840017 -0.00199049 -0.04284986
v 0.04090017 -0.00199048 -0.04284985
v 0.04090018 -0.00424610 -0.04251359
v 0.04090018 -0.00222025 -0.04340457
v 0.03840017 -0.00162498 -0.04237352
v 0.04110826 -0.00439386 -0.04303454
v 0.04090019 -0.00448050 -0.04359648
v 0.04111523 -0.00422394 -0.04252092
v 0.04090019 -0.00449862 -0.04399985
v 0.04112022 -0.00410234 -0.04215335
v 0.04090019 -0.00448051 -0.04440323
v 0.04090018 -0.00229862 -0.04399985
v 0.04118566 -0.00227295 -0.04011688
v 0.04113412 -0.00374985 -0.04152325
v 0.04128983 0.00248278 -0.03275387
v 0.04128439 0.00212359 -0.03294316
v 0.04133507 0.00869961 -0.04469982
v 0.04133507 0.00869962 -0.04365582
v 0.03880884 0.00919144 -0.04698380
v 0.03840721 0.00878453 -0.04698380
v 0.03843608 0.00888066 -0.04698380
v 0.04117678 -0.00254499 -0.03271011
v 0.04090013 0.00110091 -0.03336345
v 0.04090013 0.00000138 -0.03349985
v 0.03838513 -0.00762173 -0.04809532
v 0.03837688 -0.00764402 -0.04809094
v 0.03809223 -0.00796124 -0.04802720
v 0.03809041 -0.00796226 -0.04802699
v 0.03799781 -0.00798776 -0.04802174
v 0.03797359 -0.00799444 -0.04802037
v 0.03790021 -0.00799985 -0.04801922
v 0.03834011 -0.00773441 -0.04807308
v 0.03828615 -0.00781596 -0.04805648
v 0.03828056 -0.00782441 -0.04805476
v 0.03825226 -0.00785072 -0.04804945
v 0.04115368 -0.00322152 -0.03214039
v 0.04090014 -0.00213103 -0.03296253
v 0.04090013 -0.00059390 -0.03122148
v 0.04116046 -0.00302300 -0.03230757
v 0.04090014 -0.00109815 -0.03336345
v 0.04118985 -0.00212045 -0.03294328
v 0.04119599 -0.00192041 -0.03305316
v 0.04120082 -0.00176362 -0.03313927
v 0.04121906 -0.00109392 -0.03334998
v 0.04118997 -0.00212583 -0.04004831
v 0.04119600 -0.00192038 -0.03995256
v 0.03831310 -0.00777523 -0.04806477
v 0.04090012 0.00059666 -0.03122148
v 0.04090012 0.00000138 -0.03129985
v 0.04090012 0.00213379 -0.03296253
v 0.04090012 0.00303740 -0.03232139
v 0.04120806 -0.00150955 -0.03976109
v 0.03839002 -0.00772095 -0.04826960
v 0.03837645 -0.00784556 -0.04834653
v 0.03840880 -0.00767225 -0.04827778
v 0.03842278 -0.00762187 -0.04828617
v 0.03799988 -0.00801196 -0.04816704
v 0.03800245 -0.00802974 -0.04821640
v 0.03790022 -0.00805584 -0.04824912
v 0.03810781 -0.00802315 -0.04826961
v 0.03800614 -0.00805309 -0.04826468
v 0.03810053 -0.00800078 -0.04822150
v 0.03790022 -0.00806465 -0.04826208
v 0.03790022 -0.00802408 -0.04816432
v 0.03799842 -0.00799962 -0.04811754
v 0.03809250 -0.00797149 -0.04812301
v 0.03809544 -0.00798359 -0.04817233
v 0.03790022 -0.00801405 -0.04813753
v 0.03801098 -0.00808193 -0.04831094
v 0.03790022 -0.00809546 -0.04830737
v 0.03811731 -0.00805065 -0.04831572
v 0.03801692 -0.00811598 -0.04835422
v 0.03790022 -0.00812285 -0.04834765
v 0.03812893 -0.00808297 -0.04835888
v 0.03836662 -0.00776745 -0.04826175
v 0.03830726 -0.00785220 -0.04824730
v 0.03833893 -0.00781132 -0.04825429
v 0.03831934 -0.00778865 -0.04815806
v 0.03834535 -0.00774656 -0.04816601
v 0.03836719 -0.00770205 -0.04817437
v 0.03838458 -0.00765555 -0.04818305
v 0.03839736 -0.00760754 -0.04819197
v 0.03840543 -0.00755846 -0.04820102
v 0.03843182 -0.00757025 -0.04829472
v 0.03882820 -0.00792190 -0.04857983
v 0.03889141 -0.00768142 -0.04860360
v 0.03854454 -0.00831460 -0.04854054
v 0.03824930 -0.00838893 -0.04852461
v 0.03828255 -0.00846797 -0.04852502
v 0.03833479 -0.00844999 -0.04852685
v 0.03833479 -0.00845000 -0.04852685
v 0.03810739 -0.00852821 -0.04851891
v 0.03821125 -0.00829552 -0.04850490
v 0.03790022 -0.00800550 -0.04806635
v 0.03827193 -0.00788971 -0.04824084
v 0.03828946 -0.00782793 -0.04815060
v 0.03837046 -0.01129985 -0.04783608
v 0.03817770 -0.00791841 -0.04808348
v 0.03809153 -0.00796424 -0.04807434
v 0.03825353 -0.00785676 -0.04809569
v 0.03817934 -0.00792573 -0.04813186
v 0.03819136 -0.00795355 -0.04822976
v 0.03820205 -0.00797432 -0.04827760
v 0.03821589 -0.00799959 -0.04832347
v 0.03823277 -0.00802912 -0.04836645
v 0.03834192 -0.00788987 -0.04833995
v 0.03828573 -0.00790823 -0.04828832
v 0.03830346 -0.00793050 -0.04833387
v 0.03832498 -0.00795625 -0.04837661
v 0.03825600 -0.00786406 -0.04814371
v 0.03826206 -0.00787499 -0.04819235
v 0.03818382 -0.00793738 -0.04818089
v 0.03799798 -0.00799246 -0.04806870
v 0.04133327 0.00802782 -0.04865139
v 0.03847990 0.00850908 -0.04856282
v 0.03854476 0.00832747 -0.04886372
v 0.03847990 0.00827539 -0.04880193
v 0.03854476 0.00857206 -0.04861342
v 0.03862493 0.00862331 -0.04865459
v 0.03862493 0.00850222 -0.04879115
v 0.03862493 0.00836983 -0.04891399
v 0.03862493 0.00807136 -0.04912151
v 0.03871495 0.00853581 -0.04882402
v 0.03871495 0.00840012 -0.04894992
v 0.03880859 0.00855518 -0.04884299
v 0.03847990 0.00868276 -0.04830214
v 0.03854476 0.00875360 -0.04834102
v 0.03862492 0.00881122 -0.04837264
v 0.03871494 0.00885242 -0.04839525
v 0.03871494 0.00865994 -0.04868403
v 0.03880859 0.00868108 -0.04870101
v 0.03854476 0.00803874 -0.04906445
v 0.03871495 0.00809469 -0.04916231
v 0.03880860 0.00810814 -0.04918585
v 0.03862493 0.00767638 -0.04930021
v 0.03871495 0.00769191 -0.04934457
v 0.03847991 0.00799864 -0.04899429
v 0.03843390 0.00795380 -0.04891586
v 0.03843390 0.00821718 -0.04873285
v 0.03847991 0.00762795 -0.04916190
v 0.03854477 0.00765465 -0.04923817
v 0.03854477 0.00712548 -0.04936943
v 0.03862493 0.00713590 -0.04943433
v 0.03871495 0.00714333 -0.04948074
v 0.03880860 0.00714764 -0.04950751
v 0.03880860 0.00770088 -0.04937016
v 0.03840016 0.00830905 -0.04837906
v 0.03840777 0.00815682 -0.04866122
v 0.03840016 0.00809463 -0.04858843
v 0.03840016 0.00803262 -0.04864898
v 0.03840016 0.00797993 -0.04868673
v 0.03840016 0.00803262 -0.04864898
v 0.03843389 0.00860357 -0.04825867
v 0.03843389 0.00843864 -0.04850623
v 0.03840777 0.00836563 -0.04844757
v 0.03840016 0.00785988 -0.04875105
v 0.03840777 0.00790731 -0.04883455
v -0.03577048 -0.02932100 -0.04515721
v -0.03628645 -0.01892320 -0.03628942
v -0.03636374 -0.01875350 -0.04428942
v -0.03635526 -0.01875011 -0.03628943
v -0.03690625 -0.01736405 -0.03628943
v -0.03723747 -0.01623044 -0.04428943
v -0.03722148 -0.01622600 -0.03628943
v -0.03734721 -0.01577206 -0.03628943
v -0.03764766 -0.01410963 -0.03628943
v -0.03779056 -0.01286147 -0.03628943
v -0.03779053 -0.01286147 -0.04428943
v -0.02022900 -0.03608078 -0.04389733
v -0.02808807 -0.02877819 -0.04535389
v -0.02807571 -0.02874754 -0.04525460
v -0.03434153 -0.03204422 -0.04467694
v -0.03452731 -0.03173094 -0.04473447
v -0.03433674 -0.03205743 -0.04476281
v -0.02050279 -0.03646078 -0.04429552
v -0.02749655 -0.03003476 -0.04550246
v -0.02835143 -0.02911599 -0.04565384
v -0.03553848 -0.02034580 -0.03628943
v -0.03497376 -0.02120779 -0.03628942
v -0.03499211 -0.02121983 -0.04428942
v -0.03663639 -0.02736762 -0.04548534
v -0.03681715 -0.02695984 -0.04555384
v -0.03190228 -0.02500523 -0.04578785
v -0.03310419 -0.02369450 -0.04600090
v -0.03314305 -0.02364542 -0.04600855
v -0.03363790 -0.02302019 -0.04610603
v -0.03775049 -0.02443385 -0.04595855
v 0.03843390 0.00759809 -0.04907663
v -0.02024038 -0.03611297 -0.04399732
v -0.02811650 -0.02882551 -0.04544881
v 0.03847991 0.00711268 -0.04928963
v 0.04097337 0.00892639 -0.04828521
v 0.04097283 0.00866375 -0.04870471
v 0.04092636 0.00893650 -0.04828992
v 0.04102023 0.00891181 -0.04827840
v 0.04101969 0.00865122 -0.04869461
v 0.04087989 0.00894235 -0.04829261
v 0.04092582 0.00867244 -0.04871170
v 0.04083356 0.00867283 -0.04871267
v 0.04083422 0.00891177 -0.04835952
v 0.04087935 0.00867749 -0.04871570
v 0.03889968 0.00868261 -0.04870280
v 0.04097245 0.00849337 -0.04888796
v 0.04083349 0.00864696 -0.04875092
v 0.04083345 0.00863320 -0.04877125
v 0.04092545 0.00850110 -0.04889599
v 0.04087899 0.00850559 -0.04890060
v 0.04083310 0.00849782 -0.04889162
v 0.03889966 0.00864307 -0.04875991
v 0.03889967 0.00864855 -0.04875200
v 0.03889965 0.00855348 -0.04884026
v 0.03889962 0.00841315 -0.04896611
v 0.03880859 0.00841759 -0.04897066
v 0.03889980 0.00888393 -0.04841202
v 0.03880859 0.00887619 -0.04840830
v 0.04106563 0.00863479 -0.04868133
v 0.04106619 0.00889267 -0.04826945
v 0.04111045 0.00886902 -0.04825837
v 0.04115164 0.00859054 -0.04864546
v 0.04110988 0.00861451 -0.04866490
v 0.04133403 0.00828833 -0.04839990
v 0.04133400 0.00827847 -0.04841520
v 0.04132673 0.00835701 -0.04845555
v 0.04130141 0.00865364 -0.04815721
v 0.04130086 0.00842987 -0.04851486
v 0.04125500 0.00850023 -0.04857209
v 0.04130001 0.00812470 -0.04880382
v 0.04125414 0.00817838 -0.04887688
v 0.04132478 0.00772449 -0.04892488
v 0.04132591 0.00806913 -0.04872809
v 0.04129885 0.00776239 -0.04901079
v 0.04125297 0.00779901 -0.04909367
v 0.04122275 0.00781607 -0.04913219
v 0.04118929 0.00822646 -0.04894223
v 0.04119015 0.00856321 -0.04862328
v 0.04115078 0.00824734 -0.04897056
v 0.04110904 0.00826564 -0.04899537
v 0.04106479 0.00828116 -0.04901635
v 0.04101885 0.00829373 -0.04903332
v 0.04092500 0.00831003 -0.04905515
v 0.04087854 0.00831392 -0.04906027
v 0.04083261 0.00831132 -0.04905747
v 0.04125556 0.00873573 -0.04819580
v 0.04115220 0.00884108 -0.04824527
v 0.04083250 0.00827067 -0.04909362
v 0.03889960 0.00810571 -0.04918068
v 0.03889959 0.00827210 -0.04909263
v 0.03889964 0.00784234 -0.04932005
v 0.03889959 0.00828970 -0.04907684
v 0.04083255 0.00828965 -0.04907674
v 0.03840016 0.00753540 -0.04889513
v 0.03840016 0.00764825 -0.04886441
v 0.03840777 0.00756713 -0.04898822
v 0.03840778 0.00635563 -0.04915672
v 0.03840016 0.00706752 -0.04902251
v 0.03840777 0.00708352 -0.04910794
v 0.03843390 0.00635451 -0.04925039
v 0.03843390 0.00709836 -0.04920042
v 0.03847991 0.00635341 -0.04934074
v 0.03854477 0.00635244 -0.04942155
v 0.03871496 0.00635109 -0.04953428
v 0.03862494 0.00635165 -0.04948728
v 0.04083148 0.00788737 -0.04929306
v 0.04118813 0.00783186 -0.04916782
v 0.04114962 0.00784615 -0.04919996
v 0.04110788 0.00785867 -0.04922812
v 0.04106365 0.00786931 -0.04925194
v 0.04101771 0.00787795 -0.04927120
v 0.04097200 0.00830334 -0.04904622
v 0.04097088 0.00788455 -0.04928586
v 0.04092389 0.00788919 -0.04929599
v 0.04087745 0.00789192 -0.04930182
v -0.02031181 -0.03622676 -0.04417578
v -0.02821774 -0.02896079 -0.04559534
v -0.02816064 -0.02888777 -0.04553153
v -0.02043431 -0.03638212 -0.04427930
v -0.02828313 -0.02903883 -0.04563625
v -0.03650137 -0.02736798 -0.04582418
v -0.03743075 -0.02494686 -0.04621902
v -0.03735655 -0.02493134 -0.04628316
v -0.03749210 -0.02495577 -0.04614145
v -0.03756562 -0.02495328 -0.04596599
v -0.03753745 -0.02495775 -0.04605529
v -0.03711101 -0.02484099 -0.04637511
v -0.03718869 -0.02488535 -0.04636005
v -0.03786881 -0.02239287 -0.04675558
v -0.03727413 -0.02491031 -0.04633059
v -0.03795836 -0.02241616 -0.04674432
v -0.03541511 -0.02156032 -0.04688087
v -0.03560343 -0.02124626 -0.04692678
v -0.03789496 -0.02230837 -0.04676872
v -0.03619296 -0.02723060 -0.04598387
v -0.03634929 -0.02732285 -0.04593596
v -0.03626645 -0.02729312 -0.04596608
v -0.03365593 -0.02304885 -0.04619858
v -0.03449975 -0.02193159 -0.04628942
v -0.03367182 -0.02307689 -0.04629630
v -0.03519395 -0.02092610 -0.04652576
v -0.03370538 -0.02311857 -0.04638986
v -0.03521226 -0.02095203 -0.04662250
v -0.03382081 -0.02323462 -0.04653595
v -0.03389452 -0.02330079 -0.04657820
v -0.03537403 -0.02109017 -0.04686094
v -0.03375607 -0.02317231 -0.04647188
v -0.03524925 -0.02098926 -0.04671521
v -0.03530427 -0.02103631 -0.04679676
v -0.03449975 -0.02193127 -0.04627578
v -0.03397141 -0.02336605 -0.04659801
v -0.03545320 -0.02114690 -0.04690393
v -0.03421953 -0.02320262 -0.04663215
v -0.03553572 -0.02120252 -0.04692503
v -0.03663399 -0.02738152 -0.04557288
v -0.03660585 -0.02738457 -0.04566150
v -0.03656125 -0.02738018 -0.04574702
v -0.03642924 -0.02734843 -0.04588824
v -0.03621558 -0.02004480 -0.04709359
v -0.03613006 -0.01999557 -0.04707172
v -0.03629578 -0.02009161 -0.04709558
v -0.03558658 -0.02026320 -0.04628942
v -0.03562397 -0.02019801 -0.04653928
v -0.03584231 -0.01977337 -0.04660172
v -0.03604795 -0.01994509 -0.04702828
v -0.03497445 -0.02120810 -0.04628942
v -0.03497306 -0.02120735 -0.04638597
v -0.03456318 -0.02184296 -0.04628942
v -0.03517228 -0.02089843 -0.04643289
v -0.02036882 -0.03630207 -0.04423927
v -0.03403588 -0.02341792 -0.04659835
v -0.03031164 -0.02727541 -0.04596767
v -0.03048024 -0.02723041 -0.04598308
v -0.03079817 -0.02693160 -0.04603430
v -0.03002980 -0.02691537 -0.04556828
v -0.02990862 -0.03313802 -0.04494014
v -0.03505447 -0.02973489 -0.04555522
v -0.02982606 -0.03298183 -0.04496920
v -0.03511478 -0.02960346 -0.04557777
v -0.02958141 -0.03270988 -0.04501955
v -0.02927718 -0.03250430 -0.04505745
v -0.03390721 -0.03189030 -0.04516902
v -0.03376851 -0.03215087 -0.04512233
v -0.03398988 -0.03193386 -0.04515428
v -0.03414196 -0.03200481 -0.04507468
v -0.03527705 -0.02967536 -0.04553309
v -0.03406722 -0.03197161 -0.04512294
v -0.03519696 -0.02964133 -0.04556383
v -0.03552628 -0.02975012 -0.04525944
v -0.03430898 -0.03205774 -0.04485009
v -0.03548257 -0.02974347 -0.04534436
v -0.03426623 -0.03204908 -0.04493442
v -0.03542431 -0.02972823 -0.04542112
v -0.03420962 -0.03203118 -0.04501079
v -0.03535440 -0.02970502 -0.04548510
v -0.03555427 -0.02974851 -0.04517152
v -0.03613854 -0.02737227 -0.04596067
v -0.03036925 -0.02733473 -0.04596520
v -0.03024208 -0.02720004 -0.04594958
v -0.03017546 -0.02712386 -0.04590835
v -0.02026807 -0.03616225 -0.04409282
v -0.02757504 -0.03274396 -0.04501324
v -0.02787287 -0.03252777 -0.04505312
v -0.02804052 -0.03246065 -0.04506547
v -0.02821619 -0.03239031 -0.04507841
v -0.02840867 -0.02917746 -0.04564938
v -0.02857256 -0.03234144 -0.04508739
v -0.02910743 -0.03244250 -0.04506881
v -0.02893461 -0.03237958 -0.04508038
v -0.03004279 -0.02694547 -0.04566724
v -0.03007206 -0.02699178 -0.04576187
v -0.03011722 -0.02705259 -0.04584446
v -0.03618173 -0.02725984 -0.04597908
v -0.03191096 -0.02502826 -0.04588129
v -0.03192509 -0.02505754 -0.04597975
v -0.03220604 -0.02537199 -0.04628077
v -0.03213359 -0.02530040 -0.04626194
v -0.03206418 -0.02522800 -0.04622028
v -0.03226328 -0.02542574 -0.04627998
v -0.03200338 -0.02516014 -0.04615630
v -0.03274914 -0.02492637 -0.04636146
v -0.03195605 -0.02510204 -0.04607394
v 0.04133508 0.00869961 -0.04621700
v 0.03840017 0.00199323 -0.04514986
v 0.04130988 0.00417631 -0.04567912
v 0.04130555 0.00375474 -0.04647771
v 0.04131044 0.00423628 -0.04548228
v 0.04131202 0.00440342 -0.04493369
v 0.03840015 0.00864563 -0.04753767
v 0.03840015 0.00863354 -0.04765904
v 0.03840015 0.00855669 -0.04788997
v 0.03840016 0.00843759 -0.04816714
v 0.03840015 0.00849709 -0.04806907
v 0.04132778 0.00878587 -0.04469982
v 0.04130193 0.00887984 -0.04621700
v 0.04130192 0.00887984 -0.04469982
v 0.04125606 0.00897054 -0.04621700
v 0.04125606 0.00897055 -0.04469982
v 0.04119122 0.00905173 -0.04621700
v 0.04119122 0.00905172 -0.04469982
v 0.04111095 0.00911780 -0.04621700
v 0.04111094 0.00911779 -0.04469982
v 0.04102075 0.00916503 -0.04621700
v 0.04102074 0.00916503 -0.04469982
v 0.04092687 0.00919229 -0.04621701
v 0.04092687 0.00919229 -0.04469982
v 0.04083508 0.00920078 -0.04621700
v 0.04083507 0.00920079 -0.04469982
v 0.04132779 0.00878588 -0.04621700
v 0.04133508 0.00869961 -0.04694146
v 0.04131257 0.00446531 -0.04440114
v 0.04131289 0.00450139 -0.04399985
v 0.04131287 0.00450026 -0.04410031
v 0.03890017 0.00619340 -0.04956571
v 0.04082538 0.00619341 -0.04956570
v 0.03880890 0.00619381 -0.04955497
v 0.03878402 0.00619393 -0.04955204
v 0.03880887 0.00619381 -0.04955497
v 0.03840457 0.00620999 -0.04913217
v 0.03840980 0.00620922 -0.04915259
v 0.03843378 0.00620562 -0.04924616
v 0.03849080 0.00620154 -0.04935297
v 0.03862732 0.00619668 -0.04947988
v 0.03862725 0.00619668 -0.04947983
v 0.03840017 0.00621252 -0.04906608
v 0.03840974 0.00620922 -0.04915239
v 0.03848174 0.00620219 -0.04933598
v 0.03856772 0.00619824 -0.04943928
v 0.03867397 0.00619547 -0.04951166
v 0.04090017 0.00375696 -0.04647888
v 0.04131212 0.00441568 -0.04312579
v 0.04131253 0.00446203 -0.04359855
v 0.04130193 0.00887984 -0.04697559
v 0.04125607 0.00897054 -0.04697559
v 0.04119123 0.00905173 -0.04697559
v 0.03843389 0.00883464 -0.04756938
v 0.03847990 0.00892368 -0.04758471
v 0.03854475 0.00900332 -0.04759842
v 0.03862492 0.00906810 -0.04760957
v 0.03871494 0.00911442 -0.04761754
v 0.04130543 0.00374310 -0.04649976
v 0.04129952 0.00322465 -0.04713999
v 0.04132164 0.00561263 -0.04904237
v 0.04133214 0.00768970 -0.04884589
v 0.04132537 0.00620966 -0.04906607
v 0.04132910 0.00696006 -0.04901913
v 0.04133007 0.00715462 -0.04900695
v 0.04133214 0.00768885 -0.04884638
v 0.03840017 0.00635611 -0.04905877
v 0.03840017 0.00162771 -0.04562620
v 0.04131467 0.00620627 -0.04915670
v 0.04131167 0.00620531 -0.04918213
v 0.04128868 0.00620304 -0.04924466
v 0.04127123 0.00620133 -0.04929210
v 0.03840776 0.00874232 -0.04755349
v 0.03890014 0.00919825 -0.04713307
v 0.03880859 0.00914114 -0.04762215
v 0.04115272 0.00908694 -0.04697559
v 0.04106671 0.00914390 -0.04697559
v 0.04097389 0.00918113 -0.04697559
v 0.04088040 0.00919873 -0.04697559
v 0.04132779 0.00878588 -0.04697559
v 0.04111095 0.00911780 -0.04697559
v 0.04102075 0.00916503 -0.04697559
v 0.04092687 0.00919229 -0.04697559
v 0.04127875 0.00175298 -0.04814495
v 0.04126015 0.00100395 -0.04879437
v 0.04083508 0.00920078 -0.04697559
v 0.04132760 0.00870013 -0.04774464
v 0.04130173 0.00879124 -0.04776761
v 0.04083508 0.00920078 -0.04698379
v 0.04125588 0.00887920 -0.04778978
v 0.04083482 0.00912000 -0.04777242
v 0.03890005 0.00912911 -0.04762069
v 0.04124048 0.00619978 -0.04933716
v 0.04124263 0.00619989 -0.04933400
v 0.04076436 0.00098172 -0.04929911
v 0.03840018 -0.00059392 -0.04622149
v 0.04090017 0.00115138 -0.04599171
v 0.04090017 0.00162772 -0.04562619
v 0.03840017 0.00115137 -0.04599171
v 0.04090018 0.00059667 -0.04622148
v 0.04090018 0.00000137 -0.04629985
v 0.03840018 0.00000137 -0.04629985
v 0.03840018 0.00059666 -0.04622149
v 0.04090019 0.00000138 -0.04849985
v 0.04090018 0.00110092 -0.04836345
v 0.04131039 0.00423231 -0.04251859
v 0.04133492 0.00863275 -0.04765483
v 0.04133487 0.00860993 -0.04772128
v 0.04133454 0.00847793 -0.04810562
v 0.04090017 0.00303740 -0.04732139
v 0.04090018 0.00213379 -0.04796253
v 0.04124850 0.00013006 -0.04874735
v 0.04126380 0.00089400 -0.04841043
v 0.04126732 0.00109612 -0.04834796
v 0.04085750 0.00098040 -0.04929436
v 0.04129064 0.00254228 -0.04771385
v 0.04128433 0.00212303 -0.04794284
v 0.04129693 0.00302562 -0.04730738
v 0.04109814 0.00619503 -0.04948270
v 0.04091577 0.00619330 -0.04955509
v 0.04089162 0.00619320 -0.04956129
v 0.04124694 0.00005873 -0.04849948
v 0.04124562 0.00000171 -0.04849529
v 0.04117952 0.00619714 -0.04941540
v 0.04119877 0.00619768 -0.04939827
v 0.03840777 0.00852147 -0.04821362
v 0.03847990 0.00882361 -0.04798143
v 0.03843389 0.00873814 -0.04795211
v 0.03840776 0.00864954 -0.04792172
v 0.03854476 0.00890004 -0.04800766
v 0.03871494 0.00900667 -0.04804424
v 0.03862492 0.00896222 -0.04802898
v 0.03880859 0.00903231 -0.04805303
v 0.04132178 0.00697222 -0.04912289
v 0.04131524 0.00620644 -0.04915182
v 0.04129581 0.00698429 -0.04921593
v 0.04124990 0.00699604 -0.04930571
v 0.04083477 0.00910042 -0.04782761
v 0.03890000 0.00909089 -0.04789036
v 0.03890001 0.00909961 -0.04782880
v 0.04083475 0.00909491 -0.04784318
v 0.03889993 0.00902731 -0.04805062
v 0.04083429 0.00893621 -0.04829060
v 0.03889982 0.00890674 -0.04835453
v 0.04083422 0.00891270 -0.04835690
v 0.04101633 0.00744866 -0.04941796
v 0.04092253 0.00745574 -0.04944425
v 0.04083021 0.00745314 -0.04943192
v 0.04083117 0.00777146 -0.04935337
v 0.04083136 0.00784092 -0.04931722
v 0.03889968 0.00770091 -0.04936720
v 0.03889964 0.00780098 -0.04934194
v 0.03890013 0.00635021 -0.04955907
v 0.03889992 0.00705974 -0.04952904
v 0.04082888 0.00702707 -0.04953044
v 0.04082920 0.00712035 -0.04951405
v 0.03889990 0.00712023 -0.04951377
v 0.03889989 0.00714676 -0.04950707
v 0.03880860 0.00635077 -0.04956140
v 0.04110647 0.00743662 -0.04937233
v 0.04092092 0.00702570 -0.04952499
v 0.04101470 0.00702181 -0.04949807
v 0.04121968 0.00700153 -0.04934742
v 0.04118505 0.00700665 -0.04938602
v 0.04110015 0.00619505 -0.04948163
v 0.04110483 0.00701540 -0.04945136
v 0.04114656 0.00701129 -0.04942085
v 0.04111256 0.00619524 -0.04947501
v 0.04091645 0.00619330 -0.04955492
v 0.04082902 0.00705953 -0.04952906
v 0.04100569 0.00619366 -0.04953205
v 0.04119072 0.00880922 -0.04823031
v 0.04119104 0.00895792 -0.04780960
v 0.04115252 0.00899207 -0.04781819
v 0.04111076 0.00902200 -0.04782573
v 0.04106651 0.00904732 -0.04783208
v 0.04088021 0.00910051 -0.04784539
v 0.04102055 0.00906783 -0.04783723
v 0.04097369 0.00908344 -0.04784114
v 0.04092668 0.00909426 -0.04784384
v -0.01235511 -0.04599819 -0.01804217
v -0.01257763 -0.04588634 -0.01805256
v -0.01251536 -0.04576992 -0.01811747
v -0.01235511 -0.04576306 -0.01813957
v -0.01214375 -0.04625052 -0.01808291
v -0.01214375 -0.04601733 -0.01811361
v -0.01195414 -0.04604817 -0.01822869
v -0.01195414 -0.04585960 -0.01830679
v -0.01214375 -0.04580004 -0.01820362
v -0.01250738 -0.04575500 -0.01812579
v -0.01214375 -0.04561344 -0.01834680
v -0.01235511 -0.04556115 -0.01829450
v -0.01247370 -0.04569204 -0.01816090
v -0.01245229 -0.04565683 -0.01819553
v -0.01239260 -0.04555867 -0.01829206
v -0.01257763 -0.04681008 -0.01816356
v -0.01257763 -0.04695763 -0.01827677
v -0.02005795 -0.04699358 -0.01831465
v -0.01257763 -0.04675052 -0.01811785
v -0.02005795 -0.04680956 -0.01815475
v -0.01257763 -0.04659610 -0.01805389
v -0.02005795 -0.04659876 -0.01804740
v -0.01257763 -0.04650934 -0.01801795
v -0.02005795 -0.04659231 -0.01804412
v -0.01257763 -0.04636232 -0.01799860
v -0.02005795 -0.04681393 -0.01815854
v -0.01257763 -0.04625052 -0.01798388
v -0.02005795 -0.04636321 -0.01799130
v -0.02005795 -0.04635475 -0.01798935
v -0.01257763 -0.04612219 -0.01800078
v -0.01403162 -0.04521022 -0.01831003
v -0.01479323 -0.04465329 -0.01852441
v -0.02005795 -0.04612112 -0.01799351
v -0.01257763 -0.04599170 -0.01801795
v -0.02005795 -0.04611099 -0.01799369
v -0.01195414 -0.04680336 -0.01843104
v -0.01179580 -0.04669139 -0.01854300
v -0.01195414 -0.04692761 -0.01859296
v -0.01235511 -0.04709483 -0.01849642
v -0.01235511 -0.04693990 -0.01829450
v -0.01214375 -0.04688760 -0.01834680
v -0.01214375 -0.04670101 -0.01820362
v -0.01257763 -0.04699188 -0.01832141
v 0.02309267 -0.05245504 -0.01992206
v -0.02267794 -0.05231321 -0.01972805
v -0.02267793 -0.05245521 -0.01992223
v -0.01235511 -0.04673798 -0.01813957
v -0.01195414 -0.04645288 -0.01822869
v -0.01195414 -0.04625052 -0.01820205
v -0.01179580 -0.04625052 -0.01836039
v -0.01235511 -0.04650285 -0.01804217
v -0.01214375 -0.04648371 -0.01811361
v -0.01195414 -0.04664144 -0.01830679
v -0.01235511 -0.04625052 -0.01800895
v -0.01179580 -0.04608915 -0.01838163
v -0.01214374 -0.04703078 -0.01853339
v -0.01167666 -0.04646746 -0.01860812
v -0.01167666 -0.04655732 -0.01867708
v -0.01160270 -0.04640786 -0.01882653
v -0.01167666 -0.04662627 -0.01876693
v -0.01160270 -0.04644323 -0.01887262
v -0.01167666 -0.04666962 -0.01887158
v -0.01179580 -0.04679048 -0.01867213
v -0.01179580 -0.04685276 -0.01882251
v -0.01160270 -0.04636178 -0.01879117
v -0.01167666 -0.04636282 -0.01856478
v -0.01160270 -0.04630811 -0.01876894
v -0.01167666 -0.04625052 -0.01854999
v -0.01160270 -0.04625052 -0.01876136
v -0.01167666 -0.04613822 -0.01856478
v -0.01160270 -0.04619293 -0.01876894
v -0.01157763 -0.04625052 -0.01898388
v -0.01160270 -0.04613926 -0.01879117
v -0.01195414 -0.04700571 -0.01878153
v -0.01195795 -0.04702817 -0.01898388
v -0.01200169 -0.04706801 -0.01898388
v -0.01168023 -0.04669174 -0.01898388
v -0.01181731 -0.04690007 -0.01898388
v -0.01214374 -0.04712079 -0.01875069
v -0.01214703 -0.04714530 -0.01898388
v -0.01222189 -0.04718511 -0.01898388
v -0.01235511 -0.04719223 -0.01873155
v -0.01235693 -0.04721796 -0.01898388
v -0.01246421 -0.04724407 -0.01898388
v -0.01257763 -0.04721889 -0.01874362
v -0.01257763 -0.04725052 -0.01898388
v -0.01257763 -0.04711655 -0.01848388
v -0.01257763 -0.04713089 -0.01851850
v -0.01257763 -0.04721645 -0.01872506
v 0.02309266 -0.05231304 -0.01972789
v -0.02267794 -0.05217500 -0.01953033
v -0.01179580 -0.04656226 -0.01844392
v -0.01179580 -0.04641189 -0.01838163
v -0.01167759 -0.04668408 -0.01898388
v 0.02309266 -0.05217483 -0.01953016
v -0.02267794 -0.05204065 -0.01932916
v 0.02309266 -0.05191004 -0.01912446
v -0.02267794 -0.05178377 -0.01891685
v -0.02267794 -0.05191021 -0.01912463
v -0.00302524 -0.04494906 -0.01540235
v -0.00301933 -0.04493391 -0.01547427
v -0.00460788 -0.04468682 -0.01550835
v -0.00303255 -0.04497527 -0.01533199
v -0.00461859 -0.04471273 -0.01543745
v -0.00463111 -0.04474951 -0.01537079
v -0.00459926 -0.04467210 -0.01558086
v -0.00361260 -0.04484235 -0.01558167
v -0.00443175 -0.04468088 -0.01564672
v -0.00458872 -0.04464994 -0.01565918
v -0.00552978 -0.04446444 -0.01573391
v 0.00175332 -0.04540423 -0.01501309
v 0.00014557 -0.04544221 -0.01499736
v -0.02395583 -0.04629190 -0.01462161
v -0.00019002 -0.04545015 -0.01499407
v -0.00146429 -0.04537764 -0.01502403
v -0.00222305 -0.04533447 -0.01504186
v -0.00307787 -0.04521740 -0.01508935
v -0.00468656 -0.04496017 -0.01519239
v -0.00467500 -0.04491060 -0.01521827
v -0.00624611 -0.04455355 -0.01535726
v -0.00465985 -0.04485047 -0.01525956
v -0.00464504 -0.04479602 -0.01531083
v -0.00622625 -0.04449335 -0.01539819
v -0.00626289 -0.04461767 -0.01532688
v -0.00620685 -0.04443888 -0.01544944
v -0.00618864 -0.04439244 -0.01550969
v -0.00617231 -0.04435589 -0.01557688
v -0.00615843 -0.04433038 -0.01564848
v -0.00614735 -0.04431620 -0.01572174
v -0.00304106 -0.04501221 -0.01526575
v -0.00301257 -0.04491267 -0.01555236
v -0.00163680 -0.04507393 -0.01548515
v -0.00146035 -0.04533347 -0.01504784
v -0.00307078 -0.04517323 -0.01511317
v -0.00145508 -0.04527347 -0.01508956
v -0.00144992 -0.04521909 -0.01514086
v -0.00306053 -0.04511317 -0.01515473
v -0.00144507 -0.04517252 -0.01520045
v -0.00305050 -0.04505877 -0.01520602
v -0.00144069 -0.04513549 -0.01526642
v -0.00143692 -0.04510909 -0.01533643
v 0.00014745 -0.04515029 -0.01538415
v 0.00014783 -0.04513925 -0.01545703
v -0.00079570 -0.04510472 -0.01547190
v -0.00143385 -0.04509367 -0.01540797
v -0.00143122 -0.04508145 -0.01548191
v -0.00422703 -0.04506001 -0.01515318
v -0.00613381 -0.04429565 -0.01579931
v -0.00815979 -0.04405625 -0.01553804
v -0.00929368 -0.04357821 -0.01571641
v -0.00918782 -0.04338158 -0.01593693
v -0.00916834 -0.04335703 -0.01601021
v -0.01195889 -0.04215981 -0.01635320
v -0.00926505 -0.04351805 -0.01575641
v -0.01207207 -0.04232059 -0.01614976
v -0.01209129 -0.04235396 -0.01613383
v -0.01202036 -0.04223961 -0.01621955
v -0.00923712 -0.04346366 -0.01580755
v -0.01201933 -0.04223800 -0.01622094
v -0.01201968 -0.04223854 -0.01622047
v -0.01197100 -0.04217254 -0.01631767
v -0.00915311 -0.04334415 -0.01608531
v -0.00947780 -0.04321084 -0.01620634
v -0.01191668 -0.04212442 -0.01650468
v -0.01193366 -0.04213328 -0.01642725
v -0.01159945 -0.04227253 -0.01652753
v -0.01030891 -0.04324575 -0.01582656
v -0.01199586 -0.04247454 -0.01608479
v -0.01209243 -0.04235593 -0.01613290
v -0.01212638 -0.04241487 -0.01610477
v -0.02484018 -0.04489016 -0.01522079
v -0.02481401 -0.04493164 -0.01520306
v -0.02653151 -0.04246785 -0.01607701
v 0.02309266 -0.05142877 -0.01827486
v -0.02267794 -0.05131903 -0.01805527
v -0.02267794 -0.05142894 -0.01827503
v 0.02309265 -0.05101498 -0.01737989
v -0.02267795 -0.05092264 -0.01715004
v -0.02267795 -0.05101515 -0.01738006
v 0.02309265 -0.05111191 -0.01760751
v -0.02267795 -0.05111208 -0.01760768
v 0.02309265 -0.05121323 -0.01783261
v -0.02267795 -0.05121339 -0.01783278
v 0.02309265 -0.05131886 -0.01805510
v 0.02309266 -0.05154290 -0.01849178
v -0.02267794 -0.05154307 -0.01849195
v 0.02309266 -0.05178360 -0.01891668
v -0.02267794 -0.05166136 -0.01870592
v 0.02309266 -0.05166120 -0.01870575
v 0.02309266 -0.05204048 -0.01932899
v -0.00921102 -0.04341752 -0.01586845
v -0.00931357 -0.04362112 -0.01569294
v -0.00762361 -0.04387933 -0.01596063
v 0.02220167 -0.05005192 -0.02392472
v -0.00004897 -0.05005200 -0.01247925
v -0.02179833 -0.05005208 -0.02392488
v -0.00815464 -0.04368788 -0.01603100
v -0.00913868 -0.04333311 -0.01616140
v -0.02194117 -0.05005208 -0.01248920
v -0.01160270 -0.04646545 -0.01892629
v -0.01160462 -0.04647238 -0.01898388
v -0.01471510 -0.04454123 -0.01860290
v -0.01685368 -0.04324543 -0.01904261
v -0.01463894 -0.04444089 -0.01870433
v -0.01589552 -0.04418605 -0.01867591
v -0.01694431 -0.04335608 -0.01896626
v -0.01470863 -0.04483822 -0.01844293
v -0.02068372 -0.04483426 -0.01843417
v -0.01486033 -0.04475486 -0.01847271
v -0.01702356 -0.04345791 -0.01891652
v -0.01456795 -0.04435704 -0.01882597
v -0.01676543 -0.04314646 -0.01914364
v -0.01668356 -0.04306419 -0.01926659
v -0.01661168 -0.04300252 -0.01940666
v -0.01450511 -0.04429340 -0.01896334
v -0.01655263 -0.04296360 -0.01955761
v -0.01777689 -0.04297164 -0.01907720
v -0.01899367 -0.04190471 -0.01941780
v -0.01889300 -0.04179556 -0.01949210
v -0.01879511 -0.04169791 -0.01959267
v -0.02099444 -0.04431185 -0.01862365
v -0.01908162 -0.04200470 -0.01937001
v -0.01985176 -0.04143396 -0.01954284
v -0.01441220 -0.04423338 -0.01926182
v -0.01650800 -0.04294763 -0.01971266
v -0.01535248 -0.04365002 -0.01961958
v -0.01445272 -0.04425208 -0.01911069
v -0.01603548 -0.04324357 -0.01976558
v -0.01647128 -0.04294297 -0.01986511
v -0.01862589 -0.04155684 -0.01985922
v -0.01856203 -0.04151965 -0.02001342
v -0.02005795 -0.04588637 -0.01805258
v -0.02027757 -0.04719714 -0.01874784
v -0.02023865 -0.04723046 -0.01898391
v -0.02027756 -0.04722613 -0.01898391
v -0.02027757 -0.04635221 -0.01801363
v -0.02027757 -0.04611440 -0.01801787
v -0.02048448 -0.04613268 -0.01808715
v -0.02023440 -0.04597893 -0.01804303
v -0.02027803 -0.04600182 -0.01804067
v -0.02027757 -0.04600159 -0.01804069
v -0.02041488 -0.04608856 -0.01807148
v -0.02005795 -0.04699607 -0.01831821
v -0.02005795 -0.04713345 -0.01851434
v -0.02005795 -0.04713448 -0.01851704
v -0.02005795 -0.04722083 -0.01874193
v -0.02005795 -0.04722101 -0.01874337
v -0.02005795 -0.04725055 -0.01898391
v -0.02027757 -0.04697544 -0.01833099
v -0.02027757 -0.04711189 -0.01852580
v -0.02027757 -0.04679591 -0.01817499
v -0.02048646 -0.04692191 -0.01837922
v -0.02048646 -0.04704828 -0.01855964
v -0.02048646 -0.04712723 -0.01876527
v -0.02046286 -0.04716223 -0.01898391
v -0.01778406 -0.04203744 -0.02016495
v -0.01851485 -0.04150554 -0.02017200
v -0.01190833 -0.04212006 -0.01654277
v -0.01191668 -0.04212442 -0.01650470
v -0.01427254 -0.04089823 -0.01668299
v -0.01423744 -0.04086420 -0.01675431
v -0.01641768 -0.03940921 -0.01710746
v -0.01420881 -0.04084208 -0.01683149
v -0.01637828 -0.03937658 -0.01717987
v -0.01418747 -0.04083207 -0.01691089
v -0.01634658 -0.03935591 -0.01725857
v -0.01396138 -0.04140843 -0.01642114
v -0.01440041 -0.04105478 -0.01653305
v -0.01656277 -0.03956155 -0.01695853
v -0.01570182 -0.04027424 -0.01675428
v -0.01435598 -0.04099602 -0.01657042
v -0.01651226 -0.03950425 -0.01699478
v -0.01431268 -0.04094290 -0.01662087
v -0.01646308 -0.03945251 -0.01704488
v -0.01659918 -0.03960409 -0.01693724
v -0.01443353 -0.04110074 -0.01651151
v -0.01755499 -0.03889029 -0.01713212
v -0.01862032 -0.03792456 -0.01738565
v -0.01501322 -0.04027986 -0.01715447
v -0.01632347 -0.03934733 -0.01733965
v -0.01589513 -0.03963350 -0.01733597
v -0.01629963 -0.03933703 -0.01741922
v -0.01690587 -0.03889271 -0.01754398
v -0.01851206 -0.03781766 -0.01747073
v -0.01846293 -0.03777525 -0.01753368
v -0.01842058 -0.03774349 -0.01760703
v -0.01416110 -0.04081422 -0.01699141
v -0.01190150 -0.04212286 -0.01657998
v -0.01218404 -0.04197851 -0.01662745
v -0.01294646 -0.04156433 -0.01676118
v -0.01308473 -0.04148921 -0.01678543
v -0.02048647 -0.04675563 -0.01823473
v -0.02027757 -0.04658396 -0.01806707
v -0.01167666 -0.04594372 -0.01867708
v -0.01167666 -0.04587476 -0.01876693
v -0.01160270 -0.04605781 -0.01887262
v -0.01179580 -0.04580964 -0.01854300
v -0.01179580 -0.04571056 -0.01867213
v -0.01195414 -0.04569768 -0.01843104
v -0.01195414 -0.04557343 -0.01859296
v -0.01179580 -0.04564827 -0.01882251
v -0.01167666 -0.04583142 -0.01887158
v -0.01195414 -0.04549533 -0.01878153
v -0.01233327 -0.04547278 -0.01841790
v -0.01214375 -0.04547026 -0.01853339
v -0.01229564 -0.04542117 -0.01850507
v -0.01229051 -0.04541415 -0.01851693
v -0.01214375 -0.04538025 -0.01875069
v -0.01223726 -0.04536196 -0.01869356
v -0.01222267 -0.04534766 -0.01874196
v -0.01207428 -0.04538644 -0.01898388
v -0.01222231 -0.04534730 -0.01874315
v -0.01220356 -0.04534235 -0.01883963
v -0.01160270 -0.04609317 -0.01882653
v -0.01160270 -0.04603558 -0.01892628
v -0.01157856 -0.04620739 -0.01898388
v -0.01160884 -0.04602904 -0.01898388
v -0.01162030 -0.04596151 -0.01898388
v -0.01168337 -0.04581961 -0.01898388
v -0.01172159 -0.04573361 -0.01898388
v -0.01167666 -0.04603357 -0.01860812
v -0.01179580 -0.04593878 -0.01844392
v -0.01159896 -0.04645595 -0.01898388
v -0.01235518 -0.04550283 -0.01836716
v -0.01237603 -0.04553141 -0.01831887
v -0.01187612 -0.04553786 -0.01898388
v -0.01180192 -0.04563186 -0.01898388
v -0.01416678 -0.04435561 -0.01936615
v -0.01437963 -0.04422895 -0.01941164
v -0.02048647 -0.04655934 -0.01813478
v -0.01195875 -0.04547472 -0.01898388
v -0.01214437 -0.04535078 -0.01898388
v -0.01217553 -0.04533493 -0.01898388
v -0.01856544 -0.03786840 -0.01742094
v 0.00014730 -0.04516582 -0.01531274
v -0.01004828 -0.06216994 -0.02299765
v -0.01004827 -0.06347388 -0.02532208
v -0.01004828 -0.06161751 -0.02342273
v 0.01045172 -0.06005196 -0.02392476
v -0.02267789 -0.05983086 -0.02392208
v -0.01004828 -0.06005204 -0.02392484
v 0.02309271 -0.05983070 -0.02392191
v -0.02267789 -0.05960975 -0.02391368
v 0.02309271 -0.05960958 -0.02391351
v -0.02267789 -0.05938885 -0.02389968
v 0.02309271 -0.05938869 -0.02389951
v -0.02267789 -0.05916828 -0.02388009
v 0.02309270 -0.05916811 -0.02387993
v -0.02267790 -0.05894814 -0.02385493
v 0.02309270 -0.05850943 -0.02378773
v -0.02267790 -0.05829140 -0.02374608
v -0.02267790 -0.05850959 -0.02378790
v 0.02309270 -0.05894797 -0.02385476
v -0.02267790 -0.05872855 -0.02382419
v 0.02309270 -0.05872838 -0.02382402
v 0.02309270 -0.05829123 -0.02374591
v -0.02267790 -0.05807407 -0.02369874
v 0.02309270 -0.05785753 -0.02364574
v -0.02267790 -0.05764241 -0.02358762
v -0.02267790 -0.05785770 -0.02364591
v 0.02309270 -0.05807390 -0.02369857
v -0.01004826 -0.06005204 -0.02992484
v -0.01004827 -0.06314928 -0.02564668
v -0.01004828 -0.06113402 -0.02392484
v -0.01004827 -0.06290505 -0.02603538
v -0.01004826 -0.06275344 -0.02646867
v 0.02309269 -0.05597108 -0.02292831
v -0.02267791 -0.05577028 -0.02282260
v -0.02267791 -0.05597125 -0.02292848
v 0.02309269 -0.05537457 -0.02259553
v -0.02267791 -0.05518035 -0.02247479
v -0.02267791 -0.05537474 -0.02259570
v 0.02309269 -0.05557125 -0.02271148
v -0.02267791 -0.05557141 -0.02271165
v 0.02309269 -0.05577011 -0.02282243
v 0.02309270 -0.05721530 -0.02345458
v -0.02267790 -0.05700402 -0.02338024
v -0.02267790 -0.05721546 -0.02345475
v 0.02309269 -0.05658556 -0.02321509
v -0.02267791 -0.05637907 -0.02312486
v -0.02267791 -0.05658572 -0.02321525
v 0.02309269 -0.05700386 -0.02338007
v -0.02267791 -0.05679408 -0.02330039
v 0.02309269 -0.05679391 -0.02330023
v 0.02309270 -0.05764224 -0.02358745
v -0.02267790 -0.05742829 -0.02352389
v -0.01859825 -0.06358920 -0.03011982
v -0.01859825 -0.06305207 -0.02986935
v -0.02179825 -0.06305208 -0.02986937
v 0.02309270 -0.05742813 -0.02352372
v -0.01859825 -0.06416167 -0.03027321
v -0.02179825 -0.06358921 -0.03011983
v -0.01859824 -0.06534247 -0.03027321
v -0.01859825 -0.06475207 -0.03032487
v -0.02179824 -0.06475208 -0.03032488
v -0.01004825 -0.06475204 -0.02897484
v -0.01004825 -0.06429587 -0.02892344
v -0.01859825 -0.06429590 -0.02892347
v -0.01004825 -0.06386257 -0.02877182
v -0.01859825 -0.06386261 -0.02877185
v -0.01004825 -0.06564150 -0.02877182
v -0.01859825 -0.06520824 -0.02892347
v -0.01859825 -0.06564153 -0.02877185
v -0.01859825 -0.06603022 -0.02852762
v -0.01859824 -0.06693755 -0.02952942
v -0.01859824 -0.06735662 -0.02911035
v -0.01859824 -0.06769656 -0.02862487
v -0.02179824 -0.06735663 -0.02911036
v -0.02179824 -0.06693756 -0.02952943
v -0.01859824 -0.06645206 -0.02986935
v -0.01859824 -0.06591494 -0.03011982
v -0.02179824 -0.06645208 -0.02986937
v -0.01004823 -0.06742876 -0.03078814
v -0.02179823 -0.06797075 -0.03034982
v -0.02179823 -0.06742881 -0.03078819
v -0.02179824 -0.06591495 -0.03011983
v -0.02179824 -0.06534248 -0.03027323
v -0.01004825 -0.06520820 -0.02892344
v -0.01859825 -0.06475207 -0.02897487
v -0.01859826 -0.06347391 -0.02852762
v -0.01859826 -0.06256659 -0.02952942
v -0.02179824 -0.06416168 -0.03027323
v 0.02309269 -0.05637890 -0.02312469
v -0.02267791 -0.05617421 -0.02302925
v 0.02309269 -0.05617404 -0.02302908
v 0.02309268 -0.05461171 -0.02208280
v -0.02267792 -0.05442759 -0.02194287
v -0.02267792 -0.05461188 -0.02208297
v -0.01004825 -0.06347388 -0.02852759
v -0.01004825 -0.06161751 -0.03042694
v -0.01004826 -0.06314928 -0.02820299
v -0.01004826 -0.06113402 -0.02992484
v -0.01004826 -0.06275344 -0.02738101
v -0.01004825 -0.06216994 -0.03085202
v 0.02309273 -0.05983070 -0.02992752
v -0.02179826 -0.06005208 -0.02992488
v -0.02267787 -0.06005209 -0.02992488
v -0.02267787 -0.05983086 -0.02992768
v 0.02309273 -0.05960958 -0.02993592
v -0.02267787 -0.05960975 -0.02993609
v 0.02309273 -0.05938869 -0.02994992
v -0.02267787 -0.05938885 -0.02995008
v 0.02309273 -0.05916811 -0.02996950
v -0.02267787 -0.05916828 -0.02996967
v 0.02309273 -0.05894797 -0.02999467
v -0.02267787 -0.05894814 -0.02999484
v 0.02309273 -0.05872838 -0.03002541
v -0.02267787 -0.05872855 -0.03002558
v 0.02309272 -0.05850943 -0.03006170
v -0.02267787 -0.05850959 -0.03006186
v 0.02309272 -0.05829123 -0.03010352
v -0.02267788 -0.05829140 -0.03010369
v 0.02309272 -0.05807390 -0.03015086
v -0.02267788 -0.05807407 -0.03015103
v 0.02309272 -0.05785753 -0.03020369
v -0.02267788 -0.05785770 -0.03020385
v 0.02309272 -0.05764224 -0.03026198
v -0.02267788 -0.05764241 -0.03026215
v 0.02309272 -0.05742813 -0.03032571
v -0.02267788 -0.05742829 -0.03032588
v 0.02309272 -0.05721530 -0.03039485
v -0.02267788 -0.05721546 -0.03039502
v 0.02309272 -0.05700386 -0.03046936
v -0.02267788 -0.05700402 -0.03046953
v 0.02309272 -0.05679391 -0.03054920
v -0.02267788 -0.05679408 -0.03054937
v 0.02309272 -0.05658556 -0.03063435
v -0.02267788 -0.05658572 -0.03063451
v 0.02309272 -0.05637890 -0.03072474
v -0.02267788 -0.05637907 -0.03072491
v 0.02309272 -0.05617404 -0.03082035
v -0.02267788 -0.05617421 -0.03082052
v 0.02309272 -0.05597108 -0.03092112
v -0.02267788 -0.05597125 -0.03092129
v -0.02267788 -0.05577028 -0.03102717
v 0.02309272 -0.05577011 -0.03102700
v -0.01859827 -0.06275347 -0.02646870
v -0.01004826 -0.06270204 -0.02692484
v -0.01859827 -0.06270207 -0.02692487
v -0.01004826 -0.06290505 -0.02781430
v 0.02309268 -0.05498818 -0.02234882
v -0.02267792 -0.05479883 -0.02221836
v -0.02267792 -0.05498835 -0.02234899
v 0.02309268 -0.05479866 -0.02221819
v 0.02309268 -0.05442742 -0.02194270
v -0.02267792 -0.05424605 -0.02179814
v 0.02309268 -0.05518019 -0.02247462
v -0.01004828 -0.06277916 -0.02265896
v -0.02179828 -0.06216998 -0.02299770
v -0.02179828 -0.06161755 -0.02342278
v -0.02179828 -0.06113407 -0.02392488
v -0.02179828 -0.06277920 -0.02265900
v -0.02179828 -0.06005208 -0.02392488
v -0.01859827 -0.06290508 -0.02603541
v -0.01859828 -0.06256659 -0.02432032
v -0.02179827 -0.06256660 -0.02432033
v -0.01859828 -0.06214751 -0.02473939
v -0.01859827 -0.06347391 -0.02532211
v -0.01859827 -0.06180758 -0.02522487
v -0.01859827 -0.06314931 -0.02564671
v -0.02179827 -0.06214753 -0.02473940
v -0.01859827 -0.06155711 -0.02576200
v -0.02179827 -0.06180759 -0.02522488
v -0.01859827 -0.06140372 -0.02633446
v -0.02179827 -0.06155713 -0.02576201
v -0.01859827 -0.06305207 -0.02398038
v -0.02179827 -0.06305208 -0.02398039
v -0.01859826 -0.06275347 -0.02738104
v -0.01004823 -0.06797070 -0.03034977
v -0.01004826 -0.06603019 -0.02532208
v -0.01859826 -0.06635482 -0.02564671
v -0.01859826 -0.06603022 -0.02532211
v -0.01004825 -0.06635479 -0.02564668
v -0.01859825 -0.06659905 -0.02603541
v -0.01004825 -0.06659902 -0.02603538
v -0.01859825 -0.06675067 -0.02646870
v -0.01859825 -0.06769656 -0.02522487
v -0.01859825 -0.06794702 -0.02576200
v -0.02179825 -0.06794703 -0.02576201
v -0.01859825 -0.06810041 -0.02633446
v -0.02179824 -0.06810042 -0.02633448
v -0.01859826 -0.06735662 -0.02473939
v -0.01004826 -0.06475204 -0.02487484
v -0.01859826 -0.06520824 -0.02492627
v -0.01859827 -0.06475207 -0.02487487
v -0.01004826 -0.06520820 -0.02492623
v -0.01859826 -0.06564153 -0.02507788
v -0.01004826 -0.06429587 -0.02492623
v -0.01859827 -0.06429590 -0.02492627
v -0.01004827 -0.06386257 -0.02507785
v -0.01859827 -0.06386261 -0.02507788
v -0.01859827 -0.06534247 -0.02357652
v -0.01859827 -0.06416167 -0.02357652
v -0.01859827 -0.06358920 -0.02372991
v -0.01004823 -0.06913209 -0.02862928
v -0.01004823 -0.06883184 -0.02925834
v -0.01004825 -0.06659902 -0.02781430
v -0.01859826 -0.06645206 -0.02398038
v -0.01004825 -0.06680204 -0.02692484
v -0.01004825 -0.06675064 -0.02738101
v -0.01859827 -0.06591494 -0.02372991
v -0.01004827 -0.06480912 -0.02222518
v -0.02179827 -0.06411347 -0.02226847
v -0.02179827 -0.06480916 -0.02222523
v -0.01004828 -0.06411342 -0.02226843
v -0.02179828 -0.06343181 -0.02241413
v -0.01004828 -0.06343177 -0.02241408
v -0.01859827 -0.06475207 -0.02352487
v -0.02179826 -0.06534248 -0.02357653
v -0.02179827 -0.06475208 -0.02352488
v -0.02179827 -0.06416168 -0.02357653
v -0.02179827 -0.06358921 -0.02372993
v -0.01004826 -0.06564150 -0.02507785
v -0.01004825 -0.06675064 -0.02646867
v -0.01859826 -0.06693755 -0.02432032
v -0.02179826 -0.06693756 -0.02432033
v -0.02179825 -0.06735663 -0.02473940
v -0.02179825 -0.06769657 -0.02522488
v -0.01004825 -0.06635479 -0.02820299
v -0.01004825 -0.06603019 -0.02852759
v -0.01859826 -0.06290508 -0.02781433
v -0.01859826 -0.06314931 -0.02820302
v -0.01859825 -0.06680207 -0.02692487
v -0.01859825 -0.06675067 -0.02738104
v -0.01859825 -0.06659905 -0.02781433
v -0.01859825 -0.06815207 -0.02692487
v -0.01859824 -0.06810041 -0.02751527
v -0.01859825 -0.06635482 -0.02820302
v -0.01859824 -0.06794702 -0.02808774
v -0.02179824 -0.06794703 -0.02808775
v -0.02179824 -0.06769657 -0.02862488
v -0.01859826 -0.06214751 -0.02911035
v -0.01004823 -0.06844185 -0.02983607
v -0.01004823 -0.06618148 -0.03140219
v -0.01004823 -0.06682795 -0.03114154
v -0.01004824 -0.06550356 -0.03156436
v -0.01004824 -0.06411342 -0.03158125
v -0.01004824 -0.06343177 -0.03143559
v -0.01004824 -0.06480912 -0.03162449
v -0.01004825 -0.06277916 -0.03119072
v -0.02179823 -0.06913213 -0.02862932
v -0.02179824 -0.06815208 -0.02692488
v -0.02179824 -0.06810042 -0.02751528
v -0.02179823 -0.06883188 -0.02925838
v -0.02179823 -0.06844189 -0.02983611
v -0.02267789 -0.06005209 -0.02392488
v -0.02179826 -0.06180759 -0.02862488
v -0.02179826 -0.06214753 -0.02911036
v -0.02179826 -0.06113407 -0.02992488
v -0.02179825 -0.06256660 -0.02952943
v -0.02179825 -0.06161755 -0.03042698
v -0.02179826 -0.06155713 -0.02808775
v -0.02179825 -0.06216998 -0.03085206
v -0.02179825 -0.06277920 -0.03119076
v -0.02179826 -0.06140373 -0.02751528
v -0.01859826 -0.06180758 -0.02862487
v -0.02267788 -0.05518035 -0.03137498
v -0.02267788 -0.05557141 -0.03113812
v -0.02267788 -0.05537474 -0.03125407
v -0.02267792 -0.05406736 -0.02164885
v -0.02267788 -0.05406736 -0.03220092
v -0.02267792 -0.05389159 -0.02149507
v -0.02267788 -0.05389159 -0.03235469
v -0.02267793 -0.05354919 -0.02117436
v -0.02267788 -0.05354919 -0.03267541
v -0.02267792 -0.05371884 -0.02133688
v -0.02267788 -0.05371884 -0.03251288
v -0.02267793 -0.05338273 -0.02100758
v -0.02267788 -0.05338273 -0.03284219
v -0.02267793 -0.05321952 -0.02083662
v -0.02267788 -0.05321952 -0.03301314
v -0.02267793 -0.05305967 -0.02066157
v -0.02267788 -0.05305967 -0.03318819
v -0.02267793 -0.05290323 -0.02048252
v -0.02267788 -0.05290323 -0.03336724
v -0.02267793 -0.05275029 -0.02029956
v -0.02267788 -0.05275029 -0.03355021
v -0.02267788 -0.05260093 -0.03373701
v -0.02267788 -0.05498835 -0.03150078
v -0.02267788 -0.05479883 -0.03163140
v -0.02267788 -0.05461188 -0.03176680
v -0.02267788 -0.05442759 -0.03190690
v -0.02267788 -0.05424605 -0.03205163
v -0.01859827 -0.06135207 -0.02692487
v -0.02179827 -0.06140373 -0.02633448
v -0.02179827 -0.06135208 -0.02692488
v -0.01859827 -0.06140372 -0.02751527
v -0.01859827 -0.06155711 -0.02808774
v 0.02309264 -0.05029565 -0.01499072
v -0.02267796 -0.05024966 -0.01474324
v -0.02267796 -0.05029582 -0.01499089
v 0.02309264 -0.05034658 -0.01523713
v -0.02267796 -0.05034675 -0.01523730
v 0.02309264 -0.05040227 -0.01548220
v -0.02267796 -0.05040243 -0.01548237
v 0.02309264 -0.05046267 -0.01572579
v -0.02267796 -0.05046284 -0.01572596
v 0.02309264 -0.05052777 -0.01596780
v -0.02267796 -0.05052794 -0.01596797
v 0.02309264 -0.05059753 -0.01620810
v -0.02267795 -0.05059770 -0.01620827
v 0.02309265 -0.05067192 -0.01644657
v -0.02267795 -0.05067208 -0.01644674
v 0.02309263 -0.05005192 -0.01247912
v -0.02179833 -0.05005208 -0.02392488
v -0.02267797 -0.05005209 -0.01247928
v 0.02309265 -0.05075090 -0.01668310
v -0.02267795 -0.05075106 -0.01668327
v 0.02309265 -0.05083443 -0.01691757
v -0.02267795 -0.05083459 -0.01691774
v 0.02309265 -0.05092247 -0.01714988
v 0.02434907 -0.04629570 -0.01462598
v -0.02374488 -0.04663426 -0.01446853
v -0.02293340 -0.04805193 -0.01375189
v -0.02379422 -0.04654805 -0.01451212
v 0.00014614 -0.04539026 -0.01502437
v 0.00014640 -0.04533029 -0.01506615
v 0.00014665 -0.04527594 -0.01511745
v 0.00014689 -0.04522936 -0.01517698
v 0.00014711 -0.04519229 -0.01524286
v 0.02345935 -0.04782315 -0.01387567
v -0.02279687 -0.04831783 -0.01359321
v 0.02291547 -0.04886527 -0.01326792
v -0.02234115 -0.04920533 -0.01306357
v 0.02273618 -0.04920881 -0.01306758
v -0.02221866 -0.04944388 -0.01292121
v -0.02197857 -0.04997010 -0.01254743
v 0.02309263 -0.05005436 -0.01273232
v -0.02267797 -0.05005453 -0.01273248
v 0.02309263 -0.05006170 -0.01298539
v -0.02267797 -0.05006187 -0.01298556
v 0.02309263 -0.05007393 -0.01323822
v -0.02267797 -0.05007410 -0.01323839
v 0.02309263 -0.05009105 -0.01349068
v -0.02267797 -0.05009122 -0.01349085
v 0.02309263 -0.05011304 -0.01374264
v -0.02267797 -0.05011320 -0.01374281
v 0.02309264 -0.05013989 -0.01399398
v -0.02267796 -0.05014006 -0.01399415
v 0.02309264 -0.05017160 -0.01424459
v -0.02267796 -0.05017176 -0.01424476
v 0.02309264 -0.05020814 -0.01449432
v -0.02267796 -0.05020830 -0.01449449
v 0.02309264 -0.05024950 -0.01474308
v -0.02179826 -0.06645208 -0.02398039
v -0.02179826 -0.06682799 -0.02270818
v -0.02179827 -0.06618152 -0.02244753
v -0.02179826 -0.06591495 -0.02372993
v -0.02179827 -0.06550360 -0.02228535
v -0.02179824 -0.06343181 -0.03143563
v -0.02179823 -0.06682799 -0.03114158
v -0.02179823 -0.06618152 -0.03140223
v -0.02179824 -0.06550360 -0.03156441
v -0.02179824 -0.06411347 -0.03158129
v -0.01004827 -0.06550356 -0.02228531
v -0.01836280 -0.03771583 -0.01776954
v -0.01293754 -0.04154859 -0.04266316
v -0.01379906 -0.04106649 -0.04276808
v -0.01589900 -0.03963933 -0.04307139
v -0.01834070 -0.03770919 -0.01784830
v -0.01888295 -0.03726193 -0.01796331
v -0.01615363 -0.03944684 -0.04311160
v -0.01911298 -0.03705868 -0.01801264
v -0.01823510 -0.04168477 -0.02027089
v -0.01656902 -0.04289201 -0.04255827
v -0.01847356 -0.04149831 -0.02032690
v -0.01823949 -0.04168983 -0.04281090
v -0.01993101 -0.04035872 -0.02066923
v -0.02041694 -0.03993428 -0.02078290
v -0.01845835 -0.04153232 -0.04284400
v -0.01910962 -0.03705469 -0.04360145
v -0.01999404 -0.03628025 -0.01820159
v -0.02031879 -0.03597645 -0.01826732
v -0.02179831 -0.05005208 -0.02992488
v -0.02267786 -0.05005209 -0.04137048
v -0.02267786 -0.05005453 -0.04111728
v -0.02267787 -0.05006187 -0.04086421
v -0.02267787 -0.05007410 -0.04061138
v -0.02267787 -0.05009122 -0.04035892
v -0.02267787 -0.05011320 -0.04010696
v -0.02267787 -0.05014006 -0.03985561
v -0.02267787 -0.05020830 -0.03935527
v -0.02267787 -0.05017176 -0.03960501
v -0.02267788 -0.05131903 -0.03579450
v -0.02267787 -0.05034675 -0.03861246
v -0.02267787 -0.05040243 -0.03836740
v -0.02267787 -0.05024966 -0.03910652
v -0.01201560 -0.04206449 -0.04255089
v -0.01535260 -0.04365079 -0.04239696
v -0.01246428 -0.04724342 -0.04138755
v -0.01200492 -0.04706376 -0.04144948
v -0.01168766 -0.04668831 -0.04157788
v -0.01160649 -0.04645469 -0.04165760
v -0.01157802 -0.04628144 -0.04171689
v -0.01158418 -0.04620786 -0.04174169
v -0.01159181 -0.04611664 -0.04177243
v -0.01169059 -0.04579687 -0.04188005
v -0.01172766 -0.04573745 -0.04189991
v -0.01179947 -0.04562234 -0.04193839
v -0.01188179 -0.04554389 -0.04196458
v -0.01189697 -0.04552942 -0.04196941
v -0.01207713 -0.04539154 -0.04201552
v -0.01217544 -0.04533492 -0.04203451
v -0.01257754 -0.04725052 -0.04138502
v -0.01283105 -0.04503573 -0.04209952
v -0.01445505 -0.04418510 -0.04228297
v -0.02019170 -0.04723642 -0.04138998
v -0.02023869 -0.04723146 -0.04139171
v -0.02026666 -0.04722851 -0.04139274
v -0.01190140 -0.04212286 -0.04253823
v -0.02267787 -0.05029582 -0.03885888
v -0.02267787 -0.05046284 -0.03812381
v -0.02267788 -0.05052794 -0.03788180
v -0.02267083 -0.05005208 -0.02583824
v -0.02179831 -0.05005208 -0.02992488
v -0.02267788 -0.05245521 -0.03392754
v -0.02267788 -0.05231321 -0.03412171
v -0.02267788 -0.05217500 -0.03431943
v -0.02267788 -0.05204065 -0.03452061
v -0.02267788 -0.05191021 -0.03472514
v -0.02267788 -0.05178377 -0.03493291
v -0.02267788 -0.05166136 -0.03514384
v -0.02267788 -0.05154307 -0.03535782
v -0.02267788 -0.05142894 -0.03557474
v -0.02267788 -0.05121339 -0.03601698
v -0.02267788 -0.05111208 -0.03624209
v -0.02267788 -0.05101515 -0.03646971
v -0.02267788 -0.05092264 -0.03669972
v -0.02267788 -0.05083459 -0.03693202
v -0.02267788 -0.05075106 -0.03716650
v -0.02267788 -0.05067208 -0.03740303
v -0.02267788 -0.05059770 -0.03764150
v -0.02760635 -0.04199402 -0.01684201
v -0.02812528 -0.04127676 -0.01707095
v -0.02539505 -0.04516984 -0.04202710
v -0.02637309 -0.04369863 -0.01629791
v -0.02538877 -0.04516571 -0.01574510
v -0.02523903 -0.04538889 -0.01566101
v -0.02348197 -0.04832717 -0.04130541
v -0.02267565 -0.05005208 -0.02374042
v -0.02267792 -0.05005208 -0.02413583
v -0.02266909 -0.05005208 -0.02567313
v -0.02327354 -0.04871949 -0.01408189
v -0.02329130 -0.04868724 -0.01409888
v -0.02402224 -0.04735996 -0.01479807
v -0.02330189 -0.04869247 -0.04121862
v -0.02418057 -0.04709985 -0.01491449
v -0.01222271 -0.04718321 -0.04140849
v -0.02262784 -0.05005208 -0.03309484
v -0.02505602 -0.04566166 -0.01555822
v -0.02263163 -0.05005208 -0.04089558
v -0.01182210 -0.04689616 -0.04150693
v -0.02839479 -0.03335499 -0.02152023
v -0.02859723 -0.03334322 -0.02149670
v -0.02836612 -0.03332844 -0.02154138
v -0.02859723 -0.03325431 -0.02154939
v -0.02859723 -0.03349368 -0.02144866
v -0.02885605 -0.03350097 -0.02147678
v -0.02834878 -0.03331238 -0.02155417
v -0.02885605 -0.03326801 -0.02157327
v -0.02898318 -0.03382531 -0.02149027
v -0.02909723 -0.03375097 -0.02154376
v -0.02892131 -0.03377992 -0.02147094
v -0.02887945 -0.03374922 -0.02145786
v -0.02885519 -0.03373143 -0.02145028
v -0.02909723 -0.03352683 -0.02157327
v -0.02907791 -0.03390166 -0.02155410
v -0.02909619 -0.03391639 -0.02156642
v -0.02930433 -0.03375097 -0.02170268
v -0.02914832 -0.03395841 -0.02160154
v -0.02930433 -0.03393399 -0.02172678
v -0.02930433 -0.03356796 -0.02172678
v -0.02909723 -0.03331796 -0.02165979
v -0.02930433 -0.03339742 -0.02179742
v -0.02834848 -0.03316469 -0.02163882
v -0.02828205 -0.03325059 -0.02160338
v -0.02859723 -0.03314566 -0.02161380
v -0.02825252 -0.03322579 -0.02163793
v -0.02843508 -0.03339230 -0.02149051
v -0.02821823 -0.03319701 -0.02167802
v -0.02859723 -0.03355419 -0.02142934
v -0.02875760 -0.03366215 -0.02143129
v -0.02671538 -0.03689921 -0.02079406
v -0.02700678 -0.03715910 -0.02100127
v -0.02928184 -0.03407961 -0.02175918
v -0.02921508 -0.03401901 -0.02168036
v -0.02711142 -0.03727280 -0.02116507
v -0.02930064 -0.03410002 -0.02179806
v -0.02932203 -0.03412325 -0.02184231
v -0.02930383 -0.03410349 -0.02180466
v -0.02937609 -0.03418195 -0.02195414
v -0.02426025 -0.03655676 -0.02131973
v -0.02806079 -0.03307522 -0.02191379
v -0.02803679 -0.03305797 -0.02195629
v -0.02463667 -0.03683205 -0.02078517
v -0.02848237 -0.03343952 -0.02147267
v -0.02452318 -0.03673472 -0.02088460
v -0.02441923 -0.03665377 -0.02101095
v -0.02814675 -0.03313701 -0.02176161
v -0.02811566 -0.03311466 -0.02181666
v -0.02433026 -0.03659364 -0.02115856
v -0.02808843 -0.03309509 -0.02186487
v -0.02691602 -0.03594483 -0.02092607
v -0.02915500 -0.03396447 -0.02160943
v -0.02879590 -0.03368795 -0.02143175
v -0.02834848 -0.03300426 -0.02179290
v -0.02859723 -0.03304830 -0.02170730
v -0.03252532 -0.03504285 -0.01852415
v -0.03250936 -0.03501152 -0.01842665
v -0.03218578 -0.03473764 -0.01812860
v -0.03234955 -0.03485666 -0.01818843
v -0.03226947 -0.03479588 -0.01814719
v -0.03241957 -0.03491568 -0.01825179
v -0.03247396 -0.03496849 -0.01833336
v 0.02220167 -0.05005192 -0.02392472
v -0.00016092 -0.04514233 -0.04186389
v -0.00079515 -0.04510461 -0.04187253
v -0.00141158 -0.04506794 -0.04188092
v -0.00227624 -0.04501651 -0.04189269
v -0.00297752 -0.04491484 -0.04191583
v -0.00443420 -0.04469455 -0.04196592
v -0.00454222 -0.04466982 -0.04197152
v -0.00609884 -0.04431346 -0.04205212
v -0.00636678 -0.04425212 -0.04206600
v -0.00815689 -0.04369364 -0.04219131
v -0.00837078 -0.04362692 -0.04220629
v -0.00912036 -0.04332968 -0.04227223
v -0.00684397 -0.05005202 -0.02992483
v -0.03209549 -0.03467913 -0.01812765
v -0.02885605 -0.03306796 -0.02172678
v -0.02859723 -0.03298003 -0.02177288
v -0.02909723 -0.03313860 -0.02179742
v -0.02993498 -0.03835762 -0.01736941
v -0.03000344 -0.03842292 -0.01743217
v -0.02985623 -0.03829075 -0.01732971
v -0.03005593 -0.03848152 -0.01751402
v -0.03008914 -0.03852931 -0.01760816
v -0.03010276 -0.03856408 -0.01770670
v -0.02977381 -0.03822714 -0.01731343
v -0.03033427 -0.03726682 -0.01753692
v -0.03066431 -0.03779588 -0.01799762
v -0.03182579 -0.03510934 -0.01803813
v -0.03252162 -0.03506058 -0.01861802
v -0.03258003 -0.03497455 -0.01863754
v -0.03259323 -0.03495512 -0.01864194
v -0.02046257 -0.04716161 -0.04141578
v -0.02048646 -0.04715409 -0.01898391
v -0.02066525 -0.04704359 -0.01898391
v -0.02066519 -0.04704361 -0.04145646
v -0.02067443 -0.04703792 -0.01898391
v -0.02208780 -0.03847483 -0.02117374
v -0.01863443 -0.04138926 -0.04287344
v -0.02496376 -0.04051437 -0.02099594
v -0.02386363 -0.04205234 -0.04258797
v -0.02546660 -0.03982967 -0.02116195
v -0.02248506 -0.03812784 -0.02126666
v -0.02208357 -0.03847039 -0.04346739
v -0.02547655 -0.03983761 -0.04304716
v -0.02720103 -0.03746793 -0.02173457
v -0.02417534 -0.03654001 -0.02163590
v -0.02745931 -0.03711623 -0.02181985
v -0.01940980 -0.03680134 -0.04365273
v -0.02221706 -0.03420059 -0.01865153
v -0.02222364 -0.03420805 -0.04415563
v -0.02376365 -0.03275375 -0.01896456
v -0.02602440 -0.03480302 -0.02203983
v -0.02319289 -0.03747689 -0.04366656
v -0.02697155 -0.03778481 -0.04347278
v -0.02942770 -0.03430802 -0.02240979
v -0.02791583 -0.03301905 -0.02240978
v -0.02429147 -0.03643996 -0.04386544
v -0.02799723 -0.03296018 -0.02240978
v -0.02796481 -0.03297627 -0.04453340
v -0.02811536 -0.03287473 -0.02240978
v -0.02799485 -0.03295744 -0.04453858
v -0.02942762 -0.03430802 -0.04415846
v -0.02946228 -0.03425039 -0.02240979
v -0.02947953 -0.03422165 -0.02240979
v -0.02947322 -0.03421847 -0.04418404
v -0.02956122 -0.03400905 -0.02240979
v -0.02956767 -0.03399228 -0.02240979
v -0.02950958 -0.03414709 -0.04420443
v -0.02956037 -0.03399060 -0.04424886
v -0.02959722 -0.03375097 -0.02240979
v -0.02959722 -0.03374835 -0.02240979
v -0.02958932 -0.03362618 -0.04435198
v -0.02956639 -0.03350457 -0.02240979
v -0.02955906 -0.03350640 -0.04438580
v -0.02956176 -0.03349270 -0.02240979
v -0.02947704 -0.03327567 -0.02240979
v -0.02820824 -0.03283794 -0.02240978
v -0.02806505 -0.03291343 -0.04455068
v -0.02834848 -0.03278240 -0.02240979
v -0.02820645 -0.03283423 -0.04457248
v -0.02844257 -0.03277051 -0.02240979
v -0.02822485 -0.03282827 -0.04457413
v -0.02859723 -0.03275097 -0.02240979
v -0.02861234 -0.03275109 -0.04459560
v -0.02946325 -0.03326801 -0.02228038
v -0.02946074 -0.03325276 -0.02240979
v -0.02933458 -0.03307547 -0.02240979
v -0.02868723 -0.03275503 -0.02240979
v -0.02868635 -0.03276098 -0.04459281
v -0.02909723 -0.03291446 -0.02218565
v -0.02909477 -0.03288990 -0.02240979
v -0.02892738 -0.03280705 -0.02240979
v -0.02885605 -0.03291446 -0.02192683
v -0.02909723 -0.03300097 -0.02197678
v -0.02885605 -0.03281796 -0.02215979
v -0.02811536 -0.03296594 -0.02202053
v -0.02834848 -0.03288322 -0.02197951
v -0.02811536 -0.03289784 -0.02220988
v -0.02834848 -0.03280795 -0.02218882
v -0.02859723 -0.03278800 -0.02215203
v -0.02859723 -0.03285506 -0.02196555
v -0.02859723 -0.03277734 -0.02218165
v -0.02885469 -0.03279130 -0.02240979
v -0.02930433 -0.03313860 -0.02205624
v -0.02946325 -0.03331796 -0.02215979
v -0.02930433 -0.03306796 -0.02222678
v -0.02914759 -0.03291605 -0.02240979
v -0.02946325 -0.03339742 -0.02205624
v -0.02926887 -0.03301018 -0.04452403
v -0.02893717 -0.03281803 -0.04457697
v -0.02876205 -0.03277111 -0.04458996
v 0.02309272 -0.05461171 -0.03176663
v 0.02309272 -0.05442742 -0.03190673
v 0.02309272 -0.05424589 -0.03205146
v 0.02309272 -0.05406719 -0.03220075
v 0.02309272 -0.05389143 -0.03235453
v 0.02309272 -0.05371868 -0.03251271
v 0.02309272 -0.05354903 -0.03267524
v 0.02309272 -0.05338256 -0.03284202
v 0.02309272 -0.05321936 -0.03301298
v 0.02309272 -0.05305950 -0.03318802
v 0.02309272 -0.05290306 -0.03336708
v 0.02309272 -0.05275012 -0.03355004
v 0.02309272 -0.05260076 -0.03373684
v 0.02309273 -0.05024950 -0.03910635
v 0.02309273 -0.05020814 -0.03935511
v 0.02309273 -0.05017160 -0.03960484
v 0.02309273 -0.05013989 -0.03985544
v 0.02309273 -0.05011304 -0.04010679
v 0.02309273 -0.05009105 -0.04035875
v 0.02309273 -0.05007393 -0.04061121
v 0.02309273 -0.05006170 -0.04086404
v 0.02309273 -0.05005436 -0.04111711
v 0.02309274 -0.05005192 -0.04137031
v 0.02396102 -0.04819180 -0.01436450
v 0.02350661 -0.04908647 -0.04112544
v 0.02386400 -0.04836128 -0.04129797
v 0.02396169 -0.04819282 -0.04133693
v 0.02624061 -0.04447805 -0.01601382
v 0.02473091 -0.04686633 -0.04164368
v 0.02511563 -0.04620289 -0.04179709
v 0.02609778 -0.04470816 -0.04213196
v 0.02624655 -0.04448174 -0.04218268
v 0.02309272 -0.05479866 -0.03163124
v 0.02309272 -0.05498818 -0.03150061
v 0.02309272 -0.05518019 -0.03137481
v 0.02309272 -0.05537457 -0.03125390
v -0.02892488 -0.03281325 -0.04457828
v -0.02914349 -0.03292176 -0.04454839
v -0.02947089 -0.03327889 -0.04444948
v -0.02941967 -0.03318225 -0.04447629
v -0.03004057 -0.03863868 -0.04341420
v -0.03118626 -0.03705219 -0.04373509
v -0.03290289 -0.03447027 -0.04423143
v 0.02220175 -0.06534232 -0.03027306
v 0.02220176 -0.06618136 -0.03140207
v 0.02220176 -0.06550344 -0.03156425
v 0.02220175 -0.06475192 -0.03032472
v 0.02220175 -0.06480900 -0.03162437
v 0.02220175 -0.06411331 -0.03158113
v 0.02220175 -0.06343165 -0.03143547
v 0.02220176 -0.06682783 -0.03114142
v 0.01045177 -0.06682787 -0.03114146
v 0.01045177 -0.06618140 -0.03140211
v 0.01045176 -0.06480904 -0.03162441
v 0.01045176 -0.06411335 -0.03158117
v 0.01045176 -0.06343169 -0.03143552
v 0.02220175 -0.06277904 -0.03119060
v 0.01045177 -0.06742869 -0.03078807
v 0.01045176 -0.06550349 -0.03156429
v 0.01045175 -0.06277908 -0.03119064
v 0.02220174 -0.06216982 -0.03085190
v 0.02309272 -0.05557125 -0.03113795
v -0.02049084 -0.04715196 -0.04141910
v -0.02930433 -0.03325098 -0.02190979
v -0.02799369 -0.03303596 -0.02207725
v -0.02795834 -0.03301790 -0.02217648
v -0.02794743 -0.03301820 -0.02223636
v -0.02794594 -0.03301824 -0.02224452
v -0.02946325 -0.03400097 -0.02197678
v -0.02946325 -0.03388038 -0.02192683
v -0.02946325 -0.03375098 -0.02190979
v -0.02946325 -0.03362156 -0.02192683
v -0.02946325 -0.03350097 -0.02197678
v -0.02937983 -0.03418782 -0.02197083
v -0.02946325 -0.03410453 -0.02205624
v -0.02939247 -0.03420760 -0.02202719
v -0.02942605 -0.03426892 -0.02222046
v -0.02942646 -0.03427866 -0.02226765
v -0.02946325 -0.03423394 -0.02228038
v -0.02942566 -0.03425958 -0.02217524
v -0.02941428 -0.03424177 -0.02212450
v -0.02946325 -0.03418399 -0.02215979
v -0.02956315 -0.03393399 -0.02222678
v -0.02956315 -0.03397512 -0.02228038
v -0.02956315 -0.03388038 -0.02218565
v -0.02800177 -0.03304008 -0.02205458
v -0.02083230 -0.04688330 -0.01898391
v -0.02083419 -0.04688050 -0.01898391
v -0.02083256 -0.04687889 -0.04151306
v -0.02093572 -0.04672963 -0.01898391
v -0.02093563 -0.04672963 -0.04156408
v -0.02184819 -0.04515464 -0.01957129
v -0.02201852 -0.04486064 -0.01968094
v -0.02224288 -0.04451307 -0.01979369
v -0.02223927 -0.04451047 -0.04205695
v -0.02283018 -0.04360323 -0.02008883
v -0.02334202 -0.04281032 -0.02034605
v -0.02918987 -0.03981726 -0.01745949
v -0.02622616 -0.04390917 -0.04230949
v -0.03009366 -0.03857821 -0.01778935
v -0.02918953 -0.03981715 -0.04317583
v -0.02720716 -0.03743033 -0.02154957
v -0.02421113 -0.03654321 -0.02148595
v -0.02717846 -0.03736456 -0.02135299
v -0.02956315 -0.03400098 -0.02234280
v -0.02956315 -0.03350098 -0.02234280
v -0.02956315 -0.03352683 -0.02228038
v -0.02811536 -0.03307544 -0.02185170
v -0.02859723 -0.03288937 -0.02191266
v -0.02956315 -0.03381796 -0.02215979
v -0.02956315 -0.03375097 -0.02215097
v -0.02956315 -0.03368399 -0.02215979
v -0.02956315 -0.03362156 -0.02218565
v -0.02956315 -0.03356796 -0.02222678
v -0.01838688 -0.03772365 -0.01768703
v -0.02297783 -0.04841587 -0.01359941
v -0.02387782 -0.04670987 -0.01446299
v -0.02392380 -0.04674051 -0.01447077
v -0.02383170 -0.04668183 -0.01446094
v -0.02310975 -0.04851698 -0.01365669
v -0.02401145 -0.04680793 -0.01450476
v -0.02405104 -0.04684351 -0.01453105
v -0.02314641 -0.04855355 -0.01368756
v -0.02408652 -0.04687939 -0.01456313
v -0.02498763 -0.04504550 -0.01520612
v -0.02396869 -0.04677338 -0.01448464
v -0.02507207 -0.04511435 -0.01524174
v -0.02503086 -0.04507934 -0.01522079
v -0.02511030 -0.04514988 -0.01526885
v -0.02489897 -0.04498354 -0.01519483
v -0.02418386 -0.04706207 -0.01483063
v -0.02514464 -0.04518516 -0.01530174
v -0.02411708 -0.04691481 -0.01460037
v -0.02414212 -0.04694902 -0.01464194
v -0.02517433 -0.04521948 -0.01533980
v -0.02519879 -0.04525211 -0.01538216
v -0.02416129 -0.04698134 -0.01468683
v -0.02523093 -0.04530999 -0.01547574
v -0.02417451 -0.04701121 -0.01473395
v -0.02524112 -0.04535550 -0.01557399
v -0.02306875 -0.04848138 -0.01363152
v -0.02302441 -0.04844747 -0.01361240
v -0.02261530 -0.05005208 -0.01325378
v -0.02323566 -0.04879617 -0.01403424
v -0.02324490 -0.04875162 -0.01394669
v -0.02317788 -0.04859031 -0.01372352
v -0.02320354 -0.04862645 -0.01376374
v -0.02323628 -0.04869401 -0.01385292
v -0.02322304 -0.04866123 -0.01380723
v -0.02203773 -0.05005208 -0.01252216
v -0.02204523 -0.05005208 -0.01252162
v -0.02210307 -0.05005208 -0.01254013
v -0.02210375 -0.05005208 -0.01254041
v -0.02216413 -0.05005208 -0.01256582
v -0.02214322 -0.05005208 -0.01255806
v -0.02216447 -0.05005208 -0.01256595
v -0.02222605 -0.05005208 -0.01259632
v -0.02222750 -0.05005208 -0.01259709
v -0.02228702 -0.05005208 -0.01263430
v -0.02228966 -0.05005208 -0.01263605
v -0.02234573 -0.05005208 -0.01267934
v -0.02234950 -0.05005208 -0.01268240
v -0.02240087 -0.05005208 -0.01273069
v -0.02240559 -0.05005208 -0.01273536
v -0.02245126 -0.05005208 -0.01278734
v -0.02245667 -0.05005208 -0.01279381
v -0.02249593 -0.05005208 -0.01284809
v -0.02250166 -0.05005208 -0.01285641
v -0.02293010 -0.04838705 -0.01359239
v -0.02629566 -0.04349493 -0.01593298
v -0.02622525 -0.04342453 -0.01587192
v -0.02750923 -0.04181324 -0.01648392
v -0.02614355 -0.04335455 -0.01583510
v -0.02605784 -0.04329010 -0.01582256
v -0.02736044 -0.04167373 -0.01638427
v -0.02727677 -0.04160824 -0.01637048
v -0.02744025 -0.04174378 -0.01642213
v -0.02756139 -0.04187651 -0.01656565
v -0.02638050 -0.04361482 -0.01610865
v -0.02759335 -0.04192893 -0.01666021
v -0.02760498 -0.04196787 -0.01675935
v -0.02634857 -0.04355999 -0.01601429
v -0.02639141 -0.04365650 -0.01620765
v -0.02067444 -0.04669070 -0.01833106
v -0.02067444 -0.04651964 -0.01824395
v -0.02048647 -0.04634470 -0.01808529
v -0.02048638 -0.04613414 -0.01808822
v -0.02058696 -0.04621131 -0.01814520
v -0.02067444 -0.04633260 -0.01820083
v -0.02067392 -0.04627985 -0.01819910
v -0.02066452 -0.04627083 -0.01818914
v -0.02071814 -0.04632234 -0.01824603
v -0.02597881 -0.04323538 -0.01582522
v -0.02612690 -0.04302016 -0.01590383
v -0.02288223 -0.04836132 -0.01359095
v -0.02073577 -0.04633928 -0.01826474
v -0.02085683 -0.04022180 -0.01993874
v -0.02075160 -0.04012505 -0.02003887
v -0.01870466 -0.04161699 -0.01971674
v -0.02065470 -0.04004495 -0.02016386
v -0.02050379 -0.03994947 -0.02046539
v -0.02045520 -0.03993642 -0.02062703
v -0.02057092 -0.03998568 -0.02030840
v -0.02060647 -0.03618539 -0.01780279
v -0.01948656 -0.03726596 -0.01753790
v -0.01992609 -0.03689634 -0.01763023
v -0.02054866 -0.03612980 -0.01783728
v -0.02036193 -0.03598630 -0.01810525
v -0.02039675 -0.03600589 -0.01802419
v -0.02049249 -0.03607947 -0.01788683
v -0.02044094 -0.03603739 -0.01795007
v -0.02033747 -0.03597872 -0.01818894
v -0.02204372 -0.05005208 -0.01252119
v -0.02206124 -0.05001137 -0.01255276
v -0.02211066 -0.05003444 -0.01255384
v -0.02096519 -0.04032980 -0.01986625
v -0.01865754 -0.03796311 -0.01736374
v -0.02253414 -0.05005208 -0.01291157
v -0.02261428 -0.05005208 -0.01324455
v -0.02253978 -0.05005208 -0.01292167
v -0.02261020 -0.05005208 -0.01311873
v -0.02257059 -0.05005208 -0.01298807
v -0.02259700 -0.05005208 -0.01306719
v -0.02258971 -0.05005208 -0.01304128
v -0.02256546 -0.05005208 -0.01297641
v -0.02046954 -0.04612321 -0.01808378
v -0.02207204 -0.03958856 -0.02005048
v -0.02475371 -0.03694002 -0.02071542
v -0.02413847 -0.03969666 -0.02002074
v -0.02419925 -0.03961190 -0.02004437
v -0.02429757 -0.03981035 -0.02001226
v -0.02464484 -0.03726135 -0.02062657
v -0.02462019 -0.04007437 -0.02012245
v -0.02475704 -0.04020701 -0.02024762
v -0.02446259 -0.03993886 -0.02004379
v -0.02655252 -0.03677246 -0.02075941
v -0.02687108 -0.03703127 -0.02087497
v -0.02486840 -0.03705166 -0.02067198
v -0.02639096 -0.03665355 -0.02075567
v -0.02486165 -0.04032634 -0.02041134
v -0.02495375 -0.04049507 -0.02079731
v -0.02969000 -0.03816561 -0.01730991
v -0.03007320 -0.03764445 -0.01744919
v -0.02199265 -0.04275765 -0.01913495
v -0.02106059 -0.04042923 -0.01981922
v -0.02256424 -0.04189204 -0.01940861
v -0.02155121 -0.04002145 -0.01993140
v -0.02390528 -0.04002187 -0.01993006
v -0.02248487 -0.04311177 -0.01923898
v -0.02232027 -0.04298029 -0.01916252
v -0.02262740 -0.04324355 -0.01936243
v -0.02214781 -0.04285851 -0.01913346
v -0.02282825 -0.04354594 -0.01990914
v -0.02273568 -0.04336517 -0.01952491
v -0.02492740 -0.04042389 -0.02059989
v -0.02280276 -0.04346774 -0.01971254
v -0.02330752 -0.03377659 -0.01832219
v -0.02065031 -0.03622816 -0.01777843
v -0.02067444 -0.04683559 -0.01845696
v -0.02083230 -0.04680920 -0.01868679
v -0.02083230 -0.04672071 -0.01856044
v -0.02092944 -0.04660067 -0.01866287
v -0.02094695 -0.04664446 -0.01875041
v -0.02091791 -0.04657183 -0.01860521
v -0.02083230 -0.04686450 -0.01883080
v -0.02094472 -0.04666134 -0.01879670
v -0.02094090 -0.04669030 -0.01887606
v -0.02067443 -0.04701452 -0.01879339
v -0.02150273 -0.04465259 -0.01872307
v -0.02080702 -0.04640773 -0.01834033
v -0.02164895 -0.04478302 -0.01884524
v -0.02083142 -0.04644000 -0.01838882
v -0.02084096 -0.04645262 -0.01840778
v -0.02084843 -0.04646251 -0.01842263
v -0.02175973 -0.04490569 -0.01900648
v -0.02090314 -0.04653489 -0.01853136
v -0.02182792 -0.04501144 -0.01919289
v -0.02083231 -0.04646680 -0.01838926
v -0.02133369 -0.04452473 -0.01864787
v -0.02115651 -0.04440837 -0.01861998
v -0.02067443 -0.04694571 -0.01861419
v -0.02083231 -0.04660426 -0.01845926
v -0.02720253 -0.04155188 -0.01636422
v -0.02784671 -0.04067255 -0.01663995
v -0.02185321 -0.04509448 -0.01938828
v -0.02124924 -0.04388345 -0.01877903
v 0.02913504 -0.04045306 -0.01729227
v 0.02655639 -0.04401019 -0.04228832
v -0.01004827 -0.06618148 -0.02244748
v 0.02111863 -0.04632218 -0.01824587
v 0.02107493 -0.04633244 -0.01820068
v 0.02107440 -0.04627970 -0.01819895
v 0.02088696 -0.04655918 -0.01813463
v 0.02088696 -0.04634454 -0.01808514
v 0.02107493 -0.04651948 -0.01824380
v 0.02106501 -0.04627067 -0.01818899
v 0.02098745 -0.04621116 -0.01814505
v 0.02087003 -0.04612305 -0.01808363
v 0.02067806 -0.04611425 -0.01801772
v 0.02081536 -0.04608841 -0.01807133
v 0.02088496 -0.04613252 -0.01808699
v 0.02173417 -0.04452456 -0.01864771
v 0.02155699 -0.04440822 -0.01861982
v 0.02067851 -0.04600167 -0.01804052
v 0.02067805 -0.04600143 -0.01804054
v 0.02063488 -0.04597878 -0.01804288
v 0.02088696 -0.04675548 -0.01823458
v 0.02088696 -0.04692175 -0.01837906
v 0.02067806 -0.04697529 -0.01833084
v 0.02107493 -0.04669054 -0.01833090
v 0.02107493 -0.04683543 -0.01845681
v 0.02123280 -0.04672055 -0.01856028
v 0.02107493 -0.04694556 -0.01861403
v 0.02088696 -0.04704812 -0.01855949
v 0.02067806 -0.04711174 -0.01852565
v 0.02088696 -0.04712708 -0.01876512
v 0.02086336 -0.04716207 -0.01898376
v 0.02067806 -0.04719699 -0.01874769
v 0.02123280 -0.04680905 -0.01868664
v 0.02107493 -0.04701436 -0.01879323
v 0.02123280 -0.04686434 -0.01883065
v 0.02106576 -0.04704343 -0.01898376
v 0.02123280 -0.04660411 -0.01845910
v 0.02113626 -0.04633912 -0.01826458
v 0.02123280 -0.04646664 -0.01838911
v 0.02067806 -0.04635205 -0.01801348
v 0.02504161 -0.04537941 -0.01503484
v 0.02496483 -0.04532947 -0.01503179
v 0.02496028 -0.04645505 -0.01521937
v 0.02538862 -0.04578786 -0.01549136
v 0.02538603 -0.04575331 -0.01541209
v 0.02521633 -0.04550916 -0.01508104
v 0.02640029 -0.04374349 -0.01575876
v 0.02517475 -0.04547424 -0.01506027
v 0.02528949 -0.04558013 -0.01514071
v 0.02647109 -0.04381396 -0.01581966
v 0.02525488 -0.04554470 -0.01510798
v 0.02643756 -0.04377901 -0.01578633
v 0.02534070 -0.04473966 -0.01527949
v 0.02610167 -0.04467723 -0.01594413
v 0.02534395 -0.04564770 -0.01522083
v 0.02652421 -0.04387937 -0.01590082
v 0.02531937 -0.04561470 -0.01517861
v 0.02537610 -0.04570658 -0.01531412
v 0.02655615 -0.04393475 -0.01599506
v 0.02513111 -0.04544062 -0.01504578
v 0.02623184 -0.04360970 -0.01570982
v 0.02631810 -0.04367370 -0.01572214
v 0.01245523 -0.04247434 -0.01608466
v 0.02615851 -0.04355746 -0.01570577
v 0.02665037 -0.04284645 -0.01596215
v 0.02692852 -0.04246867 -0.01607792
v 0.02304161 -0.05005191 -0.02105278
v 0.02304563 -0.05005191 -0.02160722
v 0.02335433 -0.04934848 -0.01370659
v 0.02067806 -0.04658381 -0.01806691
v 0.02067806 -0.04679576 -0.01817484
v 0.02088686 -0.04613398 -0.01808807
v 0.02124145 -0.04645246 -0.01840762
v 0.02216021 -0.04490552 -0.01900632
v 0.02124892 -0.04646235 -0.01842247
v 0.02123191 -0.04643984 -0.01838867
v 0.02130364 -0.04653473 -0.01853121
v 0.02222840 -0.04501127 -0.01919273
v 0.02131840 -0.04657167 -0.01860505
v 0.02132994 -0.04660052 -0.01866272
v 0.02190321 -0.04465243 -0.01872291
v 0.02107591 -0.04483681 -0.01843817
v 0.02204943 -0.04478286 -0.01884508
v 0.02225369 -0.04509431 -0.01938811
v 0.02134744 -0.04664430 -0.01875026
v 0.02134521 -0.04666118 -0.01879655
v 0.02134140 -0.04669014 -0.01887591
v 0.02225122 -0.04515507 -0.01956868
v 0.02272075 -0.04298013 -0.01916235
v 0.02138615 -0.04430954 -0.01863198
v 0.02141583 -0.04425912 -0.01865051
v 0.02254828 -0.04285834 -0.01913329
v 0.02313616 -0.04336500 -0.01952474
v 0.02320324 -0.04346757 -0.01971237
v 0.02288534 -0.04311160 -0.01923881
v 0.02302787 -0.04324338 -0.01936226
v 0.02120751 -0.04640757 -0.01834018
v 0.02409592 -0.04723777 -0.01425852
v 0.02088696 -0.04715393 -0.01898376
v 0.02107493 -0.04703776 -0.01898376
v 0.02123469 -0.04688034 -0.01898376
v 0.02123280 -0.04688314 -0.01898376
v 0.02133622 -0.04672947 -0.01898375
v 0.02417911 -0.04730778 -0.01430439
v 0.02431252 -0.04753055 -0.01460178
v 0.02431069 -0.04756986 -0.01468294
v 0.02297762 -0.05005191 -0.01297253
v 0.02298928 -0.05005191 -0.01300875
v 0.02336309 -0.04927236 -0.01357369
v 0.02296259 -0.05005191 -0.01293959
v 0.02335598 -0.04924093 -0.01352753
v 0.02300027 -0.05005191 -0.01304017
v 0.02300840 -0.05005191 -0.01307668
v 0.02336445 -0.04930100 -0.01361997
v 0.02301577 -0.05005191 -0.01310612
v 0.02301803 -0.05005191 -0.01317775
v 0.02276086 -0.05005191 -0.01265836
v 0.02326544 -0.04909739 -0.01336461
v 0.02322840 -0.04906059 -0.01333423
v 0.02281608 -0.05005191 -0.01271301
v 0.02329721 -0.04913461 -0.01340002
v 0.02291035 -0.05005191 -0.01283754
v 0.02334270 -0.04920710 -0.01348250
v 0.02332309 -0.04917143 -0.01343964
v 0.02286626 -0.05005191 -0.01277320
v 0.02294762 -0.05005191 -0.01290449
v 0.02302214 -0.05005191 -0.01323977
v 0.02332033 -0.04941332 -0.01366972
v 0.02270189 -0.05005191 -0.01261037
v 0.02318696 -0.04902501 -0.01330949
v 0.02269863 -0.04928076 -0.01302562
v 0.02299833 -0.04890720 -0.01326995
v 0.02421492 -0.04734385 -0.01433617
v 0.02424573 -0.04737963 -0.01437312
v 0.02427094 -0.04741435 -0.01441437
v 0.02430340 -0.04747794 -0.01450574
v 0.02429019 -0.04744731 -0.01445894
v 0.02292827 -0.05005191 -0.01287069
v 0.02245605 -0.05005192 -0.01249620
v 0.02304674 -0.04893209 -0.01327125
v 0.02413912 -0.04727217 -0.01427838
v 0.02314213 -0.04899135 -0.01329074
v 0.02309502 -0.04896023 -0.01327805
v 0.02405056 -0.04720523 -0.01424489
v 0.02400408 -0.04717504 -0.01423734
v 0.02240441 -0.05005192 -0.01249964
v 0.02237149 -0.05005192 -0.01249449
v 0.02233940 -0.05005192 -0.01249368
v 0.02247613 -0.05005192 -0.01250224
v 0.02251637 -0.05005192 -0.01251287
v 0.02264054 -0.05005191 -0.01256989
v 0.02266382 -0.05005191 -0.01258583
v 0.02272539 -0.05005191 -0.01263013
v 0.02278399 -0.05005191 -0.01268194
v 0.02288657 -0.05005191 -0.01280369
v 0.02283815 -0.05005191 -0.01274024
v 0.02260080 -0.05005192 -0.01254968
v 0.02257826 -0.05005192 -0.01253735
v 0.02253780 -0.05005192 -0.01252187
v 0.02656690 -0.04397711 -0.01609394
v 0.02656845 -0.04400806 -0.01617828
v 0.02737361 -0.04285380 -0.01658217
v 0.02903999 -0.04028318 -0.01693479
v 0.02900751 -0.04024972 -0.01690086
v 0.02889265 -0.04014622 -0.01683375
v 0.02909205 -0.04034448 -0.01701665
v 0.02912442 -0.04039478 -0.01711111
v 0.02880995 -0.04008104 -0.01681882
v 0.02913690 -0.04043167 -0.01721008
v 0.02395748 -0.04714760 -0.01423548
v 0.02407577 -0.04797303 -0.01448894
v 0.02387863 -0.04710114 -0.01423201
v 0.02431844 -0.04634376 -0.01460580
v 0.02239108 -0.04275651 -0.01913656
v 0.02273675 -0.04222392 -0.01930883
v 0.02082178 -0.03603859 -0.01801811
v 0.02466206 -0.03243351 -0.01878650
v 0.02078742 -0.03601937 -0.01809863
v 0.02462731 -0.03241320 -0.01886851
v 0.02076328 -0.03601197 -0.01818168
v 0.02288673 -0.03401590 -0.01870082
v 0.02073971 -0.03600357 -0.01825654
v 0.02102922 -0.03621566 -0.01779638
v 0.02430216 -0.03327253 -0.01842543
v 0.02487632 -0.03261503 -0.01856454
v 0.02481687 -0.03255919 -0.01859852
v 0.02097190 -0.03616066 -0.01783136
v 0.02475930 -0.03250840 -0.01864801
v 0.02091632 -0.03611099 -0.01788114
v 0.02470674 -0.03246570 -0.01871165
v 0.02334633 -0.03359041 -0.01879593
v 0.02460345 -0.03240488 -0.01895316
v 0.02494090 -0.03267788 -0.01853754
v 0.02727152 -0.03703107 -0.02087478
v 0.02938360 -0.03382509 -0.02149006
v 0.02947833 -0.03390143 -0.02155388
v 0.02740722 -0.03715889 -0.02100107
v 0.02949661 -0.03391617 -0.02156620
v 0.02954874 -0.03395819 -0.02160133
v 0.02955542 -0.03396425 -0.02160921
v 0.02961550 -0.03401879 -0.02168014
v 0.02711582 -0.03689901 -0.02079386
v 0.02927987 -0.03374900 -0.02145764
v 0.02932172 -0.03377970 -0.02147072
v 0.02925561 -0.03373121 -0.02145007
v 0.02919632 -0.03368772 -0.02143154
v 0.02915801 -0.03366194 -0.02143107
v 0.02968227 -0.03407939 -0.02175896
v 0.02751186 -0.03727260 -0.02116487
v 0.02970425 -0.03410327 -0.02180445
v 0.02972245 -0.03412303 -0.02184209
v 0.02970106 -0.03409979 -0.02179784
v 0.02086539 -0.03606954 -0.01794433
v 0.02325798 -0.03889275 -0.02022937
v 0.02516409 -0.03693038 -0.02071656
v 0.02527102 -0.03703281 -0.02066855
v 0.02429851 -0.04002415 -0.01993339
v 0.02194135 -0.04001848 -0.01992846
v 0.02139363 -0.04030617 -0.01987249
v 0.02128517 -0.04019818 -0.01994495
v 0.02504720 -0.03682230 -0.02078636
v 0.02117985 -0.04010144 -0.02004508
v 0.02493377 -0.03672490 -0.02088584
v 0.02108287 -0.04002135 -0.02017008
v 0.02482981 -0.03664389 -0.02101221
v 0.02099903 -0.03996208 -0.02031465
v 0.02474073 -0.03658374 -0.02115983
v 0.02467053 -0.03654687 -0.02132098
v 0.02093186 -0.03992589 -0.02047167
v 0.02462116 -0.03653337 -0.02148717
v 0.02248448 -0.03847094 -0.02117057
v 0.02407791 -0.03702545 -0.02153645
v 0.02088326 -0.03991284 -0.02063336
v 0.02148164 -0.03938067 -0.02094030
v 0.03140392 -0.03649584 -0.01773412
v 0.03085111 -0.03711388 -0.01757801
v 0.03073913 -0.03726737 -0.01753817
v 0.03131262 -0.03643250 -0.01773201
v 0.03267090 -0.03442710 -0.01818526
v 0.02733852 -0.03044578 -0.01895834
v 0.02108448 -0.03627166 -0.01777578
v 0.01994491 -0.03726422 -0.01753621
v 0.02115006 -0.03621454 -0.01778957
v 0.02977652 -0.03418173 -0.02195392
v 0.02949764 -0.03375076 -0.02154355
v 0.02970475 -0.03375076 -0.02170247
v 0.02970475 -0.03393377 -0.02172656
v 0.02970475 -0.03356774 -0.02172656
v 0.02949764 -0.03352661 -0.02157306
v 0.02925646 -0.03350075 -0.02147656
v 0.02899764 -0.03334613 -0.02150404
v 0.02925646 -0.03326779 -0.02157306
v 0.02949764 -0.03331774 -0.02165957
v 0.02970475 -0.03339720 -0.02179720
v 0.02899764 -0.03349194 -0.02144365
v 0.02888278 -0.03343930 -0.02147246
v 0.02883550 -0.03339209 -0.02149030
v 0.02879520 -0.03335478 -0.02152002
v 0.02899764 -0.03325076 -0.02154355
v 0.02876653 -0.03332823 -0.02154117
v 0.02949764 -0.03313838 -0.02179720
v 0.02899764 -0.03315065 -0.02162037
v 0.02925646 -0.03306774 -0.02172656
v 0.02874889 -0.03316447 -0.02163861
v 0.02874919 -0.03331217 -0.02155396
v 0.02868247 -0.03325038 -0.02160318
v 0.02899764 -0.03304365 -0.02170247
v 0.02695295 -0.03677226 -0.02075922
v 0.02679405 -0.03665703 -0.02076266
v 0.02692900 -0.03647515 -0.02080726
v 0.02647542 -0.03592000 -0.02093131
v 0.02760761 -0.03743012 -0.02154936
v 0.02827139 -0.03654561 -0.02194531
v 0.02759866 -0.03746382 -0.02172650
v 0.02757890 -0.03736436 -0.02135279
v 0.02979289 -0.03420738 -0.02202697
v 0.02899764 -0.03355398 -0.02142913
v 0.02851607 -0.03311445 -0.02181645
v 0.02843720 -0.03305776 -0.02195609
v 0.02861864 -0.03319680 -0.02167782
v 0.02453916 -0.03969595 -0.02001735
v 0.03168833 -0.03673939 -0.01793693
v 0.03172255 -0.03678484 -0.01803066
v 0.03411375 -0.03297062 -0.01874544
v 0.03156596 -0.03662121 -0.01779210
v 0.03390520 -0.03280999 -0.01855851
v 0.03148676 -0.03655710 -0.01775159
v 0.03382021 -0.03275574 -0.01853877
v 0.03173732 -0.03681785 -0.01812870
v 0.03186670 -0.03664665 -0.01826824
v 0.03362889 -0.03394945 -0.01885084
v 0.03415058 -0.03301087 -0.01883821
v 0.03416790 -0.03304038 -0.01893509
v 0.03415172 -0.03304899 -0.01902566
v 0.03398659 -0.03286652 -0.01860049
v 0.03500742 -0.03085511 -0.01893369
v 0.03405796 -0.03292142 -0.01866408
v 0.03509023 -0.03090713 -0.01897632
v 0.03516303 -0.03095773 -0.01904010
v 0.03415153 -0.03199710 -0.01867816
v 0.03372435 -0.03269818 -0.01853596
v 0.03492102 -0.03080520 -0.01891294
v 0.03420824 -0.03295166 -0.01904456
v 0.03522027 -0.03100323 -0.01912123
v 0.03525852 -0.03104068 -0.01921351
v 0.03163502 -0.03668357 -0.01785519
v 0.02960432 -0.03981346 -0.01748146
v 0.03173180 -0.03683548 -0.01822133
v 0.01951777 -0.04197699 -0.01937771
v 0.02248361 -0.04475521 -0.01971723
v 0.02526212 -0.04032615 -0.02041116
v 0.02386355 -0.04263215 -0.02039949
v 0.02323210 -0.04360365 -0.02008729
v 0.02322873 -0.04354577 -0.01990897
v 0.02532786 -0.04042369 -0.02059970
v 0.02264179 -0.04451186 -0.01979544
v 0.02872895 -0.04002248 -0.01682296
v 0.02865737 -0.04012058 -0.01679749
v 0.02897159 -0.04021529 -0.01687249
v 0.01910597 -0.03799492 -0.01735983
v 0.01889309 -0.03818033 -0.01731508
v 0.01705548 -0.03962358 -0.01693417
v 0.03123430 -0.03753186 -0.01804832
v 0.02502064 -0.04007418 -0.02012227
v 0.02515749 -0.04020682 -0.02024743
v 0.02535422 -0.04049488 -0.02079712
v 0.02469803 -0.03981017 -0.02001208
v 0.02486304 -0.03993867 -0.02004361
v 0.02436222 -0.03993441 -0.01995887
v 0.02075364 -0.04103398 -0.01965702
v 0.02148878 -0.04040544 -0.01982503
v 0.02534859 -0.04054039 -0.02098587
v 0.02547454 -0.04036298 -0.02103561
v 0.02586603 -0.03982865 -0.02116294
v 0.02084445 -0.03990967 -0.02078991
v 0.02899764 -0.03298609 -0.02177748
v 0.02220173 -0.06155696 -0.02808759
v 0.02220174 -0.06113391 -0.02992472
v 0.02220173 -0.06005192 -0.02992472
v 0.02220174 -0.06358905 -0.03011967
v 0.02220174 -0.06161739 -0.03042682
v 0.02220174 -0.06305192 -0.02986920
v 0.02309273 -0.06005192 -0.02992472
v 0.02309268 -0.05424589 -0.02179797
v 0.02309268 -0.05406719 -0.02164868
v 0.02309268 -0.05389143 -0.02149491
v 0.02309268 -0.05371868 -0.02133671
v 0.02220173 -0.06180743 -0.02862472
v 0.02309267 -0.05354903 -0.02117419
v 0.02220174 -0.06256644 -0.02952927
v 0.01900174 -0.06256645 -0.02952928
v 0.02220174 -0.06214736 -0.02911020
v 0.02220171 -0.06113391 -0.02392472
v 0.02220172 -0.06155696 -0.02576185
v 0.02220172 -0.06140357 -0.02633431
v 0.01900173 -0.06140358 -0.02633433
v 0.02220173 -0.06135192 -0.02692472
v 0.01900173 -0.06135193 -0.02692473
v 0.02220173 -0.06140357 -0.02751512
v 0.01900173 -0.06155698 -0.02808760
v 0.01900173 -0.06140358 -0.02751513
v 0.02309271 -0.06005192 -0.02392472
v 0.01900174 -0.06214738 -0.02911021
v 0.01900174 -0.06180744 -0.02862473
v 0.02309267 -0.05338256 -0.02100741
v 0.02309267 -0.05321936 -0.02083645
v 0.02309267 -0.05305950 -0.02066141
v 0.01900173 -0.06591480 -0.02372978
v 0.01900174 -0.06564139 -0.02507774
v 0.01900173 -0.06520810 -0.02492613
v 0.01900174 -0.06693741 -0.02432018
v 0.01900174 -0.06635468 -0.02564658
v 0.01900174 -0.06603008 -0.02532198
v 0.01900174 -0.06645193 -0.02398024
v 0.01045174 -0.06564143 -0.02507778
v 0.02220174 -0.06769641 -0.02522472
v 0.01900175 -0.06794688 -0.02576186
v 0.01900175 -0.06769642 -0.02522473
v 0.01900174 -0.06659891 -0.02603527
v 0.02220174 -0.06794687 -0.02576185
v 0.01900175 -0.06810027 -0.02633433
v 0.01900175 -0.06675053 -0.02646856
v 0.01045175 -0.06635471 -0.02564661
v 0.01045174 -0.06603011 -0.02532201
v 0.01045175 -0.06659895 -0.02603530
v 0.01045175 -0.06675056 -0.02646859
v 0.01900173 -0.06534233 -0.02357638
v 0.01900173 -0.06475193 -0.02487473
v 0.01900173 -0.06429576 -0.02492613
v 0.01900173 -0.06416153 -0.02357638
v 0.01900172 -0.06358906 -0.02372978
v 0.01900173 -0.06386247 -0.02507774
v 0.01900172 -0.06305193 -0.02398024
v 0.01900173 -0.06347378 -0.02532198
v 0.01900172 -0.06256645 -0.02432018
v 0.01900173 -0.06314918 -0.02564658
v 0.01045174 -0.06520813 -0.02492616
v 0.01045174 -0.06475196 -0.02487476
v 0.01045174 -0.06429579 -0.02492616
v 0.01045173 -0.06386250 -0.02507778
v 0.01045173 -0.06347381 -0.02532201
v 0.02220173 -0.06645191 -0.02398023
v 0.02309267 -0.05290306 -0.02048236
v 0.02220173 -0.06682783 -0.02270802
v 0.02220173 -0.06618136 -0.02244737
v 0.01045173 -0.06618140 -0.02244741
v 0.02220172 -0.06550344 -0.02228519
v 0.01045173 -0.06550349 -0.02228524
v 0.02220173 -0.06534232 -0.02357637
v 0.02220173 -0.06591479 -0.02372976
v 0.02220172 -0.06480900 -0.02222507
v 0.01045173 -0.06480904 -0.02222511
v 0.02220172 -0.06411331 -0.02226831
v 0.01045172 -0.06411335 -0.02226835
v 0.02220172 -0.06343165 -0.02241397
v 0.01045172 -0.06343169 -0.02241401
v 0.02220171 -0.06277904 -0.02265884
v 0.01045172 -0.06277908 -0.02265888
v 0.02220173 -0.06475192 -0.02352472
v 0.01900173 -0.06475193 -0.02352473
v 0.02220172 -0.06416152 -0.02357637
v 0.02220172 -0.06358905 -0.02372976
v 0.02220172 -0.06305192 -0.02398023
v 0.01045174 -0.06682787 -0.02270806
v 0.02220174 -0.06693740 -0.02432017
v 0.01900174 -0.06735648 -0.02473925
v 0.02220174 -0.06735647 -0.02473924
v 0.01045173 -0.06314921 -0.02564661
v 0.01900173 -0.06290494 -0.02603527
v 0.02220175 -0.06810026 -0.02633431
v 0.02220175 -0.06815192 -0.02692472
v 0.01900175 -0.06815193 -0.02692473
v 0.02220175 -0.06810026 -0.02751512
v 0.01900176 -0.06810027 -0.02751513
v 0.02220175 -0.06794687 -0.02808759
v 0.02220176 -0.06913197 -0.02862916
v 0.02220175 -0.06769641 -0.02862472
v 0.02220176 -0.06883172 -0.02925822
v 0.02220176 -0.06844173 -0.02983595
v 0.02220176 -0.06735647 -0.02911020
v 0.01900176 -0.06794688 -0.02808760
v 0.01900176 -0.06769642 -0.02862473
v 0.01900176 -0.06735648 -0.02911021
v 0.02220176 -0.06693740 -0.02952927
v 0.01900176 -0.06693741 -0.02952928
v 0.02220175 -0.06645191 -0.02986920
v 0.01900176 -0.06645193 -0.02986922
v 0.02220176 -0.06797058 -0.03034965
v 0.02220176 -0.06742864 -0.03078802
v 0.02220175 -0.06591479 -0.03011967
v 0.02220171 -0.06005192 -0.02392472
v 0.01900176 -0.06591480 -0.03011968
v 0.01900176 -0.06534233 -0.03027308
v 0.01900175 -0.06475193 -0.03032473
v 0.02220175 -0.06416152 -0.03027306
v 0.01900175 -0.06416153 -0.03027308
v 0.01900175 -0.06358906 -0.03011968
v 0.01900175 -0.06305193 -0.02986922
v 0.02220171 -0.06216982 -0.02299754
v 0.02220171 -0.06161739 -0.02342261
v 0.02220172 -0.06256644 -0.02432017
v 0.02220172 -0.06214736 -0.02473924
v 0.02220172 -0.06180743 -0.02522472
v 0.01900172 -0.06214738 -0.02473925
v 0.01900172 -0.06180744 -0.02522473
v 0.01900172 -0.06155698 -0.02576186
v 0.01045172 -0.06161744 -0.02342266
v 0.01045172 -0.06113395 -0.02392476
v 0.01045173 -0.06290498 -0.02603530
v 0.01045174 -0.06275336 -0.02646859
v 0.01045174 -0.06270196 -0.02692476
v 0.01045174 -0.06275336 -0.02738093
v 0.01045172 -0.06216986 -0.02299758
v 0.01045175 -0.06347381 -0.02852752
v 0.01045175 -0.06216986 -0.03085194
v 0.01045175 -0.06386250 -0.02877175
v 0.01045175 -0.06475196 -0.02897476
v 0.01045175 -0.06429579 -0.02892336
v 0.01900173 -0.06275333 -0.02646856
v 0.01045175 -0.06161744 -0.03042687
v 0.01045174 -0.06113395 -0.02992476
v 0.01045174 -0.06005196 -0.02992476
v 0.01045174 -0.06290498 -0.02781422
v 0.01045174 -0.06314921 -0.02820291
v 0.01900173 -0.06270193 -0.02692473
v 0.01900173 -0.06275333 -0.02738090
v 0.01900174 -0.06290494 -0.02781419
v 0.01900174 -0.06314918 -0.02820288
v 0.01045175 -0.06520813 -0.02892336
v 0.01045177 -0.06913201 -0.02862920
v 0.01045177 -0.06883176 -0.02925826
v 0.01045177 -0.06844177 -0.02983600
v 0.01045177 -0.06797063 -0.03034970
v 0.01900175 -0.06680193 -0.02692473
v 0.01900175 -0.06675053 -0.02738090
v 0.01045175 -0.06680196 -0.02692476
v 0.01045175 -0.06675056 -0.02738093
v 0.01900175 -0.06659891 -0.02781419
v 0.01900175 -0.06635468 -0.02820288
v 0.01045175 -0.06659895 -0.02781422
v 0.01045175 -0.06635471 -0.02820291
v 0.01900175 -0.06603008 -0.02852749
v 0.01045175 -0.06603011 -0.02852752
v 0.01900175 -0.06564139 -0.02877172
v 0.01045175 -0.06564143 -0.02877175
v 0.01900174 -0.06347378 -0.02852749
v 0.01900174 -0.06386247 -0.02877172
v 0.01900175 -0.06520810 -0.02892333
v 0.01900175 -0.06475193 -0.02897473
v 0.01900175 -0.06429576 -0.02892333
v 0.02874889 -0.03300405 -0.02179269
v 0.02865293 -0.03322558 -0.02163772
v 0.02307932 -0.05005191 -0.02964286
v 0.02220169 -0.05005192 -0.02992472
v 0.02309267 -0.05005191 -0.02808658
v 0.02220169 -0.05005192 -0.02992472
v 0.02303379 -0.05005191 -0.03495600
v 0.02309272 -0.05245504 -0.03392737
v 0.02309272 -0.05231304 -0.03412154
v 0.02309272 -0.05217483 -0.03431927
v 0.02309272 -0.05204048 -0.03452044
v 0.02309272 -0.05191004 -0.03472497
v 0.02309272 -0.05178360 -0.03493275
v 0.02309272 -0.05166120 -0.03514368
v 0.02309272 -0.05154290 -0.03535765
v 0.02309272 -0.05142877 -0.03557457
v 0.02309272 -0.05131886 -0.03579433
v 0.02309272 -0.05121323 -0.03601681
v 0.02309272 -0.05111191 -0.03624192
v 0.02309272 -0.05101498 -0.03646954
v 0.02309272 -0.05092247 -0.03669955
v 0.02309272 -0.05083443 -0.03693185
v 0.02309273 -0.05034658 -0.03861230
v 0.02309273 -0.05040227 -0.03836723
v 0.02309273 -0.05029565 -0.03885871
v 0.02309272 -0.05046267 -0.03812364
v 0.02309272 -0.05052777 -0.03788163
v 0.02309272 -0.05059753 -0.03764133
v 0.02309272 -0.05067192 -0.03740286
v 0.02309272 -0.05075090 -0.03716633
v 0.02986367 -0.03400076 -0.02197656
v 0.02986367 -0.03410431 -0.02205602
v 0.02978026 -0.03418759 -0.02197062
v 0.02986367 -0.03388016 -0.02192661
v 0.02982648 -0.03426870 -0.02222024
v 0.02986367 -0.03423372 -0.02228016
v 0.02982689 -0.03427844 -0.02226743
v 0.02986271 -0.03425017 -0.02240957
v 0.02986367 -0.03418377 -0.02215957
v 0.02981471 -0.03424154 -0.02212428
v 0.02982608 -0.03425935 -0.02217502
v 0.02996357 -0.03388016 -0.02218543
v 0.02996357 -0.03393377 -0.02222656
v 0.02996357 -0.03397490 -0.02228016
v 0.02996357 -0.03400075 -0.02234259
v 0.02986367 -0.03375075 -0.02190957
v 0.02986367 -0.03362135 -0.02192661
v 0.02996357 -0.03381774 -0.02215957
v 0.02996357 -0.03375076 -0.02215075
v 0.02996357 -0.03368377 -0.02215957
v 0.02986367 -0.03350075 -0.02197656
v 0.02996357 -0.03362135 -0.02218543
v 0.02986367 -0.03339720 -0.02205602
v 0.02982813 -0.03430780 -0.02240957
v 0.02086139 -0.04715859 -0.04141663
v 0.02067807 -0.04722598 -0.01898376
v 0.02122995 -0.04687684 -0.04151354
v 0.02125876 -0.04683693 -0.04152719
v 0.02106239 -0.04703958 -0.04145761
v 0.02133630 -0.04672947 -0.04156393
v 0.02155606 -0.04633212 -0.04165319
v 0.02264672 -0.04451450 -0.04205512
v 0.02886288 -0.04081965 -0.04297216
v 0.01485390 -0.04105593 -0.01653325
v 0.01480984 -0.04099781 -0.01657100
v 0.01254653 -0.04235622 -0.01613411
v 0.01476697 -0.04094538 -0.01662158
v 0.01252265 -0.04231496 -0.01615454
v 0.01472729 -0.04090136 -0.01668359
v 0.01244348 -0.04219827 -0.01628425
v 0.01466435 -0.04084616 -0.01683124
v 0.01238264 -0.04213108 -0.01645305
v 0.01239063 -0.04213882 -0.01642757
v 0.01237305 -0.04212840 -0.01650400
v 0.01464325 -0.04083635 -0.01691005
v 0.01237300 -0.04212838 -0.01650429
v 0.01469262 -0.04086788 -0.01675457
v 0.01244341 -0.04219818 -0.01628440
v 0.01241962 -0.04216693 -0.01633513
v 0.01404716 -0.04119655 -0.01687816
v 0.01695932 -0.03951166 -0.01699389
v 0.01691065 -0.03946060 -0.01704417
v 0.01686579 -0.03941794 -0.01710666
v 0.01682689 -0.03938585 -0.01717874
v 0.01583245 -0.04003277 -0.01722653
v 0.01543946 -0.04028896 -0.01714984
v 0.01461969 -0.04082334 -0.01698988
v 0.01679560 -0.03936555 -0.01725692
v 0.01677277 -0.03935717 -0.01733739
v 0.01258189 -0.04241734 -0.01610385
v 0.01330546 -0.04204456 -0.01622351
v 0.01254654 -0.04235625 -0.01613409
v 0.01235886 -0.04212443 -0.01657935
v 0.01866188 -0.04263005 -0.01918427
v 0.01943017 -0.04187735 -0.01942576
v 0.01729054 -0.04322121 -0.01905030
v 0.01932934 -0.04176822 -0.01950003
v 0.01720211 -0.04312226 -0.01915132
v 0.01923130 -0.04167059 -0.01960060
v 0.01700941 -0.03956834 -0.01695722
v 0.01905631 -0.03794144 -0.01738199
v 0.01900189 -0.03788588 -0.01741773
v 0.01246734 -0.04222961 -0.01623338
v 0.01690615 -0.03974086 -0.01690322
v 0.01506055 -0.04101273 -0.01653985
v 0.01489355 -0.04111091 -0.01650975
v 0.01247539 -0.04224203 -0.01622190
v 0.01894907 -0.03783580 -0.01746774
v 0.01890054 -0.03779404 -0.01753061
v 0.01735369 -0.04262971 -0.01997309
v 0.01863407 -0.04168209 -0.02027071
v 0.01895068 -0.04147832 -0.02018010
v 0.01891315 -0.04147555 -0.02033558
v 0.01932930 -0.04116755 -0.02043232
v 0.01914072 -0.04158969 -0.01972468
v 0.01906184 -0.04152956 -0.01986720
v 0.01899790 -0.04149240 -0.02002145
v 0.01885874 -0.03776280 -0.01760363
v 0.01882548 -0.03774332 -0.01768310
v 0.01880170 -0.03773569 -0.01776498
v 0.01999827 -0.03668997 -0.01810312
v 0.01698890 -0.04293950 -0.01956542
v 0.01704805 -0.04297838 -0.01941441
v 0.01712006 -0.04304002 -0.01927430
v 0.01841866 -0.03802871 -0.01776647
v 0.01877651 -0.03772543 -0.01784274
v 0.01784228 -0.03851720 -0.01764364
v 0.01674636 -0.03934362 -0.01741620
v 0.02999765 -0.03375076 -0.02240957
v 0.00172196 -0.04508315 -0.01548109
v 0.00173474 -0.04509308 -0.04187536
v 0.00031370 -0.04514532 -0.01545442
v 0.00015836 -0.04513404 -0.04186582
v 0.00485965 -0.04468873 -0.01564351
v 0.00392866 -0.04486452 -0.04192802
v 0.00432796 -0.04480058 -0.01559871
v 0.02063915 -0.04723031 -0.01898376
v 0.02063874 -0.04723016 -0.04139194
v 0.02045845 -0.04725040 -0.01898376
v 0.02045853 -0.04725040 -0.04138490
v 0.01297812 -0.04725043 -0.01898379
v 0.01690673 -0.04291740 -0.01987402
v 0.01575167 -0.04364734 -0.04239746
v 0.01575710 -0.04365735 -0.01961921
v 0.01650038 -0.04320185 -0.04249253
v 0.01286538 -0.04723848 -0.04138915
v 0.01286471 -0.04724397 -0.01898379
v 0.01272109 -0.04720903 -0.01898379
v 0.01262239 -0.04718501 -0.01898379
v 0.01262468 -0.04717860 -0.04140992
v 0.01248150 -0.04711010 -0.01898379
v 0.01240219 -0.04706792 -0.01898379
v 0.01240597 -0.04706222 -0.04144989
v 0.01227554 -0.04695257 -0.01898379
v 0.01221781 -0.04689998 -0.01898379
v 0.01222319 -0.04689510 -0.04150757
v 0.01211719 -0.04674708 -0.01898379
v 0.01208072 -0.04669164 -0.01898379
v 0.01208549 -0.04668906 -0.04157816
v 0.01201725 -0.04650751 -0.01898379
v 0.01199945 -0.04645586 -0.01898379
v 0.01200735 -0.04645384 -0.04165798
v 0.01197812 -0.04625043 -0.01898379
v 0.01197905 -0.04620730 -0.01898379
v 0.01198493 -0.04620730 -0.04174148
v 0.01201557 -0.04599218 -0.01898379
v 0.01198477 -0.04613606 -0.04176559
v 0.01202079 -0.04596142 -0.01898379
v 0.01202785 -0.04596317 -0.04182406
v 0.01211416 -0.04575134 -0.01898379
v 0.01212208 -0.04573352 -0.01898379
v 0.01216183 -0.04567290 -0.04192143
v 0.01227661 -0.04553777 -0.01898379
v 0.00229538 -0.04505783 -0.01549196
v 0.00188553 -0.04508916 -0.04187627
v 0.00278886 -0.04499538 -0.01551788
v 0.00278861 -0.04498987 -0.04189915
v 0.00329158 -0.04493175 -0.01554428
v 0.00331408 -0.04493209 -0.04191246
v 0.02999764 -0.03374812 -0.02240957
v 0.02999207 -0.03374854 -0.04431762
v 0.02996681 -0.03350435 -0.02240957
v 0.02998235 -0.03361923 -0.04435373
v 0.02996218 -0.03349248 -0.02240957
v 0.02987314 -0.03327828 -0.04444868
v 0.02987747 -0.03327545 -0.02240957
v 0.02973500 -0.03307525 -0.02240957
v 0.02976169 -0.03310549 -0.04449702
v 0.02970188 -0.03304701 -0.02240957
v 0.02964969 -0.03299804 -0.04452702
v 0.02954801 -0.03291583 -0.02240957
v 0.02949519 -0.03288969 -0.02240957
v 0.02950073 -0.03289538 -0.04455539
v 0.02932780 -0.03280683 -0.02240957
v 0.02932606 -0.03281296 -0.04457809
v 0.02925511 -0.03279108 -0.02240957
v 0.02908743 -0.03276068 -0.04459260
v 0.02908764 -0.03275481 -0.02240957
v 0.02899764 -0.03275076 -0.02240957
v 0.02893193 -0.03275292 -0.04459481
v 0.02884299 -0.03277030 -0.02240958
v 0.02884334 -0.03276937 -0.04459021
v 0.02860866 -0.03283773 -0.02240958
v 0.02851578 -0.03287451 -0.02240958
v 0.02839672 -0.03295839 -0.04453802
v 0.02874889 -0.03278219 -0.02240958
v 0.02860879 -0.03283703 -0.04457145
v 0.02879881 -0.03277764 -0.04458789
v 0.02839765 -0.03295996 -0.02240958
v 0.02831625 -0.03301885 -0.02240958
v 0.02459225 -0.03653923 -0.02164241
v 0.02335518 -0.03769706 -0.04362250
v 0.01021168 -0.04309964 -0.04232382
v 0.01031623 -0.04305651 -0.01626153
v 0.00813170 -0.04386343 -0.01596689
v 0.00944151 -0.04337962 -0.01614355
v 0.00643567 -0.04433972 -0.04204713
v 0.00996020 -0.04318802 -0.01621351
v 0.00996147 -0.04319129 -0.04230346
v 0.00808568 -0.04387835 -0.04215086
v 0.00637813 -0.04436929 -0.01577146
v 0.00636428 -0.04437220 -0.01577029
v 0.00636110 -0.04436058 -0.04204244
v 0.00488833 -0.04467808 -0.04197046
v 0.01257601 -0.04533483 -0.01898379
v 0.01247821 -0.04538459 -0.01898379
v 0.01249415 -0.04537539 -0.04202085
v 0.01247477 -0.04538634 -0.01898379
v 0.01247621 -0.04538824 -0.04201654
v 0.01230487 -0.04551109 -0.04197535
v -0.01004826 -0.06682795 -0.02270813
v 0.01257610 -0.04533483 -0.04203442
v 0.01367436 -0.04482074 -0.01918772
v 0.01480095 -0.04420613 -0.01941862
v 0.01548028 -0.04383553 -0.01955786
v 0.01450024 -0.04439195 -0.04223858
v 0.01543354 -0.04028079 -0.04293582
v 0.01842322 -0.03803377 -0.04340424
v 0.01661930 -0.03946387 -0.04310926
v 0.01235896 -0.04212442 -0.04253778
v 0.01279749 -0.04190000 -0.04258674
v 0.01864188 -0.04169243 -0.04281025
v 0.02996810 -0.03399206 -0.02240957
v 0.02999628 -0.03380458 -0.04430198
v 0.01865641 -0.03784890 -0.04344237
v 0.02996165 -0.03400884 -0.02240957
v 0.02996283 -0.03399109 -0.04424981
v 0.02987996 -0.03422142 -0.02240957
v 0.02995277 -0.03404724 -0.04423410
v 0.02996357 -0.03350075 -0.02234259
v 0.02986367 -0.03326779 -0.02228016
v 0.02986367 -0.03331774 -0.02215957
v 0.02970475 -0.03313838 -0.02205602
v 0.02970475 -0.03306774 -0.02222656
v 0.02970475 -0.03325075 -0.02190957
v 0.02925646 -0.03291424 -0.02192661
v 0.02949764 -0.03300076 -0.02197656
v 0.02949764 -0.03291424 -0.02218543
v 0.02899764 -0.03286064 -0.02196774
v 0.02925646 -0.03281774 -0.02215958
v 0.02854717 -0.03313680 -0.02176140
v 0.02851578 -0.03307522 -0.02185149
v 0.02874889 -0.03288301 -0.02197930
v 0.02848884 -0.03309488 -0.02186466
v 0.02851578 -0.03296572 -0.02202032
v 0.02846121 -0.03307501 -0.02191358
v 0.02899764 -0.03288473 -0.02190958
v 0.02899764 -0.03278483 -0.02215076
v 0.02996357 -0.03352661 -0.02228016
v 0.02996357 -0.03356774 -0.02222656
v 0.02840219 -0.03303987 -0.02205438
v 0.02851578 -0.03289762 -0.02220968
v 0.02839411 -0.03303574 -0.02207704
v 0.02835876 -0.03301769 -0.02217627
v 0.02834785 -0.03301799 -0.02223615
v 0.02834636 -0.03301803 -0.02224431
v 0.03123147 -0.03752972 -0.04363670
v 0.03185771 -0.03665988 -0.04381241
v 0.02587193 -0.03983349 -0.04304797
v 0.02291493 -0.04406753 -0.04215396
v 0.02468443 -0.04145670 -0.04271397
v 0.01906559 -0.04135247 -0.04288037
v 0.02248524 -0.03847130 -0.04346703
v 0.01882275 -0.03770171 -0.04347173
v 0.02288606 -0.03401509 -0.04419313
v 0.02767696 -0.03736618 -0.04355566
v 0.02987585 -0.03421955 -0.04418398
v 0.02874889 -0.03280773 -0.02218862
v 0.02899764 -0.03278073 -0.02218192
v 0.00335513 -0.04524363 -0.01507881
v 0.00334754 -0.04519658 -0.01510367
v 0.00184112 -0.04540215 -0.01501395
v 0.00390369 -0.04518619 -0.01510232
v 0.00492802 -0.04488725 -0.01524498
v 0.00333785 -0.04513653 -0.01514525
v 0.00491377 -0.04483280 -0.01529626
v 0.00332837 -0.04508213 -0.01519654
v 0.00490038 -0.04478628 -0.01535619
v 0.00331945 -0.04503558 -0.01525626
v 0.00488832 -0.04474949 -0.01542279
v 0.00331140 -0.04499863 -0.01532246
v 0.00174874 -0.04534440 -0.01504332
v 0.00174400 -0.04528440 -0.01508506
v 0.00173936 -0.04523003 -0.01513635
v 0.00173500 -0.04518346 -0.01519593
v 0.00330449 -0.04497239 -0.01539276
v 0.00173106 -0.04514642 -0.01526189
v 0.00487802 -0.04472354 -0.01549362
v 0.00486971 -0.04470876 -0.01556604
v 0.00329889 -0.04495719 -0.01546463
v 0.00172767 -0.04512001 -0.01533187
v 0.00494259 -0.04494737 -0.01520365
v 0.00959904 -0.04363668 -0.01569533
v 0.00650865 -0.04453858 -0.01538081
v 0.00652798 -0.04459877 -0.01533983
v 0.00821238 -0.04418908 -0.01548889
v 0.00654241 -0.04464700 -0.01531450
v 0.00957070 -0.04357657 -0.01573536
v 0.00648975 -0.04448410 -0.01543206
v 0.00954308 -0.04352221 -0.01578648
v 0.00647202 -0.04443766 -0.01549227
v 0.00949450 -0.04344007 -0.01591575
v 0.00645612 -0.04440108 -0.01555940
v 0.00947538 -0.04341544 -0.01598896
v 0.00644258 -0.04437551 -0.01563091
v 0.00946049 -0.04340243 -0.01606397
v 0.00643177 -0.04436127 -0.01570408
v 0.00951734 -0.04347605 -0.01584734
v 0.00495222 -0.04498867 -0.01518088
v 0.00605179 -0.04478153 -0.01526327
v 0.02045844 -0.04635459 -0.01798920
v 0.02045844 -0.04612097 -0.01799336
v 0.02045844 -0.04611084 -0.01799354
v 0.02045844 -0.04588621 -0.01805243
v 0.02045844 -0.04681378 -0.01815840
v 0.01297812 -0.04680999 -0.01816347
v 0.02045844 -0.04680941 -0.01815460
v 0.02045844 -0.04699343 -0.01831450
v 0.01297812 -0.04695753 -0.01827668
v 0.01297812 -0.04675043 -0.01811776
v 0.02045844 -0.04659860 -0.01804726
v 0.01297812 -0.04659601 -0.01805380
v 0.02045844 -0.04659216 -0.01804397
v 0.01297812 -0.04650924 -0.01801786
v 0.02045844 -0.04636306 -0.01799115
v 0.01297812 -0.04636222 -0.01799850
v 0.01297812 -0.04625043 -0.01798379
v 0.01297812 -0.04612209 -0.01800068
v 0.01297812 -0.04599161 -0.01801786
v 0.01297812 -0.04588624 -0.01805246
v 0.01491515 -0.04496171 -0.01840120
v 0.02045844 -0.04699592 -0.01831806
v 0.02045844 -0.04713329 -0.01851419
v 0.02045844 -0.04713433 -0.01851689
v 0.02045844 -0.04722068 -0.01874178
v 0.00172491 -0.04510457 -0.01540339
v 0.00091991 -0.05005199 -0.01248344
v 0.02045844 -0.04722086 -0.01874322
v 0.01042070 -0.04339006 -0.01577640
v 0.00961921 -0.04368006 -0.01567205
v 0.01227102 -0.04693344 -0.01880078
v 0.01211210 -0.04673339 -0.01885438
v 0.01201220 -0.04650043 -0.01891680
v 0.01201220 -0.04647457 -0.01885438
v 0.01201219 -0.04643344 -0.01880078
v 0.01279308 -0.04555857 -0.01829197
v 0.01271930 -0.04556741 -0.01830077
v 0.01277651 -0.04553132 -0.01831877
v 0.01273375 -0.04547269 -0.01841781
v 0.01247812 -0.04581742 -0.01823379
v 0.01247812 -0.04563805 -0.01837141
v 0.01271929 -0.04545286 -0.01845130
v 0.01247812 -0.04550042 -0.01855078
v 0.01211209 -0.04612102 -0.01850083
v 0.01227101 -0.04589687 -0.01837142
v 0.01227101 -0.04606741 -0.01830078
v 0.01211209 -0.04625043 -0.01848379
v 0.01211209 -0.04600043 -0.01855078
v 0.01227101 -0.04575043 -0.01848379
v 0.01211209 -0.04589687 -0.01863024
v 0.01227101 -0.04563805 -0.01863023
v 0.01201219 -0.04618344 -0.01873379
v 0.01247812 -0.04708694 -0.01875965
v 0.01201219 -0.04612102 -0.01875965
v 0.01271931 -0.04718344 -0.01873379
v 0.01227102 -0.04675043 -0.01848379
v 0.01211210 -0.04660398 -0.01863024
v 0.01227102 -0.04660398 -0.01837141
v 0.01211210 -0.04650042 -0.01855078
v 0.01227101 -0.04643344 -0.01830078
v 0.01211209 -0.04637984 -0.01850083
v 0.01227101 -0.04625043 -0.01827668
v 0.01227102 -0.04686280 -0.01863024
v 0.01211210 -0.04668344 -0.01873379
v 0.01201219 -0.04637984 -0.01875965
v 0.01201219 -0.04631741 -0.01873379
v 0.01201219 -0.04625043 -0.01872497
v 0.01297812 -0.04721879 -0.01874352
v 0.01201219 -0.04606741 -0.01880078
v 0.01260404 -0.04534225 -0.01883954
v 0.01227101 -0.04556742 -0.01880078
v 0.01528984 -0.04474540 -0.01847678
v 0.01512656 -0.04483967 -0.01844385
v 0.01522001 -0.04463887 -0.01852937
v 0.01506541 -0.04442651 -0.01870926
v 0.01514173 -0.04452684 -0.01860784
v 0.01499428 -0.04434268 -0.01883093
v 0.01269612 -0.04542107 -0.01850498
v 0.01493131 -0.04427906 -0.01896833
v 0.01483825 -0.04421910 -0.01926690
v 0.01487884 -0.04423777 -0.01911572
v 0.01694421 -0.04292357 -0.01972054
v 0.01269099 -0.04541405 -0.01851684
v 0.01262279 -0.04534721 -0.01874306
v 0.01247812 -0.04541391 -0.01875964
v 0.01211209 -0.04576746 -0.01885438
v 0.01211209 -0.04581741 -0.01873379
v 0.01201219 -0.04602628 -0.01885438
v 0.01263774 -0.04536187 -0.01869347
v 0.01262315 -0.04534756 -0.01874187
v 0.01201219 -0.04600043 -0.01891680
v 0.01247812 -0.04668344 -0.01823379
v 0.01291584 -0.04576982 -0.01811738
v 0.01290786 -0.04575491 -0.01812569
v 0.01287418 -0.04569194 -0.01816081
v 0.01271930 -0.04693344 -0.01830077
v 0.01271930 -0.04673339 -0.01814727
v 0.01247812 -0.04686280 -0.01837142
v 0.01271930 -0.04650042 -0.01805077
v 0.01247812 -0.04647457 -0.01814727
v 0.01271930 -0.04625043 -0.01801786
v 0.01689916 -0.04381636 -0.01880140
v 0.01738137 -0.04333183 -0.01897399
v 0.01746280 -0.04343703 -0.01892383
v 0.01297812 -0.04713079 -0.01851841
v 0.01297812 -0.04699178 -0.01832132
v 0.01297812 -0.04711645 -0.01848379
v 0.01297812 -0.04721635 -0.01872497
v 0.01247812 -0.04625043 -0.01811776
v 0.01271930 -0.04708694 -0.01850083
v 0.01247812 -0.04700043 -0.01855078
v 0.01285277 -0.04565673 -0.01819544
v 0.01271930 -0.04600043 -0.01805077
v 0.01247812 -0.04602628 -0.01814727
v 0.01271930 -0.04576746 -0.01814727
v 0.02096984 -0.04710521 -0.04143500
v 0.02117866 -0.04694184 -0.04149129
v 0.02107654 -0.04702769 -0.04146170
v -0.01160542 -0.04532581 -0.04243986
v -0.01161315 -0.04521014 -0.04247273
v -0.01155358 -0.04527436 -0.04245841
v -0.01174814 -0.04545129 -0.04232546
v -0.01208892 -0.04521469 -0.04238069
v -0.01172127 -0.04542957 -0.04235557
v -0.01192800 -0.04534266 -0.04232464
v -0.01207361 -0.04518665 -0.04241149
v -0.01166426 -0.04538032 -0.04240523
v -0.01204089 -0.04512311 -0.04246094
v -0.01206492 -0.04517074 -0.04242897
v -0.01202086 -0.04508343 -0.04248759
v -0.01190375 -0.04501863 -0.04251527
v -0.01200746 -0.04505515 -0.04249770
v -0.01197439 -0.04498539 -0.04252265
v -0.01210426 -0.04524279 -0.04234983
v -0.01257754 -0.04725691 -0.04143448
v -0.01257754 -0.04726691 -0.04151198
v -0.02005786 -0.04726694 -0.04151201
v -0.01257754 -0.04727745 -0.04153799
v -0.02005786 -0.04729911 -0.04159140
v -0.01257754 -0.04731500 -0.04163062
v -0.02005786 -0.04731502 -0.04163065
v -0.01257754 -0.04732312 -0.04164150
v -0.02005786 -0.04735978 -0.04169053
v -0.01257754 -0.04735835 -0.04168862
v -0.01257754 -0.04739163 -0.04173316
v -0.02005786 -0.04739166 -0.04173319
v -0.01257754 -0.04744172 -0.04177302
v -0.02005786 -0.04744423 -0.04177502
v -0.01216517 -0.04532933 -0.04211479
v -0.01444879 -0.04419189 -0.04236209
v -0.01216100 -0.04532707 -0.04214734
v -0.01443074 -0.04417778 -0.04244456
v -0.01215003 -0.04531287 -0.04219596
v -0.01440551 -0.04415031 -0.04252460
v -0.01213686 -0.04529582 -0.04225430
v -0.01212966 -0.04528410 -0.04227539
v -0.00995747 -0.04366241 -0.04281347
v -0.01131914 -0.04571240 -0.04235298
v -0.01135993 -0.04548317 -0.04241188
v -0.01196385 -0.04538031 -0.04225104
v -0.01150908 -0.04578500 -0.04224318
v -0.01164371 -0.04562264 -0.04225364
v -0.01147351 -0.04577350 -0.04227312
v -0.01169561 -0.04564489 -0.04217892
v -0.01177341 -0.04547065 -0.04229225
v -0.01181793 -0.04550128 -0.04221815
v -0.01139763 -0.04574546 -0.04232129
v -0.01201248 -0.04541744 -0.04208824
v -0.01187712 -0.04552739 -0.04205363
v -0.01199227 -0.04540533 -0.04217086
v -0.01185283 -0.04552022 -0.04213717
v -0.01202655 -0.04542066 -0.04200575
v -0.01384700 -0.04406706 -0.04272508
v -0.00912423 -0.04336019 -0.04236862
v -0.01189985 -0.04212723 -0.04258731
v -0.01048273 -0.04278944 -0.04239207
v -0.01190018 -0.04213858 -0.04263707
v -0.02005786 -0.04725055 -0.04138505
v -0.02005786 -0.04726370 -0.04148698
v -0.02019056 -0.04725221 -0.04149035
v -0.02032098 -0.04722594 -0.04149930
v -0.02012503 -0.04729352 -0.04159349
v -0.02019197 -0.04728691 -0.04159564
v -0.02032395 -0.04726078 -0.04160412
v -0.02038459 -0.04720651 -0.04150592
v -0.02025838 -0.04727597 -0.04159919
v -0.02038841 -0.04724142 -0.04161039
v -0.02012757 -0.04735429 -0.04169360
v -0.02019706 -0.04734748 -0.04169565
v -0.02026602 -0.04733621 -0.04169902
v -0.02033414 -0.04732054 -0.04170371
v -0.02013198 -0.04743924 -0.04177890
v -0.02020586 -0.04743197 -0.04178088
v -0.02035158 -0.04740321 -0.04178872
v -0.02040113 -0.04730055 -0.04170968
v -0.02027917 -0.04741993 -0.04178416
v -0.01190018 -0.04213860 -0.04263715
v -0.00912861 -0.04339416 -0.04247180
v -0.01190053 -0.04215046 -0.04268910
v -0.01187775 -0.04213566 -0.04253399
v -0.01437381 -0.04410984 -0.04259814
v -0.01429695 -0.04399755 -0.04271184
v -0.01433700 -0.04405802 -0.04266146
v -0.01425569 -0.04393176 -0.04274784
v -0.01471081 -0.04405113 -0.04231185
v -0.01657358 -0.04285484 -0.04272814
v -0.01654491 -0.04282962 -0.04280869
v -0.02032239 -0.04720947 -0.04139929
v -0.02044956 -0.04716605 -0.04141425
v -0.01154234 -0.04579454 -0.04220977
v -0.01160014 -0.04580722 -0.04213431
v -0.01152358 -0.04633668 -0.04194067
v -0.01152669 -0.04615757 -0.04199304
v -0.01149805 -0.04634725 -0.04198370
v -0.01150094 -0.04616357 -0.04203532
v -0.01146778 -0.04635745 -0.04202435
v -0.01154782 -0.04615060 -0.04194925
v -0.01130140 -0.04712923 -0.04204034
v -0.01137509 -0.04708474 -0.04204089
v -0.01119091 -0.04693391 -0.04208488
v -0.01111698 -0.04666106 -0.04214682
v -0.01135949 -0.04683117 -0.04206886
v -0.01119962 -0.04664350 -0.04214186
v -0.01138301 -0.04659056 -0.04207478
v -0.01133897 -0.04660517 -0.04209922
v -0.01129318 -0.04661897 -0.04211855
v -0.01109192 -0.04656857 -0.04216781
v -0.01131521 -0.04617581 -0.04220123
v -0.01135816 -0.04617589 -0.04217588
v -0.01117998 -0.04616856 -0.04224987
v -0.01108744 -0.04618862 -0.04225365
v -0.01127072 -0.04617450 -0.04222204
v -0.01146057 -0.04702914 -0.04202236
v -0.01144668 -0.04678753 -0.04202641
v -0.01142448 -0.04657537 -0.04204540
v -0.01146259 -0.04655984 -0.04201147
v -0.01143315 -0.04636710 -0.04206189
v -0.01139884 -0.04617470 -0.04214618
v -0.01143659 -0.04617223 -0.04211252
v -0.01154416 -0.04632591 -0.04189600
v -0.01156425 -0.04614282 -0.04190466
v -0.01149667 -0.04654423 -0.04197353
v -0.01160674 -0.04668231 -0.04183817
v -0.01157013 -0.04649948 -0.04184280
v -0.01155073 -0.04651380 -0.04188839
v -0.01155596 -0.04672181 -0.04192479
v -0.01152341 -0.04674323 -0.04196315
v -0.01164395 -0.04688629 -0.04187928
v -0.01158386 -0.04670140 -0.04188286
v -0.01161390 -0.04691320 -0.04191805
v -0.01152617 -0.04652880 -0.04193224
v -0.01158435 -0.04648600 -0.04179629
v -0.01159355 -0.04647354 -0.04174965
v -0.01157042 -0.04630447 -0.04180483
v -0.01157644 -0.04629410 -0.04175972
v -0.01155974 -0.04631512 -0.04185048
v -0.01158342 -0.04612548 -0.04181571
v -0.01157605 -0.04613439 -0.04185994
v -0.01117807 -0.04581975 -0.04233656
v -0.01125257 -0.04568187 -0.04236742
v -0.00930052 -0.04390382 -0.04276058
v -0.01147294 -0.04597990 -0.04216218
v -0.01153492 -0.04598217 -0.04208590
v -0.01158110 -0.04597766 -0.04200135
v -0.01164409 -0.04581108 -0.04205114
v -0.01167300 -0.04580662 -0.04196510
v -0.01173574 -0.04565669 -0.04209693
v -0.01176298 -0.04565825 -0.04201225
v -0.01198751 -0.04544314 -0.04199822
v -0.01159705 -0.04605396 -0.04179356
v -0.01161866 -0.04596009 -0.04187036
v -0.01161029 -0.04596718 -0.04191376
v -0.01162670 -0.04596364 -0.04182398
v -0.01162987 -0.04595396 -0.04182723
v -0.01167125 -0.04582788 -0.04186969
v -0.01159782 -0.04597310 -0.04195761
v -0.01628241 -0.03971081 -0.04355207
v -0.01836250 -0.03806001 -0.04388938
v -0.01830774 -0.03798200 -0.04382599
v -0.01616844 -0.03950734 -0.04330882
v -0.01823964 -0.03786477 -0.04364690
v -0.01822919 -0.03783206 -0.04354643
v -0.01700064 -0.03954707 -0.04368465
v -0.02021075 -0.03954653 -0.04368340
v -0.01854673 -0.03828944 -0.04394041
v -0.02031397 -0.03959007 -0.04366892
v -0.02024648 -0.03951552 -0.04368973
v -0.01731951 -0.03856554 -0.04329566
v -0.01822189 -0.03780393 -0.04344981
v -0.01640295 -0.03988393 -0.04360578
v -0.01849146 -0.03822471 -0.04394451
v -0.01842553 -0.03814306 -0.04392898
v -0.01634131 -0.03979806 -0.04359113
v -0.01892647 -0.03798055 -0.04400323
v -0.01826589 -0.03791539 -0.04374281
v -0.02055655 -0.03651911 -0.04429155
v -0.01623135 -0.03962910 -0.04348876
v -0.01619252 -0.03955965 -0.04340529
v -0.01615927 -0.03947410 -0.04320770
v -0.02058179 -0.03980719 -0.04319897
v -0.02057093 -0.03981148 -0.04328118
v -0.01838411 -0.04116370 -0.04334154
v -0.01940468 -0.04024619 -0.04354042
v -0.01832230 -0.04108848 -0.04336360
v -0.01843634 -0.04122391 -0.04330659
v -0.02036966 -0.03964824 -0.04363440
v -0.01860423 -0.04138457 -0.04303802
v -0.02051510 -0.03978007 -0.04344667
v -0.01857303 -0.04136126 -0.04311903
v -0.02047299 -0.03974604 -0.04352114
v -0.01853336 -0.04132555 -0.04319321
v -0.01848699 -0.04127893 -0.04325668
v -0.02042364 -0.03970127 -0.04358468
v -0.01862608 -0.04139526 -0.04295446
v -0.02054805 -0.03980195 -0.04336522
v -0.01549677 -0.03994337 -0.04300789
v -0.01688169 -0.03964383 -0.04366496
v -0.02022156 -0.03605321 -0.04379781
v -0.01610164 -0.05005206 -0.03904355
v -0.02261561 -0.05005208 -0.04093762
v -0.02250864 -0.05005208 -0.04120634
v -0.02243528 -0.05005208 -0.04126869
v -0.02277499 -0.04941688 -0.04137842
v -0.02270574 -0.04939741 -0.04144163
v -0.02294241 -0.04942167 -0.04104536
v -0.02290658 -0.04942488 -0.04113449
v -0.02287742 -0.04943053 -0.04122025
v -0.02404926 -0.04717194 -0.04182875
v -0.02283316 -0.04942805 -0.04130317
v -0.02409217 -0.04717821 -0.04174612
v -0.02412078 -0.04717548 -0.04166071
v -0.02213443 -0.05005208 -0.04135965
v -0.02255046 -0.04933924 -0.04152147
v -0.02248812 -0.04931113 -0.04153437
v -0.02278096 -0.04869766 -0.04167902
v -0.02005786 -0.04786275 -0.04187230
v -0.02035722 -0.04783257 -0.04187924
v -0.02045448 -0.04780002 -0.04188673
v -0.02070200 -0.04771716 -0.04190579
v -0.02086664 -0.04762569 -0.04192681
v -0.02113752 -0.04739934 -0.04197870
v -0.02035722 -0.04783257 -0.04187925
v -0.02043105 -0.04771561 -0.04189654
v -0.02040242 -0.04760979 -0.04188702
v -0.02056707 -0.04755327 -0.04190043
v -0.02052696 -0.04745113 -0.04186409
v -0.02037507 -0.04750260 -0.04185121
v -0.02067065 -0.04738044 -0.04188176
v -0.02077666 -0.04756926 -0.04193035
v -0.02072246 -0.04747577 -0.04191878
v -0.02086663 -0.04737799 -0.04194190
v -0.02226002 -0.05005208 -0.04134429
v -0.02262941 -0.04937090 -0.04148975
v -0.02235074 -0.05005208 -0.04131507
v -0.02256666 -0.05005208 -0.04113102
v -0.02262628 -0.05005208 -0.04098314
v -0.02260675 -0.05005208 -0.04104704
v -0.02259995 -0.05005208 -0.04107062
v -0.02255477 -0.05005208 -0.04115334
v -0.01934578 -0.05005207 -0.04135987
v -0.01943334 -0.05005207 -0.04135983
v -0.01983174 -0.05005207 -0.04135955
v -0.01987172 -0.05005207 -0.04135952
v -0.02021091 -0.05005207 -0.04135921
v -0.02217274 -0.05005208 -0.04135648
v -0.02249168 -0.05005208 -0.04122631
v -0.02232538 -0.05005208 -0.04132731
v -0.02241369 -0.05005208 -0.04128523
v -0.02223210 -0.05005208 -0.04135169
v -0.01650865 -0.04279172 -0.04288255
v -0.01563482 -0.04301194 -0.04295459
v -0.01420869 -0.04385361 -0.04277151
v -0.01646640 -0.04274269 -0.04294595
v -0.01322543 -0.04208882 -0.04315264
v -0.01212669 -0.04267533 -0.04302709
v -0.01424438 -0.04145949 -0.04328577
v -0.01642033 -0.04268516 -0.04299607
v -0.01637284 -0.04262237 -0.04303153
v -0.01631640 -0.04254394 -0.04305476
v -0.01659386 -0.04286709 -0.04264511
v -0.01746885 -0.04175262 -0.04322416
v -0.01398629 -0.04094264 -0.04279452
v -0.01398603 -0.04096251 -0.04289221
v -0.01399361 -0.04099620 -0.04299414
v -0.01190615 -0.04217246 -0.04273882
v -0.01208059 -0.04258636 -0.04303342
v -0.00923265 -0.04372683 -0.04275503
v -0.00927054 -0.04382803 -0.04276695
v -0.01206940 -0.04256476 -0.04303496
v -0.01199015 -0.04239374 -0.04298161
v -0.00919656 -0.04362472 -0.04271759
v -0.00916554 -0.04353020 -0.04265455
v -0.01197140 -0.04235141 -0.04296025
v -0.01208055 -0.04258628 -0.04303343
v -0.00914238 -0.04345147 -0.04257008
v -0.01192353 -0.04222824 -0.04283552
v -0.01191182 -0.04219468 -0.04278905
v -0.01192356 -0.04222830 -0.04283561
v -0.01193552 -0.04226259 -0.04288308
v -0.01195213 -0.04230372 -0.04291881
v -0.01195218 -0.04230384 -0.04291892
v -0.01199008 -0.04239359 -0.04298153
v -0.01190615 -0.04217247 -0.04273885
v -0.01201694 -0.04245424 -0.04301213
v -0.01401464 -0.04105044 -0.04309131
v -0.01409459 -0.04120963 -0.04323836
v -0.01404906 -0.04112331 -0.04317516
v -0.01501578 -0.04098305 -0.04338656
v -0.01645380 -0.03995093 -0.04360112
v -0.01414726 -0.04130214 -0.04327679
v -0.01420242 -0.04139340 -0.04329038
v -0.02115606 -0.04738384 -0.04198225
v -0.01162443 -0.04666483 -0.04179162
v -0.01163693 -0.04664914 -0.04174409
v 0.01148369 -0.04648930 -0.04218565
v -0.01162340 -0.04751967 -0.04195109
v -0.01137344 -0.04725658 -0.04201130
v -0.00297885 -0.04494461 -0.04201264
v 0.00066535 -0.04575096 -0.04235193
v 0.00015761 -0.04573887 -0.04235464
v -0.00143963 -0.04559747 -0.04237572
v -0.00304411 -0.04552410 -0.04240268
v -0.00303223 -0.04543870 -0.04241120
v -0.00141538 -0.04519410 -0.04218097
v -0.00298516 -0.04503796 -0.04221625
v -0.00298026 -0.04497859 -0.04211697
v -0.00141286 -0.04513451 -0.04208158
v -0.00141971 -0.04527748 -0.04226604
v -0.00299359 -0.04512090 -0.04230126
v -0.00454398 -0.04472267 -0.04217487
v -0.00455122 -0.04478170 -0.04227397
v -0.00301826 -0.04533038 -0.04240073
v -0.00143243 -0.04548837 -0.04236541
v -0.00300497 -0.04522134 -0.04236416
v -0.00142558 -0.04537857 -0.04232893
v -0.00348791 -0.04547640 -0.04241335
v -0.00459989 -0.04507114 -0.04245854
v -0.00456363 -0.04486390 -0.04235889
v -0.00458036 -0.04496332 -0.04242182
v -0.00138795 -0.04570208 -0.04236289
v -0.00144633 -0.04569580 -0.04236429
v -0.00462041 -0.04517821 -0.04246926
v -0.00463557 -0.04525390 -0.04246289
v -0.00432571 -0.04471939 -0.04196030
v -0.00454186 -0.04468867 -0.04207074
v -0.01188279 -0.04769207 -0.04191152
v 0.00015871 -0.04515574 -0.04196453
v -0.00141214 -0.04510054 -0.04197712
v 0.00015752 -0.04565369 -0.04236313
v 0.00015783 -0.04554430 -0.04235287
v 0.00015857 -0.04524936 -0.04216845
v 0.00015838 -0.04533291 -0.04225354
v 0.00015813 -0.04543423 -0.04231643
v 0.00015868 -0.04518970 -0.04206902
v -0.01222039 -0.04781964 -0.04188218
v -0.01207353 -0.04776415 -0.04189495
v -0.01257754 -0.04786272 -0.04187227
v -0.00609824 -0.04433416 -0.04215084
v -0.00610110 -0.04436818 -0.04225470
v -0.00611062 -0.04442673 -0.04235357
v -0.00612685 -0.04450796 -0.04243835
v -0.00779876 -0.04445568 -0.04263970
v -0.00617419 -0.04471220 -0.04253824
v -0.00620095 -0.04481761 -0.04254930
v -0.00614871 -0.04460599 -0.04250132
v -0.01210459 -0.04767938 -0.04190388
v -0.01168788 -0.04744399 -0.04195825
v -0.01193792 -0.04748522 -0.04191465
v -0.01257754 -0.04776114 -0.04188226
v -0.01235588 -0.04763290 -0.04187960
v -0.01237343 -0.04752402 -0.04184330
v -0.01214064 -0.04757669 -0.04189295
v -0.00622208 -0.04489861 -0.04254176
v -0.00567391 -0.04505259 -0.04250771
v -0.01217496 -0.04747285 -0.04185615
v -0.01219048 -0.04742322 -0.04182782
v -0.02230738 -0.04439452 -0.04208269
v -0.02290426 -0.04349621 -0.04227649
v -0.02550847 -0.04499781 -0.04206564
v -0.02506516 -0.04040251 -0.04293004
v -0.02697733 -0.04287261 -0.04253134
v -0.02860885 -0.04062124 -0.04301319
v -0.03257138 -0.03496887 -0.04413558
v -0.02068041 -0.03972706 -0.04321545
v -0.02727016 -0.03736210 -0.04355615
v -0.02086264 -0.04684120 -0.04152597
v -0.02791574 -0.03301905 -0.04452157
v -0.02084841 -0.04686295 -0.04151853
v -0.02077327 -0.04693848 -0.04149259
v -0.02415229 -0.04717352 -0.04157157
v -0.02473315 -0.04617385 -0.04180221
v -0.02056700 -0.04710463 -0.04143542
v -0.02067430 -0.04703796 -0.04145841
v -0.02937460 -0.03313082 -0.04449056
v -0.03300261 -0.03430210 -0.04426230
v 0.01650033 -0.05005177 -0.03904345
v -0.01389439 -0.05005205 -0.04136038
v -0.01381951 -0.05005205 -0.04136040
v -0.01405882 -0.05005205 -0.04136033
v -0.01408247 -0.05005205 -0.04136032
v -0.01428774 -0.05005205 -0.04136024
v -0.01433183 -0.05005205 -0.04136021
v -0.01447807 -0.05005205 -0.04136014
v -0.01457337 -0.05005205 -0.04136008
v -0.01464407 -0.05005205 -0.04136003
v 0.01228994 -0.04769534 -0.04191066
v 0.01202683 -0.04751505 -0.04195204
v 0.01198592 -0.04748702 -0.04195846
v 0.01173520 -0.04720141 -0.04202380
v 0.01169885 -0.04712945 -0.04204019
v 0.01156494 -0.04686437 -0.04210059
v 0.01152040 -0.04665874 -0.04214722
v -0.02947203 -0.03328102 -0.04444889
v -0.02925133 -0.03299781 -0.04452744
v -0.02906942 -0.03286952 -0.04456279
v -0.02953609 -0.03409503 -0.04421930
v -0.02956361 -0.03397668 -0.04425279
v -0.02959156 -0.03385644 -0.04428682
v -0.02959101 -0.03380004 -0.04430279
v -0.02959051 -0.03374841 -0.04431740
v -0.02954362 -0.03344528 -0.04440305
v -0.02952952 -0.03338949 -0.04441880
v -0.02817535 -0.03284428 -0.04456970
v -0.02839874 -0.03277208 -0.04458970
v -0.02844181 -0.03276601 -0.04459139
v -0.02932974 -0.03307964 -0.04450476
v -0.02884517 -0.03278222 -0.04458684
v -0.01238136 -0.04747214 -0.04181505
v -0.01257754 -0.04773533 -0.04188479
v -0.01239953 -0.04734048 -0.04169543
v -0.01240594 -0.04728089 -0.04159599
v -0.01223902 -0.04723821 -0.04160983
v -0.01240333 -0.04730753 -0.04164693
v -0.01205608 -0.04710379 -0.04143574
v -0.01194567 -0.04702870 -0.04151196
v -0.01208635 -0.04712450 -0.04147917
v -0.01208753 -0.04713404 -0.04152973
v -0.01194648 -0.04703915 -0.04156179
v -0.01208592 -0.04714865 -0.04158109
v -0.01194379 -0.04705401 -0.04161238
v -0.01208127 -0.04716859 -0.04163231
v -0.01198753 -0.04738944 -0.04187704
v -0.01184519 -0.04723435 -0.04187687
v -0.01181663 -0.04727558 -0.04190548
v -0.01201001 -0.04734342 -0.04184859
v -0.01189339 -0.04715889 -0.04180297
v -0.01203022 -0.04730000 -0.04181412
v -0.01204772 -0.04726013 -0.04177431
v -0.01206217 -0.04722458 -0.04173004
v -0.01191207 -0.04712618 -0.04175918
v -0.01187097 -0.04719518 -0.04184248
v -0.01175742 -0.04703334 -0.04183826
v -0.01173076 -0.04706526 -0.04187742
v -0.01175377 -0.04736075 -0.04194413
v -0.01159307 -0.04720742 -0.04198035
v -0.01166673 -0.04713485 -0.04194052
v -0.01170033 -0.04709932 -0.04191171
v -0.01222623 -0.04729647 -0.04170861
v -0.01239455 -0.04737938 -0.04174032
v -0.01224282 -0.04720379 -0.04150606
v -0.01224198 -0.04721806 -0.04155802
v -0.01240737 -0.04726065 -0.04154380
v -0.01240707 -0.04723852 -0.04143998
v -0.01224172 -0.04719508 -0.04145493
v -0.01240772 -0.04724665 -0.04149147
v -0.01223379 -0.04726438 -0.04166042
v -0.01221638 -0.04733409 -0.04175326
v -0.01193727 -0.04707349 -0.04166281
v -0.01207337 -0.04719395 -0.04168233
v -0.01192672 -0.04709760 -0.04171211
v -0.01166945 -0.04686126 -0.04183669
v -0.01177981 -0.04700416 -0.04179505
v -0.01238845 -0.04742356 -0.04178050
v -0.01172975 -0.04678084 -0.04154636
v -0.01172317 -0.04677461 -0.04159839
v -0.01164722 -0.04662359 -0.04164938
v -0.01172190 -0.04678633 -0.04164641
v -0.01164443 -0.04663538 -0.04169642
v -0.01171616 -0.04680089 -0.04169510
v -0.01170561 -0.04681830 -0.04174365
v -0.01165246 -0.04661092 -0.04160424
v -0.01162069 -0.04654109 -0.04162803
v -0.01159799 -0.04646219 -0.04170359
v -0.01160585 -0.04645078 -0.04165893
v -0.01169005 -0.04683849 -0.04179117
v -0.01179764 -0.04697821 -0.04174871
v -0.01154237 -0.04697060 -0.04198123
v -0.01220439 -0.04737663 -0.04179330
v -0.01609979 -0.05005206 -0.03904531
v -0.01607244 -0.05005206 -0.03904546
v -0.01609967 -0.05005206 -0.03904546
v -0.01744937 -0.05005206 -0.04136058
v -0.01767134 -0.05005206 -0.04136055
v -0.01773137 -0.05005206 -0.04136054
v -0.01816925 -0.05005206 -0.04136041
v -0.01826024 -0.05005207 -0.04136038
v -0.01876885 -0.05005207 -0.04136017
v -0.01886745 -0.05005207 -0.04136013
v -0.02005786 -0.04776603 -0.04188180
v -0.02005786 -0.04773535 -0.04188482
v -0.01257754 -0.04765222 -0.04187148
v -0.02005786 -0.04765668 -0.04187222
v -0.01257754 -0.04760892 -0.04186455
v -0.02005786 -0.04760895 -0.04186458
v -0.02005786 -0.04749183 -0.04181291
v -0.01257754 -0.04754267 -0.04183532
v -0.02005786 -0.04754627 -0.04183693
v -0.01257754 -0.04749180 -0.04181288
v -0.01194594 -0.04701761 -0.04146532
v -0.01182343 -0.04691102 -0.04155209
v -0.01182339 -0.04692225 -0.04160105
v -0.01182487 -0.04689962 -0.04150575
v -0.01187480 -0.04696196 -0.04148443
v -0.01181929 -0.04693714 -0.04165074
v -0.01181078 -0.04695581 -0.04170027
v -0.02023162 -0.04764436 -0.04187882
v -0.02021775 -0.04753401 -0.04184334
v -0.01224317 -0.04719296 -0.04140515
v -0.01223918 -0.04719106 -0.04140580
v -0.01240694 -0.04723034 -0.04139211
v -0.01246995 -0.04724471 -0.04138710
v -0.02137451 -0.04708031 -0.04205158
v -0.02399322 -0.04715629 -0.04190385
v -0.02999414 -0.03439103 -0.04470465
v -0.03227046 -0.03462561 -0.04466004
v -0.03004656 -0.03418220 -0.04474420
v -0.03257322 -0.03412546 -0.04475347
v -0.03008653 -0.03402295 -0.04477435
v -0.03008428 -0.03364718 -0.04484507
v -0.03265694 -0.03417488 -0.04473805
v -0.03273164 -0.03421575 -0.04470617
v -0.03280386 -0.03425192 -0.04465767
v -0.03299360 -0.03431238 -0.04434741
v -0.03296613 -0.03431152 -0.04443408
v -0.03292434 -0.03430113 -0.04451787
v -0.03286936 -0.03428098 -0.04459387
v -0.02763277 -0.03280208 -0.04499222
v -0.02773352 -0.03289833 -0.04492746
v -0.02792841 -0.03277029 -0.04494017
v -0.02769121 -0.03285859 -0.04495832
v -0.02809936 -0.03259657 -0.04501147
v -0.02765661 -0.03282609 -0.04498354
v -0.02813025 -0.03266394 -0.04496120
v -0.02806750 -0.03252408 -0.04504684
v -0.02577777 -0.03444102 -0.04469514
v -0.02984286 -0.03468025 -0.04464960
v -0.02978860 -0.03854639 -0.04385802
v -0.02932068 -0.03296404 -0.04477889
v -0.02945708 -0.03311196 -0.04474526
v -0.02950782 -0.03308551 -0.04482094
v -0.02961987 -0.03326391 -0.04478304
v -0.02965291 -0.03325244 -0.04481676
v -0.02938749 -0.03290718 -0.04488756
v -0.02936323 -0.03292893 -0.04485403
v -0.02941332 -0.03288302 -0.04491783
v -0.02968828 -0.03323905 -0.04484688
v -0.02976384 -0.03320745 -0.04489506
v -0.02984205 -0.03317127 -0.04492630
v -0.02946823 -0.03282893 -0.04496735
v -0.02999966 -0.03331026 -0.04490810
v -0.03001248 -0.03865338 -0.04358725
v -0.03003951 -0.03865558 -0.04350157
v -0.02997211 -0.03864098 -0.04367016
v -0.02991950 -0.03861822 -0.04374556
v -0.02985715 -0.03858605 -0.04380918
v -0.02971774 -0.03850181 -0.04389072
v -0.03045743 -0.03731872 -0.04413555
v -0.02815855 -0.03272241 -0.04489742
v -0.02834876 -0.03259705 -0.04497440
v -0.02923118 -0.03274836 -0.04494452
v -0.02952494 -0.03276988 -0.04500121
v -0.02908262 -0.03250699 -0.04505001
v 0.03610403 -0.02888816 -0.01933691
v 0.03692233 -0.02678758 -0.01963688
v 0.03601977 -0.02884103 -0.01929370
v 0.03593188 -0.02879591 -0.01927199
v 0.03683305 -0.02674753 -0.01961432
v 0.03481966 -0.03075041 -0.01890905
v 0.03527715 -0.03106841 -0.01930980
v 0.03543329 -0.02960539 -0.01912111
v 0.03498068 -0.03044993 -0.01896470
v 0.03623701 -0.02897575 -0.01948174
v 0.03627668 -0.02901026 -0.01957353
v 0.03617830 -0.02893416 -0.01940085
v -0.02899924 -0.03270802 -0.04490044
v -0.02902517 -0.03264868 -0.04496421
v -0.02905346 -0.03258041 -0.04501454
v -0.02857486 -0.03249875 -0.04502999
v -0.02857344 -0.03242072 -0.04506598
v -0.02836377 -0.03265931 -0.04491063
v -0.02857623 -0.03257160 -0.04497941
v -0.02857749 -0.03263529 -0.04491566
v -0.02928767 -0.03298685 -0.04469653
v -0.02941819 -0.03312756 -0.04466200
v -0.02879183 -0.03265193 -0.04491218
v -0.02880434 -0.03258923 -0.04497594
v -0.02956267 -0.03328042 -0.04470670
v -0.02999515 -0.03365641 -0.04483506
v -0.02821537 -0.03281928 -0.04465796
v -0.02805011 -0.03290560 -0.04463545
v -0.02839409 -0.03276501 -0.04467208
v -0.02840847 -0.03276893 -0.04459057
v -0.02858005 -0.03274437 -0.04467744
v -0.02876652 -0.03275867 -0.04467373
v -0.02938403 -0.03313096 -0.04453328
v -0.02926509 -0.03299715 -0.04461149
v -0.02939222 -0.03313233 -0.04457595
v -0.02911575 -0.03288779 -0.04464010
v -0.02894712 -0.03280690 -0.04466119
v -0.02981645 -0.03366614 -0.04476096
v -0.02977567 -0.03366592 -0.04473107
v -0.02990413 -0.03366324 -0.04480732
v -0.02962670 -0.03364832 -0.04453227
v -0.02961048 -0.03346500 -0.04462216
v -0.02958969 -0.03346358 -0.04457866
v -0.02964775 -0.03365384 -0.04457651
v -0.02963551 -0.03346478 -0.04466421
v -0.02956105 -0.03345626 -0.04448999
v -0.02950359 -0.03328835 -0.04457881
v -0.02949149 -0.03328672 -0.04453512
v -0.02957323 -0.03346063 -0.04453438
v -0.02951949 -0.03328792 -0.04462238
v -0.02978462 -0.03410715 -0.04467127
v -0.02977878 -0.03388104 -0.04468606
v -0.02970572 -0.03386390 -0.04461417
v -0.02974033 -0.03387273 -0.04465200
v -0.02973785 -0.03366455 -0.04469713
v -0.02985951 -0.03366523 -0.04478646
v -0.02982834 -0.03412204 -0.04469593
v -0.02996663 -0.03416263 -0.04473906
v -0.02967346 -0.03365845 -0.04461920
v -0.02969732 -0.03345924 -0.04474129
v -0.02820192 -0.03280133 -0.04474173
v -0.02803121 -0.03289142 -0.04471983
v -0.02915958 -0.03284412 -0.04480602
v -0.02913374 -0.03287284 -0.04472435
v -0.02895948 -0.03278841 -0.04474488
v -0.02877257 -0.03273802 -0.04475709
v -0.02897702 -0.03275526 -0.04482604
v -0.02878108 -0.03270222 -0.04483796
v -0.02919256 -0.03280203 -0.04488072
v -0.02948309 -0.03328319 -0.04449188
v -0.02818280 -0.03276886 -0.04482298
v -0.02838686 -0.03274465 -0.04475548
v -0.02837665 -0.03270920 -0.04483639
v -0.02857944 -0.03272308 -0.04476071
v -0.02800399 -0.03286366 -0.04480161
v -0.02857857 -0.03268649 -0.04484149
v 0.02875815 -0.02901307 -0.01923257
v 0.03063343 -0.02714747 -0.01957117
v 0.02869923 -0.02895493 -0.01926595
v 0.03057493 -0.02709453 -0.01962035
v 0.02864220 -0.02890163 -0.01931529
v 0.03074128 -0.02725120 -0.01951893
v 0.03069390 -0.02720513 -0.01953819
v 0.03052172 -0.02704955 -0.01968439
v 0.02859025 -0.02885639 -0.01937922
v 0.03047679 -0.02701518 -0.01976026
v 0.02854628 -0.02882183 -0.01945475
v 0.03044230 -0.02699293 -0.01984366
v 0.02851235 -0.02879945 -0.01953767
v 0.03041917 -0.02698300 -0.01992987
v 0.02848939 -0.02878946 -0.01962333
v 0.03159561 -0.02644504 -0.01965406
v 0.03227666 -0.02512739 -0.02022844
v 0.03893335 -0.02041292 -0.02058217
v 0.03846559 -0.02260364 -0.02032396
v 0.03902202 -0.02043960 -0.02062712
v 0.03854355 -0.02263511 -0.02038822
v 0.03910077 -0.02046662 -0.02069145
v 0.03884106 -0.02038820 -0.02055758
v 0.03834430 -0.02198510 -0.02032628
v 0.03828611 -0.02254262 -0.02025532
v 0.03854830 -0.02113447 -0.02044352
v 0.02881365 -0.02907015 -0.01921403
v 0.03837765 -0.02257216 -0.02027935
v 0.02862838 -0.02924498 -0.01918472
v 0.03412175 -0.02323543 -0.02027783
v 0.03407156 -0.02320553 -0.02035450
v 0.03403355 -0.02318680 -0.02043911
v 0.03243912 -0.02523384 -0.01991728
v 0.03418165 -0.02327512 -0.02021360
v 0.03238327 -0.02519058 -0.01998142
v 0.03233628 -0.02515765 -0.02005766
v 0.03400873 -0.02317934 -0.02052665
v 0.03230042 -0.02513653 -0.02014162
v 0.03873353 -0.02036212 -0.02054997
v 0.03672929 -0.02000685 -0.02060085
v 0.03896942 -0.01937853 -0.02068554
v 0.03916403 -0.02049222 -0.02077153
v 0.03920822 -0.02051479 -0.02086171
v 0.03923241 -0.02053323 -0.02095556
v 0.03743217 -0.01855049 -0.02079552
v 0.03725239 -0.01892298 -0.02074573
v 0.03718595 -0.01889496 -0.02075792
v 0.03664619 -0.02014388 -0.02058194
v 0.03867267 -0.02271008 -0.02065320
v 0.03864932 -0.02268985 -0.02055897
v 0.03860598 -0.02266446 -0.02046847
v 0.03424776 -0.02332221 -0.02016495
v 0.03660620 -0.02704887 -0.01955629
v 0.03673615 -0.02670758 -0.01961000
v 0.03714375 -0.02690835 -0.01982535
v 0.03718478 -0.02693984 -0.01991667
v 0.03793448 -0.02480456 -0.02015359
v 0.03752692 -0.02463069 -0.01993689
v 0.03700799 -0.02682958 -0.01968061
v 0.03770930 -0.02469805 -0.01996476
v 0.03708366 -0.02687080 -0.01974468
v 0.03779621 -0.02473479 -0.02000896
v 0.03761877 -0.02466322 -0.01994143
v 0.03787313 -0.02477112 -0.02007313
v 0.03720594 -0.02696387 -0.02001186
v 0.03799906 -0.02485511 -0.02033917
v 0.03797674 -0.02483299 -0.02024448
v 0.03756867 -0.02452105 -0.01995415
v 0.03437109 -0.02341632 -0.02011823
v 0.03582749 -0.02874619 -0.01926736
v 0.03261144 -0.02538282 -0.01981958
v 0.03818313 -0.02251208 -0.02024895
v 0.03629661 -0.02903616 -0.01966925
v 0.03350372 -0.02444977 -0.01996497
v 0.03256424 -0.02534042 -0.01983588
v 0.03250064 -0.02528485 -0.01986832
v 0.03431616 -0.02337367 -0.02013319
v 0.03481977 -0.02288172 -0.02019751
v -0.02371681 -0.04703033 -0.04206168
v -0.02961038 -0.03364203 -0.04448722
v -0.02105029 -0.04687519 -0.04192806
v -0.02299497 -0.04363715 -0.04264940
v -0.02105014 -0.04687507 -0.04192790
v -0.02108382 -0.04690199 -0.04196531
v -0.02318041 -0.04406413 -0.04272577
v -0.02129360 -0.04703588 -0.04205039
v -0.02323016 -0.04381815 -0.04277075
v -0.02545165 -0.04499865 -0.04223965
v -0.02541008 -0.04498933 -0.04232211
v -0.02377796 -0.04706327 -0.04204794
v -0.02401311 -0.04650246 -0.04218284
v -0.02535598 -0.04497008 -0.04239714
v -0.02385359 -0.04710011 -0.04201562
v -0.02392674 -0.04713184 -0.04196715
v -0.02522153 -0.04490579 -0.04250926
v -0.02529193 -0.04494165 -0.04246053
v -0.02514876 -0.04486484 -0.04254199
v -0.02547956 -0.04499832 -0.04215444
v -0.02508580 -0.04482624 -0.04255684
v -0.02331452 -0.04387295 -0.04276653
v -0.02093702 -0.04675692 -0.04168045
v -0.02290443 -0.04353931 -0.04247382
v -0.02288844 -0.04350736 -0.04237564
v -0.02096341 -0.04679633 -0.04179017
v -0.02294011 -0.04358324 -0.04256763
v -0.02101329 -0.04684563 -0.04188697
v -0.02306555 -0.04369731 -0.04271252
v -0.02117097 -0.04696218 -0.04202073
v -0.02120703 -0.04698431 -0.04203143
v -0.02314614 -0.04375911 -0.04275311
v -0.02126975 -0.04702278 -0.04205004
v -0.02096299 -0.04699951 -0.04189742
v -0.02103156 -0.04706420 -0.04196034
v -0.02111005 -0.04713088 -0.04200017
v -0.02112360 -0.04692947 -0.04199061
v -0.02112337 -0.04692930 -0.04199046
v -0.02093676 -0.04675180 -0.04165863
v -0.02086148 -0.04686210 -0.04162191
v -0.02093676 -0.04675182 -0.04165869
v -0.02086642 -0.04687705 -0.04167147
v -0.02095500 -0.04678379 -0.04175524
v -0.02099286 -0.04682544 -0.04184732
v -0.02099294 -0.04682552 -0.04184747
v -0.02129395 -0.04703607 -0.04205039
v -0.02537713 -0.04437098 -0.04265841
v -0.02657384 -0.04268738 -0.04302142
v -0.02546984 -0.04080043 -0.04342153
v -0.02504960 -0.04041280 -0.04303339
v -0.02529854 -0.04067379 -0.04341197
v -0.02522050 -0.04060833 -0.04337145
v -0.02506483 -0.04044455 -0.04313199
v -0.02515219 -0.04054523 -0.04330822
v -0.02509919 -0.04048935 -0.04322618
v -0.02537992 -0.04073685 -0.04342936
v -0.02428227 -0.03644732 -0.04395307
v -0.02425855 -0.03643876 -0.04403785
v -0.02422394 -0.03641814 -0.04411997
v -0.02417940 -0.03638559 -0.04419490
v -0.02196397 -0.03802477 -0.04399436
v -0.02412699 -0.03634251 -0.04425858
v -0.02406956 -0.03629134 -0.04430806
v -0.02401026 -0.03623515 -0.04434197
v -0.02662869 -0.04272436 -0.04300919
v -0.02669940 -0.04276816 -0.04297624
v -0.02676784 -0.04280690 -0.04292736
v -0.02683014 -0.04283810 -0.04286389
v -0.02692339 -0.04287135 -0.04270641
v -0.02688282 -0.04285987 -0.04278885
v -0.02695074 -0.04287272 -0.04262123
v -0.02107101 -0.04733706 -0.04198386
v -0.02051279 -0.04719051 -0.04162683
v -0.02046668 -0.04727632 -0.04171691
v -0.02053051 -0.04724794 -0.04172535
v -0.02059233 -0.04721547 -0.04173499
v -0.02058051 -0.04718467 -0.04168714
v -0.02069509 -0.04710921 -0.04171044
v -0.02057215 -0.04715912 -0.04163692
v -0.02070965 -0.04713837 -0.04175779
v -0.02056540 -0.04712414 -0.04153385
v -0.02050709 -0.04715552 -0.04152323
v -0.02067551 -0.04704986 -0.04155894
v -0.02056718 -0.04713897 -0.04158547
v -0.02067816 -0.04706488 -0.04160994
v -0.02077486 -0.04696194 -0.04158850
v -0.02077857 -0.04697703 -0.04163881
v -0.02068461 -0.04708466 -0.04166079
v -0.02078659 -0.04699621 -0.04168896
v -0.02079913 -0.04701948 -0.04173796
v -0.02045145 -0.04721797 -0.04161797
v -0.02089056 -0.04691708 -0.04176916
v -0.02044672 -0.04718301 -0.04151390
v -0.02042278 -0.04738187 -0.04179452
v -0.02099669 -0.04726227 -0.04196922
v -0.02092550 -0.04718499 -0.04193040
v -0.02080440 -0.04729105 -0.04190404
v -0.02086359 -0.04711110 -0.04186758
v -0.02081625 -0.04704665 -0.04178475
v -0.02083784 -0.04707736 -0.04182828
v -0.02091002 -0.04694190 -0.04181533
v -0.02072820 -0.04717178 -0.04180175
v -0.02087604 -0.04689540 -0.04172087
v -0.02049244 -0.04735601 -0.04180154
v -0.02056026 -0.04732572 -0.04180975
v -0.02062593 -0.04729109 -0.04181912
v -0.02075048 -0.04720887 -0.04184131
v -0.02060754 -0.04725115 -0.04177933
v -0.02957072 -0.03398673 -0.04429762
v -0.02959733 -0.03380844 -0.04434731
v -0.02960329 -0.03381727 -0.04439280
v -0.02944594 -0.03435676 -0.04434952
v -0.02945421 -0.03436926 -0.04438593
v -0.02955357 -0.03421100 -0.04443926
v -0.02953603 -0.03419452 -0.04439253
v -0.02948211 -0.03439895 -0.04444346
v -0.02957617 -0.03422934 -0.04448414
v -0.02948133 -0.03439812 -0.04444185
v -0.02950146 -0.03441954 -0.04448336
v -0.02960365 -0.03424927 -0.04452628
v -0.02956817 -0.03447935 -0.04456227
v -0.02967167 -0.03429266 -0.04459915
v -0.02956582 -0.03447723 -0.04455948
v -0.02960327 -0.03450743 -0.04458607
v -0.02953482 -0.03444944 -0.04452281
v -0.02963566 -0.03427051 -0.04456486
v -0.02953631 -0.03445078 -0.04452458
v -0.02960554 -0.03450924 -0.04458761
v -0.02964088 -0.03453752 -0.04461159
v -0.02952355 -0.03418005 -0.04434482
v -0.02959865 -0.03401960 -0.04443771
v -0.02961798 -0.03403275 -0.04448359
v -0.02964242 -0.03404678 -0.04452773
v -0.02958445 -0.03400747 -0.04439091
v -0.02957523 -0.03399649 -0.04434398
v -0.02961392 -0.03382643 -0.04443884
v -0.02951296 -0.03415743 -0.04424976
v -0.02784434 -0.03298857 -0.04477159
v -0.02785630 -0.03299747 -0.04475026
v -0.02796920 -0.03282270 -0.04487638
v -0.02780137 -0.03295657 -0.04484819
v -0.02774829 -0.03291102 -0.04491020
v -0.02942821 -0.03431726 -0.04420479
v -0.02942883 -0.03432688 -0.04425301
v -0.02951596 -0.03416769 -0.04429698
v -0.02942884 -0.03432699 -0.04425360
v -0.02942912 -0.03433136 -0.04427553
v -0.02962945 -0.03383582 -0.04448475
v -0.02964999 -0.03384529 -0.04452978
v -0.02959872 -0.03363509 -0.04444204
v -0.02959153 -0.03362766 -0.04439737
v -0.02967548 -0.03385470 -0.04457318
v -0.02955301 -0.03345066 -0.04444607
v -0.02967175 -0.03406147 -0.04456928
v -0.02970561 -0.03407660 -0.04460749
v -0.02974346 -0.03409191 -0.04464167
v -0.02965054 -0.03454526 -0.04461815
v -0.02974388 -0.03461352 -0.04464783
v -0.02787768 -0.03300915 -0.04468921
v -0.02976292 -0.03462636 -0.04464817
v -0.02976639 -0.03462871 -0.04464823
v -0.02987379 -0.03413639 -0.04471543
v -0.02635813 -0.03954594 -0.04368099
v -0.02760579 -0.03770529 -0.04404967
v -0.02732551 -0.03746024 -0.04384568
v -0.02729096 -0.03741623 -0.04375161
v -0.02737856 -0.03751531 -0.04392769
v -0.02744678 -0.03757770 -0.04399105
v -0.02727541 -0.03738519 -0.04365316
v -0.02752463 -0.03764259 -0.04403185
v -0.02883835 -0.03954516 -0.04367899
v -0.02765283 -0.03773817 -0.04404087
v -0.02963736 -0.03844642 -0.04390431
v -0.02155292 -0.03562583 -0.04446779
v -0.02394209 -0.03616598 -0.04435783
v -0.02790118 -0.03301881 -0.04460487
v -0.02746332 -0.04143601 -0.04329124
v -0.02595405 -0.04011015 -0.04356868
v -0.02595405 -0.04011016 -0.04356868
v -0.02789516 -0.03301871 -0.04463928
v 0.02084939 -0.04716450 -0.04141459
v 0.02767602 -0.03738498 -0.04365296
v 0.02983572 -0.03434023 -0.04430177
v 0.02769157 -0.03741602 -0.04375141
v 0.02784358 -0.03713843 -0.04360252
v 0.02982821 -0.03430780 -0.04415824
v 0.02986099 -0.03437562 -0.04439847
v 0.02772612 -0.03746003 -0.04384547
v 0.02777917 -0.03751510 -0.04392749
v 0.02988271 -0.03439873 -0.04444325
v 0.02985613 -0.03426373 -0.04417112
v 0.02982881 -0.03431709 -0.04420486
v 0.02991400 -0.03415660 -0.04425002
v 0.02982943 -0.03432677 -0.04425338
v 0.02991707 -0.03416695 -0.04429752
v 0.02982971 -0.03433115 -0.04427531
v 0.02992479 -0.03417944 -0.04434565
v 0.02985481 -0.03436904 -0.04438571
v 0.02990872 -0.03414591 -0.04420540
v 0.02997202 -0.03398549 -0.04429799
v 0.02997661 -0.03399538 -0.04434462
v 0.02996552 -0.03397611 -0.04425399
v 0.02999815 -0.03380703 -0.04434771
v 0.02993746 -0.03419404 -0.04439363
v 0.02995526 -0.03421068 -0.04444060
v 0.02784739 -0.03757749 -0.04399085
v 0.02996877 -0.03447912 -0.04456205
v 0.03000614 -0.03450902 -0.04458740
v 0.02997818 -0.03422917 -0.04448566
v 0.02993691 -0.03445056 -0.04452436
v 0.02800640 -0.03770508 -0.04404947
v 0.03008492 -0.03456974 -0.04462867
v 0.03014448 -0.03461330 -0.04464761
v 0.02442225 -0.03622512 -0.04434337
v 0.02074325 -0.03956543 -0.04367381
v 0.02305710 -0.03739024 -0.04412109
v 0.02085301 -0.03967657 -0.04358957
v 0.02448164 -0.03628133 -0.04430945
v 0.02453914 -0.03633252 -0.04425997
v 0.02079899 -0.03962357 -0.04363929
v 0.02067965 -0.03949552 -0.04369404
v 0.02032074 -0.03716968 -0.04416493
v 0.03111158 -0.03695623 -0.04420716
v 0.02821991 -0.03756897 -0.04408544
v 0.03024345 -0.03468003 -0.04464938
v 0.02993690 -0.03445056 -0.04452436
v 0.02792524 -0.03764238 -0.04403165
v 0.02808217 -0.03775954 -0.04404581
v 0.03016700 -0.03462849 -0.04464801
v 0.03016699 -0.03462848 -0.04464801
v 0.03172529 -0.03603559 -0.04438565
v 0.02988271 -0.03439873 -0.04444325
v 0.02990206 -0.03441932 -0.04448314
v 0.03000614 -0.03450903 -0.04458740
v 0.03005114 -0.03454503 -0.04461792
v 0.03041101 -0.03434643 -0.04471286
v 0.03037210 -0.03416194 -0.04473969
v 0.03044750 -0.03418045 -0.04474426
v 0.03049121 -0.03398167 -0.04478187
v 0.03049121 -0.03398168 -0.04478187
v 0.03041101 -0.03434643 -0.04471286
v 0.03020090 -0.03436124 -0.04467269
v 0.03011462 -0.03431576 -0.04463014
v 0.03027862 -0.03413589 -0.04471668
v 0.03018865 -0.03410673 -0.04467292
v 0.03010875 -0.03407613 -0.04460925
v 0.03022386 -0.03388749 -0.04471754
v 0.03014294 -0.03387161 -0.04465381
v 0.03031448 -0.03390030 -0.04476247
v 0.03000419 -0.03381593 -0.04439348
v 0.02998597 -0.03400648 -0.04439182
v 0.03001496 -0.03382517 -0.04443978
v 0.03000038 -0.03401873 -0.04443888
v 0.03003070 -0.03383461 -0.04448594
v 0.02999203 -0.03362657 -0.04439767
v 0.02999932 -0.03363403 -0.04444261
v 0.03004475 -0.03404615 -0.04452931
v 0.03007732 -0.03385358 -0.04457479
v 0.03007447 -0.03406093 -0.04457098
v 0.03001999 -0.03403201 -0.04448499
v 0.03005151 -0.03384414 -0.04453121
v 0.03003844 -0.03427066 -0.04456654
v 0.03000603 -0.03424927 -0.04452792
v 0.03010793 -0.03386279 -0.04461591
v 0.03001112 -0.03364099 -0.04448806
v 0.02090240 -0.03972132 -0.04352603
v 0.03356379 -0.03404057 -0.04439810
v 0.03353628 -0.03403984 -0.04448483
v 0.03349437 -0.03402964 -0.04456868
v 0.03343920 -0.03400975 -0.04464471
v 0.03337344 -0.03398099 -0.04470851
v 0.03330093 -0.03394516 -0.04475697
v 0.03322592 -0.03390463 -0.04478878
v 0.03364098 -0.03393001 -0.04433226
v 0.03357482 -0.03403130 -0.04431298
v 0.03280455 -0.03441657 -0.04469953
v 0.03314075 -0.03385495 -0.04480404
v 0.03048469 -0.03364558 -0.04484510
v 0.02755143 -0.04259530 -0.04268083
v 0.02752414 -0.04259376 -0.04276600
v 0.03063688 -0.03838216 -0.04355641
v 0.02748366 -0.04258209 -0.04284844
v 0.03060983 -0.03837999 -0.04364213
v 0.02743110 -0.04256008 -0.04292349
v 0.03056939 -0.03836764 -0.04372507
v 0.02723013 -0.04244560 -0.04306879
v 0.02816490 -0.04102554 -0.04337745
v 0.03031449 -0.03822889 -0.04394558
v 0.03051668 -0.03834496 -0.04380048
v 0.02736895 -0.04252864 -0.04298695
v 0.03045421 -0.03831288 -0.04386411
v 0.03180870 -0.03608890 -0.04437003
v 0.03211041 -0.03623392 -0.04406631
v 0.03206935 -0.03622239 -0.04414966
v 0.03213766 -0.03623554 -0.04398012
v 0.03201559 -0.03620076 -0.04422536
v 0.03195172 -0.03616995 -0.04428907
v 0.03038551 -0.03827334 -0.04391292
v 0.03188140 -0.03613183 -0.04433774
v 0.03214314 -0.03622295 -0.04389561
v 0.02757877 -0.04259594 -0.04259144
v 0.02717245 -0.04240647 -0.04308150
v 0.03023134 -0.03817182 -0.04395931
v 0.02923688 -0.03954515 -0.04367929
v 0.02679273 -0.03954351 -0.04367488
v 0.02578055 -0.04073666 -0.04342917
v 0.02569918 -0.04067360 -0.04341178
v 0.02422366 -0.04309785 -0.04293585
v 0.02588032 -0.04080584 -0.04341241
v 0.02354679 -0.04375893 -0.04275294
v 0.02562114 -0.04060815 -0.04337126
v 0.02330508 -0.04353914 -0.04247365
v 0.02545023 -0.04041261 -0.04303321
v 0.02546546 -0.04044436 -0.04313181
v 0.02334075 -0.04358307 -0.04256746
v 0.02549982 -0.04048916 -0.04322600
v 0.02339562 -0.04363697 -0.04264923
v 0.02555283 -0.04054503 -0.04330803
v 0.02346621 -0.04369713 -0.04271235
v 0.02328909 -0.04350719 -0.04237546
v 0.02363081 -0.04381797 -0.04277057
v 0.02422366 -0.04309785 -0.04293585
v 0.02545905 -0.04039786 -0.04293184
v 0.02091794 -0.03986618 -0.04318693
v 0.02100040 -0.03978670 -0.04328606
v 0.02101154 -0.03978289 -0.04320365
v 0.02469443 -0.03643737 -0.04395444
v 0.02467075 -0.03642880 -0.04403923
v 0.02097751 -0.03977719 -0.04337010
v 0.02094454 -0.03975533 -0.04345156
v 0.02463615 -0.03640817 -0.04412134
v 0.02459160 -0.03637562 -0.04419629
v 0.02730067 -0.04248965 -0.04303584
v 0.03063267 -0.03836144 -0.04346870
v 0.03007497 -0.03365738 -0.04462072
v 0.02897805 -0.03268549 -0.04484268
v 0.02877538 -0.03270840 -0.04483755
v 0.02876226 -0.03265793 -0.04491205
v 0.02860125 -0.03280125 -0.04474242
v 0.02840290 -0.03286344 -0.04480268
v 0.02858189 -0.03276840 -0.04482408
v 0.02878576 -0.03274429 -0.04475622
v 0.02855732 -0.03272141 -0.04489878
v 0.02836768 -0.03282200 -0.04487771
v 0.02854343 -0.03269320 -0.04493226
v 0.02919103 -0.03264991 -0.04491372
v 0.02897690 -0.03263369 -0.04491711
v 0.02897624 -0.03260289 -0.04495055
v 0.02470139 -0.03642762 -0.04386641
v 0.02830176 -0.03301860 -0.04460467
v 0.02831633 -0.03301885 -0.04452136
v 0.02830167 -0.03301860 -0.04460518
v 0.02829575 -0.03301850 -0.04463907
v 0.02827826 -0.03300894 -0.04468900
v 0.02827791 -0.03300875 -0.04469002
v 0.02825689 -0.03299726 -0.04475006
v 0.02820196 -0.03295636 -0.04484798
v 0.02820068 -0.03295526 -0.04484948
v 0.02817395 -0.03293233 -0.04488070
v 0.02814888 -0.03291080 -0.04490999
v 0.02813410 -0.03289812 -0.04492725
v 0.02809179 -0.03285838 -0.04495811
v 0.02808969 -0.03285640 -0.04495964
v 0.02805719 -0.03282588 -0.04498333
v 0.02803335 -0.03280188 -0.04499202
v 0.02803086 -0.03279936 -0.04499292
v 0.02435872 -0.03616062 -0.04435713
v 0.02844957 -0.03290590 -0.04463560
v 0.02918027 -0.03270082 -0.04483924
v 0.02897898 -0.03272253 -0.04476148
v 0.02972127 -0.03296267 -0.04478025
v 0.02959250 -0.03279987 -0.04488235
v 0.02976420 -0.03292706 -0.04485563
v 0.02955928 -0.03284253 -0.04480739
v 0.02953323 -0.03287167 -0.04472532
v 0.02937703 -0.03275396 -0.04482732
v 0.02978868 -0.03290503 -0.04488921
v 0.02941209 -0.03267747 -0.04493545
v 0.02981472 -0.03288057 -0.04491946
v 0.02939942 -0.03270614 -0.04490198
v 0.02935935 -0.03278754 -0.04474574
v 0.02897963 -0.03274409 -0.04467772
v 0.02916569 -0.03275801 -0.04467411
v 0.02879313 -0.03276490 -0.04467233
v 0.02917174 -0.03273708 -0.04475796
v 0.02861487 -0.03281943 -0.04465814
v 0.02843045 -0.03289154 -0.04472049
v 0.02079326 -0.03598857 -0.04391539
v 0.03024537 -0.03316842 -0.04492722
v 0.03016673 -0.03320500 -0.04489645
v 0.02987001 -0.03282589 -0.04496877
v 0.02992701 -0.03276633 -0.04500223
v 0.02945397 -0.03257719 -0.04501595
v 0.02942553 -0.03264613 -0.04496580
v 0.02948324 -0.03250319 -0.04505104
v 0.02112234 -0.03642760 -0.04430879
v 0.02134604 -0.03546885 -0.04391715
v 0.02078756 -0.03596305 -0.04381857
v 0.02846192 -0.03290936 -0.04455153
v 0.02848368 -0.03289299 -0.04455604
v 0.02934690 -0.03280630 -0.04466156
v 0.02999039 -0.03346266 -0.04457968
v 0.02990404 -0.03328738 -0.04457958
v 0.02992011 -0.03328689 -0.04462341
v 0.03039940 -0.03365453 -0.04483585
v 0.03038753 -0.03327839 -0.04491378
v 0.03014008 -0.03366336 -0.04469885
v 0.03021945 -0.03366476 -0.04476263
v 0.03030784 -0.03366162 -0.04480866
v 0.03009919 -0.03345796 -0.04474297
v 0.03017453 -0.03344552 -0.04480677
v 0.03003672 -0.03346373 -0.04466565
v 0.02996376 -0.03327916 -0.04470814
v 0.03002155 -0.03326231 -0.04478470
v 0.03009059 -0.03323705 -0.04484853
v 0.03001141 -0.03346403 -0.04462341
v 0.02996142 -0.03345538 -0.04449049
v 0.02988332 -0.03328225 -0.04449212
v 0.02989181 -0.03328578 -0.04453563
v 0.03002764 -0.03364729 -0.04453337
v 0.03004895 -0.03365279 -0.04457784
v 0.02997701 -0.03354827 -0.04437354
v 0.02995329 -0.03344976 -0.04444631
v 0.02996272 -0.03350574 -0.04438536
v 0.02994234 -0.03344508 -0.04440223
v 0.02990060 -0.03332084 -0.04443677
v 0.02987394 -0.03327952 -0.04444833
v 0.02997374 -0.03345974 -0.04453516
v 0.02978369 -0.03312971 -0.04453360
v 0.02977592 -0.03312755 -0.04449085
v 0.02961079 -0.03296071 -0.04453744
v 0.02954473 -0.03292150 -0.04454822
v 0.02951511 -0.03288686 -0.04464056
v 0.02939775 -0.03283425 -0.04457219
v 0.02933788 -0.03281648 -0.04457712
v 0.02916260 -0.03276444 -0.04459153
v 0.02916210 -0.03276442 -0.04459154
v 0.02870089 -0.03279583 -0.04458279
v 0.02862558 -0.03282952 -0.04457352
v 0.02981816 -0.03312611 -0.04466308
v 0.02966514 -0.03299634 -0.04461194
v 0.02968793 -0.03298584 -0.04469747
v 0.02980341 -0.03312991 -0.04461987
v 0.02979195 -0.03313105 -0.04457652
v 0.02985743 -0.03311020 -0.04474675
v 0.02990863 -0.03308329 -0.04482267
v 0.02996930 -0.03304658 -0.04488650
v 0.02973272 -0.03307770 -0.04450478
v 0.02373923 -0.04388575 -0.04276086
v 0.01650235 -0.05005194 -0.03904343
v 0.02253318 -0.05005192 -0.04135959
v 0.01650033 -0.05005194 -0.03904538
v 0.01650042 -0.05005194 -0.03904533
v 0.01649961 -0.05005194 -0.03904343
v 0.01649947 -0.05005194 -0.03904343
v 0.01649931 -0.05005194 -0.03904343
v 0.01649916 -0.05005194 -0.03904343
v 0.01649907 -0.05005194 -0.03904343
v 0.01649972 -0.05005194 -0.03904343
v 0.01756263 -0.05005193 -0.04135976
v 0.01723026 -0.05005193 -0.04136012
v 0.01629387 -0.05005194 -0.04136030
v 0.00944289 -0.04338123 -0.04226128
v 0.01242941 -0.04542180 -0.04200529
v 0.01488034 -0.04416579 -0.04228684
v 0.00599328 -0.04446343 -0.04201931
v 0.02303082 -0.05005191 -0.04089574
v 0.02302021 -0.05005191 -0.04092723
v 0.02347440 -0.04909092 -0.04121349
v 0.02303107 -0.05005191 -0.04098268
v 0.02302041 -0.05005191 -0.04101942
v 0.02300483 -0.05005191 -0.04107014
v 0.02344530 -0.04909611 -0.04129918
v 0.02298624 -0.05005191 -0.04110482
v 0.02295962 -0.05005191 -0.04115287
v 0.02340122 -0.04909303 -0.04138204
v 0.02293332 -0.05005191 -0.04118364
v 0.02289641 -0.05005191 -0.04122584
v 0.02334337 -0.04908116 -0.04145725
v 0.02286330 -0.05005191 -0.04125106
v 0.02281817 -0.05005191 -0.04128477
v 0.02327454 -0.04906091 -0.04152046
v 0.02277979 -0.05005191 -0.04130319
v 0.02272952 -0.05005191 -0.04132688
v 0.02319869 -0.04903358 -0.04156863
v 0.02268781 -0.05005191 -0.04133786
v 0.02263582 -0.05005191 -0.04135129
v 0.02312024 -0.04900112 -0.04160045
v 0.02255719 -0.05005192 -0.04135762
v 0.02306110 -0.04897362 -0.04161288
v 0.02012265 -0.05005192 -0.04135865
v 0.01979458 -0.05005193 -0.04135902
v 0.02467341 -0.04687147 -0.04181633
v 0.02463069 -0.04686473 -0.04189891
v 0.02457494 -0.04684852 -0.04197398
v 0.02450882 -0.04682346 -0.04203729
v 0.02443609 -0.04679109 -0.04208579
v 0.02470193 -0.04686911 -0.04173096
v -0.01609967 -0.05005189 -0.03904357
v 0.01854868 -0.04176722 -0.04279482
v 0.01703445 -0.04282779 -0.04257134
v 0.01204729 -0.04588519 -0.04185043
v 0.01209490 -0.04579696 -0.04187995
v 0.01678365 -0.03933358 -0.04313613
v 0.01458686 -0.04086409 -0.04281197
v 0.01464340 -0.04082514 -0.04282024
v 0.01218058 -0.04565169 -0.04192851
v 0.01227927 -0.04554005 -0.04196571
v 0.02330296 -0.04349500 -0.04227676
v 0.02118983 -0.04693245 -0.04149453
v 0.02100481 -0.04708799 -0.04144092
v 0.01297821 -0.04725043 -0.04138493
v 0.01280627 -0.04723222 -0.04139136
v 0.01276887 -0.04722827 -0.04139276
v 0.01264196 -0.04718456 -0.04140786
v 0.01254098 -0.04714978 -0.04141988
v 0.01248672 -0.04711459 -0.04143193
v 0.01233539 -0.04701645 -0.04146557
v 0.01222566 -0.04689776 -0.04150665
v 0.01216425 -0.04683135 -0.04152963
v 0.01212590 -0.04676207 -0.04155326
v 0.01205377 -0.04663175 -0.04159771
v 0.01200604 -0.04644879 -0.04165970
v 0.01198529 -0.04636928 -0.04168663
v 0.01198510 -0.04628300 -0.04171584
v 0.01203063 -0.04595205 -0.04182783
v 0.01212755 -0.04573644 -0.04190019
v 0.02059373 -0.04724094 -0.04138822
v 0.02059104 -0.04724158 -0.04138800
v 0.02078912 -0.04719417 -0.04140439
v 0.02072403 -0.04720975 -0.04139900
v 0.02087948 -0.04731342 -0.04176139
v 0.02075260 -0.04740308 -0.04178847
v 0.02074301 -0.04735920 -0.04174835
v 0.02089362 -0.04735562 -0.04180137
v 0.02107226 -0.04737961 -0.04188169
v 0.02092818 -0.04745070 -0.04186393
v 0.02102748 -0.04729035 -0.04181905
v 0.02099385 -0.04721479 -0.04173492
v 0.02100908 -0.04725043 -0.04177926
v 0.02112920 -0.04717118 -0.04180165
v 0.02111065 -0.04713780 -0.04175769
v 0.02147170 -0.04733608 -0.04198387
v 0.02117840 -0.04756830 -0.04193035
v 0.02126762 -0.04737725 -0.04194183
v 0.02120540 -0.04729037 -0.04190394
v 0.02139743 -0.04726136 -0.04196918
v 0.02112413 -0.04747488 -0.04191875
v 0.02132630 -0.04718414 -0.04193035
v 0.02115149 -0.04720825 -0.04184121
v 0.02121709 -0.04704592 -0.04178469
v 0.02131113 -0.04694087 -0.04181537
v 0.02123867 -0.04707661 -0.04182821
v 0.02119995 -0.04701878 -0.04173791
v 0.02129167 -0.04691607 -0.04176921
v 0.02126441 -0.04711032 -0.04186752
v 0.02136411 -0.04699841 -0.04189744
v 0.02139353 -0.04682528 -0.04184717
v 0.02127714 -0.04689441 -0.04172093
v 0.02136408 -0.04679618 -0.04179002
v 0.02102286 -0.04708827 -0.04154575
v 0.02108560 -0.04708412 -0.04166071
v 0.02103077 -0.04712318 -0.04164821
v 0.02109608 -0.04710865 -0.04171035
v 0.02143875 -0.04749745 -0.04195603
v 0.02153253 -0.04739401 -0.04197970
v 0.02168373 -0.04722721 -0.04201786
v 0.02177519 -0.04708015 -0.04205142
v 0.02168373 -0.04722721 -0.04201786
v 0.02169450 -0.04703584 -0.04205023
v 0.02169427 -0.04703571 -0.04205023
v 0.02167042 -0.04702262 -0.04204988
v 0.02151117 -0.04712958 -0.04200023
v 0.02160760 -0.04698408 -0.04203124
v 0.02143269 -0.04706300 -0.04196037
v 0.02145090 -0.04687499 -0.04192785
v 0.02152419 -0.04692925 -0.04199040
v 0.02152404 -0.04692915 -0.04199030
v 0.02157164 -0.04696203 -0.04202057
v 0.02141396 -0.04684547 -0.04188681
v 0.02145081 -0.04687491 -0.04192774
v 0.02148449 -0.04690183 -0.04196516
v 0.02139358 -0.04682533 -0.04184727
v 0.02594805 -0.04468048 -0.04246113
v 0.02588425 -0.04465166 -0.04252451
v 0.02581414 -0.04461539 -0.04257325
v 0.02574168 -0.04457402 -0.04260602
v 0.02609159 -0.04391042 -0.04275918
v 0.02600196 -0.04470009 -0.04238610
v 0.02568214 -0.04453700 -0.04262014
v 0.02133769 -0.04675676 -0.04168030
v 0.02133742 -0.04675164 -0.04165848
v 0.02126255 -0.04686113 -0.04162200
v 0.02133742 -0.04675165 -0.04165851
v 0.02097364 -0.04715848 -0.04163688
v 0.02463341 -0.04614188 -0.04226401
v 0.02123389 -0.04694643 -0.04170449
v 0.02083220 -0.04771556 -0.04189633
v 0.02080351 -0.04760969 -0.04188680
v 0.02096833 -0.04755282 -0.04190028
v 0.02607128 -0.04470962 -0.04221846
v 0.02604341 -0.04470972 -0.04230366
v 0.02084788 -0.04718273 -0.04151377
v 0.02339263 -0.04829645 -0.04177196
v 0.02430030 -0.04672032 -0.04213191
v 0.02436090 -0.04675361 -0.04211818
v 0.02115292 -0.04769191 -0.04191141
v 0.01926224 -0.05005193 -0.04135891
v 0.02143875 -0.04749745 -0.04195604
v 0.01917054 -0.05005193 -0.04135905
v 0.02081541 -0.04781947 -0.04188208
v 0.02122396 -0.04764358 -0.04192250
v 0.02085683 -0.04780381 -0.04188567
v 0.02077612 -0.04750247 -0.04185097
v 0.02122073 -0.04691261 -0.04160480
v 0.02117563 -0.04696128 -0.04158850
v 0.02107647 -0.04704934 -0.04155889
v 0.02096688 -0.04712351 -0.04153384
v 0.02096866 -0.04713833 -0.04158544
v 0.02113789 -0.04704150 -0.04167431
v 0.02112747 -0.04700693 -0.04157316
v 0.02118740 -0.04699553 -0.04168893
v 0.02072201 -0.04722594 -0.04149907
v 0.02084900 -0.04719730 -0.04156587
v 0.02085260 -0.04721765 -0.04161781
v 0.02072496 -0.04726073 -0.04160388
v 0.02072263 -0.04724026 -0.04155156
v 0.02086784 -0.04727597 -0.04171674
v 0.02073514 -0.04732045 -0.04170347
v 0.02085886 -0.04724392 -0.04166849
v 0.02098201 -0.04718401 -0.04168709
v 0.02072912 -0.04728750 -0.04165492
v 0.00337622 -0.04553611 -0.04239996
v 0.00268668 -0.04563306 -0.04237831
v 0.00336600 -0.04545496 -0.04240755
v 0.00331465 -0.04496057 -0.04200898
v 0.00489253 -0.04474410 -0.04216999
v 0.00331600 -0.04499455 -0.04211332
v 0.00489962 -0.04480316 -0.04226911
v 0.00332071 -0.04505395 -0.04221261
v 0.00491174 -0.04488543 -0.04235402
v 0.00332882 -0.04513693 -0.04229763
v 0.00333977 -0.04523744 -0.04236053
v 0.00174109 -0.04528640 -0.04226402
v 0.00173480 -0.04514338 -0.04207955
v 0.00173711 -0.04520298 -0.04217894
v 0.00474824 -0.04534319 -0.04244303
v 0.00496727 -0.04520002 -0.04246436
v 0.00335256 -0.04534655 -0.04239709
v 0.00494721 -0.04509285 -0.04245367
v 0.00492811 -0.04498492 -0.04241696
v 0.00175275 -0.04549736 -0.04236339
v 0.00174647 -0.04538752 -0.04232691
v 0.00173415 -0.04510941 -0.04197509
v 0.00175935 -0.04560651 -0.04237368
v 0.00176449 -0.04568685 -0.04236628
v 0.00681940 -0.04487947 -0.04254604
v 0.00653794 -0.04484912 -0.04254227
v 0.00890643 -0.04423707 -0.04268769
v 0.00651165 -0.04474356 -0.04253123
v 0.00959111 -0.04388119 -0.04275527
v 0.00648662 -0.04463722 -0.04249433
v 0.00955374 -0.04377977 -0.04274340
v 0.00646515 -0.04453907 -0.04243137
v 0.00951812 -0.04367745 -0.04270599
v 0.00944664 -0.04341256 -0.04235693
v 0.00643986 -0.04439916 -0.04224768
v 0.00643705 -0.04436515 -0.04214380
v 0.00945101 -0.04344653 -0.04246016
v 0.00644921 -0.04445775 -0.04234657
v 0.00946462 -0.04350389 -0.04255847
v 0.00489047 -0.04471011 -0.04206584
v 0.00498466 -0.04529026 -0.04245479
v 0.01906381 -0.04136650 -0.04296028
v 0.01685859 -0.04265962 -0.04300141
v 0.01887381 -0.04119533 -0.04331243
v 0.01892453 -0.04125030 -0.04326253
v 0.01882150 -0.04113517 -0.04334738
v 0.01811924 -0.04156714 -0.04326331
v 0.01875919 -0.04105971 -0.04336942
v 0.01904193 -0.04135584 -0.04304384
v 0.01901070 -0.04133256 -0.04312487
v 0.01897097 -0.04129689 -0.04319907
v 0.02023239 -0.03989156 -0.04361371
v 0.01744908 -0.03954678 -0.04368420
v 0.01698342 -0.04280393 -0.04281401
v 0.01694709 -0.04276608 -0.04288789
v 0.01690475 -0.04271710 -0.04295129
v 0.01681100 -0.04259688 -0.04303686
v 0.01675546 -0.04252011 -0.04305978
v 0.01624659 -0.04287568 -0.04298383
v 0.01490503 -0.04134069 -0.04331078
v 0.01701215 -0.04282912 -0.04273346
v 0.01180162 -0.04542865 -0.04242394
v 0.00961998 -0.04395688 -0.04274887
v 0.01101534 -0.04340896 -0.04286850
v 0.01237977 -0.04223006 -0.04283507
v 0.00948749 -0.04358275 -0.04264295
v 0.01240838 -0.04230539 -0.04291842
v 0.01237975 -0.04223003 -0.04283501
v 0.01235607 -0.04213993 -0.04263691
v 0.01703246 -0.04284133 -0.04265042
v 0.01235535 -0.04214379 -0.04266161
v 0.01250492 -0.04524269 -0.04234974
v 0.01247426 -0.04518656 -0.04241140
v 0.01480192 -0.04409447 -0.04260135
v 0.01246558 -0.04517065 -0.04242887
v 0.01476504 -0.04404268 -0.04266468
v 0.01244154 -0.04512302 -0.04246085
v 0.01242152 -0.04508334 -0.04248750
v 0.01472490 -0.04398225 -0.04271505
v 0.01264058 -0.04486660 -0.04254886
v 0.01468355 -0.04391650 -0.04275104
v 0.01240812 -0.04505506 -0.04249761
v 0.01195655 -0.04527539 -0.04245807
v 0.01206168 -0.04517139 -0.04248123
v 0.01235607 -0.04213993 -0.04263693
v 0.01485897 -0.04416234 -0.04244775
v 0.01483369 -0.04413491 -0.04252780
v 0.01442234 -0.04397091 -0.04274601
v 0.01463820 -0.04384132 -0.04277415
v 0.01253032 -0.04528401 -0.04227530
v 0.01258199 -0.04267700 -0.04302661
v 0.01253751 -0.04529572 -0.04225421
v 0.01206529 -0.04537930 -0.04240536
v 0.01200656 -0.04532475 -0.04243999
v 0.01198325 -0.04559006 -0.04231705
v 0.01212222 -0.04542859 -0.04235569
v 0.01179901 -0.04574390 -0.04232154
v 0.01165052 -0.04567873 -0.04236803
v 0.01237505 -0.04498530 -0.04252256
v 0.01175921 -0.04617440 -0.04217613
v 0.01167182 -0.04617292 -0.04222231
v 0.01179958 -0.04596910 -0.04222585
v 0.01158112 -0.04616690 -0.04225014
v 0.01172059 -0.04571075 -0.04235325
v 0.01149795 -0.04615747 -0.04226054
v 0.01150015 -0.04610635 -0.04227207
v 0.01160839 -0.04574845 -0.04235244
v 0.01487705 -0.04417643 -0.04236528
v 0.01256166 -0.04532697 -0.04214725
v 0.01256583 -0.04532924 -0.04211470
v 0.00656123 -0.04493727 -0.04253319
v 0.01247403 -0.04776322 -0.04189505
v 0.01617905 -0.05005194 -0.04136029
v 0.01439915 -0.04167247 -0.04324102
v 0.01253682 -0.04258773 -0.04303295
v 0.01247255 -0.04245411 -0.04301122
v 0.01252549 -0.04256535 -0.04303453
v 0.01253676 -0.04258762 -0.04303296
v 0.01244642 -0.04239519 -0.04298109
v 0.01244638 -0.04239510 -0.04298104
v 0.01242649 -0.04235027 -0.04295812
v 0.01239021 -0.04226038 -0.04287860
v 0.01240835 -0.04230533 -0.04291837
v 0.01236599 -0.04219008 -0.04277765
v 0.01612726 -0.04053906 -0.04347931
v 0.01464122 -0.04084202 -0.04291796
v 0.01678363 -0.03935327 -0.04323288
v 0.01679287 -0.03938636 -0.04333363
v -0.02179824 -0.06480916 -0.03162453
v -0.01609843 -0.05005206 -0.03904355
v -0.01609906 -0.05005206 -0.03904355
v -0.01609895 -0.05005206 -0.03904355
v -0.01609881 -0.05005206 -0.03904355
v -0.01609866 -0.05005206 -0.03904355
v -0.01609852 -0.05005206 -0.03904355
v 0.01882319 -0.03772157 -0.04356877
v 0.01883366 -0.03775413 -0.04366891
v 0.01885988 -0.03780442 -0.04376453
v 0.01890165 -0.03787058 -0.04384755
v 0.01681701 -0.03943829 -0.04342979
v 0.02062198 -0.03954658 -0.04368369
v 0.01913553 -0.03817067 -0.04396332
v 0.01796267 -0.03916123 -0.04376382
v 0.01908522 -0.03811183 -0.04396672
v 0.01696606 -0.03967481 -0.04361576
v 0.01901929 -0.03803059 -0.04395081
v 0.01690703 -0.03958823 -0.04357645
v 0.01895632 -0.03794805 -0.04391099
v 0.01702791 -0.03976014 -0.04363082
v 0.01485937 -0.04126943 -0.04331601
v 0.01480374 -0.04117884 -0.04330199
v 0.01470482 -0.04100154 -0.04320004
v 0.01475068 -0.04108709 -0.04326329
v 0.01685589 -0.03950718 -0.04351310
v 0.01707777 -0.03982552 -0.04362665
v 0.01464893 -0.04087552 -0.04301951
v 0.01467016 -0.04092932 -0.04311636
v 0.01228729 -0.04529317 -0.04238799
v 0.01232897 -0.04534195 -0.04232471
v 0.02060261 -0.04738685 -0.04174046
v 0.02045853 -0.04744399 -0.04177481
v 0.02045853 -0.04739151 -0.04173304
v 0.02045853 -0.04726355 -0.04148681
v 0.02045853 -0.04726679 -0.04151186
v 0.01297821 -0.04726681 -0.04151188
v 0.02045853 -0.04729894 -0.04159121
v 0.01297821 -0.04729843 -0.04158989
v 0.02045853 -0.04731487 -0.04163050
v 0.01297821 -0.04731490 -0.04163053
v 0.02045853 -0.04735958 -0.04169032
v 0.01297821 -0.04735825 -0.04168852
v 0.01297821 -0.04739154 -0.04173306
v 0.01297821 -0.04744162 -0.04177293
v 0.01297821 -0.04725681 -0.04143438
v 0.01280743 -0.04723807 -0.04144002
v 0.01264226 -0.04719457 -0.04145499
v 0.01248699 -0.04712405 -0.04147921
v 0.01297821 -0.04726349 -0.04148616
v 0.02060748 -0.04743176 -0.04178066
v 0.02059208 -0.04725211 -0.04149016
v 0.02059236 -0.04726625 -0.04154288
v 0.02059351 -0.04728677 -0.04159543
v 0.02059863 -0.04734731 -0.04169543
v 0.02059559 -0.04731382 -0.04164669
v 0.01264246 -0.04721765 -0.04155805
v 0.01263947 -0.04723785 -0.04160984
v 0.01248184 -0.04716821 -0.04163232
v 0.01248652 -0.04714825 -0.04158111
v 0.01233740 -0.04707298 -0.04166286
v 0.01247393 -0.04719357 -0.04168234
v 0.01280371 -0.04730717 -0.04164692
v 0.01262664 -0.04729615 -0.04170860
v 0.01263421 -0.04726405 -0.04166042
v 0.01246272 -0.04722421 -0.04173004
v 0.01244826 -0.04725976 -0.04177431
v 0.01232685 -0.04709708 -0.04171215
v 0.01231218 -0.04712566 -0.04175922
v 0.01234582 -0.04702819 -0.04151202
v 0.01248814 -0.04713362 -0.04152976
v 0.01234663 -0.04703864 -0.04156184
v 0.01234393 -0.04705351 -0.04161242
v 0.01222354 -0.04691016 -0.04155227
v 0.01222349 -0.04692139 -0.04160122
v 0.01212327 -0.04677360 -0.04159862
v 0.01221938 -0.04693628 -0.04165090
v 0.01280631 -0.04728052 -0.04159600
v 0.01279990 -0.04734013 -0.04169543
v 0.01261678 -0.04733377 -0.04175325
v 0.01255069 -0.04531277 -0.04219587
v 0.01280808 -0.04724624 -0.04149149
v 0.01280774 -0.04726026 -0.04154381
v 0.01264333 -0.04720334 -0.04150611
v 0.01279490 -0.04737902 -0.04174030
v 0.01221085 -0.04695493 -0.04170043
v 0.01208782 -0.04744330 -0.04195830
v 0.01824432 -0.05005193 -0.04135853
v 0.01801315 -0.05005193 -0.04135904
v 0.01794971 -0.05005193 -0.04135908
v 0.01788243 -0.05005193 -0.04135923
v 0.01763959 -0.05005193 -0.04135963
v 0.01731386 -0.05005193 -0.04136002
v 0.01701046 -0.05005194 -0.04136025
v 0.01693037 -0.05005194 -0.04136030
v 0.01618445 -0.05005194 -0.04136031
v 0.01620759 -0.05005194 -0.04136032
v 0.02045853 -0.04786260 -0.04187215
v 0.02846533 -0.03252134 -0.04504769
v 0.02897555 -0.03256933 -0.04498092
v 0.02897408 -0.03249581 -0.04503133
v 0.02897257 -0.03241719 -0.04506695
v 0.02849746 -0.03259436 -0.04501270
v 0.02852868 -0.03266233 -0.04496261
v 0.02045853 -0.04776573 -0.04188167
v 0.02045853 -0.04754601 -0.04183673
v 0.01297821 -0.04760882 -0.04186446
v 0.01297821 -0.04759640 -0.04185898
v 0.02045853 -0.04749167 -0.04181276
v 0.01297821 -0.04754257 -0.04183523
v 0.01297821 -0.04749170 -0.04181278
v 0.01263759 -0.04782353 -0.04188118
v 0.01297821 -0.04786263 -0.04187218
v 0.01250507 -0.04767874 -0.04190393
v 0.01297821 -0.04776104 -0.04188216
v 0.01297821 -0.04773523 -0.04188470
v 0.01278169 -0.04747175 -0.04181504
v 0.01277375 -0.04752361 -0.04184329
v 0.01254108 -0.04757618 -0.04189296
v 0.01255863 -0.04752394 -0.04187790
v 0.01257537 -0.04747246 -0.04185614
v 0.01259087 -0.04742287 -0.04182781
v 0.01238808 -0.04738901 -0.04187704
v 0.01215376 -0.04736012 -0.04194417
v 0.02045853 -0.04765639 -0.04187205
v 0.02045853 -0.04773520 -0.04188467
v 0.02063340 -0.04764413 -0.04187863
v 0.02045853 -0.04760880 -0.04186443
v 0.02061945 -0.04753378 -0.04184313
v 0.01219770 -0.04697733 -0.04174886
v 0.01175376 -0.04638279 -0.04212545
v 0.01166390 -0.04639593 -0.04217047
v 0.01159989 -0.04664152 -0.04214221
v 0.01198441 -0.04612428 -0.04181600
v 0.01201982 -0.04595871 -0.04187070
v 0.01197705 -0.04613317 -0.04186021
v 0.01201145 -0.04596578 -0.04191409
v 0.01196524 -0.04614158 -0.04190493
v 0.01194880 -0.04614933 -0.04194952
v 0.01198227 -0.04597622 -0.04200167
v 0.01199898 -0.04597168 -0.04195794
v 0.01192768 -0.04615627 -0.04199330
v 0.01193610 -0.04598065 -0.04208621
v 0.01207421 -0.04580541 -0.04196537
v 0.01208311 -0.04580043 -0.04192273
v 0.01204531 -0.04580982 -0.04205140
v 0.01178330 -0.04658884 -0.04207509
v 0.01173925 -0.04660338 -0.04209955
v 0.01192649 -0.04652727 -0.04193257
v 0.01186849 -0.04635623 -0.04202457
v 0.01189876 -0.04634607 -0.04198392
v 0.01189697 -0.04654265 -0.04197384
v 0.01183386 -0.04636585 -0.04206211
v 0.01196045 -0.04631401 -0.04185071
v 0.01194487 -0.04632478 -0.04189623
v 0.01192429 -0.04633552 -0.04194089
v 0.01190193 -0.04616224 -0.04203557
v 0.01186050 -0.04702785 -0.04202256
v 0.01177496 -0.04708335 -0.04204111
v 0.01169345 -0.04661711 -0.04211887
v 0.01190229 -0.04699875 -0.04200486
v 0.01194234 -0.04696939 -0.04198142
v 0.01188696 -0.04676384 -0.04199747
v 0.01182477 -0.04657370 -0.04204572
v 0.01186289 -0.04655822 -0.04201179
v 0.01183761 -0.04617082 -0.04211277
v 0.01216379 -0.04565759 -0.04201235
v 0.01241344 -0.04541683 -0.04208830
v 0.01239322 -0.04540469 -0.04217093
v 0.01236480 -0.04537964 -0.04225110
v 0.01227810 -0.04552659 -0.04205376
v 0.01225374 -0.04551938 -0.04213730
v 0.01221883 -0.04550039 -0.04221828
v 0.01217432 -0.04546972 -0.04229238
v 0.01204448 -0.04562188 -0.04225372
v 0.01187484 -0.04577203 -0.04227336
v 0.01187416 -0.04597830 -0.04216249
v 0.01200138 -0.04580590 -0.04213456
v 0.01194362 -0.04579315 -0.04221001
v 0.01213651 -0.04565601 -0.04209702
v 0.01209637 -0.04564417 -0.04217901
v 0.01195105 -0.04651231 -0.04188872
v 0.01197046 -0.04649801 -0.04184314
v 0.01218594 -0.04731740 -0.04192799
v 0.01221667 -0.04727499 -0.04190552
v 0.01224525 -0.04723378 -0.04187690
v 0.01210032 -0.04709833 -0.04191185
v 0.01213077 -0.04706430 -0.04187756
v 0.01217986 -0.04700326 -0.04179519
v 0.01229349 -0.04715835 -0.04180301
v 0.01215745 -0.04703241 -0.04183841
v 0.01204397 -0.04688521 -0.04187947
v 0.01201390 -0.04691208 -0.04191824
v 0.01209010 -0.04683745 -0.04179137
v 0.01206949 -0.04686020 -0.04183688
v 0.01210567 -0.04681728 -0.04174386
v 0.01195619 -0.04672047 -0.04192505
v 0.01227104 -0.04719462 -0.04184251
v 0.01197980 -0.04694032 -0.04195242
v 0.01243076 -0.04729962 -0.04181412
v 0.01212199 -0.04678532 -0.04164663
v 0.01211624 -0.04679987 -0.04169531
v 0.01278880 -0.04742320 -0.04178049
v 0.01260478 -0.04737630 -0.04179328
v 0.01241055 -0.04734301 -0.04184858
v 0.01203721 -0.04664791 -0.04174436
v 0.01198470 -0.04648455 -0.04179664
v 0.01202469 -0.04666358 -0.04179189
v 0.01200700 -0.04668104 -0.04183843
v 0.01198410 -0.04670010 -0.04188312
v 0.01192363 -0.04674185 -0.04196341
v 0.01199836 -0.04646075 -0.04170395
v 0.01199391 -0.04647210 -0.04175001
v 0.01197114 -0.04630337 -0.04180507
v 0.01197717 -0.04629302 -0.04175996
v 0.01204472 -0.04663416 -0.04169671
v 0.01204753 -0.04662237 -0.04164968
f 1 2 3
f 4 5 6
f 7 8 9
f 8 10 9
f 4 11 12
f 4 13 8
f 4 12 13
f 14 15 16
f 17 18 19
f 18 20 21
f 22 23 24
f 24 25 26
f 26 27 28
f 28 29 30
f 31 32 33
f 31 34 32
f 35 36 37
f 35 37 38
f 35 38 39
f 35 39 40
f 10 41 9
f 10 42 41
f 10 43 42
f 42 43 44
f 43 45 36
f 43 36 44
f 36 45 37
f 8 46 10
f 4 8 5
f 10 47 43
f 7 5 8
f 48 49 50
f 51 52 53
f 54 55 56
f 56 55 57
f 48 58 59
f 60 53 61
f 35 61 62
f 53 63 61
f 61 63 64
f 31 49 48
f 35 6 5
f 35 7 9
f 35 5 7
f 31 65 49
f 31 33 65
f 35 44 36
f 35 9 41
f 35 41 42
f 35 42 44
f 48 50 58
f 35 62 6
f 61 66 62
f 61 64 66
f 63 67 64
f 4 6 62
f 4 62 66
f 4 66 11
f 11 66 64
f 58 50 68
f 69 70 52
f 10 46 47
f 49 46 50
f 71 72 73
f 71 73 74
f 59 58 75
f 76 77 78
f 77 79 80
f 79 81 82
f 81 83 84
f 85 86 83
f 85 87 88
f 89 90 87
f 89 91 92
f 91 59 93
f 53 94 63
f 95 96 54
f 76 97 95
f 57 98 99
f 99 100 101
f 101 102 103
f 103 104 70
f 70 105 52
f 52 106 53
f 54 107 55
f 57 55 108
f 63 94 109
f 59 75 110
f 76 78 97
f 79 82 80
f 111 71 74
f 8 13 46
f 111 74 112
f 113 114 115
f 49 47 46
f 50 46 13
f 43 47 116
f 43 116 45
f 45 116 117
f 49 65 47
f 65 116 47
f 65 33 116
f 33 117 116
f 45 38 37
f 45 118 38
f 118 39 38
f 118 119 39
f 45 117 118
f 118 117 119
f 119 40 39
f 119 120 40
f 119 113 120
f 113 121 120
f 113 122 121
f 119 114 113
f 119 117 114
f 33 32 117
f 32 114 117
f 32 34 114
f 34 112 114
f 114 112 115
f 34 111 112
f 123 103 70
f 124 101 103
f 125 99 101
f 126 127 128
f 126 128 129
f 126 129 130
f 129 131 130
f 132 133 134
f 132 135 133
f 132 136 135
f 137 138 139
f 136 140 141
f 140 139 141
f 138 142 143
f 144 143 145
f 138 143 144
f 146 147 148
f 146 149 147
f 143 150 145
f 143 151 150
f 148 151 143
f 146 148 143
f 146 130 149
f 149 130 152
f 130 153 152
f 131 153 130
f 131 31 153
f 153 31 48
f 154 155 156
f 156 155 157
f 158 159 127
f 156 157 160
f 161 159 162
f 163 158 126
f 164 165 166
f 166 167 168
f 166 165 167
f 167 162 168
f 169 168 170
f 170 168 171
f 171 163 142
f 163 146 143
f 171 162 158
f 168 162 171
f 171 158 163
f 163 126 146
f 170 171 142
f 163 143 142
f 172 173 174
f 175 173 172
f 173 176 174
f 172 174 177
f 172 178 165
f 172 177 178
f 165 178 179
f 165 179 167
f 167 179 180
f 167 161 162
f 167 180 161
f 162 159 158
f 158 127 126
f 146 126 130
f 181 182 155
f 181 183 182
f 182 183 155
f 153 48 59
f 136 79 77
f 135 77 76
f 138 83 81
f 141 81 79
f 145 85 83
f 150 87 85
f 148 89 87
f 147 91 89
f 152 59 91
f 133 76 134
f 134 95 184
f 184 54 185
f 185 56 186
f 187 99 125
f 125 101 124
f 124 103 123
f 123 70 69
f 69 52 51
f 51 53 60
f 60 61 35
f 134 76 95
f 184 95 54
f 185 54 56
f 187 186 57
f 186 56 57
f 187 57 99
f 153 59 152
f 149 152 91
f 147 149 91
f 148 147 89
f 155 183 157
f 181 184 183
f 188 187 125
f 156 160 187
f 189 125 124
f 190 123 69
f 191 124 123
f 192 69 51
f 193 51 60
f 194 60 20
f 132 134 184
f 183 184 185
f 157 183 160
f 77 80 195
f 183 185 160
f 160 186 187
f 60 196 20
f 60 35 196
f 136 141 79
f 141 139 81
f 135 136 77
f 133 135 76
f 139 138 81
f 138 144 83
f 144 145 83
f 145 150 85
f 148 87 151
f 150 151 87
f 185 186 160
f 77 195 78
f 81 84 197
f 83 198 84
f 199 200 201
f 105 202 203
f 203 202 106
f 204 106 205
f 204 205 206
f 206 205 207
f 105 208 209
f 105 209 202
f 106 202 205
f 210 211 212
f 210 213 211
f 214 212 215
f 216 215 217
f 199 217 218
f 212 211 215
f 211 213 219
f 211 219 215
f 199 218 200
f 201 200 220
f 201 220 208
f 221 222 213
f 208 223 209
f 209 224 202
f 213 222 219
f 219 225 215
f 217 226 218
f 215 227 217
f 201 208 228
f 219 222 225
f 216 217 199
f 229 228 208
f 96 230 231
f 231 232 233
f 96 234 230
f 231 230 232
f 233 232 235
f 233 235 210
f 230 235 232
f 233 210 214
f 230 210 235
f 230 221 210
f 210 221 213
f 230 236 221
f 237 236 230
f 236 238 221
f 221 238 222
f 233 214 239
f 210 212 214
f 98 216 240
f 98 108 216
f 239 216 108
f 240 216 100
f 100 216 241
f 239 214 216
f 241 216 199
f 102 199 201
f 242 201 228
f 229 208 105
f 214 215 216
f 215 225 227
f 218 243 200
f 200 244 220
f 245 246 247
f 248 247 249
f 246 250 247
f 249 251 252
f 253 252 254
f 255 256 257
f 253 254 256
f 249 247 258
f 250 258 247
f 249 258 251
f 252 251 254
f 250 259 258
f 259 260 258
f 261 257 262
f 257 263 262
f 264 262 265
f 264 266 267
f 257 256 268
f 264 265 266
f 251 269 254
f 251 258 270
f 254 271 256
f 254 269 271
f 256 271 268
f 260 272 258
f 258 272 270
f 251 270 269
f 245 273 246
f 274 275 276
f 274 276 277
f 278 277 279
f 218 226 243
f 217 227 226
f 220 280 208
f 200 243 244
f 220 244 281
f 220 281 280
f 208 280 223
f 236 267 238
f 236 264 267
f 238 267 282
f 238 282 283
f 282 284 283
f 238 283 222
f 97 234 285
f 222 283 225
f 286 207 279
f 207 278 279
f 278 274 277
f 273 287 246
f 246 287 250
f 250 287 259
f 259 287 260
f 260 287 272
f 272 287 288
f 288 287 289
f 289 287 290
f 290 287 291
f 292 286 279
f 293 294 273
f 164 172 165
f 96 285 234
f 255 253 256
f 63 295 296
f 11 64 67
f 11 67 297
f 63 109 295
f 67 296 297
f 296 295 297
f 297 295 298
f 295 109 298
f 94 299 109
f 109 299 298
f 298 299 300
f 58 68 301
f 75 301 302
f 75 302 303
f 11 297 304
f 11 304 12
f 297 298 305
f 298 300 306
f 297 305 304
f 298 306 305
f 75 303 293
f 94 307 299
f 94 308 307
f 94 309 308
f 299 307 300
f 307 308 300
f 94 310 309
f 63 296 67
f 300 308 309
f 58 301 75
f 52 203 106
f 81 197 82
f 85 311 86
f 85 88 311
f 87 90 88
f 83 86 198
f 89 92 90
f 91 93 92
f 59 312 93
f 59 110 312
f 53 106 94
f 95 285 96
f 95 97 285
f 54 96 231
f 54 231 233
f 54 233 107
f 99 98 240
f 57 108 98
f 99 240 100
f 101 100 241
f 101 241 313
f 101 314 102
f 101 313 314
f 103 102 242
f 103 242 104
f 70 104 229
f 70 229 105
f 55 107 108
f 52 105 203
f 300 309 310
f 94 286 310
f 310 286 315
f 82 316 317
f 198 318 316
f 195 317 234
f 92 248 90
f 92 93 248
f 90 248 319
f 88 90 319
f 311 319 318
f 312 110 245
f 312 245 93
f 93 245 248
f 110 273 245
f 248 245 247
f 234 237 230
f 317 261 234
f 317 316 255
f 316 318 253
f 318 319 252
f 234 261 237
f 316 253 255
f 317 255 261
f 319 248 249
f 318 252 253
f 319 249 252
f 237 261 262
f 237 264 236
f 255 257 261
f 311 88 319
f 311 318 86
f 86 318 198
f 84 316 197
f 315 286 292
f 293 303 294
f 300 310 320
f 300 320 321
f 310 315 320
f 320 315 292
f 320 292 322
f 292 279 322
f 75 293 110
f 110 293 273
f 94 106 286
f 233 239 107
f 107 239 108
f 237 262 264
f 313 199 314
f 102 314 199
f 102 201 242
f 242 228 104
f 104 228 229
f 286 106 204
f 286 206 207
f 286 204 206
f 78 234 97
f 78 195 234
f 82 197 316
f 80 317 195
f 80 82 317
f 84 198 316
f 241 199 313
f 323 172 164
f 324 172 323
f 324 175 172
f 325 326 327
f 328 329 330
f 329 325 327
f 325 331 326
f 326 332 333
f 333 332 334
f 333 334 335
f 326 331 332
f 332 331 336
f 332 336 337
f 332 337 334
f 338 339 340
f 341 340 339
f 342 338 340
f 338 343 339
f 341 339 344
f 344 339 345
f 339 346 345
f 343 347 339
f 339 347 346
f 346 347 348
f 347 349 348
f 349 350 348
f 343 333 347
f 333 335 347
f 335 349 347
f 349 351 350
f 329 327 330
f 335 352 353
f 328 330 354
f 328 355 329
f 356 357 358
f 356 358 359
f 360 361 357
f 362 363 361
f 362 364 363
f 365 366 364
f 367 368 366
f 367 369 368
f 370 371 372
f 360 373 362
f 362 373 365
f 365 373 367
f 370 367 373
f 370 373 371
f 374 372 375
f 374 375 376
f 344 345 377
f 342 378 379
f 378 380 379
f 342 379 338
f 380 330 379
f 380 381 330
f 379 330 338
f 338 327 343
f 338 330 327
f 343 327 326
f 343 326 333
f 354 330 381
f 335 334 352
f 352 382 353
f 353 382 383
f 384 385 386
f 387 388 385
f 389 386 390
f 385 391 386
f 392 393 388
f 388 394 391
f 385 388 391
f 386 391 395
f 363 364 396
f 364 397 396
f 364 366 397
f 396 397 398
f 388 393 394
f 396 398 393
f 391 394 395
f 393 398 399
f 393 399 394
f 394 399 400
f 366 368 401
f 366 401 397
f 368 369 401
f 397 401 402
f 369 403 401
f 369 376 403
f 401 403 404
f 397 402 398
f 398 402 405
f 392 396 393
f 361 396 392
f 361 363 396
f 387 392 388
f 349 406 351
f 335 353 349
f 349 353 406
f 351 406 407
f 406 408 407
f 408 409 407
f 353 383 406
f 406 383 408
f 408 410 409
f 408 411 410
f 355 412 329
f 412 359 413
f 329 412 413
f 374 376 369
f 329 413 325
f 359 358 387
f 359 387 413
f 413 387 385
f 331 413 384
f 331 384 336
f 336 389 337
f 413 385 384
f 336 384 389
f 384 386 389
f 389 390 337
f 358 357 387
f 357 361 392
f 387 357 392
f 325 413 331
f 398 405 399
f 367 374 369
f 414 412 355
f 415 416 417
f 418 417 419
f 420 421 422
f 423 424 421
f 423 421 425
f 420 426 421
f 425 421 426
f 427 428 424
f 422 428 429
f 424 428 421
f 422 421 428
f 429 428 416
f 418 419 430
f 418 430 431
f 419 432 433
f 419 433 430
f 416 428 417
f 417 428 419
f 419 373 432
f 434 435 436
f 437 194 434
f 434 194 435
f 438 190 192
f 439 192 193
f 437 193 194
f 435 194 17
f 419 428 373
f 440 422 429
f 441 442 14
f 440 423 425
f 440 420 422
f 443 444 445
f 445 444 446
f 446 444 447
f 446 447 448
f 448 447 449
f 449 447 450
f 450 447 451
f 451 447 452
f 452 447 453
f 454 371 444
f 454 455 371
f 444 371 447
f 455 456 14
f 456 457 14
f 457 441 14
f 452 453 458
f 458 453 459
f 459 453 460
f 460 427 440
f 460 453 427
f 434 436 461
f 453 428 427
f 440 427 424
f 415 440 429
f 415 429 416
f 440 425 426
f 440 426 420
f 440 424 423
f 455 14 371
f 447 371 453
f 442 462 14
f 463 464 465
f 466 378 467
f 466 468 381
f 469 381 468
f 469 470 354
f 471 467 340
f 471 377 463
f 470 414 355
f 414 356 412
f 356 360 357
f 370 374 367
f 370 372 374
f 414 373 356
f 356 373 360
f 360 362 361
f 362 365 364
f 365 367 366
f 466 380 378
f 467 378 342
f 466 381 380
f 471 340 341
f 471 344 377
f 471 341 344
f 467 342 340
f 469 354 381
f 470 328 354
f 470 355 328
f 472 473 474
f 472 475 473
f 472 465 476
f 472 476 475
f 462 477 14
f 477 478 14
f 453 371 428
f 371 373 428
f 478 479 14
f 14 479 480
f 14 480 15
f 455 481 456
f 456 482 457
f 457 483 441
f 484 485 486
f 485 487 488
f 487 489 490
f 356 359 412
f 441 483 442
f 462 491 477
f 489 492 493
f 492 461 493
f 477 491 478
f 478 494 479
f 461 436 495
f 436 435 496
f 479 494 480
f 480 494 15
f 435 17 19
f 497 463 472
f 497 471 463
f 472 463 465
f 442 483 462
f 257 268 263
f 399 405 400
f 402 404 498
f 499 500 501
f 502 503 504
f 504 503 154
f 503 505 506
f 503 155 154
f 503 506 181
f 503 181 155
f 505 499 506
f 499 501 506
f 507 508 509
f 509 508 510
f 509 510 500
f 501 500 511
f 500 512 511
f 508 513 510
f 510 513 514
f 510 514 512
f 500 510 512
f 512 515 516
f 501 517 506
f 517 132 506
f 181 506 184
f 517 140 132
f 506 132 184
f 132 140 136
f 511 518 519
f 512 516 511
f 509 500 499
f 511 516 518
f 520 509 499
f 521 520 505
f 522 523 524
f 525 526 523
f 526 527 528
f 526 528 523
f 527 529 528
f 529 530 528
f 529 531 530
f 524 523 502
f 523 503 502
f 531 532 530
f 530 533 521
f 530 532 533
f 533 507 521
f 532 534 533
f 533 535 507
f 533 534 535
f 535 508 507
f 534 536 535
f 535 537 508
f 535 536 537
f 508 537 513
f 530 521 528
f 523 528 505
f 523 505 503
f 528 521 505
f 521 507 520
f 520 507 509
f 520 499 505
f 516 323 518
f 518 538 519
f 501 511 517
f 539 540 541
f 539 542 543
f 539 543 540
f 30 543 542
f 513 544 545
f 513 545 514
f 512 514 515
f 514 324 515
f 514 545 324
f 544 546 545
f 544 547 546
f 545 175 324
f 547 541 546
f 546 173 175
f 545 546 175
f 546 541 173
f 540 548 541
f 541 548 549
f 541 549 173
f 173 549 176
f 516 515 323
f 518 323 164
f 515 324 323
f 518 164 538
f 538 164 166
f 538 166 169
f 169 166 168
f 547 542 539
f 547 30 542
f 550 28 30
f 550 26 28
f 517 511 519
f 538 169 519
f 517 519 140
f 519 137 140
f 137 139 140
f 169 137 519
f 169 170 137
f 137 142 138
f 137 170 142
f 551 552 553
f 552 554 555
f 554 556 24
f 551 553 536
f 557 523 522
f 552 555 553
f 556 558 24
f 558 559 24
f 559 22 24
f 536 553 550
f 537 544 513
f 536 550 537
f 537 547 544
f 553 555 550
f 555 26 550
f 537 550 547
f 550 30 547
f 547 539 541
f 555 24 26
f 554 24 555
f 401 404 402
f 525 523 557
f 410 536 534
f 560 561 562
f 563 564 561
f 562 565 566
f 562 561 567
f 562 568 565
f 569 565 568
f 562 567 568
f 569 568 558
f 395 400 570
f 395 570 564
f 564 571 561
f 564 570 571
f 405 572 400
f 561 571 573
f 567 558 568
f 561 573 567
f 567 559 558
f 569 566 565
f 574 558 556
f 574 569 558
f 376 575 403
f 376 375 575
f 403 576 404
f 403 575 576
f 405 498 572
f 404 577 498
f 404 576 578
f 394 400 395
f 404 578 577
f 390 564 563
f 579 566 569
f 402 498 405
f 334 337 580
f 334 580 352
f 352 581 382
f 352 580 581
f 337 390 580
f 383 382 560
f 382 581 560
f 386 395 390
f 580 390 563
f 580 563 581
f 581 563 561
f 581 561 560
f 560 562 582
f 383 411 408
f 410 411 551
f 411 552 551
f 383 560 411
f 411 582 552
f 552 582 554
f 560 582 411
f 582 579 569
f 554 582 574
f 554 574 556
f 582 569 574
f 562 566 582
f 582 566 579
f 390 395 564
f 498 577 583
f 498 583 572
f 400 572 584
f 524 502 156
f 502 504 156
f 504 154 156
f 188 156 187
f 188 125 189
f 189 124 191
f 191 123 190
f 190 69 192
f 192 51 193
f 193 60 194
f 194 20 18
f 377 345 525
f 377 525 585
f 345 346 526
f 346 348 527
f 348 350 529
f 350 351 531
f 345 526 525
f 346 527 526
f 348 529 527
f 350 531 529
f 351 407 534
f 407 409 534
f 410 534 409
f 410 551 536
f 351 532 531
f 351 534 532
f 464 522 524
f 464 557 522
f 586 524 156
f 464 524 586
f 400 584 587
f 400 587 570
f 570 588 571
f 570 587 588
f 571 588 573
f 567 589 559
f 567 573 589
f 589 22 559
f 463 377 464
f 472 474 590
f 472 590 431
f 472 431 430
f 472 433 432
f 585 525 557
f 472 430 433
f 497 472 373
f 497 373 471
f 471 373 467
f 469 468 373
f 466 373 468
f 469 373 470
f 470 373 414
f 472 432 373
f 464 377 585
f 464 585 557
f 464 586 188
f 586 156 188
f 194 18 17
f 466 467 373
f 262 263 265
f 265 591 266
f 266 592 593
f 594 595 596
f 597 598 599
f 598 600 599
f 600 601 602
f 603 604 605
f 601 606 605
f 606 607 605
f 607 603 605
f 601 605 602
f 608 605 604
f 609 610 611
f 612 613 610
f 614 615 616
f 617 616 618
f 619 618 613
f 620 611 605
f 621 622 623
f 623 624 615
f 622 625 623
f 600 602 599
f 605 611 626
f 611 610 626
f 615 627 616
f 616 628 618
f 610 613 629
f 613 618 630
f 625 631 632
f 633 634 595
f 623 632 624
f 635 636 634
f 637 638 639
f 640 641 642
f 640 643 641
f 644 645 646
f 644 642 645
f 647 648 649
f 650 596 638
f 651 638 637
f 648 652 637
f 642 641 645
f 648 637 649
f 653 649 654
f 645 655 656
f 636 656 657
f 634 657 658
f 641 643 645
f 645 643 659
f 645 656 636
f 636 657 634
f 634 658 595
f 638 596 660
f 596 595 661
f 645 659 655
f 637 639 649
f 649 639 654
f 638 660 639
f 596 661 660
f 595 658 661
f 646 645 636
f 662 632 631
f 623 625 632
f 615 624 627
f 663 664 665
f 666 667 668
f 664 669 670
f 669 671 672
f 671 673 674
f 663 665 667
f 664 670 665
f 669 672 670
f 671 674 672
f 673 675 674
f 676 677 675
f 668 667 678
f 679 680 677
f 678 667 681
f 677 680 682
f 673 676 675
f 676 679 677
f 683 684 679
f 679 685 680
f 683 686 684
f 683 654 686
f 679 684 685
f 686 687 684
f 660 688 687
f 661 689 688
f 690 691 692
f 690 692 693
f 666 663 667
f 666 668 694
f 695 696 697
f 698 695 697
f 618 628 630
f 616 627 628
f 605 626 602
f 610 629 626
f 613 630 629
f 602 626 599
f 699 632 662
f 700 701 702
f 700 703 701
f 704 705 703
f 704 706 707
f 704 707 705
f 708 702 709
f 710 637 652
f 709 697 640
f 702 701 697
f 701 703 697
f 704 711 706
f 712 713 711
f 712 698 713
f 714 695 698
f 714 696 695
f 703 705 697
f 705 707 697
f 707 706 697
f 706 711 697
f 711 713 697
f 713 698 697
f 709 702 697
f 690 715 691
f 594 633 595
f 650 638 651
f 716 717 718
f 717 719 720
f 721 719 717
f 722 723 724
f 725 726 723
f 727 728 726
f 729 730 728
f 716 718 730
f 719 731 720
f 717 720 718
f 732 724 733
f 734 735 731
f 736 737 735
f 738 731 719
f 738 734 731
f 734 736 735
f 736 597 737
f 739 733 724
f 720 731 735
f 737 720 735
f 740 718 720
f 597 599 737
f 737 599 741
f 741 599 626
f 742 743 744
f 742 745 743
f 745 746 747
f 729 716 730
f 746 748 749
f 727 729 728
f 750 724 732
f 712 714 698
f 714 751 696
f 752 750 732
f 753 709 640
f 753 640 642
f 753 642 644
f 754 623 615
f 739 724 755
f 755 724 742
f 742 724 723
f 745 723 726
f 746 726 728
f 748 728 730
f 756 730 718
f 755 742 757
f 742 723 745
f 745 726 746
f 746 728 748
f 748 730 756
f 756 718 740
f 737 758 720
f 740 720 758
f 757 742 744
f 737 759 758
f 758 759 760
f 750 722 724
f 722 725 723
f 725 727 726
f 748 756 761
f 756 740 762
f 744 743 763
f 653 654 683
f 635 624 632
f 710 626 629
f 651 629 630
f 633 627 624
f 594 628 627
f 650 630 628
f 699 646 632
f 633 624 635
f 646 635 632
f 594 627 633
f 594 650 628
f 644 646 764
f 646 636 635
f 699 764 646
f 737 652 759
f 759 652 760
f 737 741 765
f 737 765 652
f 760 652 648
f 765 741 710
f 710 741 626
f 710 629 651
f 650 651 630
f 765 710 652
f 594 596 650
f 710 651 637
f 676 683 679
f 653 683 676
f 766 676 673
f 767 666 768
f 745 747 743
f 746 749 747
f 769 743 767
f 763 743 769
f 740 758 770
f 758 760 766
f 748 761 749
f 756 762 761
f 740 770 762
f 766 647 653
f 758 766 770
f 760 647 766
f 760 648 647
f 633 635 634
f 768 666 694
f 743 666 767
f 747 749 663
f 749 761 664
f 761 762 669
f 762 770 671
f 770 766 673
f 766 653 676
f 747 663 666
f 749 664 663
f 761 669 664
f 762 671 669
f 770 673 671
f 647 649 653
f 743 747 666
f 771 772 773
f 690 693 715
f 680 685 774
f 775 776 777
f 778 779 780
f 780 779 781
f 776 782 777
f 775 777 783
f 784 785 786
f 787 788 779
f 789 786 788
f 790 783 791
f 792 791 785
f 781 779 793
f 794 795 796
f 795 797 798
f 797 799 800
f 799 801 802
f 801 803 804
f 803 805 806
f 805 807 808
f 807 809 808
f 807 793 809
f 794 796 773
f 805 808 810
f 809 811 808
f 809 812 811
f 782 813 777
f 813 814 777
f 814 815 777
f 784 792 785
f 777 816 783
f 784 786 789
f 789 788 787
f 817 818 819
f 659 697 820
f 821 795 794
f 822 797 795
f 821 822 795
f 822 823 797
f 823 824 799
f 824 825 801
f 825 826 803
f 826 827 805
f 828 829 827
f 823 799 797
f 824 801 799
f 825 803 801
f 826 805 803
f 827 830 805
f 827 780 830
f 830 780 781
f 831 794 772
f 772 794 773
f 830 807 805
f 830 781 793
f 830 793 807
f 827 829 780
f 829 778 780
f 775 783 790
f 790 791 792
f 778 787 779
f 783 832 791
f 793 779 809
f 785 791 833
f 834 835 836
f 837 838 839
f 837 840 841
f 842 843 844
f 843 839 844
f 840 845 846
f 845 847 846
f 848 846 847
f 848 849 850
f 851 852 853
f 854 855 852
f 853 852 855
f 849 856 857
f 858 859 860
f 858 861 862
f 863 862 861
f 863 864 865
f 864 866 867
f 866 868 867
f 869 870 871
f 872 873 874
f 872 875 869
f 876 871 877
f 876 878 868
f 879 880 881
f 858 697 859
f 882 883 884
f 885 836 835
f 885 835 886
f 886 887 851
f 842 844 888
f 785 889 786
f 779 812 809
f 788 786 890
f 779 788 891
f 777 892 893
f 777 894 892
f 777 895 894
f 777 815 895
f 777 893 818
f 777 818 896
f 777 896 816
f 783 816 897
f 817 896 818
f 898 819 815
f 895 819 894
f 894 819 892
f 892 819 893
f 893 819 818
f 783 897 832
f 791 832 833
f 785 833 889
f 786 889 899
f 779 891 900
f 788 890 891
f 786 899 890
f 779 900 812
f 901 860 902
f 834 888 844
f 815 819 895
f 680 774 682
f 898 817 819
f 898 820 817
f 715 903 904
f 693 905 906
f 906 907 904
f 904 908 909
f 909 910 911
f 912 913 914
f 911 915 912
f 904 907 908
f 909 908 910
f 911 910 915
f 693 916 905
f 916 917 918
f 910 908 792
f 917 775 907
f 907 775 790
f 906 905 907
f 905 918 907
f 916 918 905
f 917 907 918
f 907 790 908
f 919 655 659
f 919 920 655
f 920 921 655
f 919 693 920
f 920 693 921
f 921 692 655
f 655 922 656
f 903 906 904
f 654 639 686
f 693 906 903
f 923 924 925
f 684 687 685
f 691 909 922
f 922 911 926
f 691 715 904
f 691 904 909
f 922 909 911
f 687 774 685
f 687 927 774
f 688 928 927
f 689 914 928
f 688 689 928
f 929 914 689
f 929 926 912
f 687 688 927
f 926 911 912
f 929 912 914
f 667 665 924
f 667 924 681
f 665 670 821
f 670 672 822
f 672 674 823
f 674 675 824
f 675 677 825
f 665 821 924
f 670 822 821
f 672 823 822
f 681 924 923
f 693 903 715
f 657 929 658
f 639 660 687
f 658 689 661
f 930 931 778
f 913 787 931
f 913 915 789
f 910 784 915
f 930 778 932
f 908 790 792
f 910 792 784
f 931 787 778
f 913 789 787
f 915 784 789
f 828 932 829
f 932 778 829
f 924 794 831
f 924 831 925
f 924 821 794
f 916 933 776
f 693 820 916
f 916 934 917
f 916 776 934
f 917 934 775
f 934 776 775
f 776 933 782
f 916 820 933
f 933 813 782
f 933 814 813
f 933 815 814
f 933 820 898
f 935 930 932
f 828 935 932
f 914 913 931
f 912 915 913
f 660 661 688
f 656 926 657
f 686 639 687
f 655 692 691
f 655 691 922
f 921 693 692
f 656 922 926
f 657 926 929
f 658 929 689
f 640 697 643
f 643 697 659
f 919 659 820
f 919 820 693
f 933 898 815
f 677 682 826
f 675 825 824
f 677 826 825
f 682 828 826
f 826 828 827
f 682 774 936
f 682 935 828
f 682 936 935
f 928 931 930
f 936 930 935
f 774 927 936
f 928 930 927
f 928 914 931
f 927 930 936
f 674 824 823
f 937 444 443
f 704 712 711
f 938 923 925
f 939 940 941
f 942 943 944
f 945 946 943
f 942 944 947
f 942 947 948
f 949 950 951
f 949 951 952
f 939 952 940
f 953 948 954
f 953 954 955
f 956 955 957
f 956 957 958
f 959 958 960
f 959 960 950
f 275 961 276
f 962 276 961
f 962 963 276
f 963 964 276
f 964 965 276
f 966 967 968
f 966 969 967
f 966 941 969
f 968 967 970
f 967 969 971
f 966 939 941
f 969 941 972
f 973 974 963
f 949 952 939
f 963 974 964
f 959 950 949
f 956 958 959
f 975 976 977
f 978 979 980
f 979 977 980
f 981 982 983
f 984 983 985
f 978 986 981
f 978 980 986
f 289 290 987
f 290 291 987
f 987 945 988
f 988 942 989
f 989 953 990
f 991 990 956
f 991 959 992
f 992 949 993
f 993 939 966
f 987 291 945
f 988 945 942
f 989 942 953
f 990 953 956
f 291 994 945
f 993 949 939
f 991 956 959
f 992 959 949
f 994 946 945
f 945 943 942
f 942 948 953
f 956 953 955
f 968 970 995
f 967 971 970
f 984 985 974
f 969 996 997
f 985 998 974
f 974 999 965
f 985 982 1000
f 1001 997 1002
f 986 1003 1004
f 974 1005 1006
f 974 1006 1007
f 974 1007 1008
f 974 1008 1009
f 974 1009 1010
f 974 1010 1011
f 974 1011 1012
f 974 1012 1013
f 974 1013 1014
f 974 1014 1015
f 974 1015 1016
f 974 1016 1017
f 974 1018 999
f 974 1017 1018
f 974 1019 1020
f 974 1020 1005
f 974 1021 1019
f 974 1022 1021
f 965 999 1023
f 974 1024 1022
f 974 998 1024
f 969 1025 996
f 1026 1027 1025
f 1026 1028 1027
f 972 1026 1025
f 983 982 985
f 981 986 982
f 995 970 976
f 977 976 1029
f 976 970 1030
f 976 1030 1029
f 977 1031 980
f 977 1029 1031
f 980 1031 986
f 970 971 1030
f 1030 971 1001
f 969 1001 971
f 969 997 1001
f 1032 995 976
f 964 974 965
f 1030 1001 1002
f 986 1031 1003
f 1031 1029 1033
f 1030 1002 1034
f 1031 1033 1003
f 982 986 1004
f 1029 1034 1033
f 941 1026 972
f 969 972 1025
f 941 1028 1026
f 941 1035 1028
f 941 940 1036
f 941 1036 1035
f 1030 1034 1029
f 985 1037 998
f 1032 976 975
f 968 995 1032
f 205 1038 274
f 274 1038 275
f 209 223 224
f 202 224 1039
f 205 1039 1038
f 1038 1040 275
f 282 267 284
f 267 1041 284
f 267 593 1041
f 266 593 267
f 284 1041 1042
f 1041 593 1043
f 593 1044 1043
f 593 1045 1044
f 1041 1043 1046
f 1043 1044 1047
f 1044 1048 1049
f 283 284 1042
f 283 1042 225
f 225 1050 227
f 227 1051 226
f 243 226 1052
f 243 1053 244
f 244 1054 281
f 280 281 1055
f 280 1056 223
f 223 1057 224
f 202 1039 205
f 224 1058 1039
f 205 274 278
f 1059 990 991
f 263 1059 265
f 263 268 1060
f 272 288 270
f 269 1061 271
f 269 270 1062
f 271 1063 268
f 268 1063 1060
f 263 1060 1059
f 269 1062 1061
f 270 288 1062
f 271 1061 1063
f 1062 288 289
f 1063 1061 988
f 1062 987 1061
f 1062 289 987
f 1061 987 988
f 266 591 592
f 265 1059 591
f 592 591 992
f 592 993 1045
f 1059 991 591
f 1060 990 1059
f 1060 1063 989
f 591 991 992
f 592 992 993
f 1060 989 990
f 1063 988 989
f 207 205 278
f 280 1055 1056
f 227 1050 1051
f 225 1042 1050
f 993 966 1045
f 1045 966 968
f 1064 968 1032
f 962 961 1040
f 962 1040 963
f 1065 973 1040
f 1058 984 1065
f 1058 1057 983
f 1057 1066 983
f 1065 984 973
f 1058 983 984
f 1040 973 963
f 973 984 974
f 1049 1048 1067
f 1048 1068 1067
f 1064 1032 1068
f 1049 1067 1069
f 1069 979 1070
f 1070 978 1071
f 1071 981 1066
f 1069 1067 975
f 1069 975 979
f 1067 1068 975
f 1068 1032 975
f 1070 979 978
f 1071 978 981
f 1066 981 983
f 1045 968 1064
f 1048 1064 1068
f 1045 1064 1048
f 1044 1045 1048
f 243 1052 1053
f 226 1051 1052
f 281 1054 1055
f 244 1053 1054
f 1041 1046 1042
f 1043 1047 1046
f 1044 1049 1047
f 1039 1065 1038
f 223 1056 1057
f 224 1057 1058
f 1039 1058 1065
f 1038 1065 1040
f 275 1040 961
f 975 977 979
f 1046 1047 1050
f 1047 1049 1050
f 1050 1069 1051
f 1052 1051 1069
f 1052 1070 1053
f 1053 1070 1054
f 1052 1069 1070
f 1054 1071 1055
f 1055 1071 1056
f 1056 1066 1057
f 1054 1070 1071
f 1056 1071 1066
f 1050 1049 1069
f 592 1045 593
f 1046 1050 1042
f 771 831 772
f 985 1072 1037
f 997 996 1002
f 1073 1074 946
f 1075 1076 1077
f 1076 1078 1077
f 1077 1078 1079
f 1077 1079 1080
f 1080 1079 1081
f 1082 1081 1023
f 1083 1080 1081
f 1083 1081 1082
f 1083 1082 1084
f 1083 1084 1085
f 1086 1087 1088
f 1023 1089 1090
f 1089 1091 1090
f 1091 1092 1093
f 1092 1094 1093
f 1094 1095 1093
f 1088 1087 1096
f 1096 1097 1098
f 1099 1097 1100
f 1098 1097 1099
f 1095 1101 1093
f 1102 1103 1104
f 1103 1105 1104
f 1102 1106 1101
f 1107 1108 1105
f 1109 1110 1108
f 1111 1105 1112
f 1109 1108 1107
f 1111 1107 1105
f 1113 1114 1100
f 1024 1091 1022
f 1024 1092 1091
f 1024 998 1092
f 998 1094 1092
f 998 1037 1094
f 1037 1095 1094
f 996 1088 1115
f 1088 1096 1115
f 1115 1096 1116
f 1117 1099 1114
f 1096 1098 1116
f 1117 1116 1098
f 1117 1098 1099
f 1037 1072 1095
f 1072 1101 1095
f 1072 1000 1101
f 1102 1101 1000
f 1118 1103 1102
f 1118 1004 1103
f 1004 1105 1103
f 1004 1112 1105
f 1118 1102 1000
f 1109 1107 1111
f 1119 1109 1111
f 1119 1113 1110
f 1119 1110 1109
f 1113 1100 1110
f 1099 1100 1114
f 1110 1100 1120
f 1121 1122 1123
f 1121 1123 644
f 1124 1125 1126
f 1124 1127 1125
f 1128 1129 1127
f 1128 902 1129
f 1130 1131 860
f 1131 1132 860
f 1132 1133 860
f 1133 1126 860
f 1126 1125 860
f 1125 1127 860
f 1127 1129 860
f 1129 902 860
f 1123 860 859
f 1134 768 694
f 1134 694 668
f 708 753 859
f 708 859 700
f 1135 668 678
f 1136 678 681
f 938 681 923
f 700 704 703
f 708 700 702
f 700 859 704
f 704 859 712
f 712 859 714
f 714 859 751
f 938 925 831
f 1124 1126 1133
f 1123 859 753
f 1137 1130 860
f 1138 1137 860
f 1139 733 739
f 1140 739 755
f 1141 755 757
f 1142 1143 752
f 752 732 1139
f 732 733 1139
f 1141 744 763
f 1141 757 744
f 1144 763 769
f 1145 769 767
f 1134 767 768
f 1146 699 662
f 1147 764 699
f 1021 1022 1091
f 1147 644 764
f 1123 753 644
f 621 1148 622
f 1149 625 622
f 1150 631 625
f 1151 662 631
f 1152 1137 1138
f 1152 1130 1137
f 1153 1131 1130
f 1153 1133 1132
f 1153 1132 1131
f 1154 1138 1122
f 1122 860 1123
f 1122 1138 860
f 708 709 753
f 985 1000 1072
f 1019 1021 1091
f 1020 1091 1005
f 322 1155 1156
f 287 1157 1158
f 321 1157 287
f 322 1156 1157
f 1158 1156 1159
f 1158 1157 1156
f 1156 1075 1160
f 1155 1075 1156
f 1161 1162 1163
f 1161 1163 1164
f 1159 1160 1073
f 1156 1160 1159
f 1073 1165 1074
f 1073 1160 1165
f 1160 1075 1077
f 1160 1077 1080
f 1160 1080 1165
f 1165 1080 1083
f 1162 1074 1166
f 1165 1166 1074
f 1162 1166 1163
f 1163 1166 1167
f 1165 1083 1166
f 1166 1083 1167
f 291 287 994
f 994 287 946
f 277 276 1155
f 322 277 1155
f 276 1168 1155
f 322 279 277
f 320 1157 321
f 1002 1117 1034
f 1033 1111 1003
f 982 1004 1118
f 982 1118 1000
f 1034 1113 1033
f 1002 996 1115
f 1034 1117 1114
f 1002 1115 1116
f 1002 1116 1117
f 1003 1112 1004
f 1003 1111 1112
f 1033 1119 1111
f 1033 1113 1119
f 1034 1114 1113
f 50 13 68
f 68 12 301
f 13 12 68
f 301 12 304
f 301 304 302
f 302 305 303
f 302 304 305
f 303 305 306
f 303 306 294
f 294 306 321
f 273 294 287
f 300 321 306
f 294 321 287
f 320 322 1157
f 965 1168 276
f 1168 1023 1169
f 287 1158 946
f 1170 940 952
f 965 1023 1168
f 1035 1036 1171
f 1172 1035 1171
f 1172 1028 1035
f 1172 1027 1028
f 1172 1173 1027
f 1027 1173 1025
f 1173 1086 1025
f 1025 1086 996
f 1086 1088 996
f 1017 1089 1018
f 1016 1089 1017
f 1014 1089 1015
f 1013 1089 1014
f 1015 1089 1016
f 1011 1089 1012
f 1010 1089 1011
f 1012 1089 1013
f 1008 1089 1009
f 1007 1089 1008
f 1005 1089 1006
f 1009 1089 1010
f 1018 1089 999
f 999 1089 1023
f 1006 1089 1007
f 1020 1019 1091
f 1170 1174 940
f 1174 1036 940
f 1174 1171 1036
f 1170 952 951
f 1158 1159 946
f 1159 1073 946
f 1155 1168 1075
f 1168 1169 1075
f 1169 1076 1075
f 1169 1023 1076
f 1076 1023 1078
f 1023 1079 1078
f 1023 1081 1079
f 1175 944 943
f 946 1175 943
f 1175 1176 944
f 1176 947 944
f 1005 1091 1089
f 1176 948 947
f 1177 1178 954
f 948 1177 954
f 955 954 1178
f 955 1178 1179
f 955 1179 957
f 958 957 1180
f 1180 957 1179
f 958 1180 1181
f 958 1181 960
f 1181 1182 950
f 1181 950 960
f 1182 951 950
f 1182 1170 951
f 1176 1177 948
f 1183 444 937
f 1184 444 1183
f 1185 484 486
f 1186 1187 866
f 1188 1189 1190
f 1189 1191 1190
f 1188 1190 1192
f 1192 1190 1193
f 1191 1194 1195
f 1191 1195 1190
f 1195 1196 1197
f 1194 1196 1195
f 1195 1197 1198
f 1190 1195 1199
f 1195 1198 1200
f 1195 1200 1199
f 1199 1200 1201
f 1202 1193 1203
f 1192 1193 1202
f 1204 1203 1205
f 1204 1202 1203
f 1190 1206 1193
f 1193 1206 1207
f 1193 1207 1203
f 1190 1199 1206
f 1203 1208 1209
f 1203 1207 1208
f 1206 1199 1210
f 1207 1210 1208
f 1206 1210 1207
f 1187 1211 866
f 1203 1209 1212
f 1213 1186 866
f 1214 1187 1186
f 1215 1216 1217
f 1215 1218 1216
f 1219 1220 1218
f 1221 1222 1223
f 1222 1224 1214
f 1224 1212 1225
f 1212 1209 1225
f 1224 1225 1214
f 1221 1223 1220
f 1222 1214 1223
f 1217 1216 1226
f 1226 1216 1227
f 1216 1218 1228
f 1218 1220 1229
f 1220 1223 1213
f 1223 1214 1186
f 1214 1225 1187
f 1225 1230 1187
f 1216 1231 1227
f 1216 1228 1231
f 1227 1231 1232
f 1218 1229 1228
f 1232 1231 1233
f 1231 1228 863
f 1228 1229 863
f 1220 1213 1229
f 1223 1186 1213
f 1229 1213 864
f 1196 1234 1197
f 1197 1234 1198
f 1198 1234 1200
f 872 1235 873
f 1211 876 868
f 1236 871 1237
f 1211 1237 876
f 1237 871 876
f 1211 868 866
f 1238 1239 1240
f 1241 1242 1243
f 1243 1244 1245
f 1245 1244 1246
f 1247 1246 1244
f 1248 1247 1249
f 1250 1251 1252
f 1253 1254 1255
f 1253 1256 1257
f 1256 1258 1259
f 1258 1260 1261
f 1241 1255 1262
f 1260 1250 1263
f 1241 1262 1242
f 1250 1252 1264
f 1255 1254 1262
f 1253 1257 1254
f 1256 1259 1257
f 1258 1261 1259
f 1260 1263 1261
f 1250 1264 1263
f 1236 869 871
f 1265 872 869
f 1213 866 864
f 1229 864 863
f 1200 1234 1201
f 1201 1266 1267
f 1208 1210 1265
f 1208 1265 1268
f 1210 1269 1265
f 1199 1201 1267
f 1199 1269 1210
f 1201 1234 1266
f 1267 1266 1270
f 1199 1267 1269
f 1266 1234 1270
f 1269 1267 1270
f 1209 1230 1225
f 1219 1221 1220
f 1209 1268 1230
f 1265 1236 1268
f 1265 869 1236
f 1269 1270 1234
f 1269 1234 1235
f 1265 1269 872
f 1269 1235 872
f 1230 1237 1211
f 1230 1268 1237
f 1268 1236 1237
f 1230 1211 1187
f 1233 1231 858
f 1231 861 858
f 1231 863 861
f 1208 1268 1209
f 1243 1242 1244
f 1215 1219 1218
f 1271 1215 1272
f 1273 1217 1226
f 1273 1227 1274
f 1274 1232 1275
f 1273 1226 1227
f 1274 1227 1232
f 1275 1232 1233
f 1275 1276 1239
f 1275 1233 1276
f 1277 1278 1279
f 1278 1280 1279
f 1280 1281 1279
f 1281 1282 1279
f 1282 1283 1279
f 1283 1275 1238
f 1238 1275 1239
f 1283 1238 1279
f 1276 858 1239
f 1276 1233 858
f 1240 1239 858
f 1284 1285 1286
f 1285 1287 1288
f 1286 1288 1289
f 1285 1288 1286
f 1290 1288 1291
f 1290 1289 1288
f 1290 1291 1292
f 1287 1293 1294
f 1295 1272 1217
f 1287 1294 1288
f 1295 1271 1272
f 1295 1217 1273
f 1296 1297 1295
f 1278 1273 1280
f 1280 1274 1281
f 1281 1274 1282
f 1296 1277 1279
f 1278 1295 1273
f 1280 1273 1274
f 1282 1274 1275
f 1282 1275 1283
f 1298 1286 1299
f 1299 1290 1300
f 1298 1284 1286
f 1299 1286 1289
f 1299 1289 1290
f 1300 1290 1292
f 1300 1301 1302
f 1300 1292 1301
f 1302 1303 1304
f 1304 1305 1297
f 1297 1306 1295
f 1302 1307 1303
f 1302 1301 1307
f 1304 1303 1308
f 1304 1308 1309
f 1304 1309 1310
f 1304 1310 1305
f 1297 1305 1306
f 1295 1306 1271
f 1293 1311 1294
f 1311 1312 1294
f 1288 1294 1313
f 1314 1315 1312
f 1316 1317 1315
f 1317 1188 1315
f 1312 1315 1318
f 1312 1318 1319
f 1315 1188 1318
f 1317 1320 1188
f 1320 1189 1188
f 1318 1188 1192
f 1319 1318 1202
f 1319 1202 1204
f 1318 1192 1202
f 1321 1322 1323
f 1205 1203 1212
f 1305 1324 1306
f 1324 1271 1306
f 1324 1325 1219
f 1325 1326 1221
f 1324 1215 1271
f 1324 1219 1215
f 1325 1221 1219
f 1326 1323 1222
f 1326 1222 1221
f 1323 1224 1222
f 1322 1224 1323
f 1322 1205 1212
f 1322 1212 1224
f 1314 1316 1315
f 1309 1325 1324
f 1310 1324 1305
f 1327 1205 1322
f 1288 1313 1291
f 1311 1314 1312
f 1294 1312 1319
f 1294 1319 1313
f 1292 1291 1301
f 1307 1328 1303
f 1301 1291 1307
f 1307 1291 1328
f 1303 1328 1329
f 1291 1313 1328
f 1328 1313 1330
f 1328 1330 1329
f 1319 1330 1313
f 1215 1217 1272
f 1308 1329 1309
f 1309 1329 1331
f 1309 1324 1310
f 1309 1331 1325
f 1331 1326 1325
f 1329 1330 1327
f 1319 1204 1330
f 1330 1204 1327
f 1329 1327 1331
f 1331 1327 1321
f 1327 1322 1321
f 1331 1321 1326
f 1321 1323 1326
f 1327 1204 1205
f 1303 1329 1308
f 1332 1304 1297
f 1248 1249 1333
f 1334 1335 1336
f 1244 1337 1338
f 1244 1338 1339
f 1333 1340 1341
f 1333 1339 1340
f 1263 1342 1343
f 1264 1344 1342
f 1345 1346 1344
f 1347 1348 1346
f 1349 1350 1351
f 1352 1353 1354
f 1335 1341 1355
f 1352 1355 1356
f 1352 1356 1353
f 1352 1354 1357
f 1358 1357 1359
f 1360 1359 1361
f 1360 1361 1362
f 1360 1362 1363
f 1364 1363 1365
f 1364 1365 1366
f 1367 1366 1368
f 1349 1368 1350
f 1369 1370 1371
f 1369 1371 1372
f 1373 1371 1370
f 1373 1372 1371
f 1369 1372 1374
f 1263 1343 1375
f 1369 1374 1376
f 1261 1375 1377
f 1261 1377 1378
f 1254 1379 1262
f 1254 1257 1380
f 1259 1261 1381
f 1261 1263 1375
f 1263 1264 1342
f 1264 1345 1344
f 1345 1347 1346
f 1347 1369 1348
f 1358 1359 1360
f 1360 1363 1364
f 1364 1366 1382
f 1382 1366 1367
f 1367 1368 1349
f 1335 1355 1383
f 1333 1341 1335
f 1383 1355 1352
f 1358 1352 1357
f 1262 1384 1385
f 1244 1385 1337
f 1369 1376 1348
f 1257 1386 1380
f 1259 1387 1388
f 1257 1388 1386
f 1259 1381 1387
f 1254 1380 1379
f 1262 1389 1384
f 1262 1379 1389
f 1261 1378 1381
f 1373 1390 1372
f 1374 1372 1390
f 1374 1390 1391
f 1337 1392 1338
f 1338 1392 1339
f 1380 1386 1393
f 1386 1388 1394
f 1388 1387 1394
f 1381 1378 1395
f 1381 1395 1387
f 1351 1396 1397
f 1351 1350 1396
f 1351 1397 1398
f 1353 1399 1354
f 1354 1399 1357
f 1359 1399 1361
f 1357 1399 1359
f 1362 1361 1400
f 1386 1394 1393
f 1384 1401 1402
f 1384 1389 1403
f 1379 1403 1389
f 1379 1380 1393
f 1379 1393 1403
f 1384 1403 1401
f 1387 1395 1394
f 1377 1404 1378
f 1378 1404 1395
f 1403 1405 1401
f 1394 1395 1406
f 1402 1392 1337
f 1385 1402 1337
f 1385 1384 1402
f 1351 1407 1408
f 1374 1391 1376
f 1376 1391 1409
f 1391 1410 1409
f 1411 1351 1412
f 1373 1413 1390
f 1373 1414 1413
f 1390 1413 1415
f 1390 1415 1391
f 1391 1416 1417
f 1391 1415 1416
f 1417 1416 1418
f 1351 1419 1412
f 1351 1408 1419
f 1257 1259 1388
f 1391 1417 1410
f 1420 1417 1421
f 1376 1409 1348
f 1409 1410 1348
f 1410 1420 1348
f 1420 1421 1348
f 1421 1422 1348
f 1351 1398 1407
f 1417 1422 1421
f 1417 1423 1422
f 1417 1418 1423
f 1422 1423 1424
f 1423 1425 1424
f 1423 1426 1425
f 1410 1417 1420
f 1247 1244 1249
f 1244 1339 1249
f 1427 1428 1429
f 1430 1385 1244
f 1252 1345 1264
f 1252 1431 1345
f 1345 1432 1347
f 1347 1370 1369
f 1349 1351 1411
f 879 1433 1434
f 1251 1435 1436
f 1251 1434 1435
f 856 1437 1438
f 879 1439 1433
f 879 1440 1439
f 879 1441 1440
f 879 1442 1441
f 856 1438 1443
f 856 1443 1444
f 1252 1436 1431
f 1345 1431 1432
f 1347 1445 1446
f 1347 1432 1445
f 1347 1446 1370
f 1432 1431 1447
f 1445 1447 1446
f 1432 1447 1445
f 1447 1373 1370
f 1447 1370 1446
f 1437 1411 1448
f 1262 1385 1430
f 1435 1449 1436
f 1242 1430 1244
f 1251 1436 1252
f 1334 1450 1333
f 1248 1333 1450
f 1336 1383 1451
f 1452 1451 1383
f 1452 1352 1453
f 1454 1455 1358
f 1453 1358 1455
f 1456 1454 1358
f 1456 1360 1457
f 1457 1360 1458
f 1458 1364 1459
f 1459 1382 1460
f 1460 1382 1461
f 1462 1367 1463
f 1461 1367 1462
f 1463 1349 1464
f 1464 1411 1437
f 1334 1333 1335
f 1336 1335 1383
f 1452 1383 1352
f 1453 1352 1358
f 1456 1358 1360
f 1458 1360 1364
f 1459 1364 1382
f 1461 1382 1367
f 1463 1367 1349
f 1464 1349 1411
f 1242 1262 1430
f 1447 1431 1449
f 1431 1436 1449
f 1435 1465 1449
f 1466 1444 1443
f 1466 1467 1444
f 1467 1468 1444
f 1442 1469 1470
f 1442 1471 1469
f 1471 1472 1469
f 1469 1472 1473
f 1470 1469 1474
f 1469 1473 1474
f 1472 881 1473
f 1473 881 1475
f 881 1476 1475
f 1476 882 1475
f 1475 882 884
f 1473 1475 1477
f 1473 1477 1474
f 1467 1474 1468
f 1474 1478 1468
f 1474 1477 1478
f 1477 1479 1478
f 1475 1480 1477
f 1475 884 1480
f 1480 884 1427
f 1477 1480 1479
f 1480 1429 1479
f 1480 1427 1429
f 1427 1481 1428
f 1482 1466 1443
f 1470 1474 1467
f 1483 1470 1467
f 1465 1467 1466
f 1435 1434 1465
f 1447 1414 1373
f 1447 1449 1482
f 1437 1448 1438
f 1411 1484 1448
f 1411 1412 1484
f 1240 858 860
f 854 1485 1486
f 1486 874 873
f 901 1240 860
f 879 1471 1442
f 879 1472 1471
f 879 881 1472
f 1333 1249 1339
f 1434 1433 1465
f 1433 1439 1483
f 1439 1440 1483
f 856 1444 1468
f 1440 1470 1483
f 1440 1441 1470
f 1441 1442 1470
f 1449 1465 1466
f 1465 1483 1467
f 1447 1482 1414
f 1449 1466 1482
f 1482 1438 1414
f 1482 1443 1438
f 1414 1438 1448
f 1433 1483 1465
f 1393 1394 1487
f 1488 1302 1304
f 1489 1298 1299
f 1490 1491 1492
f 1493 1494 1495
f 1496 1497 1498
f 1493 1495 1497
f 1494 771 1495
f 1490 1499 1500
f 1499 1501 1500
f 1499 1502 1501
f 1503 1504 1505
f 1505 1506 1499
f 1500 1501 1491
f 1499 1507 1508
f 1499 1509 1507
f 1499 1510 1509
f 1499 1508 1502
f 1503 1511 1512
f 1503 1512 1513
f 1503 1513 1504
f 1499 1514 1510
f 1499 1506 1514
f 1505 1504 1506
f 1501 1502 1515
f 1509 1510 1516
f 1509 1516 1507
f 1516 1515 1502
f 1516 1502 1508
f 1516 1508 1507
f 1517 1492 1518
f 1510 1514 1516
f 1519 1518 1520
f 1517 1490 1492
f 1149 1150 625
f 1521 1522 621
f 1523 662 1151
f 1524 1525 1526
f 1524 1526 1527
f 1525 1528 1526
f 1525 1529 1528
f 1530 1528 1529
f 1530 1531 1532
f 1533 1519 1520
f 1531 1534 1532
f 1534 1533 1520
f 1530 1532 1528
f 1534 1520 1532
f 1535 1536 1537
f 1536 1538 1527
f 1524 1527 1538
f 1536 1527 1537
f 1537 1238 1539
f 1537 1527 1238
f 1527 1526 1238
f 1526 1528 1238
f 1539 1240 1121
f 1154 1121 1240
f 1154 1240 1152
f 1519 1517 1518
f 1517 1499 1490
f 1490 1500 1491
f 1501 1515 1540
f 1516 1541 1515
f 1516 1514 1279
f 1542 1489 1543
f 1544 1545 1546
f 1543 1545 1544
f 1546 1545 1547
f 1547 1545 1548
f 1548 1545 1549
f 1543 1489 1545
f 1545 1489 1550
f 1495 771 879
f 1551 1552 1542
f 1553 1255 1554
f 1554 1241 1551
f 1553 1555 1253
f 1555 1498 1256
f 1497 1495 1260
f 1498 1497 1258
f 1551 1241 1552
f 1542 1552 1556
f 1542 1557 1558
f 1542 1558 1559
f 1542 1559 1560
f 1542 1556 1557
f 1495 879 1250
f 1545 1511 1549
f 1545 1512 1511
f 1545 1513 1512
f 1545 1504 1513
f 1561 1542 1543
f 1551 1542 1561
f 771 773 879
f 1494 831 771
f 1514 1506 1279
f 1501 1540 1491
f 1515 1541 1540
f 1516 1279 1541
f 1528 1532 1238
f 1532 1520 1238
f 1520 1518 1238
f 1152 1240 1153
f 1153 1240 1124
f 1518 1492 1238
f 1492 1491 1238
f 1491 1540 1238
f 1540 1541 1238
f 1150 1151 631
f 1541 1279 1238
f 1128 1240 901
f 1539 1238 1240
f 1134 668 1562
f 1562 668 1563
f 1563 668 1135
f 1152 1153 1130
f 1135 678 1136
f 1136 681 938
f 1154 1152 1138
f 1153 1124 1133
f 938 831 1494
f 1124 1128 1127
f 1128 901 902
f 1124 1240 1128
f 1545 1564 1504
f 1149 622 1148
f 1147 1121 644
f 1565 1566 1567
f 1565 1568 1569
f 1569 1570 1571
f 1572 1573 1535
f 1573 1536 1535
f 1571 1574 1575
f 1575 1576 1577
f 1577 1578 1579
f 1579 1580 1573
f 1573 1538 1536
f 1571 1570 1574
f 1575 1574 1576
f 1577 1576 1578
f 1579 1578 1580
f 1573 1580 1538
f 1581 1582 1583
f 1581 1583 1584
f 1493 1135 1136
f 1493 1136 938
f 1493 938 1494
f 1585 1586 1553
f 1586 1587 1555
f 1587 1496 1498
f 1493 1497 1496
f 1582 1588 1583
f 1583 1589 1590
f 1591 1585 1554
f 1592 1566 1565
f 1591 1551 1582
f 1592 1565 1593
f 1594 1533 1534
f 1595 1596 1597
f 1598 1597 1599
f 1600 1599 1601
f 1602 1601 1603
f 1525 1604 1529
f 1604 1530 1529
f 1605 1594 1604
f 1604 1531 1530
f 1605 1603 1594
f 1604 1594 1531
f 1606 1607 1608
f 1581 1584 1607
f 1608 1607 1609
f 1608 1610 1596
f 1596 1611 1597
f 1597 1612 1599
f 1608 1609 1610
f 1596 1610 1611
f 1607 1584 1609
f 1597 1611 1612
f 1599 1613 1601
f 1601 1614 1603
f 1594 1615 1533
f 1599 1612 1613
f 1601 1613 1614
f 1603 1614 1615
f 1594 1534 1531
f 1603 1615 1594
f 1583 1588 1589
f 1583 1590 1584
f 1584 1590 1609
f 1616 1511 1503
f 1617 1544 1546
f 1618 1546 1547
f 1619 1547 1548
f 1619 1548 1549
f 1620 1549 1511
f 1147 1621 1539
f 1572 1535 1537
f 1621 1622 1539
f 1622 1572 1537
f 1622 1537 1539
f 1147 1539 1121
f 1139 739 1623
f 1623 739 1624
f 1624 739 1625
f 1625 739 1140
f 1140 755 1141
f 1626 1143 1142
f 1142 752 1139
f 1141 763 1627
f 1627 763 1628
f 1145 767 1134
f 1628 763 1144
f 1145 1144 769
f 1146 662 1523
f 1146 1147 699
f 1154 1122 1121
f 1620 1511 1616
f 1619 1549 1620
f 1618 1547 1619
f 1618 1617 1546
f 1533 1615 1519
f 1615 1517 1519
f 1609 1619 1610
f 1610 1620 1611
f 1611 1616 1612
f 1612 1503 1613
f 1614 1499 1615
f 1613 1505 1614
f 1609 1590 1618
f 1615 1499 1517
f 1590 1589 1618
f 1609 1618 1619
f 1610 1619 1620
f 621 1522 1148
f 1611 1620 1616
f 1613 1503 1505
f 1614 1505 1499
f 1591 1554 1551
f 1585 1553 1554
f 1586 1555 1553
f 1587 1498 1555
f 1582 1551 1588
f 1588 1617 1589
f 1588 1561 1617
f 1588 1551 1561
f 1617 1561 1543
f 1617 1543 1544
f 1589 1617 1618
f 1612 1616 1503
f 1629 1300 1302
f 1504 1564 1506
f 1506 1564 1279
f 1630 1631 1632
f 1633 1634 1635
f 1633 1630 1634
f 1635 1634 1636
f 1630 1632 1634
f 1634 1632 1637
f 1634 1637 1636
f 1638 1632 1631
f 1632 1639 1637
f 1638 1639 1632
f 1637 1640 1641
f 1637 1639 1640
f 1639 1460 1640
f 1635 1636 1642
f 1642 1636 1643
f 1642 1643 839
f 1636 1641 1643
f 1636 1637 1641
f 1643 1641 1644
f 1642 839 843
f 1643 837 839
f 1643 840 837
f 1643 1644 840
f 1640 1645 1641
f 1641 1645 1644
f 1644 1645 1646
f 1640 1461 1645
f 1647 1631 1648
f 1645 1463 1646
f 1648 1631 1630
f 1649 1648 1630
f 1650 1651 1652
f 1652 1653 1654
f 1650 1655 1651
f 1656 1649 1655
f 1651 1655 1657
f 1649 1657 1655
f 1651 1658 1652
f 1652 1658 1653
f 1653 885 1659
f 1651 1657 1658
f 1649 1633 1657
f 1633 1635 1657
f 885 886 1659
f 1657 1635 842
f 1657 834 1658
f 1635 1642 842
f 1653 836 885
f 1653 1658 836
f 1658 834 836
f 1657 842 888
f 1657 888 834
f 1642 843 842
f 1647 1660 1631
f 1660 1638 1631
f 1660 1457 1638
f 1638 1458 1639
f 1656 1648 1649
f 1649 1630 1633
f 1644 847 1661
f 1644 1661 845
f 1644 1646 847
f 1662 1452 1453
f 1663 1453 1455
f 1663 1455 1454
f 1456 1660 1454
f 1456 1457 1660
f 1638 1457 1458
f 1458 1459 1639
f 1459 1460 1639
f 1640 1460 1461
f 1645 1461 1462
f 1645 1462 1463
f 1646 1463 1464
f 1646 1464 856
f 1464 1437 856
f 879 1434 1664
f 1664 1434 1251
f 1550 1299 1665
f 1665 1300 1666
f 1666 1300 1629
f 1629 1302 1488
f 1488 1304 1332
f 1332 1297 1667
f 1667 1297 1296
f 1296 1295 1277
f 1277 1295 1278
f 1550 1489 1299
f 1665 1299 1300
f 1336 1451 1662
f 1662 1451 1452
f 1248 1450 1668
f 1668 1450 1334
f 840 1644 845
f 1661 847 845
f 1646 848 847
f 1646 849 848
f 1646 856 849
f 1669 1670 1671
f 1669 1672 1670
f 1669 1654 1672
f 1654 1659 1672
f 1653 1659 1654
f 1672 1659 851
f 1673 1672 854
f 1670 1672 1673
f 1674 1189 1320
f 886 851 1659
f 1672 853 855
f 1672 851 853
f 1673 854 1486
f 1671 1670 1191
f 1670 1673 1194
f 1673 1486 1196
f 1671 1191 1189
f 1670 1194 1191
f 1673 1196 1194
f 1486 1234 1196
f 1486 1235 1234
f 1486 873 1235
f 1668 1334 1336
f 1672 855 854
f 1542 1298 1489
f 1674 1320 1317
f 1675 1316 1314
f 1248 1668 1247
f 1247 1668 1246
f 1558 1676 1559
f 1559 1676 1560
f 1560 1676 1677
f 1560 1677 1678
f 1558 1557 1679
f 1558 1679 1676
f 1679 1680 1676
f 1676 1680 1681
f 1677 1676 1682
f 1676 1681 1682
f 1680 1683 1675
f 1680 1684 1681
f 1680 1675 1684
f 1556 1685 1679
f 1557 1556 1679
f 1685 1686 1679
f 1685 1687 1686
f 1679 1686 1688
f 1679 1688 1689
f 1689 1688 1690
f 1688 1691 1690
f 1679 1689 1680
f 1689 1692 1680
f 1680 1692 1693
f 1680 1693 1683
f 1694 1245 1246
f 1689 1690 1692
f 1243 1245 1694
f 879 1664 1250
f 1545 1279 1564
f 1545 1550 1279
f 1550 1665 1279
f 1665 1666 1279
f 1666 1629 1279
f 1629 1488 1279
f 1488 1332 1279
f 1332 1667 1279
f 1667 1296 1279
f 1542 1560 1678
f 1542 1678 1284
f 1542 1284 1298
f 1554 1255 1241
f 1498 1258 1256
f 1497 1260 1258
f 1553 1253 1255
f 1555 1256 1253
f 1552 1241 1243
f 1552 1685 1556
f 1552 1687 1685
f 1552 1695 1687
f 1552 1694 1695
f 1552 1243 1694
f 1687 1695 1686
f 1695 1694 1686
f 1694 1246 1686
f 1495 1250 1260
f 1664 1251 1250
f 1693 1696 1683
f 1692 1697 1693
f 1693 1697 1696
f 1656 1698 1648
f 1699 1647 1698
f 1647 1648 1698
f 1683 1700 1675
f 1696 1700 1683
f 1675 1700 1701
f 1696 1702 1700
f 1696 1703 1702
f 1700 1702 1674
f 1700 1674 1701
f 1703 1669 1702
f 1702 1669 1671
f 1702 1671 1674
f 1703 1654 1669
f 1678 1677 1285
f 1678 1285 1284
f 1677 1682 1287
f 1682 1681 1293
f 1681 1684 1311
f 1684 1675 1314
f 1677 1287 1285
f 1682 1293 1287
f 1681 1311 1293
f 1684 1314 1311
f 1675 1701 1316
f 1701 1674 1317
f 1674 1671 1189
f 1704 1698 1656
f 1699 1698 1705
f 1663 1454 1660
f 1706 1660 1647
f 1692 1690 1705
f 1692 1705 1697
f 1691 1705 1690
f 1691 1699 1705
f 1697 1703 1696
f 1697 1705 1650
f 1697 1650 1703
f 1705 1704 1650
f 1705 1698 1704
f 1704 1656 1655
f 1703 1652 1654
f 1703 1650 1652
f 1704 1655 1650
f 1701 1317 1316
f 1688 1686 1707
f 1707 1668 1708
f 1688 1707 1691
f 1691 1707 1708
f 1246 1668 1686
f 1708 1668 1662
f 1668 1336 1662
f 1691 1708 1699
f 1708 1706 1699
f 1699 1706 1647
f 1708 1662 1706
f 1706 1662 1663
f 1662 1453 1663
f 1706 1663 1660
f 1686 1668 1707
f 883 1709 884
f 1393 1710 1403
f 1402 1401 1711
f 1712 1713 1714
f 1715 1716 1717
f 1712 1718 1715
f 1717 1719 1720
f 1712 1714 1721
f 1712 1721 1718
f 1722 1723 1724
f 1724 1723 1725
f 1726 1727 1713
f 1713 1727 1714
f 1728 1729 1723
f 1723 1730 1725
f 1731 1720 1732
f 1731 1733 1728
f 1723 1729 1730
f 1715 1718 1716
f 1717 1716 1719
f 1720 1719 1732
f 1731 1732 1733
f 1728 1733 1729
f 1730 1729 1734
f 1714 1735 1721
f 1729 1736 1734
f 1737 1738 1739
f 1738 1740 1741
f 1737 1727 1726
f 1740 1742 1743
f 1744 1726 1713
f 1742 1745 1746
f 1747 1726 1744
f 1747 1748 1749
f 1750 1751 1752
f 1753 1754 1751
f 1737 1726 1749
f 1751 1754 1755
f 1751 1755 1756
f 1757 1758 1759
f 1757 1747 1758
f 1759 1758 1760
f 1760 1758 1747
f 1761 1762 1763
f 1762 1722 1763
f 1760 1747 1744
f 1764 1760 1715
f 1764 1717 1765
f 1766 1765 1720
f 1760 1744 1712
f 1766 1731 1767
f 1767 1728 1768
f 1762 1768 1723
f 1762 1723 1722
f 1760 1712 1715
f 1764 1715 1717
f 1744 1713 1712
f 1765 1717 1720
f 1766 1720 1731
f 1767 1731 1728
f 1768 1728 1723
f 1747 1749 1726
f 1745 1752 1769
f 1752 1751 1770
f 1737 1739 1727
f 1771 1772 1773
f 1773 1774 1775
f 1774 1776 1777
f 1778 1779 1776
f 1778 1780 1781
f 1780 1782 1783
f 1784 1785 1786
f 1782 1784 1787
f 1773 1775 1788
f 1774 1777 1775
f 1776 1779 1777
f 1778 1781 1779
f 1780 1783 1781
f 1785 1789 1184
f 1785 1184 1790
f 1735 1791 1721
f 1716 1718 1792
f 1721 1793 1718
f 1716 1794 1719
f 1719 1795 1732
f 1732 1796 1733
f 1733 1797 1729
f 1721 1791 1793
f 1735 1771 1791
f 1716 1792 1794
f 1718 1793 1792
f 1719 1794 1795
f 1798 1789 1785
f 1772 1774 1773
f 1743 1778 1776
f 1741 1776 1774
f 1738 1741 1739
f 1740 1743 1741
f 1742 1746 1743
f 1745 1769 1746
f 1751 1756 1799
f 1752 1770 1769
f 1751 1799 1770
f 1739 1800 1727
f 1739 1772 1800
f 1743 1776 1741
f 1739 1741 1774
f 1756 1801 1799
f 1769 1770 1782
f 1802 1752 1745
f 1799 1784 1770
f 1746 1769 1780
f 1799 1801 1803
f 1727 1800 1714
f 1800 1735 1714
f 1800 1772 1735
f 1735 1772 1771
f 1746 1780 1778
f 1769 1782 1780
f 1799 1803 1785
f 1770 1784 1782
f 1799 1785 1784
f 1803 1798 1785
f 1739 1774 1772
f 1743 1746 1778
f 1732 1795 1796
f 1804 1745 1742
f 1805 1740 1738
f 1806 1807 1808
f 1808 1807 1809
f 1810 1811 1812
f 1811 1813 1814
f 1812 1811 1814
f 1814 1813 1815
f 1814 1815 1816
f 1815 1817 1816
f 1817 1818 1816
f 1817 1819 1818
f 1818 1820 1821
f 1818 1819 1820
f 1822 1823 1824
f 1818 1821 1822
f 1821 1823 1822
f 1825 1826 1827
f 1828 1829 1830
f 1807 1828 1830
f 1807 1830 1809
f 1825 1829 1826
f 1828 1826 1829
f 1823 1831 1824
f 1824 1831 1832
f 1824 1832 1827
f 1825 1827 1832
f 1833 1834 1835
f 1833 1835 1836
f 1837 1806 1808
f 1838 1839 1840
f 1841 1806 1837
f 1842 1841 1843
f 1844 1845 1846
f 1847 1844 1846
f 1844 1848 1845
f 1848 1849 1845
f 1848 1850 1849
f 1850 1851 1849
f 1850 1852 1851
f 1853 1854 1852
f 1854 1851 1852
f 1853 1855 1854
f 1853 1856 1855
f 1857 1856 1858
f 1857 1855 1856
f 1857 1858 1859
f 1858 1860 1859
f 1861 1862 1860
f 1858 1861 1860
f 1861 1863 1862
f 1864 1862 1863
f 1865 1864 1863
f 1865 1866 1864
f 1867 1868 1869
f 1867 1869 1866
f 1865 1867 1866
f 1869 1868 1870
f 1868 1842 1870
f 1870 1842 1843
f 1843 1841 1837
f 1839 1871 1840
f 1840 1871 1872
f 1871 1873 1872
f 1874 1875 1805
f 1876 1877 1878
f 1877 1879 1804
f 1879 1880 1802
f 1881 1882 1757
f 1880 1883 1750
f 1881 1884 1882
f 1875 1878 1805
f 1874 1805 1884
f 1757 1882 1885
f 1877 1804 1878
f 1879 1802 1804
f 1880 1750 1802
f 1757 1885 1747
f 1747 1885 1748
f 1885 1882 1748
f 1882 1884 1737
f 1884 1805 1738
f 1882 1737 1748
f 1883 1753 1750
f 1805 1878 1740
f 1878 1804 1742
f 1804 1802 1745
f 1802 1750 1752
f 1750 1753 1751
f 1884 1738 1737
f 1878 1742 1740
f 1875 1876 1878
f 1881 1874 1884
f 1880 1886 1883
f 1887 1881 1757
f 1872 1873 1888
f 1838 1840 1835
f 1889 1810 1890
f 1891 1873 1892
f 1891 1888 1873
f 1891 1892 1893
f 1892 1894 1893
f 1840 1872 1835
f 1872 1888 1835
f 1891 1835 1888
f 1891 1893 1835
f 1838 1835 1834
f 1836 1895 1896
f 1748 1737 1749
f 1896 1895 1897
f 1847 1898 1844
f 1844 1898 1848
f 1848 1899 1850
f 1850 1900 1852
f 1853 1852 1900
f 1856 1901 1858
f 1853 1901 1856
f 1858 1902 1861
f 1865 1863 1902
f 1865 1902 1867
f 1861 1902 1863
f 1867 1903 1868
f 1868 1904 1842
f 1897 1895 1847
f 1847 1846 1905
f 1729 1797 1736
f 1736 1797 1906
f 1907 1908 438
f 1907 439 1909
f 1910 1911 1912
f 1913 434 492
f 1914 1915 1916
f 1914 1916 1911
f 452 458 1917
f 1917 458 459
f 1918 1919 1920
f 1919 1921 1922
f 1921 1923 1924
f 1923 1925 418
f 1915 1918 1926
f 1915 1926 1916
f 1917 459 460
f 1925 1917 415
f 1917 460 440
f 1921 1924 1922
f 1916 1926 1927
f 1919 1922 1920
f 1918 1920 1926
f 1923 418 1924
f 1925 415 418
f 1917 440 415
f 1916 1928 1911
f 1910 1912 1929
f 1930 1929 1931
f 1930 1931 1908
f 1911 1928 1912
f 1910 1929 1930
f 1932 434 1913
f 1933 448 449
f 1933 449 450
f 1933 450 1934
f 1933 1934 1935
f 1936 1937 1938
f 1938 1937 1911
f 1936 1939 1915
f 1936 1914 1937
f 1940 1919 1941
f 1939 1941 1918
f 1940 1942 1921
f 1941 1919 1918
f 1940 1921 1919
f 1936 1915 1914
f 1939 1918 1915
f 1937 1914 1911
f 450 451 1934
f 1942 1935 1923
f 1935 1934 1925
f 1934 451 452
f 1942 1923 1921
f 1934 452 1917
f 1935 1925 1923
f 1934 1917 1925
f 1943 1911 1910
f 1913 489 487
f 1909 437 1932
f 1913 492 489
f 1907 438 439
f 1908 1931 438
f 1909 439 437
f 1944 464 188
f 1798 454 1789
f 1789 454 1184
f 1184 454 444
f 1798 455 454
f 1886 1945 1883
f 1883 1946 1753
f 1753 1947 1754
f 1754 1948 1755
f 1755 1948 1756
f 1761 1763 1949
f 1763 1722 1949
f 1722 1724 1949
f 1949 1724 1725
f 1949 1725 1730
f 1730 1734 1950
f 1734 1736 1950
f 1756 1948 1801
f 1798 481 455
f 1736 1906 1951
f 1801 1952 1803
f 1803 1953 1798
f 1798 1954 481
f 1906 1955 1951
f 1955 1956 1951
f 1956 1957 1951
f 1957 1185 1958
f 1931 191 190
f 1929 189 191
f 1912 188 189
f 1959 465 464
f 1932 437 434
f 492 434 461
f 1916 1927 1928
f 1928 1944 1912
f 1927 1944 1928
f 1927 1926 1960
f 1960 1926 1959
f 418 415 417
f 1920 473 1926
f 1920 1922 473
f 1922 1924 590
f 1924 418 431
f 1926 476 1959
f 446 448 1933
f 1922 590 474
f 1926 473 475
f 1922 474 473
f 1926 475 476
f 1959 476 465
f 1927 1960 1944
f 1912 189 1929
f 1912 1944 188
f 1960 464 1944
f 1929 191 1931
f 1931 190 438
f 438 192 439
f 439 193 437
f 1960 1959 464
f 1924 431 590
f 1733 1796 1797
f 1961 1911 1943
f 1961 1936 1938
f 1962 1963 1964
f 1965 1966 1967
f 1968 1957 1956
f 1968 1185 1957
f 1969 1970 1968
f 1968 1970 1185
f 1969 1967 1970
f 1185 1970 484
f 1782 1787 1783
f 1775 1777 1971
f 1971 1777 1972
f 1972 1777 1973
f 1779 1974 1777
f 1779 1781 1975
f 1784 1786 1787
f 1785 1790 1786
f 1184 1183 1790
f 1790 1183 937
f 1781 1783 1976
f 1783 1787 1977
f 1787 1786 1978
f 1786 1790 1979
f 1790 937 443
f 1790 443 445
f 1783 1977 1976
f 1787 1978 1977
f 1786 1979 1978
f 1980 1981 1963
f 1790 1982 1979
f 1983 1984 1981
f 1985 1964 1966
f 1771 1983 1791
f 1793 1962 1792
f 1791 1980 1793
f 1797 1955 1906
f 1794 1965 1795
f 1792 1985 1794
f 1795 1969 1796
f 1797 1796 1968
f 1797 1968 1955
f 1771 1773 1788
f 1771 1788 1983
f 1791 1983 1980
f 1793 1980 1962
f 1792 1962 1985
f 1794 1985 1965
f 1795 1965 1969
f 1796 1969 1968
f 1955 1968 1956
f 1788 1986 1983
f 1775 1986 1788
f 1775 1987 1986
f 1962 1980 1963
f 1983 1981 1980
f 1983 1986 1984
f 1962 1964 1985
f 1985 1966 1965
f 1965 1967 1969
f 1986 1987 1984
f 1790 445 1982
f 1775 1971 1987
f 1971 1972 1988
f 1981 1930 1908
f 1963 1908 1907
f 1964 1907 1909
f 1966 1909 1932
f 1970 1913 485
f 1967 1932 1913
f 1989 1943 1910
f 485 1913 487
f 1977 1990 1991
f 1976 1991 1992
f 1993 1994 1961
f 1978 1995 1990
f 1979 1996 1995
f 1982 1933 1996
f 1994 1992 1936
f 1992 1991 1939
f 1961 1994 1936
f 1991 1990 1941
f 1990 1995 1940
f 1995 1996 1942
f 1933 1935 1996
f 1992 1939 1936
f 1991 1941 1939
f 1990 1940 1941
f 1995 1942 1940
f 1996 1935 1942
f 1993 1961 1943
f 1984 1910 1930
f 1967 1913 1970
f 1970 485 484
f 1966 1932 1967
f 1777 1974 1973
f 1972 1973 1988
f 1973 1997 1988
f 1971 1988 1987
f 1987 1988 1984
f 1988 1997 1989
f 1984 1988 1989
f 1779 1975 1974
f 1973 1974 1997
f 1984 1930 1981
f 1981 1908 1963
f 1984 1989 1910
f 1781 1976 1975
f 1961 1938 1911
f 1997 1974 1993
f 1976 1992 1975
f 1976 1977 1991
f 1977 1978 1990
f 1974 1994 1993
f 1975 1992 1994
f 1982 445 446
f 1978 1979 1995
f 1979 1982 1996
f 1982 446 1933
f 1989 1997 1993
f 1989 1993 1943
f 1963 1907 1964
f 1964 1909 1966
f 1974 1975 1994
f 1403 1710 1405
f 1897 1847 1905
f 1998 1897 1999
f 2000 2001 2002
f 2003 2000 2004
f 2001 2005 2006
f 2007 2008 2009
f 2003 2010 2007
f 2011 2009 2012
f 2011 2013 2014
f 2015 2016 2017
f 2014 2017 2016
f 2014 2013 2018
f 2019 2015 2017
f 2020 2021 2022
f 2023 2024 2020
f 2019 2024 2023
f 2019 2017 2024
f 2020 2024 2021
f 2022 2021 2025
f 2014 2026 2017
f 2014 2027 2026
f 2014 2018 2027
f 2017 2026 2024
f 2024 2026 2027
f 2024 2027 2018
f 2021 2028 2025
f 2024 2028 2021
f 2024 2018 2028
f 2029 2030 2031
f 2032 2033 2005
f 2029 2034 2030
f 2011 2014 2016
f 2015 2009 2011
f 2035 2036 2037
f 2037 2036 2038
f 2039 2040 2041
f 2041 2040 2042
f 2042 2040 2043
f 2039 2038 2040
f 2035 2044 2036
f 2045 2046 2047
f 2045 2032 2044
f 2036 2044 2005
f 2038 2036 2000
f 2038 2000 2003
f 2040 2015 2043
f 2038 2007 2040
f 2040 2009 2015
f 2038 2003 2007
f 2040 2007 2009
f 2042 2043 2019
f 2019 2043 2015
f 2046 2048 2049
f 2045 2047 2032
f 2046 2049 2047
f 2048 2030 2049
f 2048 2031 2030
f 2044 2032 2005
f 2036 2005 2001
f 2036 2001 2000
f 2015 2011 2016
f 2049 2030 2034
f 2047 2049 2050
f 2047 2051 2032
f 2018 2052 2028
f 2018 2053 2052
f 2028 2052 2054
f 2053 2055 2052
f 2055 2056 2052
f 2056 2057 2058
f 2052 2056 2059
f 2056 2058 2059
f 2052 2059 2060
f 1398 2061 2062
f 2061 2063 2062
f 2064 2065 2061
f 2061 2066 2063
f 2067 2068 2069
f 2064 2069 2065
f 2061 2065 2066
f 2063 2066 2070
f 2066 2071 2070
f 2022 2025 2072
f 2072 2073 2074
f 2074 2075 2076
f 2068 2077 2069
f 2069 2078 2065
f 2076 2079 2080
f 2068 2080 2081
f 2074 2073 2075
f 2072 2025 2073
f 2082 2056 2055
f 2083 2055 2053
f 2018 2013 2053
f 2082 2057 2056
f 2049 2034 2050
f 2047 2050 2051
f 2032 2051 2033
f 2029 2084 2034
f 2034 2085 2050
f 2000 2002 2004
f 2005 2033 2006
f 2001 2006 2002
f 2003 2004 2010
f 2011 2086 2013
f 2011 2012 2086
f 2007 2010 2008
f 2009 2008 2012
f 2035 2045 2044
f 2013 2086 2083
f 2013 2083 2053
f 2083 2082 2055
f 2010 2004 2087
f 2008 2088 2012
f 2010 2089 2008
f 2086 2012 2090
f 2086 2057 2082
f 2033 2051 2091
f 2050 2092 2051
f 2006 2033 2093
f 2006 2094 2002
f 2002 2094 2004
f 2086 2095 2057
f 2086 2082 2083
f 2076 2075 2079
f 2039 2037 2038
f 2096 2097 2031
f 1404 2035 2037
f 2098 2037 2039
f 2099 2041 2100
f 2101 2039 2041
f 2102 2099 2103
f 2099 2100 2103
f 1402 1711 1392
f 1405 2104 1711
f 1341 2105 1355
f 1341 1340 2105
f 1340 1339 2105
f 1339 1392 2105
f 1392 1711 2105
f 1711 2106 2105
f 2107 2108 2104
f 2102 2103 2108
f 1711 2104 2106
f 2105 2106 2109
f 2104 2108 2106
f 2108 2110 2106
f 2108 2103 2110
f 2100 2111 2103
f 2103 2111 2110
f 2110 2023 2106
f 2106 2020 2109
f 2110 2111 2023
f 2020 2022 2109
f 2101 2098 2039
f 2106 2023 2020
f 1404 2037 2098
f 2101 2041 2112
f 1401 1405 1711
f 1375 1343 2113
f 1377 1375 2113
f 1343 1342 2114
f 1342 1344 2115
f 1344 1346 2115
f 1346 1348 2116
f 1377 2113 1404
f 1343 2114 2113
f 1395 1404 1406
f 1346 2116 2115
f 1342 2115 2114
f 1394 1406 1487
f 1393 1487 1710
f 1405 1710 2107
f 2107 1710 2102
f 1405 2107 2104
f 2107 2102 2108
f 1487 1406 2101
f 1406 1404 2098
f 1487 2112 1710
f 1710 2112 2102
f 1404 2113 2035
f 2113 2114 2045
f 1406 2098 2101
f 1487 2101 2112
f 2102 2112 2099
f 2112 2041 2099
f 2100 2041 2042
f 2100 2042 2111
f 2042 2019 2111
f 2117 2072 2074
f 2118 2074 2076
f 2118 2076 2080
f 2119 2080 2068
f 1422 1424 1348
f 1424 2116 1348
f 2116 1425 2096
f 2096 2120 2097
f 1424 1425 2116
f 2096 1425 2120
f 2097 2120 2121
f 1398 2062 2122
f 2062 2063 2122
f 2063 2070 2122
f 2070 2071 2122
f 2071 2123 2122
f 2123 2124 2122
f 2124 2125 2122
f 2125 2126 2122
f 2116 2096 2115
f 2114 2115 2046
f 2115 2096 2127
f 2113 2045 2035
f 2114 2046 2045
f 2115 2048 2046
f 2115 2127 2048
f 2096 2031 2127
f 2128 2022 2072
f 2119 2068 2067
f 2118 2080 2119
f 2117 2074 2118
f 2111 2019 2023
f 1355 2105 1356
f 1356 1399 1353
f 1356 2105 2129
f 1356 2129 1399
f 1361 1399 1400
f 1363 2119 1365
f 1362 2119 1363
f 1362 1400 2119
f 2105 2109 2129
f 2129 2117 1399
f 1399 2119 1400
f 1365 2067 1366
f 2048 2127 2031
f 1368 1366 2064
f 1396 1350 2061
f 1396 2061 1397
f 1397 2061 1398
f 1365 2119 2067
f 1366 2067 2064
f 1350 2064 2061
f 2129 2109 2128
f 2129 2128 2117
f 1399 2117 2118
f 1399 2118 2119
f 2067 2069 2064
f 2128 2109 2022
f 2128 2072 2117
f 1368 2064 1350
f 1897 1905 1999
f 2080 2079 2081
f 2069 2077 2078
f 2130 1815 1813
f 2130 1817 1815
f 2131 1813 1811
f 2132 1821 1820
f 2132 1820 1819
f 2133 1830 2134
f 2135 2134 1825
f 2135 1823 1821
f 2135 1832 1831
f 2135 1831 1823
f 2134 1829 1825
f 2134 1830 1829
f 2133 1809 1830
f 2135 1825 1832
f 1414 1448 1413
f 1413 1484 1415
f 1448 1484 1413
f 1415 1484 1412
f 1415 1412 1416
f 1416 1419 1418
f 1416 1412 1419
f 1418 1419 1408
f 1418 1408 2136
f 2136 1408 1407
f 1423 1418 2136
f 2136 1407 2137
f 2136 2137 1426
f 2131 1811 1810
f 1423 2136 1426
f 2130 1819 1817
f 2130 1813 2131
f 2138 2139 1870
f 2138 2140 2141
f 2138 1870 2140
f 2141 1809 2133
f 2140 1837 2141
f 2140 1870 1843
f 2140 1843 1837
f 2141 1837 1808
f 2141 1808 1809
f 2124 2142 2131
f 2124 2131 2125
f 2143 2132 2130
f 2144 2145 2132
f 2146 2130 2131
f 2059 2147 2060
f 2060 2148 2149
f 2060 2147 2148
f 2149 2148 2145
f 2125 2131 2126
f 2150 2133 2147
f 2148 2147 2134
f 2145 2148 2135
f 2132 2145 2135
f 2148 2134 2135
f 2147 2133 2134
f 2132 1819 2130
f 2126 2131 1810
f 2132 2135 1821
f 1425 1426 2120
f 1426 2151 2120
f 1426 2137 2151
f 2152 1838 1834
f 2153 1810 2154
f 2154 1810 1889
f 2155 2156 1834
f 2157 1833 2158
f 1833 2159 2160
f 1833 2160 2161
f 2157 2159 1833
f 1833 2162 2163
f 1833 2163 2164
f 1833 2161 2162
f 1833 2165 2166
f 1833 2167 2168
f 1833 2168 1834
f 1833 2166 2167
f 1833 2164 2165
f 1833 2169 2158
f 2170 1836 2171
f 1833 1836 2169
f 2169 1836 2172
f 2170 2172 1836
f 2173 2174 1836
f 2173 1836 1896
f 2171 1836 2175
f 2175 1836 2174
f 2173 1896 1897
f 2173 1897 1998
f 2152 1839 1838
f 2151 1839 2152
f 2156 2151 2152
f 2126 1810 2153
f 1398 2122 1407
f 2137 2122 2176
f 1407 2122 2137
f 2176 2153 2177
f 2176 2122 2153
f 2151 2137 2176
f 2176 2177 1839
f 2151 2176 1839
f 2178 2179 2180
f 2178 2180 2181
f 2177 2154 2182
f 2153 2154 2177
f 2182 1889 2183
f 2139 1869 1870
f 2182 2154 1889
f 2177 1873 1871
f 2177 2182 1873
f 2182 1892 1873
f 2179 2183 1890
f 2182 2183 2184
f 1889 1890 2183
f 2179 1890 2180
f 2182 2184 1892
f 2120 2151 2121
f 2121 2151 2156
f 2155 2121 2156
f 2156 2152 1834
f 2126 2153 2122
f 2177 1871 1839
f 2068 2081 2077
f 2185 1866 1869
f 2185 1862 1864
f 2143 2144 2132
f 2146 2143 2130
f 2186 2145 2144
f 2186 2149 2145
f 2097 2121 2031
f 2029 2031 2121
f 2029 2121 2084
f 2084 2121 2187
f 2187 2121 2155
f 2034 2084 2187
f 2034 2187 2085
f 2050 2085 2092
f 2051 2092 2091
f 2033 2091 2093
f 2006 2093 2094
f 2004 2094 2087
f 2010 2087 2089
f 2008 2089 2088
f 2012 2088 2090
f 2086 2090 2095
f 2095 2090 2188
f 2095 2189 2057
f 2095 2188 2189
f 2189 2190 2057
f 2189 2188 2191
f 2187 2155 2085
f 2093 2192 2094
f 2054 2060 2149
f 2094 2192 2087
f 2052 2060 2054
f 2193 2144 2143
f 2065 2078 2194
f 2066 2065 2194
f 2066 2194 2195
f 2066 2195 2071
f 2073 2025 2196
f 2075 2197 2079
f 2079 2197 2081
f 2073 2196 2075
f 2081 2193 2077
f 2075 2196 2197
f 2081 2197 2193
f 2028 2196 2025
f 2071 2195 2123
f 2123 2195 2142
f 2194 2078 2146
f 2077 2143 2078
f 2077 2193 2143
f 2078 2143 2146
f 2194 2142 2195
f 2194 2146 2142
f 2123 2142 2124
f 2146 2131 2142
f 2197 2196 2186
f 2028 2054 2196
f 2197 2144 2193
f 2196 2054 2186
f 2197 2186 2144
f 2186 2054 2149
f 2087 2198 2089
f 2089 2198 2088
f 2090 2088 2185
f 2085 2163 2162
f 2085 2167 2166
f 2085 1834 2168
f 2085 2168 2167
f 2085 2166 2165
f 2085 2165 2164
f 2085 2170 2171
f 2085 2171 2175
f 2085 2175 2174
f 2085 2173 1998
f 2092 1998 1999
f 2092 1999 1905
f 2092 1905 1846
f 2085 2174 2173
f 2091 1846 1845
f 2093 1845 1849
f 2192 2199 1855
f 2192 1859 2198
f 2198 1860 2185
f 2185 1869 2139
f 2199 1849 1851
f 2199 1851 1854
f 2199 1854 1855
f 2192 1855 1857
f 2192 1857 1859
f 2198 1859 1860
f 2185 1860 1862
f 2085 2164 2163
f 2085 2162 2161
f 2085 2161 2160
f 2085 2172 2170
f 2090 2200 2188
f 2091 1845 2093
f 2093 2199 2192
f 2087 2192 2198
f 2088 2198 2185
f 2090 2185 2200
f 2188 2200 2138
f 2058 2057 2190
f 2189 2191 2190
f 2058 2150 2059
f 2058 2190 2150
f 2059 2150 2147
f 2190 2191 2150
f 2185 1864 1866
f 2150 2191 2138
f 2150 2138 2141
f 2150 2141 2133
f 2092 2085 1998
f 2155 1834 2085
f 2092 1846 2091
f 2093 1849 2199
f 2185 2139 2200
f 2138 2200 2139
f 2085 2160 2159
f 2085 2159 2157
f 2085 2157 2158
f 2085 2158 2169
f 2085 2169 2172
f 2188 2138 2191
f 856 1468 857
f 1427 884 2201
f 1709 2201 884
f 2202 2203 2204
f 2202 2204 2205
f 2205 2204 2206
f 2207 2206 2208
f 2203 2209 2210
f 2203 2210 2204
f 2206 2204 2210
f 2206 2211 2208
f 2212 2208 2213
f 2214 2213 2215
f 2206 2210 2211
f 2215 2216 2217
f 2218 2216 2219
f 2217 2216 2218
f 2208 2211 2213
f 2211 2216 2213
f 2213 2216 2215
f 2219 2216 2220
f 2216 2221 2220
f 2222 2223 2210
f 2210 2224 2211
f 2210 2223 2224
f 2225 2226 2223
f 2224 2223 2227
f 2223 2226 2227
f 2226 2228 2227
f 2211 2224 2221
f 2229 2230 2203
f 2211 2221 2216
f 2229 2203 2202
f 2222 2225 2223
f 2231 2232 2233
f 2234 2233 2235
f 2236 2229 2237
f 2237 2229 2232
f 2232 2202 2233
f 2233 2205 2235
f 2238 2212 2239
f 2235 2207 2238
f 2239 2214 2240
f 2240 2214 2241
f 2232 2229 2202
f 2235 2205 2207
f 2233 2202 2205
f 2205 2206 2207
f 2207 2212 2238
f 2239 2212 2214
f 2207 2208 2212
f 2214 2212 2213
f 2214 2215 2241
f 2241 2217 2242
f 2241 2215 2217
f 2230 2243 2203
f 2244 2245 2203
f 2243 2244 2203
f 2245 2209 2203
f 2222 2210 2246
f 2246 2210 2209
f 2225 2247 2226
f 2224 2248 2221
f 2220 2221 2249
f 2221 2248 2249
f 2250 2251 2252
f 2253 2252 2254
f 2252 2255 2254
f 2252 2256 2255
f 2252 2257 2256
f 2257 2258 2256
f 2252 2259 2257
f 2260 2218 2261
f 2218 2219 2261
f 2250 2261 2251
f 2219 2220 2261
f 2220 2262 2261
f 2220 2249 2262
f 2249 2263 2262
f 2261 2262 2251
f 2251 2264 2259
f 2264 2265 2259
f 2251 2262 2264
f 2262 2266 2264
f 2264 2267 2265
f 2264 2266 2267
f 2252 2251 2259
f 2262 2263 2266
f 2263 2268 2266
f 2266 2269 2270
f 2267 2266 2270
f 2268 2271 2266
f 2253 2254 2272
f 2253 2273 2252
f 2260 2261 2250
f 2273 2250 2252
f 2249 2248 2263
f 2224 2227 2248
f 2227 2274 2248
f 2227 2228 2274
f 2248 2274 2263
f 2274 2228 2275
f 2274 2268 2263
f 2274 2275 2268
f 2271 2275 2276
f 2268 2275 2271
f 2271 2276 2277
f 2278 2279 2242
f 2278 2280 2281
f 2282 2237 2232
f 2240 2241 2279
f 2279 2241 2242
f 2281 2280 2283
f 2281 2283 2253
f 2283 2273 2253
f 2284 2253 2285
f 2285 2272 2286
f 2253 2272 2285
f 2280 2242 2218
f 2283 2280 2260
f 2283 2260 2273
f 2280 2218 2260
f 2242 2217 2218
f 2273 2260 2250
f 2278 2242 2280
f 2271 2269 2266
f 2287 2288 2237
f 2236 2289 2229
f 2290 2291 2292
f 2293 2294 2291
f 2295 2296 2294
f 2297 2298 2296
f 2299 2300 2298
f 2301 2302 2300
f 2303 2304 2305
f 2305 2304 2306
f 2305 2306 2307
f 2304 2308 2306
f 2304 2309 2310
f 2309 2292 2236
f 2304 2310 2308
f 2309 2288 2310
f 2291 2294 2244
f 2294 2296 2222
f 2296 2298 2311
f 2298 2300 2312
f 2292 2291 2230
f 2292 2289 2236
f 2309 2236 2288
f 2292 2230 2289
f 2291 2243 2230
f 2291 2244 2243
f 2294 2209 2245
f 2294 2245 2244
f 2294 2222 2246
f 2313 2301 2300
f 2294 2246 2209
f 2314 2313 2300
f 2297 2299 2298
f 2315 2316 2317
f 2316 2318 2317
f 2316 2319 2318
f 2319 2320 2318
f 2321 2322 2307
f 2322 2323 2324
f 2322 2324 2303
f 2322 2303 2305
f 2324 2323 2325
f 2323 2326 2325
f 2323 2327 2326
f 2323 2328 2327
f 2322 2305 2307
f 2324 2325 2303
f 2325 2304 2303
f 2325 2326 2304
f 2326 2327 2304
f 2323 2290 2328
f 2323 2329 2290
f 2327 2328 2309
f 2328 2290 2292
f 2327 2309 2304
f 2328 2292 2309
f 2290 2329 2291
f 2329 2293 2291
f 2293 2295 2294
f 2295 2297 2296
f 2299 2314 2300
f 2296 2225 2222
f 2296 2247 2225
f 2296 2311 2247
f 2330 2239 2240
f 2331 2330 2332
f 2332 2333 2334
f 2334 2335 2336
f 2336 2337 2338
f 2332 2330 2333
f 2334 2333 2335
f 2336 2335 2337
f 2338 2337 2339
f 2340 2339 2281
f 2339 2337 2281
f 2340 2341 23
f 2340 2284 2341
f 2340 2281 2284
f 23 2341 2342
f 2330 2240 2333
f 2335 2333 2279
f 2335 2278 2337
f 2337 2278 2281
f 2335 2279 2278
f 2333 2240 2279
f 2284 2342 2341
f 2284 2343 2342
f 2284 2281 2253
f 2284 2285 2343
f 2343 2285 2286
f 2288 2236 2237
f 2344 2238 2239
f 2345 2235 2238
f 2345 2238 2344
f 2234 2235 2345
f 2298 2346 2311
f 2300 2302 2347
f 2298 2312 2348
f 2298 2348 2346
f 2300 2349 2312
f 2300 2347 2349
f 2302 2350 2347
f 2307 2287 2351
f 2307 2306 2287
f 2351 2287 2352
f 2352 2282 2353
f 2353 2231 2354
f 2306 2308 2287
f 2289 2230 2229
f 2353 2282 2231
f 2354 2234 2355
f 2355 2345 2356
f 2356 2344 2331
f 2354 2231 2234
f 2355 2234 2345
f 2356 2345 2344
f 2331 2344 2330
f 2308 2310 2287
f 2310 2288 2287
f 2287 2237 2282
f 2282 2232 2231
f 2231 2233 2234
f 2344 2239 2330
f 2352 2287 2282
f 2357 2318 2358
f 2271 2277 2269
f 2277 2359 2269
f 2360 2361 2362
f 2361 2363 2364
f 2365 2363 2366
f 2365 2366 2367
f 2366 2368 2367
f 2369 2367 2370
f 2367 2368 2371
f 2367 2371 2370
f 2372 2366 2363
f 2372 2373 2366
f 2373 2374 2366
f 2366 2374 2368
f 2373 2375 2374
f 2374 2375 2376
f 2368 2374 2377
f 2368 2377 2371
f 2374 2376 2377
f 2378 2379 2380
f 2379 2381 2382
f 2378 2380 2383
f 2379 2382 2380
f 2383 2380 2384
f 2383 2384 2385
f 2380 2386 2384
f 2381 2387 2382
f 2381 2369 2387
f 2380 2382 2386
f 2388 2372 2363
f 2382 2387 2389
f 2361 2390 2388
f 2360 2390 2361
f 2391 2392 2393
f 2392 2362 2393
f 2360 2362 2392
f 2394 2395 2396
f 2397 2398 2399
f 2400 2396 2398
f 2399 2360 2392
f 2401 2395 2402
f 2401 2396 2395
f 2403 2401 2402
f 2401 2404 2398
f 2398 2404 2399
f 2401 2398 2396
f 2399 2404 2405
f 2360 2405 2390
f 2399 2405 2360
f 2393 2362 2406
f 2378 2407 2379
f 2406 2364 2407
f 2407 2381 2379
f 2407 2365 2381
f 2406 2362 2364
f 2361 2364 2362
f 2364 2363 2365
f 2407 2364 2365
f 2381 2365 2369
f 2365 2367 2369
f 2361 2388 2363
f 2382 2389 2386
f 2408 2385 2409
f 2385 2384 2410
f 2411 2412 2413
f 2414 2411 2413
f 2415 2416 2417
f 2415 2418 2419
f 2419 2420 2421
f 2415 2417 2422
f 2350 2423 2424
f 2424 2425 2426
f 2426 2427 2428
f 2428 2429 2430
f 2359 2431 2432
f 2430 2433 2431
f 2426 2425 2434
f 2424 2423 2425
f 2426 2434 2427
f 2430 2429 2433
f 2431 2433 2432
f 2428 2427 2429
f 2423 2435 2425
f 2425 2436 2434
f 2434 2436 2427
f 2435 2437 2425
f 2425 2438 2436
f 2425 2437 2438
f 2429 2436 2433
f 2403 2439 2401
f 2403 2432 2439
f 2409 2411 2414
f 2440 2441 2442
f 2443 2442 2444
f 2443 2440 2442
f 2385 2410 2409
f 2445 2409 2446
f 2446 2409 2414
f 2409 2410 2412
f 2409 2412 2411
f 2384 2386 2447
f 2384 2447 2410
f 2386 2448 2447
f 2386 2389 2448
f 2410 2447 2449
f 2410 2449 2412
f 2447 2450 2449
f 2369 2370 2387
f 2397 2392 2391
f 2387 2370 2451
f 2370 2452 2451
f 2371 2453 2452
f 2370 2371 2452
f 2377 2453 2371
f 2451 2452 2440
f 2389 2443 2448
f 2389 2451 2443
f 2447 2448 2450
f 2448 2443 2444
f 2448 2444 2450
f 2451 2440 2443
f 2452 2453 2454
f 2452 2454 2440
f 2387 2451 2389
f 2277 2431 2359
f 2400 2397 2455
f 2400 2455 2456
f 2277 2457 2431
f 2323 2293 2329
f 2323 2295 2293
f 2323 2297 2295
f 2323 2299 2297
f 2323 2314 2299
f 2323 2313 2314
f 2323 2301 2313
f 2323 2458 2301
f 2323 2459 2458
f 2301 2460 2302
f 2301 2458 2461
f 2301 2461 2462
f 2459 2461 2458
f 2301 2462 2463
f 2301 2463 2464
f 2301 2464 2465
f 2301 2466 2460
f 2301 2465 2467
f 2301 2467 2466
f 2460 2423 2302
f 2460 2468 2469
f 2470 2415 2419
f 2471 2419 2421
f 2472 2421 2473
f 2474 2473 2475
f 2476 2475 2477
f 2457 2430 2431
f 2478 2477 2479
f 2277 2276 2457
f 2480 2428 2430
f 2247 2311 2481
f 2311 2346 2481
f 2247 2481 2226
f 2226 2481 2228
f 2481 2482 2228
f 2348 2483 2346
f 2348 2312 2484
f 2312 2349 2484
f 2349 2347 2485
f 2347 2350 2424
f 2481 2346 2483
f 2481 2483 2482
f 2483 2486 2482
f 2348 2484 2483
f 2483 2484 2486
f 2349 2485 2484
f 2347 2424 2485
f 2485 2424 2426
f 2484 2485 2480
f 2486 2484 2480
f 2485 2426 2480
f 2480 2426 2428
f 2228 2482 2275
f 2482 2276 2275
f 2482 2486 2276
f 2486 2480 2457
f 2486 2457 2276
f 2480 2430 2457
f 2487 2479 2468
f 19 21 2415
f 2460 2469 2488
f 2489 2455 2391
f 2490 2393 2491
f 2491 2406 2492
f 2493 2407 2494
f 2495 2407 2493
f 2492 2407 2495
f 2491 2393 2406
f 2492 2406 2407
f 2494 2407 2378
f 2494 2378 2496
f 2378 2383 2496
f 2497 2496 2383
f 2497 2383 2498
f 2383 2385 2498
f 2498 2385 2499
f 2408 2499 2385
f 2408 2409 2500
f 2445 2500 2409
f 2394 2400 2456
f 2501 2502 2394
f 2394 2502 2395
f 2394 2396 2400
f 2400 2398 2397
f 2397 2399 2392
f 2503 2504 2501
f 2503 2394 2456
f 2503 2501 2394
f 2490 2391 2393
f 2503 2456 29
f 2505 2456 2455
f 2489 2391 2506
f 2468 2479 2469
f 21 2416 2415
f 2302 2423 2350
f 2460 2435 2423
f 2460 2507 2435
f 2460 2508 2507
f 2460 2488 2508
f 2359 2432 2403
f 2257 2504 2258
f 2258 2504 25
f 2259 2265 2501
f 2265 2267 2502
f 2257 2259 2501
f 2397 2391 2455
f 2270 2269 2402
f 2359 2403 2269
f 2265 2502 2501
f 2257 2501 2504
f 2270 2402 2395
f 2267 2395 2502
f 2269 2403 2402
f 2504 27 25
f 2503 29 27
f 2503 27 2504
f 2509 2456 2505
f 2509 29 2456
f 2505 2455 2489
f 2490 2506 2391
f 2267 2270 2395
f 2433 2439 2432
f 2357 2317 2318
f 2510 2315 2511
f 2512 2513 2514
f 2512 2515 2516
f 2512 2517 2515
f 2518 2519 2520
f 2518 2520 2517
f 2519 2521 2520
f 2522 2523 2524
f 2519 2525 2461
f 2525 2526 2462
f 2527 2464 2526
f 2527 2522 2467
f 2522 2524 2466
f 2519 2459 2521
f 2323 2520 2521
f 2323 2521 2459
f 2519 2461 2459
f 2525 2462 2461
f 2526 2463 2462
f 2526 2464 2463
f 2527 2465 2464
f 2527 2467 2465
f 2522 2466 2467
f 2524 2460 2466
f 2470 2528 19
f 2470 2419 2471
f 2471 2421 2472
f 2523 2487 2524
f 2512 2529 2513
f 2524 2487 2460
f 2512 2516 2529
f 2530 2514 2531
f 2532 2526 2525
f 2533 2527 2526
f 2534 2522 2527
f 2535 2523 2522
f 2536 2471 2537
f 2537 2472 2538
f 2539 2538 2474
f 2539 2476 2540
f 2541 2542 2543
f 2544 2540 2478
f 2544 2545 2546
f 2538 2472 2474
f 2546 2545 2543
f 2539 2474 2476
f 2540 2476 2478
f 2544 2478 2545
f 2536 2470 2471
f 2537 2471 2472
f 2535 2543 2523
f 2543 2547 2523
f 2543 2545 2547
f 496 2548 2470
f 2548 2528 2470
f 2547 2545 2487
f 2523 2547 2487
f 2549 2512 2530
f 2530 2512 2514
f 2512 2518 2517
f 2472 2473 2474
f 2476 2477 2478
f 2476 2474 2475
f 159 2498 127
f 127 2498 128
f 128 2499 129
f 129 2445 131
f 131 2446 31
f 20 196 2417
f 196 35 2417
f 113 115 122
f 115 2550 122
f 35 40 2551
f 112 2552 115
f 115 2553 2550
f 115 2552 2553
f 112 74 2552
f 74 73 2554
f 74 2554 2552
f 2553 2552 2555
f 2552 2556 2555
f 2552 2554 2556
f 73 2557 2554
f 2556 2554 2558
f 2554 2559 2558
f 2554 2560 2559
f 2554 2557 2560
f 31 2414 34
f 40 120 2551
f 120 121 2551
f 161 2498 159
f 180 2497 161
f 179 2496 180
f 178 2496 179
f 2545 2478 2479
f 2470 19 2415
f 2487 2468 2460
f 2545 2479 2487
f 14 16 2561
f 371 2307 372
f 372 2307 375
f 371 14 2307
f 375 2307 575
f 575 2307 576
f 576 2352 578
f 578 2354 577
f 577 2355 583
f 2562 2525 2519
f 583 2331 572
f 584 2334 587
f 587 2336 588
f 588 2338 573
f 573 2339 589
f 589 2340 22
f 30 29 543
f 543 29 540
f 540 2489 548
f 548 2506 549
f 549 2492 176
f 176 2492 174
f 174 2492 177
f 177 2492 178
f 572 2332 584
f 121 122 2551
f 2563 2519 2518
f 2564 2512 2549
f 2565 2566 2567
f 2568 2569 2570
f 2566 2568 2564
f 2565 2567 2571
f 2566 2564 2567
f 2568 2570 2564
f 2572 2573 493
f 2572 2537 2574
f 2575 2540 2576
f 2577 2546 2578
f 2577 2576 2544
f 2574 2538 2579
f 2579 2539 2575
f 2572 493 2536
f 2572 2536 2537
f 2574 2537 2538
f 2579 2538 2539
f 2575 2539 2540
f 493 495 2536
f 495 496 2536
f 2580 2581 2582
f 2583 2580 2584
f 2585 2583 2586
f 2580 2582 2587
f 2585 2586 2588
f 2583 2584 2586
f 2589 2590 2582
f 2591 2566 2565
f 2580 2587 2584
f 2591 2565 2592
f 2589 2582 2581
f 490 2593 2572
f 2594 2575 2595
f 2594 2579 2575
f 2596 2574 2579
f 2595 2575 2576
f 2597 2576 2577
f 2598 2577 2578
f 2599 2578 2589
f 2593 2573 2572
f 2600 2601 2602
f 2602 2601 2603
f 2602 2603 2591
f 2602 2591 2592
f 2604 2605 2601
f 2606 2607 2605
f 2601 2605 2603
f 2603 2605 2591
f 2608 2609 2607
f 2610 2611 2609
f 2591 2605 2566
f 2605 2607 2566
f 2607 2609 2568
f 2585 2588 2611
f 2609 2611 2569
f 2607 2568 2566
f 2609 2569 2568
f 2611 2588 2569
f 2592 2565 2571
f 2582 2590 2587
f 2589 2612 2590
f 2587 2590 2613
f 2536 496 2470
f 2614 2615 2322
f 2322 2615 2616
f 2615 2549 2616
f 2616 2549 2530
f 2616 2530 2531
f 2322 2616 2323
f 2616 2531 2323
f 2323 2531 2514
f 2323 2514 2513
f 2323 2513 2529
f 2323 2529 2516
f 2323 2516 2515
f 2323 2515 2517
f 2323 2517 2520
f 2617 2542 2541
f 2534 2617 2541
f 2564 2549 2618
f 2564 2570 2512
f 2570 2563 2518
f 2563 2562 2519
f 2532 2533 2526
f 2562 2532 2525
f 2534 2541 2535
f 2533 2534 2527
f 2541 2543 2535
f 2534 2535 2522
f 2618 2549 2615
f 2614 2618 2615
f 2571 2614 2322
f 2592 2571 2322
f 2590 2612 2613
f 2569 2588 2563
f 2588 2586 2562
f 2586 2584 2532
f 2584 2587 2533
f 2587 2613 2534
f 2569 2563 2570
f 2588 2562 2563
f 2584 2533 2532
f 2586 2532 2562
f 2587 2534 2533
f 2613 2612 2617
f 2613 2617 2534
f 2570 2518 2512
f 2578 2546 2589
f 2589 2546 2612
f 2576 2540 2544
f 2612 2546 2542
f 2617 2612 2542
f 2546 2543 2542
f 2619 2322 2321
f 2600 2602 2322
f 2602 2592 2322
f 2571 2620 2614
f 2571 2567 2620
f 2567 2564 2620
f 2620 2564 2618
f 2614 2620 2618
f 2577 2544 2546
f 2315 2317 2511
f 122 2550 2551
f 2553 2555 2551
f 1110 1120 1108
f 2621 2622 2623
f 2624 2625 2622
f 2626 2627 2628
f 2629 2628 2625
f 946 2630 2631
f 946 2631 2632
f 946 2632 2633
f 946 2633 2634
f 2635 2636 2627
f 2635 2637 2636
f 2635 2638 2637
f 2635 2639 2638
f 2640 2641 2639
f 2642 2643 2630
f 2644 2645 2623
f 2644 2623 2646
f 2623 2622 2646
f 2622 2625 2646
f 2644 2646 2647
f 2646 2625 2648
f 2625 2628 2648
f 2628 2627 2648
f 2648 2627 2649
f 2627 2636 2649
f 2636 2637 2649
f 2649 2637 2638
f 1105 1108 1104
f 2649 2638 2639
f 1102 1104 1106
f 1100 1097 1120
f 2650 2626 2628
f 2626 2635 2627
f 2640 2639 2635
f 1082 1090 1084
f 1082 1023 1090
f 1175 2651 1176
f 946 2651 1175
f 1176 2652 1177
f 1177 2653 1178
f 1178 2654 1179
f 1180 1179 2655
f 1180 2655 1181
f 1181 2655 1182
f 1182 2656 1170
f 1170 2656 1174
f 1174 2657 1171
f 1172 1171 2658
f 1172 2659 1173
f 1173 2660 1086
f 2661 1090 2662
f 2662 1090 2663
f 1084 1090 1085
f 1085 1090 2661
f 2663 1090 2640
f 1091 2664 1090
f 1091 1093 2664
f 1096 1087 1097
f 1101 1106 1093
f 946 2634 2665
f 2640 1090 2641
f 1086 2666 1087
f 2667 2644 2668
f 2667 2669 2670
f 2667 2668 2669
f 2671 2670 2672
f 2671 2673 2674
f 2671 2672 2673
f 2670 2669 2672
f 2643 2675 2672
f 2675 2673 2672
f 2643 2672 2669
f 2674 2676 2677
f 2674 2677 2678
f 2677 2676 2679
f 2676 2680 2679
f 2510 2414 2315
f 2676 2681 2680
f 2681 2682 2680
f 2681 2357 2682
f 2676 2317 2681
f 2681 2317 2357
f 2357 2683 2682
f 2357 2684 2683
f 2674 2511 2676
f 2674 2673 2511
f 2676 2511 2317
f 2675 2510 2673
f 2510 2511 2673
f 2671 2685 2670
f 2686 2670 2685
f 2687 2667 2688
f 2667 2670 2688
f 946 2665 2689
f 1090 2690 2641
f 2691 1090 2664
f 946 2689 2651
f 1176 2651 2652
f 1177 2652 2653
f 1178 2653 2654
f 1179 2654 2655
f 1182 2655 2692
f 1182 2692 2656
f 1174 2656 2657
f 1171 2693 2658
f 1171 2657 2693
f 2694 2695 2628
f 2691 2696 1090
f 2691 2664 2697
f 1172 2658 2698
f 1172 2698 2659
f 1173 2659 2660
f 1086 2660 2699
f 2700 2701 2321
f 2702 2321 2307
f 2671 2703 2685
f 2671 2551 2703
f 2671 2674 2551
f 2551 2674 2678
f 2704 2414 2510
f 2686 2688 2670
f 1086 2699 2666
f 2550 2553 2551
f 2650 2628 2695
f 2624 2629 2625
f 540 2509 2505
f 540 2505 2489
f 548 2489 2506
f 549 2506 2490
f 549 2490 2491
f 549 2491 2492
f 178 2492 2495
f 178 2495 2493
f 178 2493 2494
f 178 2494 2496
f 180 2496 2497
f 161 2497 2498
f 128 2498 2499
f 129 2499 2408
f 129 2408 2500
f 129 2500 2445
f 131 2445 2446
f 31 2446 2414
f 20 2416 21
f 20 2417 2416
f 34 2414 111
f 111 2414 71
f 35 2678 2677
f 35 2551 2678
f 71 2414 72
f 72 2414 2704
f 2555 2556 2551
f 540 29 2509
f 2556 2558 2551
f 28 27 29
f 24 2258 25
f 2559 2560 2623
f 14 2561 2307
f 2702 2700 2321
f 2561 2702 2307
f 576 2307 2351
f 576 2351 2352
f 578 2352 2353
f 578 2353 2354
f 577 2354 2355
f 583 2355 2356
f 583 2356 2331
f 572 2331 2332
f 584 2332 2334
f 587 2334 2336
f 588 2336 2338
f 573 2338 2339
f 589 2339 2340
f 22 2340 23
f 18 21 19
f 24 23 2342
f 24 2342 2343
f 24 2343 2286
f 24 2286 2272
f 24 2272 2254
f 24 2254 2255
f 24 2255 2256
f 24 2256 2258
f 26 25 27
f 2558 2559 2551
f 2559 2705 2687
f 2559 2706 2705
f 1163 1167 2707
f 1083 1085 1167
f 1085 2661 1167
f 2661 2662 2707
f 1167 2661 2707
f 1074 2630 946
f 2707 2663 2708
f 2663 2640 2708
f 2650 2708 2626
f 2650 2709 2708
f 2708 2635 2626
f 2640 2635 2708
f 2662 2663 2707
f 1161 2630 1162
f 1162 2630 1074
f 2557 2621 2560
f 2557 2624 2621
f 2557 2710 2624
f 2710 2629 2624
f 2710 2709 2629
f 2629 2709 2694
f 2709 2695 2694
f 2704 2643 2642
f 2642 2630 2711
f 1161 2711 2630
f 2560 2621 2623
f 2621 2624 2622
f 1164 2707 2708
f 1164 1163 2707
f 2650 2695 2709
f 2712 2708 2709
f 2559 2645 2706
f 2559 2623 2645
f 35 2677 2417
f 2704 2675 2643
f 2704 2510 2675
f 2559 2687 2688
f 2559 2688 2686
f 2559 2686 2685
f 2559 2685 2703
f 2559 2703 2551
f 2667 2705 2706
f 2687 2705 2667
f 2667 2706 2644
f 2629 2694 2628
f 2644 2706 2645
f 2704 2642 2713
f 72 2714 73
f 2704 2713 2714
f 73 2714 2557
f 2714 2713 2710
f 2642 2711 2712
f 1161 1164 2711
f 2642 2712 2713
f 1164 2712 2711
f 2713 2712 2709
f 1164 2708 2712
f 2557 2714 2710
f 2713 2709 2710
f 72 2704 2714
f 2715 2572 2574
f 2436 2439 2433
f 2390 2439 2716
f 2717 2718 2719
f 2719 2718 2720
f 2721 2722 2718
f 2723 2724 2725
f 2726 2727 2724
f 2728 2717 2719
f 2717 2729 2721
f 2729 2730 2721
f 2730 2731 2732
f 2730 2732 2721
f 2731 2733 2732
f 2725 2724 2734
f 2735 2736 2737
f 2735 2733 2731
f 2738 2739 2740
f 2741 2742 2738
f 2724 2727 2734
f 2734 2742 2741
f 2736 2743 2744
f 2743 2740 2745
f 2735 2737 2733
f 2736 2746 2737
f 2747 2748 2749
f 2747 2749 2727
f 2717 2721 2718
f 2721 2732 2722
f 2732 2733 2750
f 2726 2747 2727
f 2737 2751 2733
f 2752 2747 2753
f 2754 2753 2747
f 2755 2729 2717
f 2756 2734 2757
f 2758 2734 2756
f 2759 2738 2760
f 2757 2741 2759
f 2761 2762 2743
f 2763 2735 2764
f 2763 2761 2736
f 2760 2740 2762
f 2758 2765 2734
f 2766 2730 2729
f 2764 2731 2730
f 2764 2735 2731
f 2767 2725 2765
f 2760 2738 2740
f 2757 2734 2741
f 2759 2741 2738
f 2763 2736 2735
f 2761 2743 2736
f 2762 2740 2743
f 2765 2725 2734
f 2768 2726 2723
f 2769 2754 2768
f 2768 2754 2726
f 2723 2726 2724
f 2754 2747 2726
f 2770 2753 2754
f 2752 2753 2771
f 2737 2746 2772
f 2746 2744 2773
f 2734 2727 2742
f 2774 2775 2776
f 2777 2778 2779
f 2778 2780 2774
f 2780 2781 2775
f 2778 2774 2779
f 2780 2775 2774
f 2781 2782 2775
f 2783 2784 2785
f 2785 2786 2787
f 2785 2788 2786
f 2783 2785 2787
f 2786 2789 2787
f 2790 2789 2791
f 2789 2792 2791
f 2786 2792 2789
f 2791 2793 2794
f 2795 2796 2788
f 2796 2786 2788
f 2796 2797 2792
f 2796 2792 2786
f 2797 2793 2792
f 2797 2798 2793
f 2793 2798 2799
f 2799 2798 2800
f 2791 2792 2793
f 2794 2793 2799
f 2794 2799 2801
f 2779 2774 2802
f 2803 2779 2800
f 2803 2800 2798
f 2804 2803 2798
f 2740 2739 2745
f 2738 2742 2739
f 2736 2744 2746
f 2743 2745 2744
f 2727 2749 2805
f 2749 2748 2805
f 2727 2805 2742
f 2806 2807 2808
f 2808 2807 2795
f 2795 2807 2796
f 2796 2807 2797
f 2809 2810 2811
f 2812 2813 2810
f 2814 2717 2728
f 2815 2777 2813
f 2806 2816 2810
f 2810 2813 2804
f 2817 2778 2777
f 2818 2780 2778
f 2819 2781 2780
f 2820 2821 2781
f 2806 2810 2807
f 2810 2804 2807
f 2813 2803 2804
f 2813 2777 2803
f 2777 2779 2803
f 2797 2807 2804
f 2797 2804 2798
f 2811 2810 2816
f 2801 2822 2823
f 2767 2723 2725
f 2768 2723 2767
f 2824 2825 2826
f 2824 2827 2828
f 2829 2828 2830
f 2829 2830 2831
f 2829 2831 2832
f 2833 2832 2834
f 2835 2834 2836
f 2837 2836 2838
f 2837 2838 2839
f 2837 2839 2840
f 2841 2842 2843
f 2844 2845 2846
f 2844 2847 2845
f 2844 2840 2848
f 2844 2848 2847
f 2849 2850 2842
f 2851 2852 2853
f 2852 2854 2853
f 2855 2851 2856
f 2851 2853 2856
f 2854 2846 2853
f 2856 2853 2821
f 2820 2856 2821
f 2846 2845 2853
f 2842 2850 2843
f 2857 2843 2858
f 2857 2859 2825
f 2824 2826 2827
f 2826 2859 2827
f 2860 2857 2825
f 2819 2820 2781
f 2861 2862 2863
f 2864 2863 2812
f 2863 2862 2812
f 2862 2865 2812
f 2865 2866 2815
f 2866 2867 2815
f 2867 2868 2815
f 2864 2812 2809
f 2809 2812 2810
f 2865 2815 2812
f 2812 2815 2813
f 2868 2869 2817
f 2870 2817 2869
f 2870 2818 2817
f 2870 2871 2818
f 2871 2872 2818
f 2872 2819 2818
f 2872 2873 2819
f 2873 2874 2819
f 2874 2875 2819
f 2875 2820 2819
f 2875 2855 2820
f 2855 2856 2820
f 2815 2868 2817
f 2815 2817 2777
f 2817 2818 2778
f 2818 2819 2780
f 2860 2843 2857
f 2825 2859 2826
f 2853 2845 2876
f 2830 2877 2831
f 2878 2787 2879
f 2879 2787 2789
f 2880 2881 2882
f 2883 2878 2884
f 2878 2881 2884
f 2881 2879 2882
f 2882 2790 2885
f 2886 2882 2885
f 2887 2885 2888
f 2889 2888 2769
f 2878 2879 2881
f 2882 2879 2790
f 2885 2890 2888
f 2885 2790 2890
f 2888 2890 2891
f 2879 2789 2790
f 2790 2791 2890
f 2888 2891 2769
f 2769 2770 2754
f 2769 2891 2770
f 2892 2720 2893
f 2892 2719 2720
f 2892 2893 2894
f 2698 2768 2895
f 2658 2889 2768
f 2659 2895 2765
f 2768 2767 2895
f 2896 2783 2878
f 2878 2783 2787
f 2896 2784 2783
f 2897 2896 2878
f 2827 2877 2828
f 2828 2877 2830
f 2831 2898 2832
f 2834 2832 2899
f 2845 2847 2876
f 2840 2839 2900
f 2848 2901 2847
f 2840 2900 2848
f 2834 2899 2836
f 2838 2836 2902
f 2839 2838 2900
f 2651 2903 2904
f 2653 2904 2905
f 2895 2767 2765
f 2654 2905 2880
f 2656 2886 2887
f 2657 2887 2889
f 2903 2906 2904
f 2904 2884 2905
f 2906 2884 2904
f 2906 2883 2884
f 2905 2881 2880
f 2905 2884 2881
f 2880 2882 2886
f 2886 2885 2887
f 2887 2888 2889
f 2889 2769 2768
f 2883 2897 2878
f 2655 2880 2886
f 2861 2863 2864
f 2799 2800 2907
f 2801 2907 2908
f 2909 2910 2911
f 2912 2913 2914
f 2909 2915 2910
f 2776 2916 2917
f 2918 2919 2916
f 2920 2916 2919
f 2917 2921 2922
f 2917 2920 2921
f 2917 2916 2920
f 2920 2919 2923
f 2918 2924 2919
f 2922 2921 2923
f 2920 2923 2921
f 2924 2923 2919
f 2922 2923 2925
f 2926 2927 2928
f 2929 2930 2931
f 2932 2933 2934
f 2931 2934 2933
f 2932 2934 2935
f 2936 2937 2938
f 2939 2935 2937
f 2940 2938 2927
f 2940 2927 2926
f 2924 2941 2923
f 2942 2943 2941
f 2942 2926 2928
f 2915 2914 2910
f 2942 2928 2943
f 2912 2944 2913
f 2945 2946 2911
f 2773 2944 2927
f 2751 2772 2937
f 2946 2909 2911
f 2912 2927 2944
f 2946 2925 2909
f 2915 2928 2912
f 2909 2943 2915
f 2947 2935 2934
f 2935 2751 2937
f 2772 2938 2937
f 2773 2927 2938
f 2747 2948 2748
f 2752 2911 2948
f 2742 2805 2910
f 2742 2914 2739
f 2739 2913 2745
f 2805 2748 2910
f 2733 2947 2750
f 2746 2773 2772
f 2737 2772 2751
f 2733 2751 2947
f 2744 2745 2944
f 2744 2944 2773
f 2748 2948 2910
f 2742 2910 2914
f 2739 2914 2913
f 2745 2913 2944
f 2911 2910 2948
f 2941 2943 2949
f 2941 2949 2923
f 2932 2935 2939
f 2950 2951 2952
f 2950 2953 2951
f 2954 2955 2956
f 2956 2955 2957
f 2954 2956 2958
f 2956 2959 2958
f 2956 2957 2960
f 2956 2960 2959
f 2959 2960 2958
f 2958 2960 2961
f 2962 2963 2954
f 2954 2963 2955
f 2955 2964 2957
f 2965 2954 2958
f 2962 2966 2963
f 2962 2967 2966
f 2962 2968 2967
f 2962 2954 2965
f 2969 2970 2967
f 2958 2971 2965
f 2961 2972 2971
f 2958 2961 2971
f 2973 2974 2970
f 2965 2971 2973
f 2965 2973 2969
f 2969 2973 2970
f 2968 2969 2967
f 2952 2951 2975
f 2951 2976 2977
f 2953 2976 2951
f 2953 2978 2976
f 2939 2937 2936
f 2940 2936 2938
f 2925 2923 2949
f 2909 2925 2949
f 2909 2949 2943
f 2912 2928 2927
f 2915 2943 2928
f 2979 2980 2981
f 2981 2980 2982
f 2979 2981 2983
f 2981 2984 2983
f 2981 2982 2985
f 2981 2985 2984
f 2773 2938 2772
f 2984 2985 2983
f 2950 2986 2979
f 2979 2986 2980
f 2980 2987 2982
f 2950 2988 2986
f 2950 2975 2988
f 2950 2952 2975
f 2953 2979 2983
f 2983 2978 2953
f 2983 2989 2990
f 2983 2990 2978
f 2950 2979 2953
f 2951 2977 2975
f 2976 2991 2977
f 2983 2985 2989
f 2801 2799 2907
f 2947 2751 2935
f 2750 2930 2992
f 2821 2993 2994
f 2782 2994 2995
f 2782 2995 2918
f 2775 2782 2916
f 2782 2918 2916
f 2993 2996 2994
f 2994 2997 2995
f 2995 2998 2918
f 2843 2850 2858
f 2857 2858 2859
f 2827 2859 2877
f 2850 2999 2858
f 3000 2858 2999
f 2858 3001 2859
f 2859 2929 2877
f 2877 2929 2898
f 3002 2876 3003
f 2993 3003 2996
f 2831 2877 2898
f 2832 2898 2899
f 2848 2900 2901
f 2847 2901 2876
f 2838 2902 3004
f 2836 2899 2902
f 2838 3004 2900
f 2902 3005 3004
f 2876 2901 3003
f 2781 2821 2782
f 2901 2996 3003
f 2821 2994 2782
f 3006 2876 3002
f 2801 2908 2822
f 2822 2908 2917
f 2890 2794 2891
f 2890 2791 2794
f 2891 2794 2823
f 2891 2823 2770
f 2770 3007 2753
f 2770 2823 3007
f 2794 2801 2823
f 2822 3007 2823
f 2822 3008 3007
f 2907 2800 2802
f 2908 2802 2776
f 2779 2802 2800
f 2774 2776 2802
f 2775 2916 2776
f 2907 2802 2908
f 2908 2776 2917
f 3009 3000 2999
f 3010 2894 3011
f 3010 3011 3000
f 3009 3010 3000
f 3000 2992 3001
f 2853 3006 2821
f 3006 3002 2821
f 3002 2993 2821
f 2853 2876 3006
f 3002 3003 2993
f 2901 2900 3012
f 2901 2997 2996
f 2900 3004 3013
f 2753 3014 2771
f 3007 3014 2753
f 2771 3014 3015
f 2752 2948 2747
f 2752 2771 2911
f 2771 3015 2911
f 3007 3008 3014
f 3016 3015 3014
f 3016 3014 2945
f 3017 3014 3008
f 3017 2945 3014
f 3016 2911 3015
f 3016 2945 2911
f 3017 2946 2945
f 2893 2718 2894
f 2894 2718 3011
f 2722 2992 3011
f 2720 2718 2893
f 2732 2750 2722
f 2718 2722 3011
f 2722 2750 2992
f 2750 2947 2930
f 3017 2925 2946
f 3000 3011 2992
f 3001 2992 2930
f 2931 2930 2934
f 2915 2912 2914
f 3017 2922 2925
f 2917 2922 3008
f 3017 3008 2922
f 2822 2917 3008
f 3000 3001 2858
f 2859 3001 2929
f 2898 2929 2931
f 2902 2933 2932
f 2899 2931 2933
f 3001 2930 2929
f 2932 2939 3005
f 2994 2996 2997
f 2995 2997 2998
f 2918 2998 3018
f 2918 3018 2924
f 2997 3012 2998
f 2899 2933 2902
f 2947 2934 2930
f 2898 2931 2899
f 2902 2932 3005
f 2936 3013 3005
f 2900 3013 3012
f 2901 3012 2997
f 3012 2926 2942
f 2940 2926 3013
f 3013 2926 3012
f 3012 2942 2998
f 2924 3018 2941
f 3018 2942 2941
f 2998 2942 3018
f 2939 2936 3005
f 2940 3013 2936
f 3004 3005 3013
f 2401 2439 2404
f 3019 3009 2999
f 3020 2999 2850
f 2449 3021 3022
f 2450 3023 3021
f 2444 3024 3023
f 2441 3025 3024
f 3026 3027 3025
f 3028 3029 3027
f 3030 3031 3029
f 3032 3033 3031
f 2413 3034 3035
f 3036 3035 3037
f 3035 3034 3037
f 3037 3034 3038
f 3034 3022 3038
f 3038 3022 3039
f 3022 3021 3039
f 3039 3021 3040
f 3021 3023 3040
f 3040 3023 3041
f 3023 3024 3041
f 3041 3024 3042
f 3024 3025 3042
f 3042 3025 3043
f 3025 3027 3043
f 3027 3029 3044
f 3027 3044 3043
f 3029 3045 3044
f 3029 3031 3045
f 2412 3022 3034
f 3033 3046 3031
f 3047 3048 3049
f 3050 3048 3051
f 3052 3053 3054
f 3052 3054 3055
f 3056 3057 3058
f 3053 3059 3054
f 2419 2418 2420
f 2421 2420 3060
f 2473 3060 3061
f 2475 3061 3062
f 2477 3062 3063
f 3056 3055 3057
f 3054 3059 3064
f 3065 3050 2422
f 3053 3063 3059
f 3059 3063 3064
f 3066 2413 3035
f 3036 3067 3035
f 3068 3069 3070
f 3068 3070 3050
f 3050 3070 3071
f 3069 3071 3070
f 3069 3047 3071
f 3050 3071 3072
f 3050 3072 3049
f 3073 3074 3047
f 3071 3047 3072
f 3047 3049 3072
f 3050 3049 3048
f 3047 3074 3048
f 3031 3046 3045
f 3058 3057 3033
f 3055 3054 3075
f 2634 3076 3077
f 2649 2639 3078
f 2649 3078 3077
f 2639 2641 3078
f 3078 2641 2690
f 3078 2690 3079
f 2690 3080 3079
f 2649 3077 3076
f 3077 3078 3081
f 2634 3077 2665
f 3079 3082 3081
f 3078 3079 3081
f 3079 3080 2696
f 3079 2696 3083
f 3079 3083 3082
f 2665 3081 3084
f 3077 3081 2665
f 3084 3082 3085
f 3084 3081 3082
f 3083 3086 3082
f 3082 3086 3087
f 3085 3087 3088
f 3082 3087 3085
f 3088 3089 3090
f 3088 3087 3089
f 3087 3091 3089
f 3087 3086 3092
f 2633 3076 2634
f 2633 3093 3076
f 2632 2647 3093
f 2632 3093 2633
f 3054 3064 3075
f 3064 3063 3094
f 3050 3095 2422
f 2422 2824 2418
f 2418 2829 2420
f 3060 2835 3061
f 2420 2833 3060
f 3055 3075 3057
f 3063 3062 3096
f 3061 2837 3062
f 3050 3051 3095
f 3033 3097 3046
f 3033 3057 3097
f 2412 3034 2413
f 3057 3098 3097
f 3075 3094 3098
f 3064 3094 3075
f 3063 3096 3094
f 2644 2647 2668
f 2646 2648 3093
f 2648 2649 3076
f 2646 3093 2647
f 2648 3076 3093
f 2643 2669 2630
f 2630 2668 2631
f 2669 2668 2630
f 2631 2668 2647
f 2631 2647 2632
f 3057 3075 3098
f 3087 3092 3091
f 3032 3058 3033
f 3026 3028 3027
f 3099 3100 3101
f 3099 3102 3100
f 3103 3104 3105
f 3104 3106 3105
f 3103 3105 3100
f 2377 2376 3107
f 2377 3107 2453
f 2376 3101 3107
f 2453 3107 3108
f 3107 3109 3108
f 3107 3101 3109
f 3100 3110 3101
f 3101 3110 3109
f 2453 3108 2454
f 2440 2454 2441
f 2454 3111 2441
f 2454 3108 3111
f 3108 3026 3111
f 3108 3109 3026
f 3109 3028 3026
f 3110 3028 3109
f 3100 3105 3110
f 3105 3058 3110
f 3110 3030 3028
f 3110 3032 3030
f 3110 3058 3032
f 2488 2469 3112
f 3103 3100 3102
f 3112 2469 3104
f 3113 3102 3099
f 3113 3114 3102
f 2436 2716 2439
f 2427 2436 2429
f 2435 2507 2437
f 2507 2508 2437
f 2508 3103 2437
f 2508 2488 3103
f 2716 2438 3115
f 2436 2438 2716
f 2437 3116 2438
f 2438 3116 3115
f 2437 3114 3116
f 2437 3103 3114
f 2488 3112 3103
f 3112 3104 3103
f 2405 2439 2390
f 2404 2439 2405
f 2390 2716 2388
f 2388 2716 2372
f 2372 2716 3115
f 2372 3115 2373
f 3115 2375 2373
f 3115 3113 2375
f 3116 3113 3115
f 3116 3114 3113
f 3113 3099 2375
f 2375 3099 2376
f 3103 3102 3114
f 2376 3099 3101
f 3104 2469 3106
f 2469 3117 3106
f 2469 3118 3117
f 2318 3119 2358
f 2319 3120 2320
f 3120 3121 3122
f 3120 3122 2320
f 3121 3066 3073
f 2320 3122 3069
f 3121 3073 3122
f 3121 2413 3066
f 3119 2320 3069
f 3119 3068 3123
f 3119 3069 3068
f 3122 3073 3047
f 3122 3047 3069
f 2412 2449 3022
f 2414 2413 3121
f 2415 2422 2418
f 2417 3065 2422
f 2417 3123 3065
f 3123 3068 3050
f 3123 3050 3065
f 2449 2450 3021
f 2450 2444 3023
f 2444 2442 3024
f 2442 2441 3024
f 2441 3111 3025
f 3111 3026 3025
f 3028 3030 3029
f 2318 2320 3119
f 2417 3124 3123
f 2417 3125 3124
f 3119 3123 3124
f 2469 3052 3118
f 3105 3106 3117
f 3105 3117 3118
f 3105 3118 3056
f 3105 3056 3058
f 3118 3052 3056
f 2469 3053 3052
f 2469 2479 3053
f 2475 3062 2477
f 2477 3063 2479
f 2473 2421 3060
f 2473 3061 2475
f 3056 3052 3055
f 3030 3032 3031
f 2479 3063 3053
f 2316 2414 2319
f 2319 2414 3120
f 2677 2679 2417
f 2679 2680 2417
f 2680 2682 2417
f 2682 2683 2417
f 2357 2358 2684
f 2358 3125 2684
f 2358 3124 3125
f 2414 3121 3120
f 2683 2684 2417
f 2417 2684 3125
f 2358 3119 3124
f 2315 2414 2316
f 3019 3010 3009
f 3089 3091 3126
f 1090 2696 3080
f 3127 2844 2846
f 3096 2840 2844
f 3085 3088 2689
f 3088 3090 2903
f 3128 3129 3126
f 3126 3129 2892
f 3126 2892 3019
f 3128 3130 3129
f 3129 2814 2892
f 3088 2903 2689
f 3090 2906 2903
f 3090 2883 2906
f 3090 2896 2897
f 3090 2897 2883
f 2892 3010 3019
f 3128 3131 3130
f 3132 3133 3134
f 2666 2699 3135
f 3135 3136 3137
f 3133 3138 3139
f 3138 3140 3141
f 3142 3143 3140
f 3142 3137 3144
f 3132 3134 3131
f 3133 3139 3134
f 3135 2699 3145
f 3135 3145 3136
f 3098 2846 2854
f 3138 3141 3139
f 3046 2852 2851
f 3146 2842 2841
f 3147 2842 3148
f 3146 3148 2842
f 3037 2862 2861
f 3037 2866 2865
f 3037 2865 2862
f 3038 2867 2866
f 3039 2868 2867
f 3039 2869 2868
f 3040 2870 2869
f 3041 2871 2870
f 3042 2872 2871
f 3042 2873 2872
f 3043 2874 2873
f 3044 2875 2874
f 3045 2851 2855
f 3045 2855 2875
f 3149 3150 2841
f 3149 2841 3151
f 3098 3127 2846
f 3127 3096 2844
f 2860 2825 2824
f 2824 2828 2829
f 2829 2832 2833
f 2833 2834 2835
f 2837 2840 3096
f 2837 2835 2836
f 2860 2841 2843
f 3097 2854 2852
f 3140 3143 3141
f 3142 3144 3143
f 3137 3136 3144
f 3141 2766 2755
f 3143 2764 2766
f 3144 2761 2763
f 3144 2762 2761
f 3136 2760 2762
f 3143 2763 2764
f 2659 2758 2660
f 2659 2765 2758
f 2814 3152 2717
f 3152 2755 2717
f 2660 2758 2756
f 2755 2766 2729
f 2766 2764 2730
f 3090 2864 2809
f 3090 2809 2811
f 3090 2795 2788
f 3090 2811 2816
f 3090 2816 2806
f 3090 2806 2808
f 3090 2808 2795
f 3090 2785 2784
f 3090 2784 2896
f 3090 2788 2785
f 3020 2850 2849
f 3019 2999 3020
f 2849 2842 3147
f 2892 2894 3010
f 3136 2759 2760
f 3145 2757 2759
f 3145 2756 2757
f 2699 2660 2756
f 3131 3134 3130
f 2689 2903 2651
f 2651 2904 2652
f 2652 2904 2653
f 2653 2905 2654
f 2654 2880 2655
f 2655 2886 2692
f 2692 2886 2656
f 2656 2887 2657
f 2693 2889 2658
f 2657 2889 2693
f 3129 3130 3153
f 3129 3153 2814
f 2849 3147 3154
f 2892 2814 2728
f 3130 3134 3153
f 3134 3139 3152
f 3134 3152 3153
f 2699 2756 3145
f 3145 2759 3136
f 3139 3141 2755
f 3141 3143 2766
f 3144 2763 3143
f 3144 3136 2762
f 2658 2768 2698
f 2698 2895 2659
f 3139 2755 3152
f 3153 3152 2814
f 2892 2728 2719
f 1090 3080 2690
f 3146 2841 3155
f 3150 3155 2841
f 3156 3157 3158
f 2664 3133 3132
f 1097 2666 3135
f 1120 3135 3137
f 1093 3138 3133
f 1106 3140 3138
f 1104 3142 3140
f 1108 3137 3142
f 3159 3157 3131
f 3156 3132 3157
f 3157 3132 3131
f 3066 3160 3073
f 3161 3162 3163
f 3161 3164 3165
f 3161 3163 3164
f 3066 3035 3067
f 3036 3166 3067
f 3036 3165 3166
f 3161 3165 2861
f 3066 3067 3160
f 3067 3166 3167
f 3067 3167 3160
f 3073 3160 3074
f 3160 3167 3168
f 3166 3165 3169
f 3166 3169 3167
f 3164 3169 3165
f 3159 3131 3128
f 3167 3169 3170
f 3171 3157 3159
f 3091 3128 3126
f 2691 3172 2696
f 2696 3172 3083
f 3172 3173 3083
f 3172 2697 3173
f 3173 3156 3174
f 2691 2697 3172
f 2664 3156 2697
f 2664 1093 3133
f 1087 2666 1097
f 1097 3135 1120
f 1093 1106 3138
f 1106 1104 3140
f 1108 3142 1104
f 1108 1120 3137
f 3173 2697 3156
f 2664 3132 3156
f 3083 3173 3086
f 3173 3174 3086
f 3174 3158 3086
f 3086 3158 3092
f 3156 3158 3174
f 2665 3084 2689
f 3084 3085 2689
f 3158 3171 3092
f 3092 3171 3159
f 3092 3159 3091
f 3091 3159 3128
f 3158 3157 3171
f 3164 3175 3169
f 3162 3090 3176
f 3089 3176 3090
f 2422 2860 2824
f 2418 2824 2829
f 2420 2829 2833
f 3074 3168 3177
f 3051 3177 3095
f 3168 3178 3177
f 3177 3178 3095
f 3098 3094 3127
f 3061 2835 2837
f 3060 2833 2835
f 3062 2837 3096
f 3094 3096 3127
f 3170 3178 3168
f 3178 3151 3095
f 3170 3179 3178
f 3179 3151 3178
f 3095 3151 2860
f 3179 3149 3151
f 3151 2841 2860
f 3046 3097 2852
f 3097 3098 2854
f 3162 2861 2864
f 3154 3147 3175
f 3146 3175 3148
f 3147 3148 3175
f 3150 3175 3155
f 3170 3175 3150
f 2422 3095 2860
f 3074 3177 3051
f 3040 3041 2870
f 3039 3040 2869
f 3162 3176 3163
f 3163 3176 3180
f 3089 3126 3176
f 3176 3126 3180
f 3161 2861 3162
f 3162 2864 3090
f 3164 3163 3154
f 3164 3154 3175
f 3163 3180 3154
f 3126 3019 3180
f 3180 3019 3020
f 3020 2849 3154
f 3180 3020 3154
f 3146 3155 3175
f 3036 2861 3165
f 3074 3051 3048
f 3167 3170 3168
f 3169 3175 3170
f 3170 3149 3179
f 3170 3150 3149
f 3036 3037 2861
f 3038 3039 2867
f 3037 3038 2866
f 3041 3042 2871
f 3042 3043 2873
f 3044 2874 3043
f 3044 3045 2875
f 3046 2851 3045
f 3074 3160 3168
f 1602 1603 1605
f 2596 2579 2594
f 2715 490 2572
f 870 3181 3182
f 875 874 3183
f 875 3184 870
f 3184 3183 3185
f 875 3183 3184
f 870 3184 3181
f 3186 3187 3188
f 3186 3189 3187
f 878 877 3182
f 3186 878 3189
f 3188 3187 3190
f 3190 3187 3191
f 3187 3189 3192
f 878 3182 3189
f 3187 3192 3193
f 3184 3194 3181
f 3184 3185 3195
f 3196 3195 3197
f 3195 3185 3198
f 3184 3195 3196
f 3189 3199 3192
f 3189 3200 3199
f 3182 3200 3189
f 3182 3181 3200
f 3201 3192 3199
f 3199 3200 3202
f 3203 3204 3205
f 870 3182 877
f 3204 3206 3205
f 3201 3199 3207
f 3208 3193 3201
f 3209 3210 3211
f 3212 3213 3210
f 3212 3214 3215
f 3212 3215 3213
f 3216 3217 3218
f 3216 3219 3217
f 3216 862 3219
f 862 3220 3219
f 3217 3219 3221
f 3219 3222 3221
f 3219 3223 3222
f 3219 3220 3223
f 3220 3224 3223
f 862 865 3220
f 865 867 3220
f 867 3191 3220
f 867 3190 3191
f 3220 3191 3224
f 3191 3187 3193
f 3224 3191 3193
f 3222 3223 3225
f 3223 3224 3226
f 3225 3226 3203
f 3225 3223 3226
f 3224 3208 3226
f 3224 3193 3208
f 3193 3192 3201
f 3208 3201 3227
f 3203 3226 3204
f 3226 3228 3204
f 3226 3208 3228
f 3229 3230 3231
f 3232 3230 3233
f 3230 3234 3233
f 3230 3235 3234
f 3236 3235 3237
f 3238 3234 3235
f 3236 3238 3235
f 3239 3240 3241
f 3239 3242 3243
f 3244 3245 3246
f 3242 3247 3248
f 3245 3249 3250
f 3246 3251 3247
f 3246 3245 3250
f 3246 3250 3251
f 3252 3253 3254
f 3255 3254 3253
f 3252 3254 3230
f 3254 3256 3239
f 3256 3242 3239
f 3230 3254 3241
f 3254 3239 3241
f 3244 3247 3256
f 3256 3247 3242
f 3244 3246 3247
f 3230 3241 3257
f 3230 3257 3235
f 3232 3231 3230
f 3252 3230 3229
f 3258 3259 3260
f 3258 3260 3261
f 3208 3227 3228
f 3204 3228 3206
f 3206 3228 3262
f 3228 3227 3262
f 3227 3263 3262
f 3207 3202 3264
f 3201 3207 3227
f 3264 3265 3266
f 3227 3207 3263
f 3263 3207 3264
f 3263 3267 3255
f 3206 3262 3268
f 3268 3262 3255
f 3209 3212 3210
f 3262 3263 3255
f 3269 3255 3253
f 3255 3267 3254
f 3267 3256 3254
f 3263 3264 3267
f 3267 3264 3266
f 3265 3270 3266
f 3266 3270 3244
f 3267 3266 3256
f 3266 3244 3256
f 3271 3244 3270
f 3271 3245 3244
f 3272 3273 3258
f 3274 3259 3275
f 3269 3268 3255
f 3241 3240 3257
f 3276 3237 3277
f 3278 3238 3236
f 3279 3280 3281
f 3280 3282 3281
f 3283 3282 3280
f 3284 3285 3283
f 3286 3287 3285
f 3283 3285 3282
f 3286 3288 3287
f 3289 3290 3287
f 3287 3290 3291
f 3282 3292 3293
f 3282 3293 3294
f 3285 3287 3282
f 3287 3292 3282
f 3287 3291 3292
f 3279 3281 3295
f 3295 3281 3296
f 3297 3295 3296
f 3281 3282 3294
f 3281 3294 3296
f 3298 3299 3300
f 3301 3211 3302
f 3302 3303 3304
f 3304 3305 3306
f 3307 3308 3309
f 3310 3311 3273
f 3309 3312 3311
f 3306 3308 3307
f 3313 3283 3280
f 3302 3211 3303
f 3314 3283 3313
f 3315 3313 3316
f 3307 3309 3299
f 3299 3309 3311
f 3317 3307 3299
f 3317 3306 3307
f 3318 3319 3320
f 3318 3321 3319
f 3319 3322 3320
f 3323 3324 3316
f 3323 3316 3280
f 3322 3323 3320
f 3279 3320 3323
f 3279 3323 3280
f 3325 3326 3327
f 3327 3326 3322
f 3298 3325 3328
f 3325 3327 3328
f 3319 3321 3322
f 3321 3327 3322
f 3322 3326 3329
f 3322 3329 3323
f 3323 3329 3324
f 3330 3331 3332
f 3330 3332 3333
f 3318 3332 3331
f 3318 3320 3295
f 3318 3295 3332
f 3279 3295 3320
f 3316 3313 3280
f 3304 3303 3305
f 3306 3305 3308
f 3309 3308 3312
f 3334 3278 3276
f 3335 3336 3217
f 3335 3221 3337
f 3335 3217 3221
f 3337 3222 3225
f 3337 3221 3222
f 3337 3225 3203
f 3337 3203 3205
f 3335 3338 3336
f 3336 3218 3217
f 3339 3253 3340
f 3212 3276 3214
f 3340 3233 3278
f 3278 3236 3276
f 3337 3206 3339
f 3337 3205 3206
f 3339 3268 3269
f 3339 3269 3253
f 3339 3206 3268
f 3276 3277 3214
f 3278 3233 3234
f 3340 3252 3229
f 3340 3253 3252
f 3340 3232 3233
f 3340 3229 3231
f 3340 3231 3232
f 3278 3234 3238
f 3341 3212 3209
f 3334 3276 3212
f 3342 3339 3340
f 3342 3340 3278
f 3311 3312 3273
f 3343 3335 3344
f 3344 3335 3345
f 3345 3335 3346
f 820 3347 3348
f 820 3334 3347
f 3343 3344 3334
f 3344 3345 3334
f 3346 3349 3350
f 3345 3346 3334
f 3346 3350 3342
f 3346 3337 3349
f 3349 3337 3350
f 3276 3236 3237
f 3346 3335 3337
f 3343 3338 3335
f 3346 3351 3352
f 3346 3352 3334
f 3346 3342 3351
f 3350 3353 3342
f 3350 3339 3353
f 3353 3339 3342
f 3342 3278 3351
f 3348 3347 3212
f 3341 3348 3212
f 3347 3334 3212
f 3351 3278 3352
f 3334 3352 3278
f 3350 3337 3339
f 3300 3299 3311
f 3239 3243 3240
f 3257 3354 3355
f 3289 3356 3290
f 3291 3290 3357
f 3293 3292 3358
f 3293 3358 3294
f 3291 3358 3292
f 3294 3359 3296
f 3297 3296 3359
f 3360 3361 3362
f 3360 3363 3361
f 3364 3365 3361
f 3365 3362 3361
f 3365 3366 3362
f 3365 3367 3366
f 3364 3367 3365
f 3364 3368 3367
f 3364 3369 3368
f 3366 3370 3371
f 3367 3368 3366
f 3368 3372 3366
f 3368 3369 3372
f 3372 3369 3373
f 3372 3373 3370
f 3366 3372 3370
f 3373 3369 3374
f 3373 3374 3370
f 857 3375 3376
f 3364 3377 3369
f 3378 3379 3380
f 3377 3381 3382
f 3383 3379 3384
f 3289 3380 3356
f 3385 3362 3386
f 3385 3360 3362
f 3387 3362 3388
f 3388 3362 3366
f 3388 3366 3371
f 3375 3389 3376
f 3390 3363 3360
f 796 3377 3363
f 3363 3364 3361
f 857 3391 3392
f 3392 3393 3383
f 798 3381 3377
f 800 3394 3381
f 802 3395 3394
f 804 3396 3395
f 806 3397 3396
f 810 3398 3397
f 3399 3400 3398
f 3401 3402 3400
f 3403 3404 3405
f 3297 3405 3404
f 3363 3377 3364
f 3400 3406 3398
f 3406 3407 3398
f 3400 3402 3406
f 3406 3402 3407
f 3403 3405 3402
f 3384 3379 3378
f 3381 3394 3408
f 3394 3395 3409
f 3395 3396 3410
f 3411 3412 3413
f 3414 3413 3415
f 3415 3413 3416
f 3413 3417 3416
f 3413 3418 3417
f 2181 3419 3420
f 3412 3421 3413
f 3421 3422 3423
f 3421 3423 3418
f 3421 3418 3413
f 3417 3418 3424
f 3424 3418 3425
f 3418 3423 3426
f 3423 3427 3428
f 3422 3427 3423
f 3428 3420 3429
f 3428 3427 3420
f 3426 3423 3428
f 3426 3428 3430
f 3428 3429 3430
f 3429 3431 3432
f 3420 3431 3429
f 3432 3433 3434
f 3432 3431 3433
f 3429 3432 3435
f 3429 3436 3430
f 3429 3435 3436
f 3411 3413 3414
f 3421 3437 3422
f 3412 3437 3421
f 3412 3438 3437
f 3396 3397 3439
f 3297 3359 3405
f 3398 3407 3440
f 3397 3398 3441
f 3402 3440 3407
f 3377 3382 3369
f 3374 3369 3442
f 3402 3405 3443
f 3402 3443 3440
f 3392 3391 3393
f 3383 3393 3379
f 3380 3379 3356
f 3290 3356 3357
f 3386 3362 3387
f 3291 3357 3358
f 3444 3445 3446
f 3444 3447 3445
f 3446 3445 3448
f 3449 3450 3411
f 3449 3448 3450
f 3411 3450 3412
f 3447 3451 3445
f 3445 3452 3448
f 3451 3452 3445
f 3448 3452 3453
f 3448 3453 3450
f 3450 3438 3412
f 3450 3453 3438
f 3294 3358 3359
f 3235 3257 3355
f 3387 3389 3375
f 3454 3375 3455
f 3199 3202 3207
f 3200 3265 3202
f 3200 3456 3265
f 3264 3202 3265
f 3456 3270 3265
f 3196 3457 3458
f 3456 3459 3271
f 3194 3459 3456
f 3194 3458 3459
f 3458 3457 3459
f 3457 3460 3459
f 3271 3461 3245
f 3271 3459 3461
f 3456 3271 3270
f 3462 3463 3464
f 3463 3465 3466
f 3463 3466 3464
f 3464 3467 3460
f 3465 3468 3466
f 3468 3469 3466
f 3464 3466 3467
f 3466 3469 3467
f 3470 3471 3469
f 3468 3470 3469
f 3467 3469 3472
f 3472 3469 3261
f 3272 3261 3471
f 3196 3197 3473
f 3471 3261 3469
f 3184 3196 3194
f 3181 3194 3456
f 3243 3474 3240
f 3240 3354 3257
f 3240 3474 3354
f 3251 3259 3248
f 3472 3260 3250
f 3260 3251 3250
f 3242 3248 3243
f 3247 3251 3248
f 3248 3259 3274
f 3243 3248 3274
f 3243 3274 3474
f 3260 3259 3251
f 3195 3198 3197
f 3185 3475 3198
f 3197 3198 3473
f 3185 3476 3475
f 3477 3473 3478
f 3473 3198 3478
f 3477 3196 3473
f 3477 3464 3457
f 3462 3475 3476
f 3477 3198 3475
f 3477 3478 3198
f 3477 3457 3196
f 3462 3477 3475
f 3462 3464 3477
f 3181 3456 3200
f 3194 3196 3458
f 3272 3258 3261
f 3472 3261 3260
f 3461 3460 3249
f 3258 3275 3259
f 3277 3237 3479
f 3235 3479 3237
f 3235 3355 3479
f 3480 880 3481
f 3481 880 3482
f 3482 880 3483
f 3483 880 3484
f 3484 3485 3486
f 3485 3487 3486
f 3486 3487 3386
f 3488 3489 857
f 3489 3490 857
f 3490 3455 857
f 3484 880 3485
f 880 3487 3485
f 3390 3491 3487
f 3390 3385 3491
f 3390 3360 3385
f 3487 3491 3386
f 3491 3385 3386
f 857 3455 3375
f 3492 3486 3454
f 3486 3386 3454
f 3386 3387 3454
f 3492 3454 3455
f 3454 3387 3375
f 3493 3474 3494
f 3274 3494 3474
f 3274 3275 3494
f 3258 3273 3275
f 3457 3464 3460
f 3459 3460 3461
f 3245 3461 3249
f 3467 3249 3460
f 3467 3472 3249
f 3472 3250 3249
f 3211 3210 3303
f 3214 3277 3479
f 3214 3479 3495
f 3303 3210 3495
f 3210 3213 3495
f 3213 3215 3495
f 3215 3214 3495
f 3387 3388 3389
f 3496 3355 3497
f 3493 3497 3354
f 3497 3355 3354
f 3493 3354 3474
f 3303 3495 3305
f 3305 3495 3496
f 3305 3496 3497
f 3305 3497 3308
f 3308 3497 3493
f 3495 3479 3496
f 3308 3494 3312
f 3308 3493 3494
f 3312 3494 3275
f 3312 3275 3273
f 3496 3479 3355
f 3432 3498 3435
f 3298 3328 3299
f 3317 3304 3306
f 1858 1901 1902
f 1867 1902 1903
f 1868 1903 1904
f 3499 3500 3501
f 3501 3502 3503
f 3504 3502 3505
f 3506 3505 3507
f 3506 3507 3508
f 3506 3508 3509
f 2181 2180 3419
f 3506 3509 3510
f 3511 3510 3414
f 3512 3452 3451
f 3512 3453 3452
f 3513 3438 3453
f 3514 3437 3438
f 3514 3422 3437
f 3514 3427 3422
f 3500 3444 3501
f 3444 3502 3501
f 3444 3446 3502
f 3502 3446 3505
f 3505 3446 3449
f 3505 3449 3507
f 3507 3449 3508
f 3446 3448 3449
f 3508 3449 3509
f 1853 1900 1901
f 3515 3414 3415
f 1850 1899 1900
f 1847 1895 1898
f 3503 3502 3504
f 3504 3505 3506
f 3506 3510 3511
f 3512 3513 3453
f 3513 3514 3438
f 2181 3420 3514
f 3515 3511 3414
f 1893 1894 1835
f 1836 1835 1895
f 1842 3516 1841
f 1841 3517 1806
f 1806 3517 1807
f 1810 1812 3419
f 1812 1814 3518
f 1814 1816 3519
f 1816 1818 3520
f 1822 1824 3521
f 1818 1822 3520
f 1826 3522 1827
f 1807 3517 1828
f 1828 3523 1826
f 1824 1827 3524
f 3525 3526 3527
f 3528 3527 3526
f 3525 3527 1894
f 1890 1810 3419
f 1894 3527 1835
f 1848 1898 1899
f 3515 3415 3416
f 3515 3416 3417
f 3515 3417 3424
f 3529 3530 3531
f 3532 3533 3531
f 3532 3534 3533
f 3535 3447 3444
f 3535 3531 3536
f 3512 3537 857
f 3533 3538 3531
f 3533 3539 3540
f 3533 3540 3538
f 3531 3538 3536
f 3535 3536 3447
f 3447 3536 3541
f 3536 3537 3541
f 3447 3541 3451
f 3539 3542 3543
f 3544 3542 3539
f 3542 3480 3543
f 3480 3545 3543
f 3546 880 3544
f 3544 880 3542
f 3542 880 3480
f 3480 3481 3545
f 3481 3482 3545
f 3482 3483 3545
f 3545 3483 3547
f 3543 3545 3548
f 3545 3547 3548
f 3549 3529 3531
f 3532 3531 3530
f 3546 3544 3539
f 3550 3546 3539
f 3515 3424 3425
f 3449 3411 3509
f 3509 3411 3510
f 3510 3411 3414
f 3514 3420 3427
f 3551 3552 3553
f 3528 3551 3554
f 2180 1890 3419
f 3515 3553 3552
f 1835 3527 1895
f 1842 1904 3516
f 3528 3554 3527
f 1841 3516 3517
f 3499 3501 3503
f 1828 3517 3555
f 1812 3556 3419
f 1814 3557 3518
f 1814 3519 3557
f 1816 3520 3519
f 1822 3521 3520
f 1827 3522 3524
f 1828 3555 3523
f 1826 3523 3522
f 1824 3524 3521
f 859 697 696
f 3558 880 3546
f 3534 3550 3533
f 3550 3539 3533
f 1812 3518 3556
f 3483 3484 3547
f 3506 3511 3559
f 3504 3559 3560
f 837 841 838
f 840 3561 3562
f 840 3562 841
f 840 846 3561
f 848 850 846
f 854 852 3563
f 854 3563 3564
f 854 3565 1485
f 854 3564 3565
f 1486 1485 3566
f 1486 3566 3567
f 1486 3567 874
f 849 857 850
f 858 3338 820
f 858 3336 3338
f 858 3218 3336
f 858 862 3216
f 863 865 862
f 864 867 865
f 871 870 877
f 872 874 875
f 869 875 870
f 868 3186 3188
f 876 877 878
f 868 878 3186
f 868 3190 867
f 868 3188 3190
f 839 838 3568
f 858 3216 3218
f 834 844 3569
f 834 3570 3571
f 1709 3572 2201
f 1427 2201 1481
f 1481 2201 3573
f 1481 3573 3574
f 3572 3575 2201
f 3575 3573 2201
f 3575 3558 3573
f 3573 3576 3574
f 3558 3577 3573
f 3577 3578 3573
f 3573 3578 3579
f 3573 3579 3576
f 3579 3580 3576
f 1468 1478 857
f 3558 3581 3577
f 3577 3582 3578
f 3578 3582 3579
f 3579 3582 3580
f 3580 3582 3499
f 858 820 697
f 751 859 696
f 879 773 880
f 851 887 852
f 834 3571 835
f 886 835 887
f 839 3583 844
f 839 3568 3583
f 834 3569 3570
f 881 880 1476
f 1476 880 882
f 882 880 883
f 2178 2181 3584
f 3585 3514 3513
f 2181 3514 3584
f 3585 3560 3584
f 2178 3584 3559
f 3576 3560 3585
f 3584 3560 3559
f 2178 3559 3586
f 3586 3559 3511
f 2178 3586 2179
f 2179 3587 2183
f 2179 3586 3587
f 2183 3587 2184
f 1892 2184 1894
f 3525 1894 2184
f 2184 3587 3526
f 3525 2184 3526
f 3587 3586 3551
f 3515 3552 3586
f 3515 3586 3511
f 3551 3586 3552
f 3528 3526 3587
f 3528 3587 3551
f 3580 3499 3576
f 3576 3499 3560
f 3499 3503 3560
f 3503 3504 3560
f 3585 3584 3514
f 3576 3585 3574
f 3574 3513 3512
f 1481 3512 1428
f 1478 1479 857
f 1479 1429 857
f 883 880 1709
f 1709 880 3572
f 3572 880 3575
f 3575 880 3558
f 1429 1428 857
f 1428 3512 857
f 3558 3529 3549
f 3558 3549 3581
f 3577 3581 3582
f 3499 3588 3500
f 3499 3582 3588
f 3504 3506 3559
f 3558 3534 3532
f 3558 3530 3529
f 3558 3546 3550
f 3558 3550 3534
f 3512 3451 3541
f 3512 3541 3537
f 3549 3531 3535
f 3500 3588 3444
f 3582 3535 3588
f 3549 3535 3581
f 3582 3581 3535
f 3535 3444 3588
f 1481 3574 3512
f 3574 3585 3513
f 3558 3532 3530
f 3328 3317 3299
f 3547 3484 3486
f 3539 3543 3540
f 3284 3314 3589
f 3590 3316 3324
f 3590 3315 3316
f 3284 3589 3591
f 3286 3591 3592
f 3593 3594 3595
f 3596 3597 3598
f 3594 3597 3599
f 3594 3598 3597
f 3593 3595 3600
f 3594 3599 3595
f 3593 3600 3601
f 3593 3601 3602
f 3593 3602 3603
f 3593 3603 3594
f 3604 3601 3600
f 3594 3603 3598
f 3605 3597 3596
f 3605 3606 3597
f 3605 3607 3608
f 3605 3596 3607
f 3597 3606 3599
f 3605 3609 3606
f 3610 3300 3608
f 3605 3608 3609
f 3610 3298 3300
f 3310 3608 3300
f 3611 3314 3315
f 3610 3608 3607
f 3611 3589 3314
f 3612 3613 3590
f 3614 3615 3611
f 3615 3589 3611
f 3616 3591 3589
f 841 3617 3616
f 841 3562 3617
f 3562 3561 3618
f 3562 3618 3617
f 3561 846 3618
f 846 850 3619
f 846 3619 3618
f 850 3392 3619
f 3616 3617 3591
f 3617 3618 3592
f 3617 3592 3591
f 3618 3620 3592
f 3618 3619 3620
f 3619 3384 3620
f 3315 3314 3313
f 3284 3283 3314
f 3288 3592 3620
f 3289 3620 3380
f 3284 3591 3286
f 3284 3286 3285
f 3286 3592 3288
f 3288 3620 3289
f 3288 3289 3287
f 3613 3611 3315
f 3613 3315 3590
f 3310 3609 3608
f 3310 3300 3311
f 3310 3273 3272
f 3332 3295 3621
f 3621 3295 3622
f 3622 3295 3403
f 3297 3404 3295
f 3403 3295 3404
f 3622 3403 3401
f 810 3399 3398
f 3399 3401 3400
f 3401 3403 3402
f 3330 3318 3331
f 3623 3624 3318
f 3623 3318 3330
f 3625 3626 3627
f 3625 3624 3626
f 3623 3627 3626
f 3623 3626 3624
f 3625 3628 3624
f 3624 3317 3629
f 3328 3327 3629
f 3624 3321 3318
f 3321 3629 3327
f 3624 3629 3321
f 3328 3629 3317
f 3628 3301 3302
f 3624 3628 3302
f 3624 3302 3304
f 3624 3304 3317
f 3399 3622 3401
f 3399 3621 3622
f 3399 3332 3621
f 811 3333 3332
f 3630 3476 3567
f 3630 3604 3462
f 3567 3476 3185
f 3630 3462 3476
f 3600 3595 3465
f 3595 3599 3468
f 3604 3600 3463
f 3606 3609 3471
f 3606 3470 3599
f 3310 3272 3609
f 3600 3465 3463
f 3595 3468 3465
f 3604 3463 3462
f 3616 3589 3615
f 3606 3471 3470
f 3609 3272 3471
f 850 857 3392
f 3619 3392 3383
f 3619 3383 3384
f 3620 3378 3380
f 3384 3378 3620
f 802 804 3395
f 804 806 3396
f 806 810 3397
f 811 3332 3399
f 811 3330 3333
f 811 3623 3330
f 811 3627 3623
f 3599 3470 3468
f 3537 3488 857
f 3614 3611 3613
f 3612 3631 3632
f 833 832 3341
f 900 891 3341
f 812 900 3341
f 833 3341 889
f 899 3341 890
f 889 3341 899
f 890 3341 891
f 3633 3348 3341
f 812 3341 3209
f 812 3209 3301
f 810 811 3399
f 812 3625 3627
f 812 3628 3625
f 812 3301 3628
f 3301 3209 3211
f 3390 796 3363
f 796 798 3377
f 798 800 3381
f 800 802 3394
f 3567 3183 874
f 3567 3185 3183
f 3634 3635 852
f 835 3636 3634
f 835 3571 3636
f 887 3634 852
f 835 3634 887
f 3636 3637 3634
f 897 3341 832
f 3634 3637 3602
f 3633 3341 816
f 896 3633 816
f 3543 3548 3540
f 3536 3538 3537
f 3538 3488 3537
f 3538 3540 3488
f 3540 3489 3488
f 3547 3492 3548
f 3547 3486 3492
f 3540 3548 3489
f 3548 3490 3489
f 3548 3492 3490
f 3492 3455 3490
f 817 820 3348
f 880 3390 3487
f 820 3343 3334
f 820 3338 3343
f 773 796 880
f 795 798 796
f 797 800 798
f 799 802 800
f 801 804 802
f 803 806 804
f 805 810 806
f 808 811 810
f 880 796 3390
f 812 3627 811
f 817 3633 896
f 817 3348 3633
f 816 3341 897
f 3569 844 3632
f 844 3583 3614
f 838 841 3616
f 3638 3631 3639
f 3610 3607 3640
f 3610 3640 3641
f 3298 3641 3325
f 3610 3641 3298
f 3612 3642 3643
f 3644 3643 3642
f 3612 3590 3642
f 3643 3640 3639
f 3596 3639 3607
f 3644 3640 3643
f 3607 3639 3640
f 3631 3643 3639
f 3641 3644 3645
f 3325 3645 3326
f 3645 3329 3326
f 3644 3642 3645
f 3642 3324 3329
f 3642 3590 3324
f 3645 3642 3329
f 3641 3640 3644
f 3641 3645 3325
f 844 3614 3632
f 3632 3614 3613
f 3583 3615 3614
f 3568 3616 3615
f 3646 3632 3647
f 3647 3632 3631
f 3638 3647 3631
f 3648 3647 3638
f 3596 3638 3639
f 838 3616 3568
f 3583 3568 3615
f 3571 3570 3636
f 3636 3570 3569
f 3636 3569 3646
f 3569 3632 3646
f 852 3635 3563
f 3564 3563 3635
f 1485 3649 3566
f 1485 3565 3649
f 3564 3649 3565
f 3630 3567 3566
f 3564 3635 3649
f 3612 3632 3613
f 3635 3602 3601
f 3604 3649 3601
f 3635 3601 3649
f 3630 3566 3649
f 3630 3649 3604
f 3637 3603 3602
f 3637 3648 3603
f 3636 3646 3637
f 3637 3646 3648
f 3648 3646 3647
f 3612 3643 3631
f 3648 3638 3598
f 3648 3598 3603
f 3596 3598 3638
f 3634 3602 3635
f 2715 2574 2596
f 3515 3425 3650
f 3418 3426 3425
f 3651 3652 3653
f 3654 3655 3652
f 3656 3652 3655
f 3652 3657 3658
f 3656 3659 3657
f 3659 3660 3657
f 3661 3660 3659
f 3656 3657 3652
f 3662 3663 3654
f 3662 3654 3651
f 3663 3655 3654
f 3664 3655 3663
f 3664 3665 3666
f 3664 3666 3655
f 3665 3667 3666
f 3656 3655 3666
f 3656 3666 3659
f 3667 3659 3666
f 3652 3658 3668
f 3657 3669 3658
f 3670 3669 3660
f 3671 3668 3658
f 3672 3658 3669
f 3660 3669 3657
f 1798 2619 1954
f 1945 1946 1883
f 1753 1946 1947
f 3653 3668 3673
f 1754 1947 1948
f 3653 3652 3668
f 3674 3675 3673
f 3674 3673 3676
f 3677 3673 3668
f 3676 3673 3677
f 3677 3668 3671
f 3671 3658 3672
f 3678 3677 3679
f 3679 3671 3680
f 3679 3677 3671
f 3680 3671 3672
f 3681 3680 3672
f 3682 3672 3669
f 3683 3684 3685
f 3685 3686 3687
f 3685 3687 3688
f 3686 3684 3687
f 3685 3684 3686
f 3689 3651 3690
f 3683 3691 3684
f 3690 3653 3675
f 3690 3651 3653
f 3651 3654 3652
f 3684 3691 3675
f 3691 3690 3675
f 3692 3687 3693
f 3693 3687 3684
f 3693 3684 3674
f 3674 3684 3675
f 3653 3673 3675
f 1801 1948 1952
f 1949 1730 1950
f 1736 3694 1950
f 489 2593 490
f 3695 3696 3697
f 3697 3696 3698
f 3698 3699 3700
f 489 2573 2593
f 489 493 2573
f 461 495 493
f 3695 3697 2702
f 3697 3698 2702
f 3698 3700 2702
f 3700 3701 2702
f 3701 3702 2702
f 2702 3702 3703
f 2702 3703 2700
f 3700 3699 3701
f 3701 3704 3702
f 436 496 495
f 435 2548 496
f 3702 3704 3703
f 3703 3704 2700
f 435 2528 2548
f 435 19 2528
f 3705 3706 3707
f 1945 3707 1946
f 3708 3709 3710
f 3710 3709 1949
f 3711 3712 3713
f 3714 3696 3695
f 3715 3716 3714
f 1954 2619 3715
f 487 490 488
f 1736 3717 3694
f 1736 3718 3717
f 1803 1952 1953
f 1798 1953 3719
f 1798 3719 3720
f 1798 3720 3721
f 1798 3721 3722
f 1798 3722 2619
f 1736 1951 3718
f 1957 1958 1951
f 1185 3723 1958
f 1185 486 3723
f 456 481 482
f 3674 3676 3724
f 457 482 483
f 481 2561 482
f 482 2561 483
f 481 1954 2561
f 478 491 494
f 15 494 16
f 1954 2702 2561
f 483 2561 491
f 491 2561 494
f 2561 16 494
f 1954 3715 2702
f 3715 3714 2702
f 3714 3695 2702
f 485 488 486
f 462 483 491
f 3725 3726 3706
f 3678 3676 3677
f 3727 3676 3678
f 3728 3729 3730
f 3731 3732 3728
f 3733 3730 3734
f 3733 3735 3736
f 3730 3729 3734
f 3728 3732 3729
f 3733 3734 3737
f 3733 3737 3735
f 3736 3735 3738
f 3739 3729 3732
f 3737 3740 3735
f 3737 3741 3740
f 3742 3734 3729
f 3743 3737 3734
f 3743 3734 3742
f 3743 3744 3737
f 3744 3741 3737
f 3740 3741 3745
f 3740 3746 3735
f 3744 3747 3741
f 3744 3748 3747
f 3747 3749 3661
f 3747 3748 3749
f 3749 3660 3661
f 3736 3738 3750
f 3750 3738 3751
f 3665 3751 3667
f 3731 3752 3732
f 3751 3738 3667
f 3753 3752 3731
f 3754 3755 3756
f 3757 3758 3759
f 3760 3761 3762
f 3759 3763 3761
f 3761 3764 3762
f 3765 3766 3650
f 3767 3763 3766
f 3768 3764 3763
f 3769 3770 3764
f 3761 3763 3764
f 3762 3764 3770
f 3762 3770 3771
f 3771 3770 3755
f 3772 3756 3755
f 3756 3773 3752
f 3732 3752 3774
f 3739 3742 3729
f 3770 3772 3755
f 3772 3773 3756
f 3752 3773 3774
f 3732 3774 3775
f 3739 3732 3775
f 3739 3776 3742
f 3743 3742 3777
f 3743 3778 3744
f 3744 3778 3748
f 3779 3762 3771
f 3780 3771 3755
f 3753 3756 3752
f 3735 3746 3738
f 3740 3745 3746
f 3741 3747 3745
f 3781 3782 3783
f 3784 3782 3781
f 3748 3778 3785
f 3786 3783 3785
f 3783 3670 3785
f 3682 3669 3670
f 3682 3670 3782
f 3783 3782 3670
f 3749 3670 3660
f 3748 3785 3749
f 3749 3785 3670
f 3787 3788 3789
f 3788 3692 3693
f 3788 3693 3789
f 3693 3724 3789
f 3693 3674 3724
f 3790 3791 3792
f 3793 3792 3794
f 3787 3792 3791
f 3792 3789 3794
f 3795 3794 3727
f 3796 3727 3678
f 3797 3679 3680
f 3798 3678 3679
f 3787 3789 3792
f 3794 3789 3724
f 3794 3724 3727
f 3778 3786 3785
f 3781 3783 3786
f 3799 3784 3781
f 3781 3786 3777
f 3661 3667 3745
f 3746 3667 3738
f 3745 3667 3746
f 3661 3659 3667
f 3747 3661 3745
f 3768 3769 3764
f 3769 3800 3770
f 3800 3801 3772
f 3800 3772 3770
f 3801 3773 3772
f 3802 3774 3773
f 3803 3775 3774
f 3804 3805 3775
f 3727 3724 3676
f 3806 3776 3805
f 3802 3803 3774
f 3803 3804 3775
f 3804 3806 3805
f 3806 3807 3776
f 3808 3777 3807
f 3808 3799 3777
f 3807 3777 3776
f 3799 3781 3777
f 3739 3775 3805
f 3739 3805 3776
f 3742 3776 3777
f 3743 3777 3778
f 3778 3777 3786
f 3801 3802 3773
f 3759 3766 3763
f 3809 3810 3811
f 3812 3713 3813
f 3814 3815 3816
f 3817 2595 3815
f 3818 2596 3819
f 3819 2594 3817
f 3818 3723 2715
f 3820 3821 3822
f 3816 2598 3823
f 3815 2597 3816
f 3823 3824 3821
f 3723 486 2715
f 3819 2596 2594
f 3818 2715 2596
f 3821 3824 3822
f 3817 2594 2595
f 3815 2595 2597
f 3816 2597 2598
f 3823 2598 3824
f 486 488 2715
f 3825 3820 3822
f 3825 3822 3826
f 3822 3824 3827
f 488 490 2715
f 3715 2619 3716
f 3714 3716 3696
f 3698 3696 3699
f 2619 2321 3716
f 3716 2321 3696
f 3828 3821 3820
f 3701 3699 3704
f 3829 3823 3821
f 3830 3821 3828
f 3722 3831 3832
f 3833 3834 3831
f 3833 3835 3836
f 3837 3838 3839
f 3835 3840 3841
f 3840 3837 3842
f 3722 3832 3843
f 3831 3834 3832
f 3840 3842 3841
f 3844 3845 3838
f 3844 3846 3825
f 3844 3825 3847
f 3837 3839 3842
f 3844 3847 3845
f 3838 3845 3839
f 3848 3819 3849
f 3848 1951 3818
f 3849 3817 3850
f 3850 3815 3814
f 3851 3814 3816
f 3829 3821 3830
f 3851 3823 3829
f 3848 3818 3819
f 3849 3819 3817
f 3850 3817 3815
f 1951 1958 3818
f 1958 3723 3818
f 3851 3816 3823
f 2700 3704 2701
f 3696 2321 3699
f 3699 2321 3704
f 3847 3852 3853
f 3847 3854 3852
f 3822 3827 3854
f 2595 2576 2597
f 2598 2578 3824
f 2597 2577 2598
f 3824 2599 3827
f 3827 2599 3854
f 3824 2578 2599
f 3855 3856 2600
f 3856 3857 2600
f 3857 2601 2600
f 3845 3853 3858
f 3857 2604 2601
f 2604 2606 2605
f 2606 2608 2607
f 2608 2610 2609
f 3853 2585 3858
f 3858 2611 2610
f 3853 3852 2583
f 3858 2585 2611
f 3852 3854 2581
f 3853 2583 2585
f 3852 2580 2583
f 3852 2581 2580
f 3854 2599 2581
f 2599 2589 2581
f 3826 3854 3847
f 3826 3822 3854
f 3855 2600 2322
f 3859 3855 2322
f 2321 2701 3704
f 3832 3860 3861
f 3861 3860 3859
f 3832 3862 3860
f 3859 3860 3862
f 3833 3836 3834
f 3835 3841 3836
f 3832 3834 3862
f 3859 3862 3855
f 3834 3856 3862
f 3862 3856 3855
f 3834 3836 2604
f 3825 3826 3847
f 3846 3820 3825
f 3836 3841 2606
f 3842 3839 2610
f 3839 3845 3858
f 3845 3847 3853
f 3834 2604 3856
f 3856 2604 3857
f 3836 2606 2604
f 3841 2608 2606
f 3842 2610 2608
f 3839 3858 2610
f 2619 3843 2322
f 3843 3832 2322
f 3832 3861 2322
f 3861 3859 2322
f 3841 3842 2608
f 3863 3813 3810
f 3864 3820 3846
f 3721 3831 3722
f 3865 3866 3867
f 1952 3868 1953
f 3869 3870 3871
f 3871 3872 3873
f 3873 3828 3874
f 3869 3875 3870
f 3876 3877 3875
f 3871 3870 3872
f 3878 3879 3880
f 3880 3881 3877
f 3875 3877 3870
f 3710 3882 3883
f 3883 3884 3885
f 3885 3886 3887
f 3878 3887 3888
f 3710 1949 3889
f 3710 3889 3882
f 3883 3882 3884
f 1949 1950 3889
f 3885 3884 3886
f 3887 3886 3888
f 3878 3888 3879
f 3877 3881 3870
f 3880 3879 3881
f 1950 3694 3889
f 3873 3872 3890
f 3870 3881 3872
f 3865 3891 3866
f 3874 3828 3866
f 3813 3892 3893
f 3713 3891 3865
f 3894 3811 3726
f 3895 3896 3712
f 3896 3897 3712
f 3897 3898 3712
f 3898 3899 3712
f 3712 3899 3713
f 3898 3900 3899
f 3901 3874 3866
f 3900 3902 3891
f 3901 3866 3902
f 3900 3891 3899
f 1946 3707 1947
f 3707 3706 3868
f 3706 3726 3903
f 3713 3899 3891
f 3726 3811 3904
f 3810 3905 3811
f 3810 3813 3893
f 3713 3892 3813
f 3902 3866 3891
f 3707 3868 1947
f 1947 3868 1948
f 1948 3868 1952
f 3706 3903 3868
f 3726 3904 3903
f 3810 3893 3905
f 3811 3905 3904
f 3713 3865 3892
f 3866 3828 3867
f 3873 3890 3906
f 3873 3906 3828
f 3907 3908 3831
f 3865 3867 3909
f 3892 3910 3911
f 3865 3909 3910
f 3867 3912 3909
f 3893 3911 3913
f 3867 3828 3912
f 3912 3914 3909
f 3915 3913 3835
f 3908 3915 3833
f 3909 3838 3910
f 3911 3840 3913
f 3911 3910 3837
f 3909 3914 3844
f 3912 3828 3914
f 3828 3864 3914
f 3828 3820 3864
f 3907 3831 3720
f 3720 3831 3721
f 2619 3722 3843
f 3908 3833 3831
f 3913 3840 3835
f 3915 3835 3833
f 3911 3837 3840
f 3909 3844 3838
f 3910 3838 3837
f 3914 3864 3844
f 3719 3907 3720
f 1953 3907 3719
f 3905 3913 3915
f 3904 3915 3908
f 3886 3851 3888
f 3888 3829 3879
f 3879 3830 3881
f 3872 3881 3890
f 3889 3849 3882
f 3889 3694 3848
f 3882 3850 3884
f 3889 3848 3849
f 3884 3814 3886
f 3882 3849 3850
f 3884 3850 3814
f 3886 3814 3851
f 3694 3717 3848
f 3844 3864 3846
f 3888 3851 3829
f 3879 3829 3830
f 3717 3718 3848
f 3848 3718 1951
f 3890 3830 3906
f 3830 3828 3906
f 3868 3903 3907
f 3865 3910 3892
f 3905 3915 3904
f 3903 3904 3908
f 3905 3893 3913
f 3893 3892 3911
f 3868 3907 1953
f 3903 3908 3907
f 3881 3830 3890
f 3515 3916 3553
f 3758 3650 3766
f 3682 3782 3784
f 3433 3419 3917
f 3918 3919 3650
f 3920 3650 3921
f 3920 3918 3650
f 3917 3419 3922
f 3917 3922 3923
f 3917 3923 3924
f 3917 3925 3683
f 3917 3924 3926
f 3917 3926 3925
f 3553 3916 3927
f 3927 3928 3929
f 3929 3930 3931
f 3931 3932 3933
f 3933 3934 3935
f 3935 3936 3937
f 3937 3938 3939
f 3939 3940 3941
f 3927 3916 3942
f 3927 3942 3928
f 3929 3928 3930
f 3931 3930 3932
f 3933 3932 3934
f 3935 3934 3936
f 3937 3936 3938
f 3939 3938 3940
f 3941 3940 3516
f 3431 3419 3433
f 3916 3943 3942
f 3944 3921 3650
f 3945 3946 3650
f 3443 3947 3948
f 3443 3949 3947
f 3405 3950 3951
f 3405 3951 3949
f 3391 3952 3393
f 3393 3953 3379
f 3356 3379 3954
f 3356 3955 3357
f 3358 3956 3359
f 3357 3957 3358
f 3391 3958 3952
f 3393 3952 3959
f 3393 3959 3953
f 3379 3953 3954
f 3356 3954 3960
f 3356 3960 3955
f 3357 3955 3961
f 3357 3961 3957
f 3358 3957 3956
f 3359 3956 3962
f 3359 3962 3950
f 3435 3498 3920
f 3435 3920 3921
f 3920 3498 3918
f 3498 3963 3918
f 3964 3965 3650
f 3965 3945 3650
f 3946 3944 3650
f 3942 3966 3928
f 3928 3967 3930
f 3930 3968 3932
f 3557 3519 3969
f 3519 3520 3970
f 3520 3521 3971
f 3522 3972 3524
f 3522 3523 3973
f 3521 3524 3971
f 3974 3975 3976
f 3974 3977 3919
f 3974 3976 3978
f 3974 3978 3979
f 3974 3979 3980
f 3974 3981 3977
f 3919 3977 3650
f 3974 3980 3981
f 3917 3791 3982
f 3983 3982 3958
f 3917 3687 3692
f 3917 3787 3791
f 3917 3788 3787
f 3917 3692 3788
f 3917 3683 3685
f 3917 3685 3688
f 3917 3688 3687
f 3382 3984 3976
f 3382 3985 3984
f 3408 3986 3985
f 3408 3987 3986
f 3518 3557 3969
f 3518 3988 3556
f 3419 3556 3922
f 3555 3989 3990
f 3932 3991 3934
f 3934 3992 3936
f 3936 3993 3938
f 3938 3994 3940
f 3942 3943 3995
f 3942 3995 3966
f 3928 3966 3967
f 3930 3967 3968
f 3932 3968 3991
f 3934 3991 3996
f 3934 3996 3992
f 3936 3992 3997
f 3938 3993 3998
f 3999 4000 3976
f 3936 3997 3993
f 3940 3994 4001
f 3940 4001 3516
f 3943 4002 3995
f 3995 4003 3966
f 3994 4004 4001
f 3966 4005 3967
f 3994 4006 4004
f 4004 3516 4001
f 4004 3989 3516
f 4004 4007 3989
f 3516 3989 3517
f 3517 3989 3555
f 3555 3990 3523
f 3938 3998 3994
f 3408 4008 4009
f 3443 3405 3949
f 3443 3948 4010
f 1899 3929 3931
f 1900 3931 3933
f 1901 3933 3935
f 1902 3935 3937
f 1903 3937 3939
f 1904 3939 3941
f 1904 3941 3516
f 3554 3553 3927
f 3388 4011 3389
f 4012 4013 3983
f 4012 4014 4015
f 4012 3983 4014
f 3388 3371 4011
f 3371 4016 4017
f 3371 4017 4011
f 3370 4016 3371
f 4016 4015 4018
f 4016 4018 4017
f 4014 4018 4015
f 4016 4019 4015
f 4012 4015 4020
f 3389 4011 3376
f 3376 4011 4017
f 3376 4017 4018
f 4013 3434 3917
f 3432 3434 3963
f 3433 3917 3434
f 1898 3927 3929
f 4013 3917 3983
f 3420 3419 3431
f 3425 4021 3650
f 3425 3426 4021
f 3515 3943 3916
f 3515 4022 3943
f 3551 3553 3554
f 3527 3554 1895
f 1895 3927 1898
f 1898 3929 1899
f 1899 3931 1900
f 1900 3933 1901
f 1901 3935 1902
f 1902 3937 1903
f 1903 3939 1904
f 1895 3554 3927
f 4021 3426 3964
f 3426 3430 3964
f 3964 3430 3965
f 3965 3430 3945
f 3515 4023 4022
f 3515 4024 4023
f 3515 3758 3757
f 3515 3757 4024
f 3515 3650 3758
f 3430 3436 3945
f 3945 3436 3946
f 3436 3435 3946
f 3946 3435 3944
f 3944 3435 3921
f 4021 3964 3650
f 4013 4025 3434
f 3432 3963 3498
f 4012 4026 4013
f 4027 4000 4028
f 4027 3382 4000
f 4029 4028 4000
f 4029 4000 3999
f 3443 4010 3440
f 3440 4010 4030
f 857 3958 3391
f 857 3376 3958
f 4025 4026 4031
f 3999 4032 4026
f 4029 3999 4026
f 4031 4026 4032
f 4033 4025 4031
f 3975 4025 4033
f 3999 3976 4032
f 4033 4031 3976
f 3975 4033 3976
f 4031 4032 3976
f 3376 4018 3958
f 4000 3382 3976
f 3382 3408 3985
f 3408 3409 4008
f 3409 3410 4008
f 3410 3439 4034
f 3439 3441 4034
f 3441 4030 4035
f 4030 4010 4036
f 4020 4037 4028
f 4037 4027 4028
f 4020 4019 4037
f 3398 4030 3441
f 4013 4026 4025
f 3434 4025 3963
f 3918 3963 3919
f 3974 3919 3963
f 3963 4025 3975
f 3974 3963 3975
f 4014 3958 4018
f 3983 3917 3982
f 4014 3983 3958
f 3370 4019 4016
f 3374 3442 3370
f 4015 4019 4020
f 4012 4020 4026
f 3405 3359 3950
f 4029 4020 4028
f 3369 4027 3442
f 3370 3442 4019
f 3381 3408 3382
f 3394 3409 3408
f 3442 4038 4019
f 3442 4027 4038
f 4038 4037 4019
f 4038 4027 4037
f 3369 3382 4027
f 3398 3440 4030
f 3395 3410 3409
f 3396 3439 3410
f 3397 3441 3439
f 4029 4026 4020
f 3758 3766 3759
f 3408 4009 3987
f 3410 4039 4040
f 4041 3689 3690
f 4041 3690 3691
f 3969 4042 4043
f 3924 4044 3926
f 4043 4042 3662
f 4042 4045 3663
f 4044 4043 3689
f 3972 4046 4047
f 3970 4045 4042
f 3971 4047 4045
f 4048 4046 3973
f 4043 3662 3689
f 4042 3663 3662
f 4045 3664 3663
f 4041 4044 3689
f 3689 3662 3651
f 4047 3665 3664
f 4047 4046 3665
f 4047 3664 4045
f 4046 3751 3665
f 3981 3980 3765
f 3977 3765 3650
f 3981 3765 3977
f 3765 3767 3766
f 3767 3768 3763
f 3978 4049 3979
f 4050 4051 4049
f 3925 4041 3691
f 3987 4052 4051
f 3925 3691 3683
f 3926 4044 4041
f 4053 4054 4055
f 4056 4057 4054
f 3990 4055 4048
f 4055 4054 4048
f 4054 4057 4048
f 4058 4059 4057
f 4060 3750 4059
f 4057 3751 4048
f 4048 3751 4046
f 4057 4059 3751
f 4059 3750 3751
f 3556 3988 3922
f 3518 3969 3988
f 3519 3970 3969
f 3520 3971 3970
f 3522 3973 3972
f 3523 3990 3973
f 3524 3972 3971
f 3922 3988 3923
f 3969 3970 4042
f 3923 3988 3924
f 3988 4044 3924
f 3988 4043 4044
f 3988 3969 4043
f 3970 3971 4045
f 3971 3972 4047
f 3972 3973 4046
f 3926 4041 3925
f 3979 4049 3980
f 3765 4049 4051
f 4051 4052 3767
f 3803 4061 3804
f 3804 4061 3806
f 4062 3807 3806
f 4061 4062 3806
f 4062 4063 3807
f 4063 4064 3807
f 3808 3807 4065
f 4064 4065 3807
f 3808 4065 3799
f 4063 4066 4064
f 4064 4067 4065
f 3799 4065 3784
f 4068 4069 4070
f 4071 4069 4072
f 4071 4072 4073
f 4074 3681 4069
f 4074 3680 3681
f 4069 3681 4072
f 4072 3681 4073
f 4063 4073 4066
f 4065 4067 3784
f 4064 4066 4067
f 4073 3682 4066
f 3681 3672 3682
f 4073 3681 3682
f 4067 4066 3682
f 4067 3682 3784
f 3802 4075 3803
f 4071 4063 4062
f 4076 4062 4061
f 4077 4061 4075
f 4009 4078 4052
f 4040 4079 4078
f 4080 4081 4082
f 4083 4082 4079
f 4080 4077 4081
f 4084 4076 4077
f 4084 4070 4076
f 4081 4075 4082
f 4081 4077 4075
f 4076 4070 4085
f 4076 4085 4071
f 4077 4076 4061
f 4076 4071 4062
f 3736 3750 4060
f 4085 4069 4071
f 4071 4073 4063
f 3765 3980 4049
f 3765 4051 3767
f 4052 4078 3769
f 4052 3768 3767
f 4052 3769 3768
f 4078 3800 3769
f 4079 3801 3800
f 3801 4075 3802
f 4078 4079 3800
f 4079 4082 3801
f 4082 4075 3801
f 3803 4075 4061
f 4070 4069 4085
f 3410 4040 4008
f 4058 4060 4059
f 3733 4060 4058
f 3951 3950 4074
f 3949 4074 4068
f 3950 3797 4074
f 4068 4074 4069
f 3958 3982 3952
f 3959 3790 3953
f 3952 3790 3959
f 3953 3790 3954
f 3982 3790 3952
f 3982 3791 3790
f 3793 3794 3795
f 3954 3790 3793
f 3790 3792 3793
f 3954 3793 3960
f 3793 3795 3960
f 3960 3795 3955
f 3955 3795 3961
f 3795 3796 3961
f 3956 3957 3798
f 3957 3961 3796
f 3957 3796 3798
f 3956 3797 3962
f 3956 3798 3797
f 3950 3962 3797
f 3795 3727 3796
f 3798 3679 3797
f 3798 3796 3678
f 3949 3951 4074
f 4074 3797 3680
f 3947 3949 4068
f 3948 4068 4070
f 3410 4034 4080
f 3410 4083 4039
f 3410 4080 4083
f 3441 4086 4034
f 3441 4084 4086
f 3441 4035 4084
f 4030 4036 4035
f 4010 3948 4036
f 3976 4050 3978
f 3976 3984 4050
f 3978 4050 4049
f 3985 3986 4051
f 3986 3987 4051
f 4050 3984 4051
f 3985 4051 3984
f 3987 4009 4052
f 4009 4008 4078
f 4008 4040 4078
f 4040 4039 4079
f 4039 4083 4079
f 4080 4082 4083
f 4080 4034 4077
f 4034 4086 4077
f 4086 4084 4077
f 4084 4035 4070
f 4035 4036 4070
f 4036 3948 4070
f 3948 3947 4068
f 3943 4022 4002
f 3995 4002 4003
f 3966 4003 4005
f 4005 3779 4087
f 4088 4087 3780
f 4005 4087 4088
f 4088 3780 4089
f 4089 3754 4090
f 4090 3754 4091
f 4092 4056 4053
f 4091 3753 4093
f 4089 3780 3754
f 4093 3731 4094
f 4094 3728 4095
f 4092 4095 3730
f 4092 3733 4056
f 4056 4054 4053
f 4056 4058 4057
f 4002 3761 3760
f 3760 3762 3779
f 3779 3771 4087
f 4087 3771 3780
f 3754 3756 3753
f 3780 3755 3754
f 4091 3754 3753
f 4093 3753 3731
f 4095 3728 3730
f 4094 3731 3728
f 4092 3730 3733
f 4056 3733 4058
f 4003 3760 3779
f 4003 3779 4005
f 4002 3760 4003
f 4023 4024 4002
f 3967 4088 3968
f 3968 4088 3991
f 3996 3991 4089
f 3996 4090 3992
f 3997 3992 4091
f 3997 4093 3993
f 3993 4094 3998
f 3994 3998 4095
f 3967 4005 4088
f 3991 4088 4089
f 3994 4092 4006
f 4004 4006 4007
f 4022 4023 4002
f 3733 3736 4060
f 3996 4089 4090
f 3997 4091 4093
f 3993 4093 4094
f 3998 4094 4095
f 3994 4095 4092
f 4006 4092 4053
f 4006 4053 4055
f 3989 4007 3990
f 4006 4055 4007
f 4007 4055 3990
f 3990 4048 3973
f 4002 4024 3759
f 4002 3759 3761
f 4024 3757 3759
f 3992 4090 4091
f 1600 1601 1602
f 1598 1599 1600
f 1595 1597 1598
f 4096 4097 4098
f 4096 4098 4099
f 4100 4101 4102
f 4102 4101 4103
f 4101 4104 4103
f 4098 4105 4099
f 4104 4099 4106
f 4099 4107 4106
f 4105 4108 4099
f 4099 4108 4109
f 4099 4109 4107
f 4109 4110 4107
f 4111 4112 4113
f 4114 4115 4116
f 4116 4117 4118
f 4118 4119 4120
f 4114 4111 4121
f 4122 4120 4123
f 4122 4124 4125
f 4097 4126 4098
f 4098 4127 4105
f 4105 4127 4108
f 4125 4128 4129
f 4129 4130 4097
f 4131 4132 4133
f 4134 4135 4136
f 4137 4136 4135
f 4096 4129 4097
f 4134 4138 4135
f 4125 4129 4096
f 4096 4099 4104
f 4139 4140 4141
f 1 4141 2
f 4142 4135 4111
f 4111 4135 4112
f 4143 4144 4145
f 4142 4146 4147
f 4114 4116 4142
f 4116 4118 4146
f 4142 4116 4146
f 4142 4137 4135
f 4143 4137 4147
f 4142 4147 4137
f 4143 4148 4137
f 4114 4142 4111
f 4146 4149 4100
f 4147 4146 4100
f 4100 4149 4101
f 4146 4120 4149
f 4146 4118 4120
f 4122 4149 4120
f 4122 4125 4149
f 4144 4147 4100
f 4143 4147 4144
f 4144 4100 4102
f 4144 4102 4150
f 4149 4096 4101
f 4101 4096 4104
f 4149 4125 4096
f 4135 4138 4112
f 4151 4134 4136
f 4131 4151 4136
f 4132 4152 4153
f 4153 4154 4155
f 4155 4156 4157
f 4155 4154 4156
f 4158 4155 4159
f 4159 4155 4157
f 4153 4152 4160
f 4152 4161 4162
f 4163 4164 4161
f 4163 4165 4166
f 4161 4164 4162
f 4163 4166 4164
f 4153 4160 4154
f 4152 4162 4160
f 4162 4167 4160
f 4162 4164 4167
f 4164 4166 4167
f 4166 4168 4167
f 4169 4170 4171
f 4169 4159 4170
f 4159 4172 4173
f 4159 4173 4170
f 4174 4175 4176
f 4177 4176 4178
f 4177 4178 4179
f 4180 4179 4181
f 4174 4171 4175
f 4158 4153 4155
f 4158 4132 4153
f 4133 4132 4158
f 4131 4136 4148
f 4131 4133 4151
f 4182 4138 4134
f 4182 4134 4183
f 4133 4158 4169
f 4158 4159 4169
f 4134 4177 4183
f 4183 4177 4184
f 4174 4176 4177
f 4177 4180 4184
f 4177 4179 4180
f 4151 4133 4174
f 4151 4177 4134
f 4133 4169 4174
f 4185 4186 4140
f 4151 4174 4177
f 4131 4148 4187
f 4143 4188 4148
f 4148 4188 4187
f 4131 4187 4132
f 4187 4152 4132
f 4143 4145 4188
f 4144 4150 4145
f 4188 4161 4187
f 4187 4161 4152
f 4188 4163 4161
f 4188 4145 4163
f 4145 4165 4163
f 4137 4148 4136
f 4169 4171 4174
f 4157 4189 4172
f 4190 4191 4186
f 4192 4193 4194
f 4195 4196 4197
f 4198 4199 4200
f 4195 4197 4199
f 4196 4201 4197
f 4196 4202 4201
f 4202 4203 4201
f 4201 4203 4204
f 4201 4204 4205
f 4206 4207 4208
f 4207 4209 4208
f 4209 4210 4208
f 4210 4211 4208
f 4211 4212 4208
f 4213 4214 4215
f 4214 4216 4215
f 4216 4217 4218
f 4213 4215 4219
f 4216 4218 4215
f 4217 4200 4220
f 4200 4199 4221
f 4199 4197 4222
f 4197 4201 4223
f 4217 4220 4218
f 4200 4221 4220
f 4199 4222 4221
f 4197 4223 4222
f 4201 4224 4223
f 4225 4200 4217
f 4201 4205 4224
f 4226 4202 4196
f 4227 4226 4196
f 4228 4229 4211
f 4230 4231 4232
f 4231 4233 4234
f 4233 4235 4225
f 4235 4236 4198
f 4237 4238 4239
f 4237 4239 4240
f 4239 4241 4240
f 4240 4241 4227
f 4236 4240 4195
f 4240 4227 4196
f 4211 4229 4212
f 4230 4232 4229
f 4231 4234 4232
f 4233 4225 4234
f 4235 4198 4225
f 4236 4195 4198
f 4212 4229 4242
f 4229 4232 4214
f 4232 4234 4216
f 4234 4225 4217
f 4225 4198 4200
f 4229 4214 4242
f 4232 4216 4214
f 4234 4217 4216
f 4242 4214 4213
f 4240 4196 4195
f 4198 4195 4199
f 4205 4243 4224
f 4219 4215 4244
f 4215 4218 4245
f 4246 4247 4248
f 4249 4250 4251
f 4249 4252 4250
f 4253 4254 4255
f 4253 4255 4252
f 4253 4256 4254
f 4246 4248 4256
f 4257 4258 4259
f 4247 4260 4248
f 4257 4259 4260
f 4258 4261 4259
f 4262 4251 4263
f 4263 4264 4265
f 4263 4251 4264
f 4262 4263 4266
f 4262 4267 4208
f 4262 4266 4267
f 4263 4265 4268
f 4269 4270 4271
f 4272 4273 4274
f 4275 4274 4276
f 4277 4276 4278
f 4279 4278 4270
f 4280 4271 4281
f 4282 4283 4193
f 4284 4281 4283
f 4285 4194 4191
f 4286 4246 4256
f 4253 4286 4256
f 4287 4262 4208
f 4244 4287 4208
f 4218 4220 4249
f 4220 4221 4253
f 4224 4243 4288
f 4221 4222 4246
f 4222 4223 4247
f 4223 4224 4257
f 4215 4245 4244
f 4218 4249 4245
f 4224 4288 4257
f 4220 4253 4249
f 4221 4286 4253
f 4221 4246 4286
f 4222 4247 4246
f 4289 4290 4291
f 4223 4257 4247
f 4287 4245 4262
f 4288 4292 4257
f 4292 4293 4257
f 4257 4293 4258
f 4247 4257 4260
f 4290 4294 4291
f 4212 4242 4208
f 4242 4213 4208
f 4213 4219 4208
f 4219 4244 4208
f 4245 4249 4251
f 4249 4253 4252
f 4245 4251 4262
f 4244 4245 4287
f 4228 4230 4229
f 4157 4156 4295
f 4189 4295 4296
f 4297 4298 4299
f 4127 4300 4301
f 4302 4303 4304
f 4304 4303 4300
f 4300 4305 4301
f 4306 4299 4307
f 4297 4301 4298
f 4299 4298 4307
f 4306 4307 4308
f 4306 4308 4309
f 4310 4309 4311
f 4305 4312 4301
f 4301 4313 4298
f 4298 4314 4307
f 4307 4315 4308
f 4300 4303 4305
f 4305 4303 4312
f 4312 4303 4316
f 4301 4312 4313
f 4298 4313 4314
f 4312 4316 4317
f 4317 4316 4318
f 4319 4320 4321
f 4322 4311 4320
f 4321 4320 4323
f 4323 4320 4324
f 4308 4325 4309
f 4127 4301 4297
f 4309 4326 4311
f 4327 4303 4302
f 4328 4329 4330
f 4331 4332 4128
f 4331 4333 4332
f 4128 4332 4130
f 4130 4332 4334
f 4332 4335 4336
f 4332 4336 4334
f 4332 4337 4335
f 4130 4334 4327
f 4334 4303 4327
f 4112 4338 4113
f 4138 4339 4338
f 4182 4340 4339
f 4183 4341 4340
f 4184 4342 4341
f 4180 4343 4342
f 4113 4338 4344
f 4345 4344 4338
f 4346 4344 4347
f 4339 4345 4338
f 4345 4348 4344
f 4339 4340 4345
f 4340 4328 4345
f 4340 4341 4328
f 4345 4328 4349
f 4342 4328 4341
f 4342 4329 4328
f 4342 4343 4329
f 4328 4330 4350
f 4320 4351 4324
f 4320 4311 4352
f 4261 4353 4354
f 4355 4356 4357
f 4356 4358 4359
f 4358 4360 4361
f 4265 4362 4268
f 4363 4364 4365
f 4366 4367 4364
f 4368 4369 4367
f 4355 4357 4369
f 4356 4359 4357
f 4358 4361 4359
f 4365 4364 4370
f 4362 4371 4268
f 4371 4365 4268
f 4365 4370 4268
f 4370 4372 4268
f 4370 4364 4372
f 4367 4373 4364
f 4360 4374 4375
f 4360 4375 4361
f 4374 4376 4375
f 4307 4314 4315
f 4312 4317 4313
f 4376 4377 4375
f 4375 4377 4378
f 4369 4357 4379
f 4357 4359 4380
f 4359 4361 4381
f 4360 4382 4374
f 4368 4355 4369
f 4366 4368 4367
f 4363 4366 4364
f 4261 4354 4259
f 4261 4383 4353
f 4353 4383 4384
f 4353 4384 4385
f 4353 4385 4386
f 4265 4264 4362
f 4250 4252 4366
f 4251 4366 4264
f 4251 4250 4366
f 4255 4355 4252
f 4255 4254 4355
f 4254 4256 4355
f 4256 4248 4356
f 4124 4331 4128
f 4264 4363 4362
f 4252 4368 4366
f 4252 4355 4368
f 4362 4363 4371
f 4248 4260 4358
f 4260 4259 4358
f 4259 4354 4360
f 4354 4353 4360
f 4353 4386 4360
f 4256 4356 4355
f 4248 4358 4356
f 4259 4360 4358
f 4386 4382 4360
f 4363 4365 4371
f 4264 4366 4363
f 4157 4295 4189
f 4124 4123 4331
f 4346 4387 4388
f 4389 4390 4391
f 4392 4393 4390
f 4394 4395 4393
f 4393 4395 4396
f 4390 4393 4397
f 4393 4396 4397
f 4395 4398 4396
f 4106 4399 4400
f 4399 4401 4400
f 4400 4401 4402
f 4395 4400 4398
f 4400 4402 4403
f 4398 4400 4403
f 4402 4404 4403
f 4404 4405 4403
f 4398 4403 4406
f 4403 4407 4408
f 4403 4405 4407
f 4168 4409 4167
f 4409 4391 4167
f 4167 4391 4410
f 4411 4410 4412
f 4410 4413 4412
f 4390 4410 4391
f 4390 4397 4410
f 4410 4397 4413
f 4413 4397 4414
f 4409 4389 4391
f 4397 4415 4414
f 4168 4416 4409
f 4417 4389 4416
f 4159 4157 4172
f 4154 4160 4167
f 4154 4167 4156
f 4295 4418 4296
f 4156 4167 4295
f 4295 4167 4418
f 4167 4410 4411
f 4102 4417 4150
f 4102 4103 4417
f 4145 4150 4165
f 4150 4417 4416
f 4165 4150 4416
f 4103 4392 4417
f 4417 4392 4389
f 4103 4394 4392
f 4392 4394 4393
f 4104 4394 4103
f 4104 4106 4394
f 4106 4107 4419
f 4106 4419 4399
f 4110 4420 4107
f 4107 4420 4419
f 4394 4106 4395
f 4106 4400 4395
f 4165 4416 4168
f 4165 4168 4166
f 4409 4416 4389
f 4392 4390 4389
f 4396 4415 4397
f 4396 4398 4421
f 4396 4422 4415
f 4402 4310 4322
f 4408 4322 4319
f 4408 4319 4423
f 4423 4319 4424
f 4306 4309 4310
f 4319 4321 4424
f 4310 4311 4322
f 4322 4320 4319
f 4111 4113 4121
f 4116 4115 4117
f 4118 4117 4119
f 4114 4121 4115
f 4120 4119 4123
f 4122 4123 4124
f 4125 4124 4128
f 4097 4327 4126
f 4126 4327 4302
f 4129 4128 4130
f 4097 4130 4327
f 4121 4113 4344
f 4121 4344 4346
f 4115 4346 4117
f 4346 4388 4117
f 4117 4388 4119
f 4119 4388 4123
f 4388 4425 4331
f 4121 4346 4115
f 4304 4300 4127
f 4302 4304 4127
f 4401 4306 4310
f 4419 4299 4306
f 4396 4421 4422
f 4398 4426 4421
f 4398 4406 4426
f 4403 4427 4406
f 4403 4408 4427
f 4408 4428 4427
f 4112 4138 4338
f 4182 4339 4138
f 4182 4183 4340
f 4183 4184 4341
f 4180 4342 4184
f 4180 4181 4343
f 4108 4127 4109
f 4388 4331 4123
f 4109 4297 4110
f 4420 4299 4419
f 4419 4306 4399
f 4098 4126 4127
f 4399 4306 4401
f 4401 4310 4402
f 4404 4322 4405
f 4402 4322 4404
f 4109 4127 4297
f 4126 4302 4127
f 4407 4405 4322
f 4407 4322 4408
f 4408 4423 4428
f 4110 4297 4299
f 4110 4299 4420
f 4367 4369 4429
f 4210 4228 4211
f 4430 4236 4235
f 4431 4432 4433
f 4434 4435 4436
f 4437 4438 4435
f 4439 4440 4438
f 4441 4442 4440
f 4443 4444 4442
f 4445 4446 4447
f 4448 4449 4444
f 4450 4447 4449
f 4451 4452 4446
f 4453 4454 4455
f 4456 4455 4452
f 4434 4436 4457
f 4433 4458 4459
f 4433 4432 4458
f 4459 4458 4460
f 4459 4460 4461
f 4459 4457 4436
f 4462 4463 4464
f 4465 4466 4467
f 4468 4467 4469
f 4470 4469 4463
f 4471 4472 4473
f 4474 4475 4476
f 4477 4478 4472
f 4479 4476 4478
f 4480 4481 4454
f 4482 4483 4484
f 4485 4473 4481
f 4486 4482 4487
f 4488 4489 4490
f 4491 4492 4493
f 4492 4494 4495
f 4496 4497 4498
f 4499 4500 4501
f 4502 4501 4503
f 4501 4500 4504
f 4499 4498 4505
f 4498 4497 4506
f 4499 4505 4500
f 4498 4506 4505
f 4497 4488 4506
f 4500 4505 4507
f 4508 4509 4510
f 4505 4506 4511
f 4506 4488 4512
f 4513 4514 4497
f 4491 4493 4514
f 4492 4495 4493
f 4497 4514 4488
f 4514 4489 4488
f 4514 4493 4486
f 4514 4486 4489
f 4493 4495 4482
f 4515 4483 4495
f 4493 4482 4486
f 4515 4516 4483
f 4495 4483 4482
f 4489 4486 4517
f 4518 4519 4475
f 4520 4464 4519
f 4521 4522 4523
f 4524 4525 4526
f 4526 4525 4527
f 4528 4527 4457
f 4524 4529 4525
f 4530 4531 4532
f 4530 4532 4533
f 4534 4533 4535
f 4536 4535 4537
f 4538 4537 4539
f 4540 4539 4541
f 4542 4541 4543
f 4544 4543 4545
f 4546 4545 4547
f 4548 4547 4549
f 4550 4549 4551
f 4552 4551 4553
f 4554 4553 4555
f 4556 4555 4557
f 4558 4557 4559
f 4560 4559 4561
f 4562 4561 4563
f 4564 4563 4565
f 4566 4565 4567
f 4568 4567 4569
f 4569 4570 4571
f 4461 4572 4573
f 4573 4574 4528
f 4530 4457 4531
f 4575 4526 4527
f 4528 4575 4527
f 4573 4528 4457
f 4576 4577 4578
f 4579 4523 4577
f 4580 4581 4522
f 4582 4578 4466
f 4583 4431 4584
f 4431 4433 4585
f 4433 4459 4586
f 4459 4436 4586
f 4583 4584 4587
f 4431 4585 4584
f 4433 4586 4585
f 4436 4588 4586
f 4436 4435 4588
f 4513 4491 4514
f 4460 4589 4461
f 4590 4591 4592
f 4590 4592 4593
f 4592 4594 4595
f 4592 4596 4594
f 4589 4572 4461
f 4595 4594 4589
f 4589 4594 4597
f 4594 4598 4597
f 4589 4597 4572
f 4597 4599 4572
f 4597 4600 4599
f 4459 4461 4457
f 4461 4573 4457
f 4601 4602 4590
f 4528 4603 4575
f 4496 4513 4497
f 4604 4509 4508
f 4605 4606 4607
f 4608 4609 4606
f 4610 4611 4609
f 4612 4609 4613
f 4612 4606 4609
f 4612 4613 4614
f 4613 4611 4615
f 4613 4609 4611
f 4613 4615 4616
f 4617 4607 4606
f 4618 4619 4620
f 4621 4622 4619
f 4623 4620 4624
f 4625 4624 4626
f 4627 4620 4619
f 4620 4628 4624
f 4628 4629 4624
f 4629 4626 4624
f 4629 4601 4626
f 4601 4590 4593
f 4601 4593 4626
f 4432 4626 4593
f 4458 4593 4595
f 4460 4595 4589
f 4592 4595 4593
f 4630 2966 2967
f 4630 4631 4632
f 4633 4622 4607
f 4634 2966 4635
f 4636 4619 4622
f 4633 4636 4622
f 4637 4638 4639
f 4640 4641 4638
f 4642 4587 4641
f 4627 4643 4620
f 4643 4628 4620
f 4627 4644 4643
f 4643 4645 4628
f 4628 4646 4629
f 4629 4647 4601
f 4621 4648 4622
f 4605 4608 4606
f 4648 4605 4607
f 4608 4610 4609
f 4610 4649 4611
f 4621 4619 4618
f 4618 4620 4623
f 4623 4624 4625
f 4625 4626 4432
f 4432 4593 4458
f 4458 4595 4460
f 4648 4607 4622
f 4633 4650 4651
f 4617 4652 4650
f 4617 4650 4607
f 4612 4617 4606
f 4612 4653 4617
f 4633 4607 4650
f 4636 4627 4619
f 4630 4635 2966
f 4630 4632 4635
f 4632 4631 4654
f 4654 4655 4499
f 4655 4496 4498
f 4575 4656 4526
f 4524 4515 4494
f 4524 4526 4657
f 4649 4658 4611
f 4634 4659 4658
f 4635 4660 4659
f 4615 4658 4661
f 4615 4611 4658
f 4661 4658 4662
f 4662 4658 4659
f 4632 4663 4660
f 4654 4499 4663
f 4655 4498 4499
f 4662 4659 4664
f 4664 4659 4660
f 4662 4664 4665
f 4664 4660 4502
f 4502 4660 4663
f 4502 4663 4501
f 4664 4502 4666
f 4663 4499 4501
f 4526 4656 4657
f 4494 4515 4495
f 4524 4657 4515
f 4515 4657 4667
f 4632 4654 4663
f 4635 4632 4660
f 4634 4635 4659
f 4649 4634 4658
f 4654 4631 4668
f 4654 4604 4655
f 4654 4668 4604
f 4655 4508 4496
f 4496 4669 4513
f 4655 4604 4508
f 4508 4670 4496
f 4496 4670 4669
f 4513 4669 4671
f 4513 4671 4491
f 4491 4672 4492
f 4492 4673 4494
f 4524 4494 4529
f 4508 4510 4670
f 4491 4671 4674
f 4494 4675 4529
f 4492 4672 4673
f 4494 4673 4675
f 4630 2967 4676
f 4615 4661 4677
f 4661 4662 4678
f 4676 2967 2970
f 4630 4676 4631
f 4631 4679 4668
f 4668 4680 4604
f 4631 4676 4679
f 4668 4679 4680
f 4604 4680 4509
f 4491 4674 4672
f 4236 4237 4240
f 4573 4572 4574
f 4599 4574 4572
f 4681 4533 4532
f 4435 4535 4533
f 4438 4537 4535
f 4440 4539 4537
f 4442 4541 4539
f 4444 4543 4541
f 4449 4545 4543
f 4447 4547 4545
f 4446 4549 4547
f 4452 4551 4549
f 4455 4553 4551
f 4667 4682 4683
f 4682 4684 4683
f 4516 4683 4685
f 4483 4685 4484
f 4683 4686 4685
f 4683 4684 4686
f 4687 4531 4682
f 4682 4531 4684
f 4685 4688 4484
f 4685 4686 4688
f 4484 4688 4689
f 4454 4555 4553
f 4481 4557 4555
f 4473 4559 4557
f 4472 4561 4559
f 4478 4563 4561
f 4588 4532 4531
f 4476 4565 4563
f 4690 4531 4687
f 4691 4687 4682
f 4455 4454 4553
f 4454 4481 4555
f 4475 4519 4567
f 4476 4475 4565
f 4519 4464 4569
f 4463 4570 4464
f 4467 4466 4692
f 4463 4469 4693
f 4467 4694 4469
f 4695 4696 4581
f 4697 4698 4695
f 4699 4700 4701
f 4701 4702 4697
f 4699 4703 4704
f 4705 4706 4703
f 4705 4707 4708
f 4709 4710 4707
f 4709 4711 4712
f 2 4713 4711
f 4466 4578 4714
f 4577 4715 4578
f 4577 4523 4716
f 4522 4717 4523
f 4522 4581 4718
f 4719 4720 4721
f 4722 4721 4690
f 4588 4531 4690
f 4723 4690 4687
f 4475 4567 4565
f 4519 4569 4567
f 4464 4570 4569
f 4724 4725 4726
f 4727 4726 4728
f 4729 4728 4730
f 4731 4730 4732
f 4733 4732 4734
f 4735 4734 4736
f 4737 4736 4738
f 4739 4740 4741
f 4742 4738 4743
f 4744 4743 4745
f 4746 4745 4273
f 4747 4748 4749
f 4747 4750 4748
f 4747 4208 4750
f 4207 4751 4209
f 4751 4752 4228
f 4751 4228 4209
f 4209 4228 4210
f 4752 4230 4228
f 4752 4753 4230
f 4753 4754 4231
f 4754 4755 4233
f 4755 4430 4235
f 4430 4237 4236
f 4753 4231 4230
f 4754 4233 4231
f 4755 4235 4233
f 4756 4749 4757
f 4758 4757 4759
f 4760 4759 4761
f 4760 4761 4762
f 4463 4693 4570
f 4469 4694 4693
f 4467 4692 4694
f 4466 4714 4692
f 4578 4715 4714
f 4577 4716 4715
f 4523 4717 4716
f 4522 4718 4717
f 4581 4696 4718
f 4695 4698 4696
f 4697 4702 4698
f 4701 4700 4702
f 4699 4704 4700
f 4478 4476 4563
f 4703 4706 4704
f 4707 4710 4708
f 4709 4712 4710
f 4711 4713 4712
f 4763 4741 4764
f 4765 4764 4766
f 4767 4766 4768
f 4769 4768 4770
f 4771 4770 4772
f 4773 4772 4774
f 4775 4774 4776
f 4777 4776 4778
f 4779 4778 4725
f 4760 4762 4294
f 4705 4708 4706
f 4528 4574 4603
f 4472 4478 4561
f 4473 4557 4481
f 4780 4651 2961
f 4781 4780 2960
f 4781 4782 4783
f 4781 4783 4780
f 4782 4644 4783
f 4627 4783 4644
f 4636 4780 4783
f 4784 4639 4645
f 4639 4638 4645
f 4638 4641 4646
f 4784 4645 4644
f 4645 4638 4646
f 4643 4644 4645
f 4628 4645 4646
f 4641 4647 4646
f 4641 4587 4647
f 4587 4602 4647
f 4629 4646 4647
f 4601 4647 4602
f 4650 4652 4651
f 4651 2972 2961
f 4617 4653 4652
f 4652 2972 4651
f 4653 2972 4652
f 4633 4651 4780
f 4612 4614 4653
f 4613 4616 4614
f 4780 2961 2960
f 4615 4677 4616
f 4782 4784 4644
f 4614 4616 2973
f 4599 4719 4574
f 4574 4722 4603
f 4574 4719 4722
f 4599 4720 4719
f 4719 4721 4722
f 4575 4603 4656
f 4603 4723 4656
f 4603 4722 4723
f 4656 4691 4657
f 4657 4691 4667
f 4656 4723 4691
f 4723 4687 4691
f 4722 4690 4723
f 4529 4688 4525
f 4525 4686 4527
f 4527 4531 4457
f 4515 4667 4516
f 4667 4683 4516
f 4691 4682 4667
f 4516 4685 4483
f 4529 4689 4688
f 4525 4688 4686
f 4527 4686 4684
f 4527 4684 4531
f 4653 2971 2972
f 4614 2973 2971
f 4653 4614 2971
f 4616 2974 2973
f 4616 4677 2974
f 4661 4678 4677
f 4677 2970 2974
f 4584 4591 4602
f 4584 4585 4591
f 4585 4586 4596
f 4588 4435 4681
f 4590 4602 4591
f 4592 4591 4596
f 4585 4596 4591
f 4586 4598 4596
f 4594 4596 4598
f 4586 4588 4598
f 4588 4600 4598
f 4597 4598 4600
f 4588 4720 4600
f 4588 4721 4720
f 4599 4600 4720
f 4588 4690 4721
f 4588 4681 4532
f 4681 4435 4533
f 4435 4438 4535
f 4438 4440 4537
f 4440 4442 4539
f 4442 4444 4541
f 4444 4449 4543
f 4449 4447 4545
f 4447 4446 4547
f 4446 4452 4549
f 4452 4455 4551
f 4587 4584 4602
f 4487 4689 4785
f 4517 4487 4785
f 4487 4484 4689
f 4677 4678 2970
f 4678 4665 2970
f 4676 2970 4665
f 4676 4665 4666
f 4676 4666 4679
f 4666 4680 4679
f 4662 4665 4678
f 4664 4666 4665
f 4502 4503 4666
f 4501 4504 4503
f 4666 4503 4680
f 4500 4507 4504
f 4680 4503 4509
f 4473 4472 4559
f 4503 4504 4509
f 4510 4504 4507
f 4510 4507 4786
f 4505 4511 4507
f 4506 4512 4511
f 4507 4511 4786
f 4511 4787 4786
f 4511 4512 4787
f 4488 4490 4512
f 4489 4517 4490
f 4512 4490 4788
f 4490 4517 4789
f 4486 4487 4517
f 4482 4484 4487
f 4509 4504 4510
f 4790 4639 4784
f 4364 4373 4372
f 4375 4378 4791
f 4386 4792 4382
f 4382 4792 4374
f 4374 4793 4376
f 4376 4794 4377
f 4377 4794 4378
f 4378 4794 4795
f 4795 4794 4796
f 4796 4797 4798
f 4351 4799 4800
f 4799 4801 4802
f 4801 4803 4802
f 4803 4804 4805
f 4798 4806 4807
f 4807 4806 4808
f 4741 4740 4809
f 4741 4810 4764
f 4764 4811 4766
f 4766 4812 4768
f 4768 4813 4770
f 4770 4814 4772
f 4772 4815 4774
f 4774 4816 4776
f 4778 4817 4725
f 4776 4818 4778
f 4270 4819 4271
f 4728 4820 4730
f 4730 4821 4732
f 4385 4792 4386
f 4725 4822 4726
f 4384 4823 4385
f 4324 4351 4824
f 4179 4825 4181
f 4171 4826 4175
f 4173 4172 4827
f 4189 4828 4172
f 4189 4296 4828
f 4296 4418 4828
f 4418 4167 4829
f 4167 4411 4830
f 4411 4412 4830
f 4412 4413 4831
f 4413 4414 4832
f 4414 4415 4833
f 4415 4422 4834
f 4422 4421 4835
f 4421 4426 4835
f 4426 4406 4836
f 4406 4427 4837
f 4427 4428 4838
f 4181 4839 4343
f 4428 4423 4838
f 4423 4424 4840
f 4424 4321 4841
f 4343 4842 4329
f 4329 4843 4330
f 4330 4844 4350
f 4321 4323 4824
f 4323 4324 4824
f 4383 4845 4384
f 4726 4846 4728
f 4732 4847 4734
f 4734 4848 4736
f 4291 4849 4850
f 4740 4850 4809
f 4741 4809 4810
f 2 4851 4713
f 4141 4852 4851
f 4140 4853 4852
f 4186 4854 4853
f 4191 4855 4854
f 4194 4856 4855
f 4193 4857 4856
f 4283 4858 4857
f 4281 4859 4858
f 4271 4819 4859
f 4270 4860 4819
f 4278 4861 4860
f 4276 4862 4861
f 4274 4863 4862
f 4273 4864 4863
f 4745 4865 4864
f 4743 4866 4865
f 4738 4867 4866
f 4736 4848 4867
f 4734 4847 4848
f 4732 4821 4847
f 4730 4820 4821
f 4728 4846 4820
f 4726 4822 4846
f 4868 4869 4870
f 4871 4868 4870
f 4872 4871 4870
f 4873 4872 4874
f 4736 4867 4738
f 4738 4866 4743
f 4743 4865 4745
f 4745 4864 4273
f 4274 4273 4863
f 4274 4862 4276
f 4276 4861 4278
f 4278 4860 4270
f 4875 4876 4291
f 4877 4878 4849
f 4849 4879 4850
f 4879 4880 4881
f 4880 4882 4881
f 4178 4883 4179
f 4140 4852 4141
f 4140 4186 4853
f 4193 4856 4194
f 4283 4857 4193
f 4283 4281 4858
f 4271 4859 4281
f 4194 4855 4191
f 4141 4851 2
f 4291 4876 4877
f 4291 4877 4849
f 4740 4291 4850
f 4850 4879 4884
f 4882 4885 4881
f 4885 4873 4881
f 4191 4854 4186
f 4879 4886 4884
f 4176 4175 4826
f 4170 4173 4887
f 4888 4889 4890
f 4890 4889 4891
f 4892 4893 4889
f 4894 4890 4891
f 4889 4895 4891
f 4896 4897 4898
f 4899 4893 4900
f 4899 4898 4897
f 4899 4897 4901
f 4896 4902 4897
f 4903 4897 4902
f 4903 4904 4897
f 4903 4905 4904
f 4905 4906 4904
f 4897 4904 4901
f 4901 4904 4907
f 4899 4901 4893
f 4889 4893 4895
f 4893 4901 4895
f 4901 4908 4895
f 4901 4907 4908
f 4907 4909 4908
f 4894 4910 4911
f 4894 4891 4910
f 4891 4912 4910
f 4891 4895 4912
f 4911 4910 4913
f 4888 4914 4889
f 4915 4913 4910
f 4892 4889 4914
f 4916 4917 4893
f 4918 4898 4899
f 4918 4896 4898
f 4919 4920 4921
f 4922 4923 4920
f 4922 4924 4925
f 4922 4925 4923
f 4922 4926 4924
f 4927 4928 4929
f 4930 4890 4894
f 4930 4931 4914
f 4930 4914 4888
f 4930 4888 4890
f 4932 4894 4911
f 4932 4911 4913
f 4932 4913 4915
f 4933 4915 4934
f 4933 4934 4935
f 4936 4935 4937
f 4936 4937 4928
f 4938 4917 4916
f 4905 4939 4906
f 4939 4921 4906
f 4921 4920 4906
f 4916 4892 4931
f 4916 4893 4892
f 4940 4893 4917
f 4900 4893 4940
f 4892 4914 4931
f 4915 4910 4934
f 4910 4941 4934
f 4910 4912 4942
f 4943 4944 1762
f 4945 1759 1760
f 4946 1765 1766
f 4947 1764 1765
f 4945 1760 1764
f 4948 1766 1767
f 4943 1762 1761
f 4949 1767 1768
f 4944 1768 1762
f 4950 4291 4740
f 4238 4951 4239
f 4239 4952 4241
f 4241 4953 4227
f 4227 4953 4226
f 4226 4954 4202
f 4202 4955 4203
f 4203 4956 4204
f 4204 4956 4205
f 4205 4957 4243
f 4243 4958 4288
f 4288 4959 4292
f 4292 4960 4293
f 4293 4961 4258
f 4258 4961 4261
f 4261 4962 4383
f 4963 4809 4850
f 4171 4170 4887
f 4949 1768 4944
f 1757 1759 4964
f 4945 1764 4947
f 4948 1767 4949
f 4910 4942 4941
f 4912 4965 4942
f 4942 4965 4966
f 4895 4965 4912
f 4895 4908 4965
f 4908 4967 4965
f 4968 4948 4969
f 4970 4946 4968
f 4969 4949 4971
f 4971 4944 4972
f 4972 4943 4973
f 4974 4975 4945
f 4973 4943 4976
f 4176 4883 4178
f 4968 4946 4948
f 4970 4947 4946
f 4972 4944 4943
f 4969 4948 4949
f 4971 4949 4944
f 4975 4977 4945
f 4977 4964 4945
f 4976 4943 4978
f 4943 4979 4978
f 4943 4980 4979
f 4945 4964 1759
f 4943 1761 4980
f 4946 4947 1765
f 4948 4946 1766
f 4974 4945 4947
f 4918 4900 4940
f 4350 4981 4982
f 4983 4984 4985
f 4804 4986 4987
f 4988 4989 4990
f 4986 4991 4992
f 4990 4993 4994
f 4991 4995 4992
f 4994 4993 4996
f 4808 4997 4998
f 4998 4999 5000
f 5000 4999 1886
f 4995 5001 5002
f 4996 5003 5004
f 5001 5005 5006
f 5005 5007 5008
f 5007 5009 5010
f 5004 5011 5012
f 5013 5012 5011
f 5013 5014 5015
f 5016 5015 5017
f 5016 5018 5019
f 5020 5019 5018
f 5020 5021 5022
f 5022 5023 5024
f 5024 5023 5025
f 5009 5026 5027
f 5026 5028 5029
f 5028 5030 5031
f 5030 5032 5033
f 5034 5035 5036
f 5032 5037 5038
f 5034 5025 5035
f 5039 5040 5041
f 5042 5043 5044
f 5045 5046 5047
f 5046 5048 5047
f 5046 5049 5048
f 5050 5044 5049
f 5051 5048 5049
f 5047 5048 5026
f 5051 5049 5037
f 5051 5030 5048
f 5049 5052 5037
f 5053 5054 5055
f 5043 5053 5039
f 5053 5055 5039
f 5055 5034 5036
f 5055 5056 5039
f 5043 5039 5044
f 5039 5041 5044
f 5044 5041 5052
f 5049 5044 5052
f 5053 5057 5054
f 5055 5054 5034
f 5047 5026 5009
f 5048 5028 5026
f 5048 5030 5028
f 5051 5032 5030
f 5051 5037 5032
f 5055 5036 5056
f 5039 5056 5040
f 5036 5058 5056
f 5040 5059 5041
f 5037 5052 5060
f 5061 4716 5062
f 5062 4717 5063
f 5063 4718 5064
f 5064 4696 5065
f 5065 4698 5066
f 5066 4702 5067
f 5067 4700 5068
f 5068 4704 5069
f 5069 4706 5070
f 5070 4708 5071
f 5071 4710 5072
f 5072 4712 5073
f 4779 5074 5075
f 4777 5075 5076
f 4775 5076 5077
f 4773 5077 5078
f 4771 5078 5079
f 4769 5079 5080
f 4767 5080 5081
f 4765 5081 5082
f 4763 5082 5083
f 5084 5085 5086
f 5084 5086 5087
f 5088 5087 5089
f 5088 5089 5090
f 5088 5090 5091
f 5088 5091 5092
f 5093 4715 5061
f 5094 4714 5093
f 5095 4692 5094
f 5096 4694 5095
f 5052 5041 5097
f 5040 5056 5098
f 5025 5099 5035
f 5036 5035 5100
f 4976 4978 5101
f 4978 4979 5102
f 4979 4980 5103
f 4980 1761 1949
f 5104 5105 5106
f 5107 5106 5108
f 5107 5108 5109
f 5107 5109 5110
f 5111 5112 5105
f 5050 5042 5044
f 5105 5113 5106
f 5108 5114 5109
f 5109 5115 5110
f 5110 5116 5117
f 5118 5112 5111
f 5105 5112 5113
f 5106 5113 5119
f 5109 5114 5115
f 5108 5119 5114
f 5110 5115 5116
f 5117 5116 5120
f 5121 5117 5120
f 4571 4570 5122
f 5122 4693 5096
f 5106 5119 5108
f 4982 5123 4983
f 5124 5053 5043
f 4967 5043 5042
f 5125 5047 5126
f 5126 5047 5127
f 5127 5047 5128
f 5128 5047 5007
f 5128 5007 5005
f 5007 5047 5009
f 4906 4920 4923
f 4925 5129 4923
f 4924 5129 4925
f 4906 4923 5129
f 4906 5130 4904
f 4904 5131 4907
f 4907 5132 4909
f 4909 5133 5124
f 4906 5129 5130
f 4924 4926 5129
f 4926 5134 5135
f 4926 5135 5129
f 5136 5135 5134
f 5137 5138 5139
f 5140 5137 5139
f 5138 5004 5139
f 5136 5141 5142
f 5136 5142 5135
f 5141 5140 5142
f 5129 5135 5143
f 5142 5144 5135
f 5125 5045 5047
f 5129 5143 5145
f 5146 5045 5125
f 4928 5045 4929
f 4985 4984 5147
f 5147 4984 5148
f 5148 5149 5150
f 5150 5151 5152
f 5152 5151 5153
f 5153 5151 5154
f 5154 5155 5156
f 5156 5155 5157
f 5157 5155 4988
f 4869 5158 5159
f 5158 5160 5161
f 5160 4976 5161
f 5162 4996 5138
f 5163 5128 5001
f 5164 5134 4926
f 5164 5136 5134
f 5164 5141 5136
f 5162 5140 5141
f 5162 5137 5140
f 5162 5138 5137
f 4996 5004 5138
f 4927 4929 5146
f 4927 5146 5125
f 4927 5125 5126
f 5163 5126 5127
f 5163 5127 5128
f 5001 5128 5005
f 4929 5045 5146
f 5140 5139 5142
f 5142 5139 5165
f 5135 5144 5143
f 5144 5165 5019
f 5165 5016 5019
f 5020 5166 5019
f 5167 5019 5166
f 5020 5022 5166
f 5166 5022 5024
f 5034 5166 5025
f 5166 5024 5025
f 4934 4941 4935
f 4935 4941 5168
f 4935 5168 4937
f 4928 4937 5168
f 5168 4941 5045
f 4942 4966 4941
f 4928 5168 5045
f 4941 4966 5169
f 4941 5169 5046
f 4966 5042 5169
f 4941 5046 5045
f 5169 5050 5046
f 5169 5042 5050
f 5046 5050 5049
f 4965 5042 4966
f 4965 4967 5042
f 4908 4909 4967
f 5124 5043 4967
f 4909 5124 4967
f 5165 5015 5016
f 5013 5015 5165
f 5139 5013 5165
f 5139 5012 5013
f 5142 5165 5144
f 4904 5130 5131
f 4907 5131 5132
f 5129 5145 5130
f 5130 5170 5131
f 5131 5171 5132
f 4909 5132 5133
f 5132 5172 5133
f 5124 5133 5057
f 5130 5145 5170
f 5170 5171 5131
f 5132 5171 5172
f 5170 5145 5019
f 5124 5057 5053
f 5170 5019 5171
f 5144 5019 5143
f 5171 5019 5172
f 5172 5019 5173
f 5173 5019 5174
f 5174 5019 5167
f 5133 5172 5173
f 5133 5173 5057
f 5173 5174 5057
f 5174 5054 5057
f 5174 5167 5054
f 5167 5034 5054
f 5167 5166 5034
f 5139 5004 5012
f 5143 5019 5145
f 4361 4375 5175
f 4918 4899 4900
f 4919 4905 4903
f 5176 5177 5178
f 4749 4748 5179
f 5180 5181 5182
f 5183 5182 5184
f 4748 4750 5179
f 5179 4750 4208
f 5178 5185 5186
f 5181 5187 5182
f 5181 5186 5188
f 5184 5182 5189
f 5177 5179 5190
f 5179 4208 5190
f 5177 5190 5178
f 4880 5191 4882
f 5184 5192 5193
f 5194 5193 5195
f 5194 5196 5197
f 5197 5198 5199
f 5199 5200 5191
f 5191 4885 4882
f 5182 5187 5189
f 5193 5192 5195
f 5184 5189 5192
f 5186 5185 5188
f 5181 5188 5187
f 5178 5190 5185
f 5197 5196 5198
f 5201 5186 5181
f 5191 5200 4885
f 5202 5178 5186
f 5203 5204 4875
f 5205 4880 4879
f 5206 5184 5193
f 5207 5193 5194
f 5208 5197 5199
f 5209 5194 5197
f 5208 5199 5191
f 5205 5191 4880
f 4294 5210 4291
f 5210 5211 4291
f 5212 5213 4291
f 5211 5212 4291
f 5214 4291 5215
f 5213 5215 4291
f 5216 4291 5214
f 5216 5217 4291
f 5218 4291 5217
f 5218 5219 4291
f 5220 4291 5219
f 5220 5221 4291
f 5222 4291 5221
f 5222 5223 4291
f 5223 5224 4291
f 5224 5225 4291
f 5226 4291 5225
f 5226 5227 4291
f 5228 4291 5227
f 5228 5203 4291
f 5229 5179 5177
f 5194 5195 5196
f 5199 5198 5200
f 4208 4267 5190
f 5230 5231 5232
f 5233 5234 5235
f 5234 4268 5236
f 5231 5237 5232
f 5230 5232 5238
f 5239 5240 5241
f 5242 5238 5240
f 5243 5241 4868
f 4876 5204 4878
f 4849 4878 4879
f 5203 4875 4291
f 4875 5204 4876
f 4876 4878 4877
f 4346 4347 4387
f 4387 5244 4425
f 4388 4387 4425
f 4425 5244 5245
f 4331 4425 5246
f 4331 5246 5247
f 4331 5247 4333
f 5246 5248 5247
f 4425 5245 5246
f 5245 5249 5246
f 5246 5250 5251
f 5246 5249 5250
f 5246 5251 5248
f 5249 5252 5250
f 5233 5237 5231
f 5243 4868 4871
f 5243 5239 5241
f 5242 5240 5239
f 4267 4266 5190
f 4885 5200 4873
f 5200 4872 4873
f 4263 5253 4266
f 4263 5254 5253
f 5192 5189 5231
f 5187 5231 5189
f 5185 5190 5233
f 5188 5233 5187
f 5188 5185 5233
f 4266 5234 5190
f 4263 4268 5254
f 5196 5239 5198
f 5255 4749 5179
f 5195 5242 5196
f 5198 5243 5200
f 5200 4871 4872
f 5187 5233 5231
f 4266 5253 5234
f 5190 5234 5233
f 5195 5230 5242
f 5192 5231 5230
f 5196 5242 5239
f 5198 5239 5243
f 5253 5254 5234
f 5234 5254 4268
f 5200 5243 4871
f 5230 5238 5242
f 5192 5230 5195
f 5245 5256 5249
f 5207 5194 5209
f 5183 5184 5206
f 4315 5257 5258
f 5259 5258 5260
f 4325 5261 4326
f 4326 5262 4352
f 5259 5260 5263
f 4325 5263 5261
f 4352 5262 4803
f 4326 5261 5262
f 4803 5262 4804
f 4373 5264 5265
f 5265 5264 5266
f 4429 5267 5264
f 5175 4791 5268
f 5175 5268 5269
f 4379 5270 5267
f 4380 5271 5270
f 4381 5269 5271
f 4791 4798 5272
f 4791 5272 5268
f 4798 4807 5272
f 4807 4808 5272
f 5210 5273 5211
f 5211 5273 5274
f 5210 5274 5273
f 5212 5275 5213
f 5213 5275 5215
f 5211 5274 5212
f 4314 5276 5257
f 5212 5274 5275
f 4352 4803 4801
f 4351 4352 4799
f 4357 4380 4379
f 4359 4381 4380
f 4361 5175 4381
f 4375 4791 5175
f 4367 4429 4373
f 4369 4379 4429
f 4372 4373 5277
f 5277 4373 5265
f 4373 4429 5264
f 4429 4379 5267
f 4379 4380 5270
f 4378 4795 4791
f 4791 4795 4796
f 4381 5175 5269
f 4791 4796 4798
f 4381 5271 4380
f 4320 4352 4351
f 4308 4315 5259
f 4308 5259 4325
f 4309 4325 4326
f 4311 4326 4352
f 4317 4318 4313
f 4313 5276 4314
f 4314 5257 4315
f 4313 4318 5276
f 5259 4315 5258
f 5259 5263 4325
f 4799 4352 4801
f 5275 5214 5215
f 5228 5278 5279
f 5278 5280 5279
f 5281 5205 5279
f 5203 5279 5205
f 5274 4759 5255
f 5216 5229 5176
f 5275 5255 5229
f 5218 5176 5202
f 5220 5202 5201
f 5222 5201 5180
f 5226 5183 5206
f 5224 5180 5183
f 4759 4757 5255
f 5228 5206 5207
f 5280 5207 5209
f 5282 5209 5208
f 5283 5208 5205
f 5255 4757 4749
f 5203 5205 5204
f 5205 4878 5204
f 5205 4879 4878
f 5209 5197 5208
f 5208 5191 5205
f 5229 5177 5176
f 5229 5255 5179
f 5176 5178 5202
f 5201 5202 5186
f 5201 5181 5180
f 5183 5180 5182
f 5283 5205 5281
f 5284 5208 5283
f 5282 5208 5284
f 5285 5209 5282
f 5280 5285 5279
f 5285 5282 5279
f 5282 5284 5279
f 5284 5283 5279
f 5228 5279 5203
f 5283 5281 5279
f 4294 4762 5210
f 4762 5274 5210
f 4762 4761 5274
f 5274 4761 4759
f 5275 5274 5255
f 5216 5214 5229
f 5275 5229 5214
f 5206 5193 5207
f 5216 5176 5217
f 5218 5202 5219
f 5220 5219 5202
f 5220 5201 5221
f 5222 5221 5201
f 5222 5180 5223
f 5223 5180 5224
f 5226 5225 5183
f 5224 5183 5225
f 5226 5206 5227
f 5228 5227 5206
f 5278 5207 5280
f 5228 5207 5278
f 5280 5209 5285
f 5218 5217 5176
f 4919 4921 4939
f 5249 5256 5252
f 4332 5286 4337
f 5276 5287 5288
f 5258 4932 5260
f 5260 4933 5263
f 5287 5289 5290
f 5291 5290 5289
f 5287 5290 5292
f 5293 5294 4919
f 5291 5295 4918
f 5291 5296 5290
f 5293 5297 5295
f 5257 5288 4930
f 5258 4930 4932
f 5287 5292 5288
f 5290 5298 5292
f 5290 5299 5298
f 5262 4986 4804
f 5263 4936 5261
f 5261 4927 5262
f 5262 5163 4986
f 4986 5163 4991
f 5260 4932 4933
f 5263 4933 4936
f 5261 4936 4927
f 5262 4927 5163
f 5295 5297 4918
f 5291 4918 5296
f 5290 5296 5299
f 5257 4930 5258
f 5294 5300 4922
f 5276 5288 5257
f 5157 4988 5301
f 5240 4972 4973
f 5158 4973 5160
f 5302 5303 4974
f 4974 5303 4975
f 5160 4973 4976
f 4318 5304 5305
f 5304 5306 5305
f 4318 5305 5276
f 5276 5305 5307
f 5276 5307 5287
f 5306 5307 5305
f 5306 5308 5307
f 5307 5308 5287
f 5309 5293 5310
f 5309 5311 5294
f 5312 5310 5295
f 5312 5291 5306
f 5311 5300 5294
f 5309 5294 5293
f 5313 5157 5301
f 5314 5315 5300
f 5316 5301 5315
f 5312 5295 5291
f 5310 5293 5295
f 5306 5291 5308
f 5308 5289 5287
f 5308 5291 5289
f 5301 4988 4990
f 5300 5315 5164
f 5315 5301 5162
f 5301 4990 5162
f 1887 1757 4977
f 1757 4964 4977
f 5292 5298 5288
f 4991 5163 4995
f 5163 5001 4995
f 5163 4927 5126
f 5298 5299 4938
f 5299 5296 4938
f 5297 4919 4903
f 4918 5297 4896
f 4922 4920 4919
f 4922 5164 4926
f 5164 5162 5141
f 5298 4916 5288
f 5288 4931 4930
f 4930 4894 4932
f 5298 4938 4916
f 4918 4940 5296
f 5296 4917 4938
f 4932 4915 4933
f 4933 4935 4936
f 4936 4928 4927
f 5288 4916 4931
f 5296 4940 4917
f 5297 4902 4896
f 5297 4903 4902
f 4919 4939 4905
f 4975 5317 1887
f 4975 1887 4977
f 4970 4974 4947
f 5000 1886 1880
f 5294 4922 4919
f 5293 4919 5297
f 5300 5164 4922
f 5315 5162 5164
f 4990 4994 5162
f 5162 4994 4996
f 5266 5264 5318
f 5318 5264 5317
f 5264 5267 1874
f 5267 5270 1875
f 5270 5271 1876
f 5271 5269 1876
f 5265 5266 4975
f 5238 4971 4972
f 5266 5318 4975
f 5272 4808 4998
f 5268 5272 1879
f 5268 1877 5269
f 5264 1881 5317
f 5272 4998 1880
f 5272 1880 1879
f 5264 1874 1881
f 5267 1875 1874
f 5270 1876 1875
f 5269 1877 1876
f 5268 1879 1877
f 5317 1881 1887
f 4998 5000 1880
f 5318 5317 4975
f 4332 4333 5286
f 5232 4969 4971
f 5265 5303 5302
f 5319 5320 5321
f 5321 5320 5322
f 5320 5323 5322
f 5321 5322 5324
f 5320 5325 5326
f 5320 5326 5323
f 5325 5327 5326
f 4349 4350 4982
f 4349 4982 4983
f 5328 4983 4985
f 5328 4985 5147
f 5328 5147 5325
f 5325 5148 5327
f 5325 5147 5148
f 5148 5150 5327
f 5150 5152 5327
f 5251 5329 5248
f 5251 5250 5329
f 5250 5252 5329
f 4333 5247 5329
f 5247 5248 5329
f 5256 5330 5331
f 5330 5332 5331
f 5256 5331 5252
f 5333 5334 5335
f 5332 5333 5335
f 5334 5336 5337
f 5338 5333 5332
f 5336 5324 5337
f 5338 5334 5333
f 5245 5332 5330
f 4335 4337 5339
f 5286 4333 5339
f 5286 5339 4337
f 4336 5340 4334
f 4335 5340 4336
f 4387 4347 5319
f 4344 4348 4347
f 4348 5341 4347
f 4347 5341 5319
f 4328 4350 4349
f 4345 4349 4348
f 4348 4349 5328
f 4348 5328 5341
f 5319 5341 5320
f 4349 4983 5328
f 5341 5328 5325
f 5341 5325 5320
f 4387 5319 5244
f 5245 5244 5342
f 5245 5342 5338
f 5319 5321 5244
f 5321 5342 5244
f 5338 5342 5334
f 5342 5336 5334
f 5321 5324 5342
f 5342 5324 5336
f 5245 5330 5256
f 5245 5338 5332
f 5324 5322 5337
f 4334 5340 4303
f 4335 5339 5340
f 5311 5314 5300
f 5314 5316 5315
f 5313 5156 5157
f 5316 5313 5301
f 4372 5277 4268
f 5277 5343 4268
f 5265 5344 5343
f 5277 5265 5343
f 5234 5236 5235
f 5233 5235 5237
f 4268 5343 5236
f 5236 5343 5344
f 5241 4869 4868
f 5241 5158 4869
f 5235 4968 5237
f 5232 5237 4969
f 5235 5236 4970
f 5232 4971 5238
f 5238 4972 5240
f 5240 4973 5241
f 5236 5344 4974
f 5235 4970 4968
f 5237 4968 4969
f 5236 4974 4970
f 5344 5302 4974
f 5241 4973 5158
f 5265 5302 5344
f 5154 5156 5313
f 5337 5313 5316
f 5345 5154 5313
f 5337 5345 5313
f 4333 5329 5339
f 5252 5331 5329
f 5332 5335 5331
f 5322 5323 5345
f 5323 5326 5345
f 5326 5327 5345
f 5322 5345 5337
f 5327 5152 5345
f 5334 5337 5335
f 4303 5340 4316
f 4316 5340 5346
f 5340 5339 5312
f 5340 5304 5346
f 5265 4975 5303
f 5329 5310 5339
f 5335 5337 5316
f 5331 5309 5329
f 5331 5311 5309
f 5335 5316 5314
f 5331 5314 5311
f 4318 4316 5346
f 4318 5346 5304
f 5339 5310 5312
f 5340 5312 5304
f 5329 5309 5310
f 5304 5312 5306
f 5345 5152 5153
f 5345 5153 5154
f 5335 5314 5331
f 5347 5092 5348
f 4636 4783 4627
f 5349 4784 4782
f 5350 5351 5352
f 5353 5354 5351
f 5353 5351 5355
f 5354 5356 5351
f 5354 5357 5356
f 5351 5356 5352
f 5358 5359 5360
f 5361 5358 5362
f 5358 5360 5362
f 5363 5364 5365
f 5363 5365 5366
f 5360 5364 5363
f 5367 5368 5369
f 5368 5370 5371
f 5372 5373 5371
f 5374 5375 5368
f 5374 5368 5371
f 5374 5371 5373
f 5376 5377 5378
f 5372 5379 5373
f 5379 5380 5373
f 5374 5373 5376
f 5374 5376 5378
f 5379 5381 5380
f 5376 5373 5380
f 5376 5380 5382
f 5371 5370 5383
f 5355 5350 5384
f 5355 5385 5370
f 5355 5351 5350
f 5361 5386 5358
f 4747 5387 5388
f 5389 5390 5391
f 5392 5393 5394
f 5395 5396 5397
f 5392 5397 5398
f 5387 5399 5388
f 5390 5400 5391
f 5401 5402 5403
f 5401 5404 5402
f 5395 5403 5402
f 5404 5391 5405
f 5406 5407 5387
f 5406 5394 5408
f 5387 5407 5399
f 5406 5408 5407
f 5388 5399 5409
f 5410 5409 5399
f 5410 5411 5409
f 5411 5412 5409
f 5413 5414 5415
f 5414 4289 5084
f 5353 5416 5354
f 5367 5417 5353
f 5367 5355 5370
f 5367 5353 5355
f 5354 5386 5361
f 5354 5361 5418
f 5354 5418 5357
f 5385 5383 5370
f 5385 5419 5383
f 5367 5370 5368
f 5419 5420 5421
f 5419 5422 5420
f 5421 5420 5423
f 5423 5424 5425
f 5425 5424 5426
f 5357 5362 5427
f 5428 5363 5366
f 5360 5363 5362
f 5350 5427 5429
f 5422 5429 5420
f 5426 5430 5431
f 5431 5430 5432
f 5432 5430 5433
f 5426 5424 5430
f 5433 5430 5434
f 5423 5420 5424
f 5427 5362 5435
f 5428 5436 5363
f 5363 5436 5437
f 5362 5363 5438
f 5363 5437 5438
f 5420 5429 5439
f 5420 5440 5424
f 5429 5427 5441
f 5420 5439 5440
f 5429 5442 5439
f 5429 5441 5442
f 5418 5361 5362
f 5418 5362 5357
f 5350 5352 5427
f 5356 5357 5427
f 5372 5371 5383
f 5383 5421 5423
f 5419 5421 5383
f 5372 5383 5425
f 5383 5423 5425
f 5355 5384 5443
f 5355 5443 5385
f 5443 5422 5385
f 5385 5422 5419
f 5372 5431 5379
f 5372 5426 5431
f 5372 5425 5426
f 5379 5432 5381
f 5444 5392 5394
f 5379 5431 5432
f 5376 5445 5377
f 5381 5446 5380
f 5381 5433 5447
f 5381 5448 5446
f 5381 5447 5448
f 5376 5382 5445
f 5380 5446 5382
f 5449 5433 5434
f 5447 5433 5449
f 5384 5429 5443
f 5443 5429 5422
f 5384 5350 5429
f 5352 5356 5427
f 5381 5432 5433
f 5362 5438 5435
f 5450 5395 5397
f 5451 5452 5389
f 5453 5454 5455
f 5456 5453 5457
f 5454 5458 5455
f 5458 5459 5460
f 5461 5460 5459
f 5461 5462 5460
f 5463 5464 5465
f 5466 5467 5464
f 5468 5469 5470
f 5471 5470 5467
f 5472 5457 5469
f 5462 5473 5474
f 5462 5474 5460
f 5453 5455 5457
f 5458 5460 5455
f 5475 5465 5476
f 5477 5478 4760
f 4760 5478 4758
f 5478 4756 4758
f 5460 5474 5415
f 5460 5415 5084
f 5465 5464 5479
f 5476 5465 5450
f 5464 5467 5480
f 5470 5481 5467
f 5469 5457 5482
f 5457 5455 5451
f 5472 5456 5457
f 5469 5483 5470
f 5484 5472 5469
f 5485 5486 5478
f 5476 5487 5488
f 5486 5489 5490
f 5486 5491 5478
f 5488 5444 5489
f 5492 5477 5493
f 5493 5477 5494
f 5485 5495 5486
f 5485 5478 5492
f 5496 5486 5495
f 5497 5498 5476
f 5475 5476 5498
f 5475 5499 5465
f 5463 5465 5499
f 5463 5500 5464
f 5471 5501 5470
f 5501 5468 5470
f 5500 5466 5464
f 5466 5502 5467
f 5502 5471 5467
f 5503 5497 5488
f 5504 5503 5488
f 5505 5489 5496
f 5504 5489 5505
f 5492 5478 5477
f 5496 5489 5486
f 5504 5488 5489
f 5497 5476 5488
f 5468 5484 5469
f 5455 5460 5451
f 5460 5084 5451
f 5489 5444 5490
f 5394 5393 5408
f 5395 5402 5396
f 5392 5398 5393
f 5397 5396 5398
f 5391 5400 5506
f 5391 5506 5405
f 5404 5405 5402
f 5407 5410 5399
f 5407 5412 5411
f 5407 5411 5410
f 5400 5088 5506
f 5088 5507 5506
f 5506 5507 5508
f 5398 5396 5509
f 5396 5402 5509
f 5393 5398 5510
f 5408 5393 5511
f 5402 5405 5512
f 5506 5513 5405
f 5408 5514 5407
f 5506 5508 5515
f 5482 5451 5404
f 5451 5389 5391
f 5480 5401 5403
f 5479 5403 5395
f 5481 5404 5401
f 5451 5391 5404
f 5491 5406 5387
f 5490 5394 5406
f 5516 5387 4747
f 5490 5406 5491
f 5478 5516 4756
f 5486 5490 5491
f 5478 5491 5516
f 5457 5451 5482
f 5464 5480 5479
f 5467 5481 5480
f 5465 5479 5450
f 5476 5450 5487
f 5488 5487 5444
f 5470 5483 5481
f 5469 5482 5483
f 5517 5451 5084
f 5517 5452 5451
f 5487 5397 5392
f 5414 5084 5415
f 5413 5415 5474
f 4756 5516 5518
f 5482 5404 5483
f 5481 5483 5404
f 5516 5519 5518
f 5481 5401 5480
f 5491 5387 5516
f 5516 4747 5519
f 5487 5392 5444
f 5487 5450 5397
f 5479 5395 5450
f 5479 5480 5403
f 5490 5444 5394
f 5473 5413 5474
f 5485 5492 5495
f 5437 5520 5438
f 5438 5520 5521
f 5522 5523 5524
f 5524 5525 5526
f 5527 5528 5526
f 5529 5530 5531
f 5529 5531 5532
f 5533 5532 5534
f 5535 5534 5536
f 5522 5536 5523
f 5524 5523 5525
f 5537 5527 5538
f 5539 5531 5530
f 5537 5538 1521
f 5527 5526 5538
f 5525 5538 5526
f 5540 5541 5542
f 5543 5544 5545
f 5543 5545 5546
f 5543 5546 5547
f 5543 5542 5544
f 5548 5549 5550
f 5548 5551 5549
f 5548 5552 5551
f 5548 5553 5552
f 5540 5550 5541
f 5543 5547 5554
f 5555 5556 5557
f 5555 5554 5558
f 5559 5536 5522
f 5555 5558 5556
f 5535 5536 5559
f 5529 5532 5533
f 5560 5561 5562
f 5563 5564 5560
f 5565 5566 5567
f 5565 5561 5560
f 5566 5568 5569
f 5568 5570 5571
f 5570 5572 5573
f 5568 5571 5569
f 5570 5573 5571
f 5572 5574 5573
f 5575 5576 5574
f 5577 5578 5576
f 5572 5575 5574
f 5575 5579 5576
f 5579 5580 5577
f 5579 5577 5576
f 5581 5582 5583
f 5583 5582 5530
f 5584 5539 5582
f 5584 5585 5539
f 5582 5539 5530
f 5585 5586 5539
f 5583 5587 5588
f 5583 5589 5587
f 5583 5530 5589
f 5587 5589 5529
f 5589 5530 5529
f 5533 5534 5535
f 5555 5557 5590
f 5540 5542 5543
f 5540 5548 5550
f 5545 5591 5592
f 5546 5592 5593
f 5591 5594 5592
f 5591 5595 5594
f 5549 5596 5595
f 5596 5597 5598
f 5595 5596 5599
f 5596 5598 5599
f 5595 5600 5594
f 5595 5599 5600
f 5601 5597 5596
f 5601 5602 5597
f 5597 5602 5603
f 5597 5604 5605
f 5597 5603 5604
f 5598 5597 5605
f 5605 5604 5606
f 5598 5607 5599
f 5598 5608 5609
f 5598 5609 5607
f 5598 5605 5608
f 5605 5606 5608
f 5606 5610 5608
f 5606 5611 5610
f 5611 5612 5610
f 5608 5610 5613
f 5609 5608 5613
f 5545 5592 5546
f 5549 5551 5596
f 5549 5595 5591
f 5549 5591 5550
f 5614 5615 5616
f 5615 5562 5617
f 5615 5617 5616
f 5618 5619 5620
f 5555 5543 5554
f 5555 5590 5621
f 5621 5622 5618
f 5548 5614 5553
f 5614 5616 5553
f 5616 5617 5623
f 5617 5561 5602
f 5561 5567 5603
f 5567 5569 5611
f 5566 5569 5567
f 5561 5603 5602
f 5571 5573 5624
f 5573 5574 5625
f 5546 5593 5547
f 5547 5593 5554
f 5551 5552 5596
f 5552 5553 5596
f 5553 5601 5596
f 5553 5623 5601
f 5623 5602 5601
f 5542 5541 5591
f 5544 5542 5591
f 5544 5591 5545
f 5541 5550 5591
f 5569 5571 5626
f 5427 5435 5441
f 5565 5567 5561
f 5627 5560 5562
f 5628 5629 5630
f 5581 5585 5584
f 5631 5632 5633
f 5633 5634 5581
f 5635 5636 5637
f 5629 5635 5638
f 5635 5637 5639
f 5581 5634 5585
f 5637 5640 5639
f 5632 5641 5642
f 5643 5644 5641
f 5643 5630 5645
f 5634 5646 5647
f 5632 5648 5634
f 5639 5640 5649
f 5630 5638 5650
f 5638 5639 5651
f 5639 5649 1626
f 5629 5638 5630
f 5631 5641 5632
f 5652 5643 5641
f 5633 5632 5634
f 5628 5630 5643
f 5635 5639 5638
f 5585 5634 5647
f 5585 5647 5586
f 5515 5347 5653
f 5628 5643 5652
f 5509 5512 5652
f 5631 5652 5641
f 5635 5654 5636
f 5437 5655 5520
f 5430 5656 5434
f 5439 5657 5440
f 5658 5659 5660
f 5440 5661 5660
f 5430 5660 5662
f 5430 5662 5656
f 5424 5660 5430
f 5424 5440 5660
f 5662 5660 5659
f 5508 5347 5515
f 5514 5663 5664
f 5407 5514 5412
f 5393 5665 5511
f 5393 5510 5665
f 5408 5511 5514
f 5402 5512 5509
f 5398 5509 5510
f 5405 5513 5512
f 5506 5515 5513
f 5412 5514 5664
f 5514 5583 5663
f 5412 5664 5666
f 5412 5667 5668
f 5664 5663 5588
f 5412 5666 5667
f 5581 5584 5582
f 5669 5654 5635
f 5513 5628 5512
f 5513 5515 5629
f 5515 5653 5669
f 5442 5670 5671
f 5660 5661 5672
f 5658 5660 5672
f 5440 5657 5661
f 5439 5671 5657
f 5435 5673 5674
f 5521 5563 5673
f 5563 5675 5673
f 5673 5675 5627
f 5438 5673 5435
f 5438 5521 5673
f 5521 5676 5677
f 5521 5677 5563
f 5563 5677 5564
f 5564 5565 5560
f 5677 5676 5565
f 5677 5565 5564
f 5658 5672 5678
f 5672 5679 5678
f 5672 5680 5679
f 5579 5681 5580
f 5670 5540 5671
f 5614 5674 5673
f 5615 5673 5627
f 5670 5674 5548
f 5675 5560 5627
f 5563 5560 5675
f 5441 5674 5670
f 5442 5671 5439
f 5441 5435 5674
f 5441 5670 5442
f 5665 5633 5511
f 5665 5510 5652
f 5509 5652 5510
f 5514 5511 5581
f 5514 5581 5583
f 5665 5631 5633
f 5665 5652 5631
f 5513 5629 5628
f 5512 5628 5652
f 5511 5633 5581
f 5515 5669 5635
f 5515 5635 5629
f 5663 5583 5588
f 5615 5627 5562
f 5520 5676 5521
f 5664 5588 5666
f 5671 5543 5657
f 5548 5674 5614
f 5614 5673 5615
f 5657 5555 5661
f 5661 5621 5672
f 5672 5618 5680
f 5671 5540 5543
f 5657 5543 5555
f 5670 5548 5540
f 5661 5555 5621
f 5672 5621 5618
f 5618 5620 5680
f 5520 5655 5676
f 5609 5613 5682
f 4568 4569 4571
f 4564 4565 4566
f 5683 5684 5685
f 5686 5687 5688
f 5688 5687 5684
f 5686 5117 5121
f 5686 5121 5687
f 5689 5685 4530
f 4480 4552 4554
f 4485 4554 4556
f 4471 4556 4558
f 4477 4558 4560
f 4479 4560 4562
f 4474 4562 4564
f 4518 4564 4566
f 4520 4566 4568
f 4462 4568 4571
f 4470 4571 5122
f 4468 5122 5096
f 4465 5096 5095
f 4582 5095 5094
f 4576 5094 5093
f 4579 5093 5061
f 4521 5061 5062
f 4580 5062 5063
f 5690 5063 5064
f 5691 5064 5065
f 5692 5065 5066
f 5693 5066 5067
f 5683 5694 5684
f 5695 5067 5068
f 5696 5697 5688
f 5698 5696 5684
f 4579 5061 4521
f 4580 4521 5062
f 4580 5063 5690
f 5699 5700 5685
f 5701 5702 5703
f 5700 5701 5685
f 5703 5704 5705
f 5683 5706 5694
f 5701 5703 5685
f 5703 5705 5685
f 5705 5707 5683
f 5705 5683 5685
f 5708 5685 5689
f 5708 5689 4530
f 4437 4530 4534
f 4439 4534 4536
f 4441 4536 4538
f 4443 4538 4540
f 4448 4540 4542
f 4450 4542 4544
f 4445 4544 4546
f 4451 4546 4548
f 4456 4548 4550
f 4453 4550 4552
f 5694 5698 5684
f 5698 5709 5696
f 5694 5710 5698
f 5696 5688 5684
f 5711 5068 5069
f 5712 5069 5070
f 5713 5070 5071
f 5714 5715 5716
f 5717 5718 5719
f 5720 5719 5715
f 5716 5715 5721
f 5722 5723 5724
f 5724 5723 5725
f 5724 5725 5718
f 5726 5727 5723
f 5723 5727 5728
f 5723 5728 5725
f 5719 5718 5729
f 5715 5719 5730
f 5718 5725 5731
f 5725 5728 5732
f 5733 5716 5734
f 5734 5735 5736
f 5736 5735 5737
f 5737 5735 5738
f 5737 5738 5739
f 5739 5740 5741
f 5739 5738 5740
f 5741 5740 5742
f 5716 5743 5734
f 5734 5744 5735
f 5735 5745 5738
f 5738 5746 5740
f 5740 5747 5742
f 5714 5716 5733
f 5720 5715 5714
f 5720 5717 5719
f 5748 5717 5720
f 5749 5071 5072
f 3 5072 5073
f 5750 2985 2982
f 5750 5751 5752
f 5751 5753 5754
f 5755 5714 5733
f 5756 5720 5714
f 5753 5757 5758
f 5757 5759 5760
f 5759 5761 5762
f 5761 5763 5764
f 5765 5733 5766
f 5767 5766 5736
f 4579 4576 5093
f 5733 5734 5766
f 5768 5736 5737
f 5769 5737 5739
f 5750 5770 2985
f 5750 5752 5770
f 5751 5754 5752
f 5753 5758 5754
f 5757 5760 5758
f 5759 5762 5760
f 5761 5764 5762
f 5771 5772 5717
f 5773 5724 5772
f 5772 5718 5717
f 5724 5718 5772
f 5766 5734 5736
f 5742 5774 5775
f 4582 5094 4576
f 5749 5072 3
f 5767 5736 5768
f 5768 5737 5769
f 5773 5771 2980
f 5722 5773 2980
f 5748 5771 5717
f 5773 5772 5771
f 5722 5724 5773
f 5722 2988 5726
f 5726 2988 5776
f 5722 5726 5723
f 5726 5776 5727
f 5777 2988 2975
f 5776 5777 5778
f 5777 2975 5779
f 5777 5779 5780
f 5779 2975 5781
f 5782 5781 2975
f 5782 5783 5781
f 5782 5784 5783
f 5784 5785 5786
f 5779 5781 5787
f 5781 5783 5788
f 5783 5784 5786
f 5783 5786 5789
f 5785 5790 5786
f 5786 5790 5791
f 5790 5792 5793
f 5763 5767 5768
f 5785 5794 5790
f 5765 5767 5761
f 5755 5733 5765
f 5749 4709 5713
f 5749 3 4711
f 5692 4697 5691
f 5691 4695 5690
f 5712 4705 5711
f 5695 5711 4703
f 5712 5713 4707
f 5695 4699 5693
f 5693 4701 5692
f 5722 2980 2986
f 5722 2986 2988
f 5776 2988 5777
f 5751 5755 5753
f 5771 2987 2980
f 5771 2982 2987
f 5748 2982 5771
f 5750 2982 5756
f 5750 5755 5751
f 5750 5756 5755
f 5748 5756 2982
f 5748 5720 5756
f 5756 5714 5755
f 5753 5765 5757
f 5757 5765 5759
f 5765 5761 5759
f 5761 5767 5763
f 5753 5755 5765
f 5765 5766 5767
f 5794 5792 5790
f 5794 5795 5792
f 5795 5796 5792
f 4443 4540 4448
f 4448 4542 4450
f 4450 4544 4445
f 4445 4546 4451
f 4451 4548 4456
f 4456 4550 4453
f 4471 4485 4556
f 4471 4558 4477
f 4477 4560 4479
f 4479 4562 4474
f 4453 4552 4480
f 4480 4554 4485
f 4518 4566 4520
f 4474 4564 4518
f 4520 4568 4462
f 4470 4462 4571
f 4465 5095 4582
f 4470 5122 4468
f 4465 4468 5096
f 5691 5690 5064
f 5692 5691 5065
f 5695 5693 5067
f 5693 5692 5066
f 5695 5068 5711
f 5712 5711 5069
f 5712 5070 5713
f 5749 5713 5071
f 4441 4538 4443
f 4439 4536 4441
f 5708 5797 5685
f 4437 4534 4439
f 5792 5796 5798
f 5796 5104 5799
f 5795 5111 5796
f 5796 5111 5104
f 5104 5111 5105
f 5104 5107 5800
f 5107 5801 5802
f 5104 5106 5107
f 5801 5686 5803
f 5686 5688 5804
f 5107 5110 5801
f 5801 5117 5686
f 5801 5110 5117
f 1 3 5073
f 5763 5768 5805
f 5768 5769 5806
f 5769 5699 5806
f 5769 5807 5699
f 5699 5807 5808
f 5699 5808 5809
f 5769 5739 5807
f 5807 5741 5808
f 5808 5810 5809
f 5699 5809 5700
f 5809 5811 5700
f 5699 5685 5797
f 5700 5812 5701
f 5708 4530 4437
f 5768 5806 5805
f 4566 4567 4568
f 5715 5730 5721
f 5718 5731 5729
f 4439 4441 4440
f 4441 4443 4442
f 4443 4448 4444
f 4448 4450 4449
f 4450 4445 4447
f 4445 4451 4446
f 4451 4456 4452
f 4456 4453 4455
f 5797 4435 4434
f 5813 5814 5774
f 5813 5774 5747
f 5814 5815 5774
f 5814 4434 5816
f 5814 5816 5815
f 4434 5817 5816
f 4434 5818 5817
f 4470 4463 4462
f 4465 4582 4466
f 4470 4468 4469
f 4465 4467 4468
f 4471 4473 4485
f 4477 4479 4478
f 4471 4477 4472
f 4479 4474 4476
f 4453 4480 4454
f 4480 4485 4481
f 4474 4518 4475
f 5708 4435 5797
f 4518 4520 4519
f 4437 4439 4438
f 5819 5813 5747
f 5820 5821 5822
f 5823 5114 5119
f 5823 5115 5114
f 5822 5821 5120
f 5824 5116 5115
f 5822 5120 5116
f 5763 5805 5819
f 5805 5806 5813
f 5806 5699 5814
f 5699 5797 5814
f 5763 5819 5764
f 5805 5813 5819
f 5806 5814 5813
f 5797 4434 5814
f 5807 5739 5741
f 5808 5741 5810
f 5809 5810 5811
f 5741 5742 5810
f 5810 5742 5811
f 5700 5811 5812
f 5742 5775 5811
f 5775 5812 5811
f 5775 5825 5812
f 5812 5825 5702
f 5701 5812 5702
f 5775 5815 5825
f 5815 5816 5825
f 5708 4437 4435
f 4520 4462 4464
f 4579 4577 4576
f 4579 4521 4523
f 5684 5826 5827
f 5684 5827 5828
f 4434 5827 5818
f 5818 5827 5829
f 5829 5827 5830
f 4434 5828 5827
f 4434 4457 5828
f 5820 5830 5826
f 5830 5827 5826
f 5820 5826 5821
f 4530 5828 4457
f 4530 4533 4534
f 4534 4535 4536
f 4536 4537 4538
f 4538 4539 4540
f 4540 4541 4542
f 4542 4543 4544
f 4544 4545 4546
f 4546 4547 4548
f 4548 4549 4550
f 4550 4551 4552
f 4552 4553 4554
f 4554 4555 4556
f 4556 4557 4558
f 4558 4559 4560
f 4560 4561 4562
f 4562 4563 4564
f 5687 5821 5826
f 5121 5120 5821
f 4530 5685 5828
f 5684 5828 5685
f 4580 5690 4581
f 4580 4522 4521
f 4582 4576 4578
f 5702 5825 5831
f 5702 5831 5704
f 5831 5832 5707
f 5831 5707 5704
f 5703 5702 5704
f 5705 5704 5707
f 5825 5816 5831
f 5831 5817 5832
f 5832 5818 5833
f 5832 5833 5706
f 5824 5822 5116
f 5832 5706 5707
f 5833 5834 5710
f 5834 5709 5710
f 5833 5710 5706
f 5683 5707 5706
f 5831 5816 5817
f 5832 5817 5818
f 5833 5818 5829
f 5698 5710 5709
f 5834 5697 5709
f 5696 5709 5697
f 5688 5697 5804
f 5121 5821 5687
f 5687 5826 5684
f 5694 5706 5710
f 5719 5729 5730
f 5823 5824 5115
f 5835 5119 5113
f 5777 5780 5778
f 5782 2975 5836
f 5836 2975 2977
f 5782 5836 5784
f 5784 5837 5785
f 5785 5838 5794
f 5784 5836 5837
f 5785 5837 5838
f 5794 5838 5839
f 5727 5778 5840
f 5727 5840 5728
f 5778 5780 5840
f 5780 5841 5840
f 5728 5840 5842
f 5840 5841 5843
f 5779 5787 5780
f 5780 5787 5841
f 5787 5844 5841
f 5781 5788 5787
f 5787 5788 5844
f 5788 5845 5844
f 5788 5789 5845
f 5841 5844 5846
f 5844 5845 5847
f 5845 5848 5849
f 5848 5850 5851
f 5833 5829 5834
f 5776 5778 5727
f 5852 5820 5853
f 5819 5747 5746
f 5731 5732 2976
f 5725 5732 5731
f 5734 5743 5744
f 5716 5721 5743
f 5735 5744 5745
f 5738 5745 5746
f 5740 5746 5747
f 5742 5747 5774
f 5775 5774 5815
f 5731 2976 2978
f 5732 2991 2976
f 5770 5752 5721
f 5752 5754 5743
f 5770 5721 2985
f 5721 2989 2985
f 5754 5758 5744
f 5758 5760 5744
f 5754 5744 5743
f 5744 5760 5745
f 5760 5762 5745
f 5762 5764 5746
f 5764 5819 5746
f 5730 2990 2989
f 5721 5730 2989
f 5752 5743 5721
f 5731 2978 2990
f 5730 5729 2990
f 5729 5731 2990
f 5762 5746 5745
f 5852 5834 5830
f 5728 5842 5732
f 5840 5843 5842
f 5854 5855 5823
f 5855 5856 5824
f 5856 5853 5822
f 5104 5800 5799
f 5107 5802 5800
f 5801 5803 5802
f 5686 5804 5803
f 5850 5835 5851
f 5795 5839 5118
f 5854 5823 5835
f 5855 5824 5823
f 5856 5822 5824
f 5842 2977 2991
f 5836 2977 5843
f 5836 5846 5837
f 5732 5842 2991
f 5842 5843 2977
f 5836 5843 5846
f 5846 5847 5837
f 5847 5838 5837
f 5847 5849 5839
f 5847 5839 5838
f 5849 5851 5118
f 5851 5835 5113
f 5849 5118 5839
f 5118 5851 5112
f 5851 5113 5112
f 5850 5854 5835
f 5853 5803 5804
f 5852 5804 5697
f 5856 5802 5803
f 5841 5846 5843
f 5844 5847 5846
f 5845 5849 5847
f 5848 5851 5849
f 5834 5829 5830
f 5853 5820 5822
f 5852 5830 5820
f 5783 5789 5788
f 5786 5791 5789
f 5845 5789 5791
f 5790 5793 5791
f 5845 5791 5848
f 5848 5793 5850
f 5835 5823 5119
f 5850 5798 5854
f 5850 5793 5798
f 5854 5798 5799
f 5794 5839 5795
f 5795 5118 5111
f 5792 5798 5793
f 5796 5799 5798
f 5854 5799 5855
f 5855 5799 5800
f 5855 5802 5856
f 5855 5800 5802
f 5856 5803 5853
f 5852 5697 5834
f 5852 5853 5804
f 5848 5791 5793
f 4633 4780 4636
f 5613 5610 5857
f 5858 5626 5610
f 5859 5860 5084
f 5389 5087 5390
f 5452 5087 5389
f 5088 5092 5507
f 5507 5092 5508
f 5508 5092 5347
f 5390 5087 5400
f 5400 5087 5088
f 4289 5860 5861
f 4739 5083 5862
f 4289 5862 5860
f 5860 5863 5084
f 1 5073 5864
f 4139 5864 5865
f 4185 5865 5866
f 4190 5866 5867
f 4285 5867 5868
f 4192 5868 5869
f 4282 5869 5870
f 4284 5870 5871
f 4280 5871 5872
f 5861 5860 5859
f 4269 5872 5873
f 4279 5873 5874
f 4277 5874 5875
f 4275 5875 5876
f 4272 5876 5877
f 4950 5862 4289
f 4746 5877 5878
f 4139 1 5864
f 4269 4280 5872
f 4777 4779 5075
f 4775 4777 5076
f 4279 4269 5873
f 4727 4729 5879
f 4729 4731 5880
f 4779 4724 5074
f 4724 4727 5881
f 4731 4733 5882
f 4733 4735 5883
f 4735 4737 5884
f 4737 4742 5885
f 4742 4744 5886
f 4744 4746 5878
f 4272 5877 4746
f 4272 4275 5876
f 4275 4277 5875
f 4277 4279 5874
f 4289 5861 5084
f 5861 5859 5084
f 5517 5084 5087
f 5517 5087 5452
f 4185 4139 5865
f 4285 4190 5867
f 4185 5866 4190
f 4282 4192 5869
f 4284 4282 5870
f 4284 5871 4280
f 4192 4285 5868
f 4744 5878 5886
f 4742 5886 5885
f 4737 5885 5884
f 5590 5887 5888
f 5622 5889 5888
f 5887 5558 5890
f 5891 5892 5893
f 5893 5892 5894
f 5622 5895 5896
f 5622 5888 5895
f 5896 5895 5897
f 5897 5895 5891
f 5887 5898 5888
f 5888 5898 5899
f 5895 5888 5899
f 5895 5892 5891
f 5895 5900 5892
f 5895 5899 5900
f 5892 5900 5901
f 5593 5902 5890
f 5592 5903 5902
f 5887 5890 5904
f 5890 5902 5905
f 5902 5903 5906
f 5594 5907 5903
f 5903 5907 5908
f 5907 5600 5909
f 5887 5904 5898
f 5890 5905 5904
f 5902 5906 5905
f 5590 5888 5889
f 5590 5557 5887
f 5619 5893 5910
f 5618 5891 5893
f 4735 5884 5883
f 4733 5883 5882
f 4731 5882 5880
f 4729 5880 5879
f 4727 5879 5881
f 4724 5881 5074
f 5084 5863 5085
f 5377 5911 5912
f 5382 5446 5913
f 5447 5449 5914
f 5446 5448 5913
f 5447 5913 5448
f 5377 5445 5915
f 4773 4775 5077
f 5382 5915 5445
f 5434 5656 5916
f 5656 5662 5917
f 5662 5659 5918
f 5658 5918 5659
f 5658 5678 5918
f 5347 5348 5653
f 5669 5653 5919
f 5618 5893 5619
f 5621 5590 5889
f 5621 5889 5622
f 5618 5896 5897
f 5618 5622 5896
f 5618 5897 5891
f 5449 5434 5916
f 5903 5908 5906
f 4771 4773 5078
f 4767 4769 5080
f 5920 5921 5922
f 5921 5923 5924
f 5923 5925 5926
f 5927 5928 5929
f 5927 5930 5928
f 5931 5932 5930
f 5925 5933 5934
f 5933 5927 5935
f 5927 5931 5930
f 5936 5932 5931
f 5920 5937 5921
f 5921 5938 5923
f 5923 5939 5925
f 5925 5940 5933
f 5931 5941 5942
f 5936 5931 5943
f 5931 5942 5943
f 5933 5944 5927
f 5927 5945 5931
f 5946 5947 5948
f 5936 5949 5932
f 5931 5945 5941
f 5927 5944 5945
f 5950 5951 5655
f 5952 5953 5951
f 5954 5955 5953
f 5956 5957 5958
f 5927 5929 5935
f 5956 5667 5957
f 5933 5935 5934
f 5923 5926 5959
f 4285 4191 4190
f 4282 4193 4192
f 4192 4194 4285
f 4185 4190 4186
f 4185 4140 4139
f 4139 4141 1
f 4739 4950 4740
f 5412 5960 5961
f 5412 5962 5947
f 5412 5961 5962
f 5412 5668 5960
f 5920 5961 5956
f 5961 5960 5956
f 5920 5956 5937
f 5921 5937 5938
f 5923 5938 5939
f 5925 5939 5940
f 5933 5940 5944
f 5668 5667 5956
f 5668 5956 5960
f 5947 5962 5920
f 5962 5961 5920
f 5947 5920 5948
f 5920 5922 5948
f 5921 5924 5922
f 5923 5963 5924
f 5923 5959 5963
f 5925 5934 5926
f 5533 5958 5957
f 5535 5964 5958
f 5559 5965 5964
f 5966 5967 5968
f 5968 5967 5969
f 5968 5969 5970
f 5565 5953 5566
f 5566 5955 5568
f 5568 5971 5570
f 5570 5971 5572
f 5572 5972 5575
f 5575 5972 5973
f 5579 5973 5968
f 5575 5973 5579
f 5579 5968 5970
f 5579 5970 5681
f 5529 5533 5957
f 5529 5957 5588
f 5587 5529 5588
f 5533 5535 5958
f 5535 5559 5964
f 5559 5522 5965
f 5522 5524 5974
f 5524 5526 5975
f 5976 5526 5977
f 5977 5526 5528
f 4739 4763 5083
f 4763 4765 5082
f 4739 5862 4950
f 4765 4767 5081
f 5978 5968 5973
f 5979 5973 5972
f 5980 5972 5971
f 5980 5971 5955
f 5667 5666 5957
f 5937 5958 5964
f 5938 5964 5965
f 5939 5965 5974
f 5666 5588 5957
f 5522 5974 5965
f 5524 5975 5974
f 5981 5976 5982
f 5981 5983 5976
f 5976 5977 5982
f 5975 5526 5976
f 5956 5958 5937
f 5937 5964 5938
f 4769 4771 5079
f 5938 5965 5939
f 5975 5944 5940
f 5976 5983 5945
f 5976 5945 5944
f 5945 5983 5984
f 5941 5945 5984
f 5974 5975 5940
f 5975 5976 5944
f 5565 5676 5951
f 5655 5951 5676
f 5565 5951 5953
f 5566 5953 5955
f 5568 5955 5971
f 5572 5971 5972
f 5939 5974 5940
f 4284 4283 4282
f 5904 5985 5898
f 5899 5898 5985
f 5986 5987 5988
f 5988 5989 4238
f 5990 5991 5992
f 5862 4963 5860
f 5993 5994 5995
f 5912 5911 5993
f 5995 5996 5997
f 5966 5998 5999
f 6000 5999 5998
f 5966 6001 5967
f 5997 6002 6003
f 6003 6002 6004
f 6004 6002 6005
f 6005 6006 6007
f 6007 6006 6008
f 6008 6009 6010
f 6010 6009 6011
f 6011 6012 6013
f 6013 6012 6014
f 6014 6015 6016
f 6016 6015 6017
f 6017 6018 6019
f 6019 6018 6020
f 6020 6021 6022
f 6022 6023 6024
f 6024 6025 6026
f 6027 6028 6029
f 6030 6031 5986
f 6027 6026 6025
f 6032 6033 6030
f 6034 5992 6035
f 5985 6036 6037
f 6036 6038 6039
f 6038 6040 6041
f 6040 6042 6041
f 6042 6043 6044
f 6043 6045 6046
f 6045 6047 6046
f 6047 6048 6049
f 6048 6050 6051
f 6050 6052 6053
f 6052 6054 6053
f 6054 6055 6056
f 6055 6057 6058
f 6059 6060 6061
f 6062 6059 6063
f 6057 6062 6064
f 6065 6066 6061
f 6060 6065 6061
f 6067 6068 6066
f 5949 6069 6070
f 4950 4289 4291
f 6071 6072 6073
f 6074 6070 6075
f 6074 6076 6072
f 6077 6071 6073
f 6078 6077 6079
f 6078 6080 5990
f 6032 6034 6033
f 6081 6082 6083
f 6084 6085 6082
f 6029 6086 6084
f 4790 4618 4637
f 4637 4618 4640
f 4790 4621 4618
f 4618 4623 4640
f 4640 4623 4642
f 4642 4625 4583
f 4583 4625 4431
f 4608 2964 2955
f 4610 2955 2963
f 4608 2955 4610
f 4648 2957 4605
f 5349 4648 4621
f 4605 2964 4608
f 4610 2963 2966
f 4610 2966 4649
f 4649 2966 4634
f 4642 4623 4625
f 4431 4625 4432
f 6087 2960 2957
f 6087 5349 4782
f 5349 4790 4784
f 4790 4637 4639
f 4637 4640 4638
f 4640 4642 4641
f 4642 4583 4587
f 6087 4781 2960
f 6087 4782 4781
f 6087 2957 4648
f 5349 4621 4790
f 6087 4648 5349
f 4605 2957 2964
f 6081 6088 6089
f 6090 6089 6088
f 6000 6091 6092
f 6090 6088 6091
f 5941 5984 6093
f 5981 5982 6094
f 5981 6095 5983
f 5984 5983 6093
f 5936 5943 6096
f 5941 6093 5942
f 5943 5942 6097
f 5936 6096 5949
f 5967 6098 5969
f 6099 5985 6100
f 5969 6098 5970
f 5681 6098 5580
f 5982 5977 6094
f 5977 5528 6101
f 3 2 4711
f 5749 4711 4709
f 5691 4697 4695
f 5690 4695 4581
f 5711 4705 4703
f 5695 4703 4699
f 5713 4709 4707
f 5712 4707 4705
f 5693 4699 4701
f 5692 4701 4697
f 5681 5970 6098
f 5904 5905 5985
f 6102 6099 6103
f 6104 6102 6105
f 6106 6040 6038
f 6107 6040 6106
f 6107 6042 6040
f 6108 6109 6107
f 6107 6110 6043
f 5599 5607 6111
f 5609 5682 6112
f 5609 6113 5607
f 5609 6112 6113
f 6111 5607 6109
f 5607 6113 6109
f 6113 6112 6114
f 6112 6115 6116
f 5613 5857 5682
f 6117 6118 5857
f 6117 5624 6118
f 6118 6119 5857
f 5624 6120 6118
f 6118 6120 6121
f 6118 6121 6119
f 6120 6122 6121
f 6112 5682 6123
f 5682 5857 6123
f 5857 6119 6123
f 6112 6123 6115
f 6123 6119 6115
f 6115 6119 6124
f 6036 6106 6038
f 6108 6111 6109
f 6125 6106 5985
f 5901 5985 6099
f 5900 5899 5985
f 5905 5906 5985
f 5906 5908 5985
f 5908 6126 5985
f 6126 6125 5985
f 5907 5909 6126
f 5907 6126 5908
f 5909 6111 6108
f 6125 5909 6108
f 6126 5909 6125
f 6125 6108 6106
f 6108 6107 6106
f 5593 5558 5554
f 5593 5890 5558
f 5887 5556 5558
f 5887 5557 5556
f 5593 5592 5902
f 5592 5594 5903
f 5594 5600 5907
f 5599 6111 5600
f 5909 5600 6111
f 5893 5894 5910
f 5892 6104 5894
f 5892 5901 6104
f 6104 5901 6102
f 5901 6099 6102
f 5900 5985 5901
f 5985 6106 6036
f 6113 6110 6109
f 6113 6114 6110
f 6107 6109 6110
f 6121 6127 6128
f 6128 6127 6129
f 6128 6129 6130
f 6128 6130 6131
f 6128 6131 6132
f 6128 6132 6065
f 6132 6066 6065
f 6128 6065 6060
f 5576 6067 6066
f 5669 6133 5654
f 5654 6133 5636
f 5636 6133 5637
f 5637 6133 5640
f 5640 6134 5649
f 5649 1143 1626
f 5620 6135 5680
f 5678 5679 6136
f 5679 5680 6137
f 5580 6138 5577
f 5620 5619 6135
f 5578 6139 6067
f 5577 6139 5578
f 5527 6140 5528
f 5537 1521 6141
f 5537 6141 5527
f 5619 5910 6142
f 5910 5894 6143
f 6121 5625 6127
f 6121 6122 5625
f 5576 6066 6132
f 5574 6132 6131
f 6110 6114 6047
f 6112 6116 6114
f 6114 6116 6050
f 6116 6052 6050
f 6116 6054 6052
f 6115 6124 6116
f 6119 6144 6124
f 6116 6124 6145
f 6124 6144 6145
f 6121 6144 6119
f 6121 6128 6144
f 6116 6145 6054
f 6145 6144 6057
f 6104 6143 5894
f 6128 6059 6144
f 6110 6045 6043
f 6110 6047 6045
f 6114 6048 6047
f 6114 6050 6048
f 6145 6055 6054
f 6145 6057 6055
f 6144 6059 6062
f 6128 6060 6059
f 6144 6062 6057
f 5574 6127 5625
f 5574 6129 6127
f 5574 6130 6129
f 5574 6131 6130
f 6107 6043 6042
f 5612 5858 5610
f 4284 4280 4281
f 4277 4278 4279
f 6146 6147 6148
f 6146 6149 6147
f 6150 6151 6147
f 6151 6152 6153
f 6153 6154 6155
f 6155 6156 6157
f 6147 6151 6158
f 6151 6153 6159
f 6153 6155 6160
f 6155 6157 6161
f 6157 6162 6163
f 6157 6164 6162
f 6162 6165 6166
f 6166 5992 6034
f 6166 6034 6032
f 6162 6166 6167
f 6166 6032 6030
f 6147 6158 6148
f 6148 6158 4206
f 6151 6159 6158
f 6153 6160 6159
f 6155 6161 6160
f 6157 6163 6161
f 6162 6167 6163
f 4206 6158 4751
f 6158 6159 4751
f 4206 4751 4207
f 6153 6152 6154
f 6159 4752 4751
f 6168 6147 6149
f 6168 6150 6147
f 6169 6170 6171
f 6172 6171 6173
f 6174 6175 6170
f 6176 6177 6175
f 6178 6179 6177
f 6179 6180 6181
f 6181 6182 6183
f 6183 6071 6077
f 6175 6177 6152
f 6177 6154 6152
f 6179 6156 6154
f 6181 6164 6156
f 6183 6165 6164
f 6078 5990 6165
f 6177 6179 6154
f 6179 6181 6156
f 6181 6183 6164
f 6183 6077 6078
f 6183 6078 6165
f 5935 6178 6184
f 5929 6180 6178
f 5930 6182 6180
f 6074 6182 6070
f 6074 6072 6182
f 6071 6182 6072
f 6185 6186 6168
f 6185 6168 6149
f 6150 6152 6151
f 6159 6160 4752
f 6160 6161 4753
f 6161 6163 4754
f 5358 5386 5359
f 5386 6187 6188
f 5386 6188 5359
f 5360 5359 5364
f 5359 5366 5365
f 5359 5365 5364
f 5359 6188 6189
f 5359 6189 5366
f 6189 6190 5366
f 5428 5366 6190
f 6191 6192 6193
f 6191 6194 6195
f 6193 6196 6197
f 6197 6198 6199
f 6199 6200 6201
f 6187 6201 6202
f 6187 6203 6188
f 6188 6204 6189
f 6189 6205 6190
f 6190 6206 6207
f 5369 6208 6194
f 5368 5375 5369
f 6209 6208 5369
f 5375 6209 5369
f 5375 6210 6209
f 5375 6211 6210
f 5375 5378 6211
f 5386 6201 6187
f 5416 6201 5386
f 5354 5416 5386
f 5417 6193 5416
f 6163 6167 4755
f 6167 6212 4430
f 6160 4753 4752
f 6161 4754 4753
f 6163 4755 4754
f 6167 4430 4755
f 6212 4237 4430
f 6166 6212 6167
f 6166 6030 6212
f 6030 5986 6212
f 6212 5986 4237
f 5986 5988 4237
f 5988 4238 4237
f 6150 6175 6152
f 6155 6154 6156
f 6162 6164 6165
f 6165 5990 5992
f 6166 6165 5992
f 5413 6213 5414
f 5414 6213 4289
f 5367 5369 5417
f 5417 5369 6194
f 5417 6194 6191
f 5353 5417 5416
f 6193 6197 5416
f 6197 6199 5416
f 6199 6201 5416
f 5417 6191 6193
f 6157 6156 6164
f 5378 6214 6211
f 6168 6170 6150
f 6168 6186 6171
f 5463 5499 6213
f 5475 5498 6213
f 5475 6213 5499
f 5495 5492 6213
f 5492 5493 6213
f 5493 5494 6213
f 5466 6213 5502
f 5500 6213 5466
f 5471 6213 5501
f 5502 6213 5471
f 5468 6213 5484
f 5501 6213 5468
f 5484 6213 5472
f 5456 6213 5453
f 5472 6213 5456
f 5494 5477 6213
f 5477 4760 4290
f 5473 6213 5413
f 4747 5388 5409
f 4747 5409 6215
f 5412 5947 5946
f 5412 5946 5409
f 4747 6173 6186
f 4747 6186 6185
f 4747 6172 6173
f 4747 6149 6146
f 4747 6185 6149
f 5463 6213 5500
f 4747 6215 6216
f 5504 6213 5503
f 5497 6213 5498
f 5626 5857 5610
f 5626 6117 5857
f 5616 5623 5553
f 5617 5602 5623
f 5567 5604 5603
f 5567 5606 5604
f 5567 5611 5606
f 5569 5612 5611
f 5569 5858 5612
f 5569 5626 5858
f 5571 6117 5626
f 5571 5624 6117
f 5573 6120 5624
f 5573 5625 6122
f 5573 6122 6120
f 5617 5562 5561
f 5578 6067 5576
f 5574 5576 6132
f 5453 6213 5454
f 5454 6213 5458
f 5458 6213 5459
f 5461 5459 6213
f 5461 6213 5462
f 5462 6213 5473
f 5504 5505 6213
f 5505 5496 6213
f 5496 5495 6213
f 5503 6213 5497
f 4747 6216 6172
f 5922 6169 6215
f 5922 6174 6169
f 4724 4726 4727
f 4727 4728 4729
f 4729 4730 4731
f 4731 4732 4733
f 4737 4738 4742
f 4733 4734 4735
f 4735 4736 4737
f 6213 4290 4289
f 4742 4743 4744
f 4744 4745 4746
f 5518 5519 4749
f 5519 4747 4749
f 4747 4206 4208
f 4747 6146 6148
f 4747 6148 4206
f 6169 6174 6170
f 6169 6172 6216
f 6169 6171 6172
f 6174 6176 6175
f 6176 6184 6177
f 6184 6178 6177
f 6178 6180 6179
f 6181 6180 6182
f 6183 6182 6071
f 6169 6216 6215
f 6173 6171 6186
f 6168 6171 6170
f 4779 4725 4724
f 4760 4294 4290
f 4756 5518 4749
f 4758 4756 4757
f 5963 6176 6174
f 5409 5946 5948
f 5409 5948 5922
f 5409 5922 6215
f 5926 6184 6176
f 5922 5924 6174
f 5924 5963 6174
f 5963 5959 6176
f 5959 5926 6176
f 5926 5934 6184
f 5934 5935 6184
f 5935 5929 6178
f 5929 5928 6180
f 6150 6170 6175
f 5928 5930 6180
f 5932 5949 6070
f 5932 6070 6182
f 4739 4741 4763
f 4763 4764 4765
f 4765 4766 4767
f 4767 4768 4769
f 4769 4770 4771
f 4771 4772 4773
f 4773 4774 4775
f 4775 4776 4777
f 4777 4778 4779
f 6213 5477 4290
f 4760 4758 4759
f 5932 6182 5930
f 4269 4271 4280
f 5378 5993 6214
f 5378 5912 5993
f 6217 6008 6010
f 6217 6010 6011
f 6217 6011 6218
f 6011 6013 6218
f 6218 6013 6014
f 6218 6014 6219
f 6014 6016 6219
f 6219 6016 6017
f 6219 6019 6220
f 6221 6220 6019
f 6219 6017 6019
f 6222 6223 6224
f 6224 6223 6225
f 6226 6227 6223
f 6227 6228 6223
f 6227 6229 6228
f 6230 6231 6232
f 6226 6232 6231
f 6233 6230 6232
f 6230 6234 6231
f 6231 6234 6235
f 6234 6236 6235
f 6226 6231 6227
f 6227 6231 6235
f 6227 6235 6229
f 6229 6235 6237
f 6230 6238 6234
f 6239 6007 6008
f 6238 6240 6234
f 6239 6005 6007
f 6241 6003 6004
f 6242 6243 6244
f 6244 6243 6245
f 6246 6247 6248
f 6248 6233 6232
f 6246 6245 6247
f 6248 6247 6233
f 6242 6249 6250
f 6242 6250 6243
f 6245 6243 6221
f 6249 6218 6250
f 6243 6250 6220
f 6243 6220 6221
f 6250 6218 6219
f 6250 6219 6220
f 6245 6251 6247
f 6245 6221 6251
f 6247 6251 6252
f 6233 6247 6252
f 6233 6253 6230
f 6233 6252 6253
f 6230 6253 6238
f 6221 6019 6251
f 6252 6019 6253
f 6251 6019 6252
f 6253 6019 6238
f 6238 6019 6240
f 6254 5997 6003
f 6241 6004 6005
f 6240 6236 6234
f 6240 6255 6236
f 6240 6019 6255
f 6256 6081 6089
f 6257 6029 6084
f 6258 6259 6260
f 6207 6260 6259
f 6222 6261 6262
f 6225 6263 6261
f 6264 6265 6263
f 6266 6089 6090
f 6266 6090 6091
f 6265 6267 5978
f 6267 6266 6268
f 6269 6267 6265
f 6270 6266 6267
f 6256 6089 6266
f 6266 6000 6268
f 5980 5979 5972
f 5979 5978 5973
f 5978 6268 5968
f 6268 5966 5968
f 6268 5998 5966
f 6267 6268 5978
f 6000 5998 6268
f 6266 6091 6000
f 4279 4270 4269
f 4272 4746 4273
f 4272 4274 4275
f 4275 4276 4277
f 6271 6084 6082
f 6271 6082 6081
f 6271 6081 6256
f 6024 6026 6272
f 6236 6255 6273
f 6273 6255 6274
f 6273 6274 6272
f 6235 6236 6237
f 6236 6273 6237
f 6273 6272 6257
f 6237 6257 6271
f 6273 6257 6237
f 6223 6228 6225
f 6229 6269 6264
f 6229 6264 6228
f 6229 6275 6269
f 6229 6276 6275
f 6244 6245 6246
f 6229 6271 6276
f 6270 6271 6256
f 6229 6237 6271
f 6257 6084 6271
f 6019 6274 6255
f 6019 6277 6274
f 6019 6020 6277
f 6020 6022 6277
f 6274 6277 6272
f 6277 6024 6272
f 6277 6022 6024
f 6257 6272 6027
f 6272 6026 6027
f 6257 6027 6029
f 6270 6276 6271
f 5374 5378 5375
f 6278 6242 6244
f 6249 6217 6218
f 5954 6263 5980
f 5980 6263 5979
f 5979 6265 5978
f 6191 6195 6192
f 6197 6196 6198
f 6199 6198 6200
f 6193 6192 6196
f 6201 6200 6202
f 6187 6202 6203
f 6188 6203 6204
f 6189 6204 6205
f 6190 6205 6206
f 6206 6279 6207
f 6279 6280 6260
f 6280 6281 6260
f 6192 6195 6282
f 6192 6282 6283
f 6283 6282 6284
f 6196 6283 6198
f 6198 6285 6200
f 6283 6285 6198
f 6196 6192 6283
f 6283 6284 6278
f 6283 6278 6285
f 6285 6278 6286
f 6200 6285 6202
f 6285 6287 6202
f 5954 5980 5955
f 6203 6202 6287
f 5952 5954 5953
f 6288 6289 6290
f 5377 5912 5378
f 6214 5993 5995
f 5428 6190 6207
f 6210 6291 6209
f 6208 6292 6194
f 6209 6293 6208
f 6210 6211 6294
f 6211 6214 6254
f 6214 5995 5997
f 5428 6207 6259
f 5428 5950 5436
f 5437 5436 5950
f 5428 6290 5950
f 5428 6288 6290
f 5437 5950 5655
f 5950 6289 5951
f 5428 6259 6258
f 5428 6258 6288
f 6288 6258 6260
f 6288 6260 6289
f 6289 6260 6262
f 5952 6262 6261
f 6289 6262 5952
f 5952 6261 5954
f 5954 6261 6263
f 5979 6263 6265
f 5950 6290 6289
f 6289 5952 5951
f 6203 6287 6204
f 6285 6286 6287
f 6286 6295 6287
f 6222 6224 6261
f 6224 6225 6261
f 6225 6228 6263
f 6228 6264 6263
f 6269 6265 6264
f 6269 6275 6267
f 6275 6276 6267
f 6270 6267 6276
f 6270 6256 6266
f 6296 6282 6292
f 6195 6292 6282
f 6282 6297 6284
f 6293 6296 6292
f 6293 6291 6296
f 6296 6297 6282
f 6284 6297 6249
f 6284 6249 6242
f 6291 6241 6296
f 6291 6294 6241
f 6254 6241 6294
f 6254 6003 6241
f 6241 6005 6239
f 6296 6239 6297
f 6296 6241 6239
f 6297 6239 6217
f 6297 6217 6249
f 6239 6008 6217
f 6298 6222 6262
f 6281 6298 6262
f 6281 6262 6260
f 6279 6260 6207
f 6287 6295 6299
f 6278 6244 6286
f 6286 6244 6246
f 6286 6246 6295
f 6295 6248 6300
f 6295 6246 6248
f 6204 6299 6205
f 6204 6287 6299
f 6205 6279 6206
f 6205 6299 6279
f 6299 6280 6279
f 6295 6300 6299
f 6299 6300 6301
f 6278 6284 6242
f 6300 6226 6301
f 6280 6301 6281
f 6281 6301 6298
f 6298 6301 6222
f 6301 6223 6222
f 6226 6223 6301
f 6300 6248 6232
f 6300 6232 6226
f 6194 6292 6195
f 6208 6293 6292
f 6209 6291 6293
f 6210 6294 6291
f 6211 6254 6294
f 6214 5997 6254
f 6299 6301 6280
f 2962 2969 2968
f 5377 6302 5911
f 5382 6303 6304
f 6305 6306 6307
f 6308 6309 6310
f 6308 6311 6309
f 6310 6309 6312
f 6313 6310 6314
f 6313 6314 6305
f 6310 6312 6315
f 6310 6315 6314
f 6305 6314 6316
f 6305 6317 6306
f 6305 6318 6317
f 6305 6316 6318
f 6318 6319 6317
f 6311 6320 6309
f 6321 6322 6323
f 6322 6324 6325
f 6324 6326 6327
f 6328 6329 6326
f 6330 6331 6332
f 6328 6330 6332
f 6331 6333 6334
f 6335 6336 6337
f 6337 6338 6339
f 6339 6340 6341
f 6341 6340 6342
f 6342 6340 6320
f 6343 6307 6306
f 6344 6305 6307
f 6343 6306 6317
f 6344 6307 6345
f 6346 6342 6320
f 6347 6348 6308
f 6349 6308 6310
f 6348 6350 6351
f 6350 6352 6351
f 6349 6313 6353
f 6344 6353 6305
f 6349 6310 6313
f 4836 6354 6355
f 6355 6354 6356
f 6355 6356 6357
f 6357 6346 6352
f 6357 6356 6346
f 6348 6351 6308
f 6352 6311 6351
f 6351 6311 6308
f 6352 6346 6311
f 6346 6320 6311
f 6358 4837 6354
f 4837 6335 6354
f 6354 6335 6356
f 4837 4838 6335
f 6356 6335 6337
f 6356 6337 6339
f 4838 4840 6335
f 6356 6339 6346
f 6346 6339 6341
f 6346 6341 6342
f 6353 6313 6305
f 6318 6359 6319
f 6360 6361 6362
f 6360 6363 6361
f 6364 6365 6366
f 6365 6323 6366
f 4844 6366 6367
f 6366 6325 6368
f 6323 6325 6366
f 6366 6368 6369
f 6366 6369 6367
f 6367 6370 6371
f 6367 6369 6372
f 6367 6372 6370
f 6370 6373 6371
f 6368 6325 6327
f 6374 6369 6368
f 6374 6368 6327
f 6374 6375 6369
f 6375 6372 6369
f 6376 6370 6372
f 6375 6376 6372
f 6376 6377 6370
f 6374 6332 6378
f 6374 6378 6375
f 6374 6327 6329
f 6374 6329 6332
f 6375 6379 6376
f 6380 6381 6377
f 6376 6382 6377
f 6370 6377 6373
f 6331 6334 6332
f 6328 6332 6329
f 6326 6329 6327
f 6322 6325 6323
f 6360 6383 6363
f 6384 6385 6383
f 6362 6361 6386
f 6335 4840 6336
f 6337 6336 6338
f 4840 4841 6336
f 6320 6387 6309
f 6309 6387 6312
f 6315 6388 6314
f 6312 6389 6315
f 6314 6388 6316
f 6318 6316 6390
f 6339 6338 6340
f 6347 6308 6349
f 6312 6387 6389
f 6320 6340 6387
f 4841 6391 6336
f 6391 4824 6336
f 6336 6392 6338
f 6338 6393 6340
f 6321 6365 6364
f 6364 6366 4842
f 4842 6366 4843
f 4843 6366 4844
f 4844 6367 6394
f 6394 6367 6395
f 6324 6327 6325
f 6321 6323 6365
f 6315 6389 6388
f 6332 6334 6378
f 6396 6348 6347
f 6397 6348 6396
f 6398 6399 6400
f 6400 6401 6402
f 6398 6403 6399
f 6400 6399 6401
f 6404 6405 6406
f 6406 6405 6407
f 6408 6409 6405
f 6408 6410 6411
f 6408 6411 6412
f 6407 6405 6409
f 6408 6412 6409
f 6407 6409 6413
f 6411 6414 6412
f 6411 6410 6415
f 6409 6412 6416
f 6411 6415 6414
f 6409 6417 6413
f 6409 6416 6417
f 6412 6418 6416
f 6412 6414 6418
f 6419 6408 6405
f 6420 6410 6408
f 6420 6421 6410
f 6422 6423 6421
f 6421 6424 6410
f 6421 6423 6424
f 6402 6425 6423
f 6426 6427 6403
f 6402 6401 6425
f 6398 6426 6403
f 6428 6400 6402
f 6429 6430 6431
f 6432 6428 6433
f 6434 6435 6432
f 6436 6432 6433
f 6432 6435 6437
f 6420 6433 6422
f 6432 6437 6428
f 6435 6431 6437
f 6433 6428 6422
f 6420 6422 6421
f 6422 6428 6402
f 6438 6439 6440
f 6439 6441 6440
f 6438 6442 6430
f 6430 6426 6431
f 6438 6440 6442
f 6430 6442 6426
f 4830 6443 6441
f 6441 6443 6440
f 6440 6444 6442
f 6442 6427 6426
f 6440 6443 6444
f 6442 6444 6427
f 6437 6431 6398
f 6437 6398 6400
f 6431 6426 6398
f 6437 6400 6428
f 6422 6402 6423
f 6415 6410 6424
f 6423 6425 6424
f 4830 4831 6443
f 6416 6344 6445
f 6418 6353 6344
f 6445 6344 6446
f 6344 6345 6446
f 6447 6446 6345
f 6447 6345 6307
f 6401 6448 6425
f 6401 6449 6448
f 6401 6450 6449
f 6425 6448 6424
f 6450 6397 6449
f 6450 6451 6397
f 6449 6396 6448
f 6449 6397 6396
f 6415 6424 6347
f 6415 6349 6414
f 6424 6448 6347
f 6448 6396 6347
f 6415 6347 6349
f 6414 6349 6353
f 6452 6453 6451
f 6451 6350 6397
f 6451 6453 6350
f 6454 6357 6453
f 6454 6355 6357
f 6453 6352 6350
f 6453 6357 6352
f 6416 6418 6344
f 6416 6445 6417
f 6414 6353 6418
f 6455 6358 6354
f 4831 6456 6443
f 6443 6457 6444
f 6443 6456 6457
f 6444 6457 6458
f 6456 6459 6457
f 6460 6457 6459
f 6460 6461 6457
f 6427 6462 6403
f 6444 6458 6427
f 6427 6458 6462
f 6403 6450 6399
f 6399 6450 6401
f 6403 6462 6450
f 6397 6350 6348
f 6457 6452 6458
f 6458 6452 6462
f 6462 6452 6450
f 6450 6452 6451
f 6461 4832 6452
f 4832 4833 6452
f 6452 4833 6454
f 6452 6454 6453
f 4833 4834 6454
f 6454 4834 4835
f 6454 4835 6355
f 4835 4836 6355
f 4836 6358 6455
f 4836 6455 6354
f 6457 6461 6452
f 6429 6431 6435
f 6375 6378 6379
f 6382 6380 6377
f 6463 6464 6465
f 6466 6467 6468
f 6469 6470 6471
f 6470 6472 6473
f 6474 6468 6475
f 6475 6468 4806
f 6468 6467 3705
f 6476 6477 6478
f 6479 6478 6464
f 6469 6471 6477
f 6470 6473 6471
f 6473 6480 6471
f 6471 6480 6477
f 6478 3863 6464
f 6481 6465 3894
f 6467 6481 3725
f 6465 6464 3809
f 6473 6482 6480
f 6478 6477 3812
f 6477 6480 3711
f 6468 3705 4806
f 4806 3705 4997
f 6467 3725 3705
f 6481 3894 3725
f 6465 3809 3894
f 6464 3863 3809
f 6477 3711 3812
f 6483 6465 6481
f 6478 3812 3863
f 6484 6481 6467
f 6485 6468 6474
f 4987 6486 6487
f 6488 6489 6490
f 6491 6492 6488
f 6490 6489 6469
f 6489 6470 6469
f 6493 6494 6495
f 6495 6496 6497
f 6497 6496 6498
f 6491 6498 6499
f 6500 6487 6501
f 6493 6501 6494
f 6495 6494 6496
f 6498 6496 6499
f 6488 6472 6489
f 6488 6492 6472
f 6491 6499 6492
f 6489 6472 6470
f 6502 6485 4794
f 4794 6485 4797
f 4797 6485 6474
f 6476 6503 6469
f 6463 6465 6483
f 6479 6476 6478
f 6479 6464 6463
f 6476 6469 6477
f 6466 6468 6485
f 6466 6484 6467
f 6484 6483 6481
f 6480 6482 3711
f 4997 3705 6504
f 6505 6506 6507
f 6508 6509 6510
f 6511 4881 6512
f 6512 4881 4874
f 6513 6514 6515
f 6512 6516 6513
f 6512 4874 6517
f 6518 6519 6520
f 6519 6521 6520
f 6522 6520 6523
f 6523 6520 6524
f 6520 6525 6524
f 6520 6526 6525
f 6520 6527 6526
f 6528 6524 6529
f 6530 6531 6532
f 6530 6532 6533
f 6532 6531 6534
f 6529 6531 6530
f 6524 6535 6529
f 6524 6525 6535
f 6529 6536 6531
f 6529 6535 6536
f 6534 6531 6536
f 6525 6526 6535
f 6535 6537 6536
f 6535 6526 6527
f 6520 6521 6527
f 6538 6539 6519
f 6540 6510 6539
f 6507 6515 6509
f 6541 6513 6515
f 6506 6542 6543
f 6506 6543 6541
f 6543 6544 6541
f 6506 6541 6545
f 6506 6545 6507
f 6546 6547 6520
f 6547 6548 6520
f 6548 6549 6520
f 6549 6550 6520
f 6550 6518 6520
f 6506 4886 6511
f 6506 6512 6542
f 6542 6512 6543
f 6500 6501 6493
f 6543 6513 6544
f 6506 6511 6512
f 6543 6512 6513
f 6518 6551 6519
f 6507 6509 6552
f 6552 6509 6508
f 6541 6515 6545
f 6545 6515 6507
f 6540 6539 6553
f 6508 6510 6554
f 6554 6510 6540
f 6551 6555 6519
f 6538 6519 6555
f 6538 6553 6539
f 6544 6513 6541
f 6376 6379 6382
f 4987 6487 6500
f 4805 4987 6500
f 6340 6556 6387
f 6387 6556 6389
f 6390 6557 6558
f 6389 6559 6388
f 6359 6558 6560
f 6561 6359 6560
f 6558 6562 6560
f 6388 6563 6390
f 6558 6557 6562
f 6338 6392 6393
f 6340 6393 6556
f 6389 6556 6559
f 6388 6559 6563
f 6390 6564 6557
f 6390 6563 6564
f 6557 6564 6565
f 4800 4802 6566
f 6566 6493 6392
f 6392 6495 6393
f 6564 6567 6565
f 6556 6393 6497
f 6386 6361 4845
f 4845 6361 4823
f 6361 4792 4823
f 6361 6363 6568
f 6383 6569 6363
f 6383 6385 6570
f 6359 6390 6558
f 6385 6571 6570
f 6316 6388 6390
f 6561 6560 6572
f 6336 4824 6566
f 6336 6566 6392
f 4824 4800 6566
f 6447 6307 6343
f 6343 6317 6319
f 6343 6319 6561
f 6319 6359 6561
f 6573 6574 6575
f 6574 6343 6572
f 6573 6576 6577
f 6578 6577 6579
f 6574 6572 6580
f 6574 6580 6575
f 6581 6582 6583
f 6581 6584 6582
f 6581 6585 6584
f 6578 6586 6585
f 6578 6579 6587
f 6578 6587 6586
f 6577 6576 6588
f 6577 6588 6579
f 6384 6571 6385
f 6384 6583 6589
f 6384 6589 6571
f 6573 6575 6590
f 6573 6590 6576
f 6343 6561 6572
f 6318 6390 6359
f 6589 6591 6571
f 6589 6583 6591
f 6583 6582 6591
f 6592 6483 6593
f 6594 6557 6565
f 6559 6498 6563
f 6563 6491 6564
f 6556 6497 6559
f 6563 6498 6491
f 6594 6565 6595
f 6564 6488 6567
f 6564 6491 6488
f 6565 6567 6595
f 6570 6466 6485
f 6593 6483 6484
f 6592 6463 6483
f 6596 6479 6463
f 6591 6484 6466
f 6597 6476 6479
f 6594 6595 6476
f 6567 6490 6503
f 6567 6503 6595
f 6595 6503 6476
f 6490 6469 6503
f 6566 4802 6500
f 6566 6500 6493
f 6392 6493 6495
f 6393 6495 6497
f 6559 6497 6498
f 4802 4805 6500
f 6591 6593 6484
f 6597 6594 6476
f 6592 6596 6463
f 6597 6479 6596
f 6585 6593 6584
f 6584 6593 6582
f 6587 6593 6586
f 6585 6586 6593
f 6580 6572 6562
f 6575 6580 6597
f 6575 6596 6590
f 6576 6592 6588
f 6579 6588 6592
f 6590 6596 6576
f 6572 6560 6562
f 6579 6592 6587
f 6361 6568 4792
f 6567 6488 6490
f 6363 6569 6568
f 4792 6568 4793
f 6571 6591 6570
f 6582 6593 6591
f 6587 6592 6593
f 6576 6596 6592
f 6580 6562 6597
f 6575 6597 6596
f 6562 6557 6594
f 6562 6594 6597
f 6568 6569 6502
f 6569 6570 6485
f 6570 6591 6466
f 6569 6485 6502
f 6383 6570 6569
f 6521 6598 6527
f 6599 6430 6429
f 6600 6439 6438
f 6601 6602 6603
f 6601 6603 6404
f 6601 6404 6406
f 4954 6604 4955
f 6605 6413 6606
f 6607 6608 6609
f 6610 6611 6612
f 6613 6612 6604
f 6614 6615 6611
f 6612 6611 6616
f 6611 6615 6617
f 6607 6609 6618
f 6619 6618 6620
f 6621 6620 6615
f 6608 6622 6609
f 6609 6623 6618
f 6615 6620 6624
f 6620 6618 6625
f 6606 6413 6626
f 6626 6413 6627
f 6615 6624 6617
f 6609 6622 6628
f 6609 6628 6623
f 6622 6629 6628
f 6618 6623 6625
f 6620 6625 6624
f 4955 6604 6630
f 6601 6407 6413
f 6604 6631 6630
f 6601 6406 6407
f 6601 6632 6602
f 6633 6634 4952
f 4952 6634 4953
f 4953 6634 4954
f 6634 6613 6604
f 6634 6604 4954
f 6606 6626 6635
f 6635 6619 6636
f 6635 6626 6607
f 6635 6607 6619
f 6637 6638 6610
f 6639 6614 6638
f 6640 6637 6613
f 6639 6621 6614
f 6638 6614 6610
f 6634 6640 6613
f 6637 6610 6613
f 6636 6621 6639
f 6636 6619 6621
f 6626 6627 6607
f 6627 6608 6607
f 6614 6621 6615
f 6610 6612 6613
f 6610 6614 6611
f 6607 6618 6619
f 6619 6620 6621
f 6601 6641 6642
f 6601 6642 6632
f 6601 6643 6641
f 6630 6631 4956
f 4956 6631 4957
f 6604 6612 6631
f 6644 4960 4959
f 6644 6645 6360
f 6646 6647 6581
f 6645 6646 6384
f 6644 6360 4960
f 6646 6581 6384
f 6645 6384 6360
f 6647 6578 6581
f 6647 6577 6578
f 6648 6446 6447
f 4960 6360 4961
f 4961 6360 4962
f 4962 6360 6362
f 6360 6384 6383
f 6384 6581 6583
f 6649 6650 6574
f 6650 6648 6574
f 6649 6574 6573
f 6651 6573 6577
f 6648 6447 6574
f 6574 6447 6343
f 6581 6578 6585
f 6632 6652 6602
f 6602 6652 6653
f 6653 6652 6654
f 6641 6643 6655
f 6656 6657 6658
f 6651 6577 6647
f 6649 6573 6651
f 6659 6648 6650
f 6623 6649 6651
f 6612 6616 6631
f 6611 6617 6616
f 6627 6413 6608
f 6608 6413 6622
f 6623 6651 6625
f 6629 6660 6628
f 6628 6649 6623
f 6628 6660 6650
f 6628 6650 6649
f 6660 6659 6650
f 6622 6413 6629
f 6629 6417 6660
f 6660 6417 6659
f 6633 6640 6634
f 6659 6417 6648
f 6648 6417 6445
f 6648 6445 6446
f 4957 6631 6644
f 6616 6644 6631
f 6616 6617 6645
f 4957 6644 4958
f 6616 6645 6644
f 6617 6646 6645
f 4958 6644 4959
f 6625 6647 6624
f 6617 6624 6646
f 6624 6647 6646
f 6625 6651 6647
f 6629 6413 6417
f 6661 6657 6662
f 4951 6633 4952
f 6601 6520 6643
f 5154 5151 5155
f 4988 5155 6663
f 4988 6663 6664
f 4869 6665 4870
f 4869 5159 6665
f 6505 4884 4886
f 6505 4886 6506
f 4988 6664 4989
f 4990 4989 6666
f 5158 6667 5159
f 5158 6668 6667
f 5158 5161 6668
f 4976 5101 5161
f 4998 4997 6504
f 4998 6504 4999
f 4978 5102 5101
f 4979 6669 5102
f 4986 6486 4987
f 4990 6666 4993
f 4986 6670 6486
f 4986 4992 6670
f 4995 5002 4992
f 4996 4993 5003
f 5001 5006 5002
f 1886 4999 1945
f 5004 5003 6671
f 5004 6671 5011
f 5150 6672 5151
f 5005 6673 5006
f 5150 6674 6672
f 5148 6675 5149
f 4796 4794 4797
f 4798 4797 6474
f 4798 6474 6475
f 4798 6475 4806
f 4808 4806 4997
f 4725 4817 4822
f 4778 4818 4817
f 4776 4816 4818
f 4774 4815 4816
f 4772 4814 4815
f 4770 4813 4814
f 4768 4812 4813
f 4766 4811 4812
f 4764 4810 4811
f 4879 6511 4886
f 4879 4881 6511
f 4873 4874 4881
f 4872 6676 4874
f 4872 6677 6676
f 4872 4870 6677
f 4350 6394 6395
f 4350 6395 4981
f 4982 4981 5123
f 4983 5123 6678
f 4983 6678 4984
f 5148 4984 6679
f 5148 6679 6675
f 5150 5149 6674
f 5005 5008 6673
f 5007 5010 5008
f 5009 5027 5010
f 5036 5100 6680
f 4979 5103 6669
f 4980 6681 5103
f 4980 3708 6681
f 4980 3709 3708
f 4980 1949 3709
f 6682 6683 6684
f 6682 6685 6683
f 6682 6686 6685
f 6682 6687 6686
f 6682 6688 6687
f 6682 6689 6688
f 6682 6690 6689
f 6682 6691 6690
f 5080 4814 4813
f 5081 4813 4812
f 5082 4812 4811
f 5083 4811 4810
f 6692 6684 6683
f 6693 6683 6685
f 6694 6685 6686
f 6695 6686 6687
f 6696 6687 6688
f 6697 6688 6689
f 6698 6689 6690
f 6601 6690 6691
f 6601 6691 6520
f 5035 5099 5100
f 5025 6699 5099
f 5056 6700 5098
f 5040 5098 6701
f 5013 5011 5014
f 5015 5014 5017
f 5016 5017 6702
f 5016 6702 5018
f 5020 5018 6703
f 5020 6703 6704
f 5020 6704 6705
f 5020 6705 6706
f 5020 6706 5021
f 5022 5021 5023
f 5025 5023 6707
f 5025 6707 6708
f 5025 6708 6699
f 5989 6633 4951
f 5026 6709 5027
f 5028 5031 5029
f 5030 6710 5031
f 5030 6711 6710
f 5030 5033 6711
f 5032 5038 5033
f 5037 5060 5038
f 5036 6680 6712
f 5036 6712 5058
f 5056 5058 6700
f 5041 5059 5097
f 5040 6701 5059
f 5052 5097 6713
f 5052 6713 5060
f 5026 5029 6709
f 6599 6438 6430
f 6662 6657 6714
f 6656 6655 6715
f 6716 6331 6330
f 6717 6718 6719
f 6720 6721 6722
f 6721 6723 6722
f 6724 6725 6723
f 6726 6727 6725
f 6728 6729 6730
f 6731 6729 6728
f 6732 6733 6734
f 6735 6736 6734
f 6736 6732 6734
f 6737 6732 6738
f 6729 6737 6739
f 6737 6733 6732
f 6731 6733 6737
f 6731 6737 6729
f 6602 6653 6603
f 6653 6740 6741
f 6741 6730 6742
f 6653 6405 6603
f 6653 6741 6405
f 6653 6654 6740
f 6728 6730 6740
f 6728 6740 6654
f 6740 6730 6741
f 6742 6730 6743
f 6729 6739 6743
f 6716 6744 6745
f 6729 6743 6730
f 6716 6330 6719
f 6328 6719 6330
f 6746 6747 6748
f 6747 6718 6717
f 6746 6723 6747
f 6747 6725 6718
f 6749 6750 6751
f 6749 6751 6322
f 6746 6748 6751
f 6751 6748 6324
f 6749 6322 6321
f 6751 6324 6322
f 6747 6717 6748
f 6748 6717 6326
f 6748 6326 6324
f 6716 6752 6744
f 6745 6744 6753
f 6725 6727 6718
f 6754 6755 6727
f 6727 6755 6752
f 6727 6752 6718
f 6752 6719 6718
f 6753 6744 6735
f 6755 6735 6744
f 6756 6735 6755
f 6752 6755 6744
f 6328 6717 6719
f 6716 6719 6752
f 6328 6326 6717
f 6716 6745 6331
f 6738 6757 6434
f 6757 6435 6434
f 6732 6758 6738
f 6745 6759 6333
f 6745 6333 6331
f 6760 4827 6761
f 6761 4827 6762
f 6763 6762 6764
f 6763 6764 6765
f 6765 6600 6766
f 6765 6764 6600
f 4827 6767 6762
f 6767 6768 6762
f 6768 4828 6769
f 6762 6768 6769
f 6762 6769 6764
f 6764 6439 6600
f 6764 6769 6439
f 6763 6761 6762
f 4828 6770 6769
f 6769 6441 6439
f 6770 4829 6769
f 6769 4829 6441
f 4829 4830 6441
f 6771 6766 6599
f 6771 6599 6429
f 6766 6600 6599
f 6757 6771 6429
f 6757 6429 6435
f 6600 6438 6599
f 6753 6735 6734
f 6731 6662 6733
f 6731 6728 6661
f 6728 6654 6661
f 6736 6772 6758
f 6736 6758 6732
f 6737 6738 6739
f 6738 6434 6739
f 6771 6758 6772
f 6757 6758 6771
f 6771 6772 6766
f 6738 6758 6757
f 6742 6743 6773
f 6739 6436 6743
f 6743 6436 6773
f 6741 6419 6405
f 6741 6742 6419
f 6747 6723 6725
f 6742 6773 6419
f 6434 6432 6436
f 6419 6773 6408
f 6436 6433 6420
f 6773 6420 6408
f 6436 6420 6773
f 6753 6734 6774
f 6774 6734 6733
f 6774 6733 6662
f 6753 6774 6759
f 6745 6753 6759
f 6774 6662 6714
f 6774 6714 6759
f 6731 6661 6662
f 6739 6434 6436
f 6661 6658 6657
f 6750 6722 6746
f 6746 6722 6723
f 6775 6549 6548
f 6775 6550 6549
f 6775 6507 6552
f 6775 6538 6555
f 6775 6552 6508
f 6775 6508 6554
f 6775 6554 6540
f 6775 6540 6553
f 6775 6553 6538
f 6775 6518 6550
f 6775 6555 6551
f 6775 6551 6518
f 6776 6520 6691
f 6777 6778 6520
f 6778 6779 6520
f 6779 6780 6520
f 6780 6781 6520
f 6781 6782 6520
f 6782 6783 6520
f 6783 6784 6520
f 6784 6546 6520
f 6655 6522 6785
f 6715 6785 6786
f 6787 6786 6788
f 6789 6788 6790
f 6333 6791 6334
f 6792 6790 6793
f 6775 6548 6547
f 6794 6793 6791
f 6775 6547 6546
f 6777 6784 6783
f 6656 6715 6787
f 6656 6787 6789
f 6794 6759 6714
f 6794 6333 6759
f 6656 6789 6657
f 6657 6792 6714
f 6657 6789 6792
f 6794 6714 6792
f 6632 6642 6652
f 6641 6652 6642
f 6641 6655 6652
f 6656 6658 6652
f 6654 6652 6658
f 6654 6658 6661
f 6656 6652 6655
f 6643 6522 6655
f 6655 6785 6715
f 6715 6786 6787
f 6787 6788 6789
f 6794 6791 6333
f 6789 6790 6792
f 6794 6792 6793
f 6777 6779 6778
f 6777 6780 6779
f 6777 6781 6780
f 6777 6782 6781
f 6777 6783 6782
f 6775 6546 6784
f 6643 6520 6522
f 6522 6529 6785
f 6522 6524 6528
f 4826 6795 6721
f 6795 6796 6721
f 6721 6724 6723
f 6724 6726 6725
f 6721 6796 6724
f 6724 6797 6726
f 6798 4887 6796
f 6798 6796 6799
f 6795 6799 6796
f 4887 6760 6761
f 4887 6761 6796
f 6796 6761 6797
f 6724 6796 6797
f 6726 6754 6727
f 6726 6797 6800
f 6726 6800 6754
f 6756 6801 6772
f 6754 6756 6755
f 6756 6772 6736
f 6754 6801 6756
f 6754 6800 6801
f 6797 6761 6763
f 6797 6763 6800
f 6800 6763 6765
f 6800 6765 6801
f 6801 6766 6772
f 6801 6765 6766
f 4826 6721 6720
f 6756 6736 6735
f 6603 6405 6404
f 4839 6321 6364
f 6522 6523 6524
f 6522 6528 6529
f 6785 6529 6786
f 6786 6529 6788
f 6788 6802 6790
f 6788 6529 6802
f 6802 6529 6530
f 6791 6803 6334
f 6803 6379 6378
f 6803 6378 6334
f 6803 6380 6382
f 6803 6382 6379
f 6802 6793 6790
f 6750 6746 6751
f 6802 6803 6793
f 6802 6533 6803
f 6802 6530 6533
f 6803 6533 6380
f 4883 6720 6722
f 6804 6805 6750
f 6805 4883 6750
f 4883 6722 6750
f 6804 6750 6749
f 6804 6749 6806
f 6806 6749 4825
f 4825 6749 6807
f 6807 6749 4839
f 6749 6321 4839
f 6791 6793 6803
f 4804 4987 4805
f 6521 6808 6598
f 6515 6809 6509
f 6810 6811 6812
f 6812 6813 6814
f 6814 6813 6815
f 6812 6811 6813
f 6811 6816 6813
f 6815 6813 3876
f 6817 6818 3880
f 6813 6816 3876
f 6817 3877 6816
f 6681 3708 6819
f 6819 3883 6820
f 6820 3885 6821
f 6822 6821 3887
f 6822 3878 6818
f 6819 3708 3710
f 6820 3883 3885
f 6821 3885 3887
f 6822 3887 3878
f 6819 3710 3883
f 6823 3896 3895
f 6824 6825 6826
f 6826 6827 6828
f 6826 6825 6827
f 6825 6829 6827
f 6828 6830 6823
f 6828 6827 6830
f 6831 3895 3712
f 6832 6811 6810
f 6823 6830 3896
f 5103 6681 6819
f 6833 6817 6816
f 6834 6835 6836
f 6837 6838 6836
f 6838 6839 6836
f 6834 6836 6840
f 6840 6836 6839
f 6838 6841 6839
f 6838 6842 6841
f 6842 6843 6841
f 6843 6844 6845
f 6843 6845 6841
f 6846 3869 6844
f 6847 6848 6820
f 6847 6821 6849
f 6849 6822 6850
f 6850 6818 6851
f 6848 5102 6819
f 6851 6817 6833
f 6833 6816 6852
f 6852 6816 6853
f 6849 6821 6822
f 6850 6822 6818
f 6848 6819 6820
f 6847 6820 6821
f 5102 6669 6819
f 6669 5103 6819
f 6853 6811 6832
f 6851 6818 6817
f 6853 6816 6811
f 3896 6830 3897
f 6854 6855 6829
f 6841 6845 6856
f 6857 3873 6858
f 6846 6815 3876
f 6846 3875 3869
f 6846 3876 3875
f 6816 3877 3876
f 6818 3878 3880
f 6817 3880 3877
f 6859 6860 6861
f 6862 6861 6863
f 5634 5648 5646
f 5641 5644 5642
f 5632 5642 5648
f 5646 5648 6864
f 1626 1142 6865
f 5638 5651 5650
f 5643 5645 5644
f 5630 5650 5645
f 5639 1626 6865
f 5639 6865 5651
f 5644 5645 6859
f 5644 6861 5642
f 5648 5642 6862
f 5648 6866 6867
f 5650 5651 6868
f 5651 6865 6869
f 5645 5650 6870
f 5648 6862 6866
f 3871 3873 6857
f 6844 6857 6845
f 6844 3869 3871
f 6844 3871 6857
f 6871 6856 6872
f 6872 6856 6873
f 6856 6845 6873
f 6845 6857 6858
f 6829 6855 6827
f 6855 6874 6827
f 6827 6874 6830
f 6830 3898 3897
f 6830 3900 3898
f 6830 6874 6875
f 6830 6875 3900
f 6876 6877 6855
f 6876 6878 6877
f 6879 6880 6835
f 6855 6877 6874
f 6878 6881 6882
f 6882 6874 6877
f 6875 3902 3900
f 6881 6872 6882
f 6882 6872 6873
f 6873 6875 6874
f 6882 6873 6874
f 6873 6858 6875
f 6875 6858 3902
f 6858 3901 3902
f 6873 6845 6858
f 6858 3874 3901
f 3873 3874 6858
f 6878 6882 6877
f 5645 6870 6859
f 6883 6837 6835
f 6883 6835 6880
f 6846 6844 6815
f 6884 6844 6843
f 6814 6815 6884
f 5027 6709 6885
f 5029 5031 6885
f 5029 6885 6709
f 5027 6885 6886
f 5031 6887 6885
f 5031 6710 6887
f 6710 6888 6887
f 6710 6711 6888
f 6711 6887 6888
f 6711 5033 6889
f 5033 5038 6890
f 6712 6680 6891
f 6712 6891 5058
f 5058 6892 6700
f 5098 6700 6892
f 5058 6891 6892
f 6892 6891 6893
f 6892 6893 6880
f 6894 5059 6701
f 5097 5059 6895
f 6894 6895 5059
f 5060 6713 6890
f 5038 5060 6890
f 6713 5097 6895
f 6896 6843 6842
f 5098 6894 6701
f 6897 6842 6838
f 6898 6884 6843
f 6899 6900 6901
f 6902 6903 6900
f 6904 6905 6906
f 6904 6907 6905
f 6907 6908 6905
f 6907 6901 6908
f 6901 6900 6908
f 6909 6896 6910
f 6911 6912 6913
f 6912 6910 6913
f 6909 6914 6896
f 6915 6898 6914
f 6910 6897 6913
f 6910 6896 6897
f 6916 6884 6898
f 6917 6913 6903
f 6913 6918 6903
f 6900 6903 6883
f 6903 6918 6883
f 6900 6883 6908
f 6883 6918 6837
f 6837 6918 6838
f 6913 6897 6918
f 6897 6896 6842
f 6897 6838 6918
f 6896 6914 6843
f 6898 6843 6914
f 6884 6815 6844
f 5098 6892 6894
f 6886 6919 6920
f 6886 6885 6919
f 6894 6892 6879
f 6834 6921 6922
f 6923 6922 6921
f 6879 6834 6922
f 6924 6925 6926
f 6923 6921 6925
f 6925 6871 6926
f 6926 6871 6881
f 6881 6871 6872
f 6834 6840 6921
f 6840 6927 6921
f 6840 6856 6927
f 6839 6841 6856
f 6840 6839 6856
f 6925 6921 6927
f 6925 6927 6871
f 6871 6927 6856
f 5099 6699 6928
f 5099 6928 5100
f 6928 6906 6893
f 6906 6905 6893
f 6928 6891 5100
f 5100 6891 6680
f 6928 6893 6891
f 6905 6908 6880
f 6905 6880 6893
f 6908 6883 6880
f 6894 6922 6895
f 6894 6879 6922
f 6924 6923 6925
f 6890 6923 6924
f 6920 6919 6929
f 6885 6887 6930
f 6885 6930 6919
f 6919 6930 6931
f 6711 6889 6887
f 6887 6889 6932
f 5033 6890 6889
f 6889 6890 6924
f 6887 6932 6930
f 6889 6924 6932
f 6932 6924 6926
f 6933 6929 6854
f 6919 6931 6929
f 6837 6836 6835
f 6929 6931 6876
f 6854 6876 6855
f 6930 6934 6931
f 6930 6932 6934
f 6932 6926 6934
f 6931 6878 6876
f 6931 6934 6878
f 6934 6926 6881
f 6934 6881 6878
f 6892 6880 6879
f 6879 6835 6834
f 6895 6922 6923
f 6713 6895 6890
f 6890 6895 6923
f 6929 6876 6854
f 6902 6917 6903
f 5644 6859 6861
f 5650 6868 6870
f 6935 6936 6937
f 6937 6938 6939
f 6935 6940 6941
f 5586 5531 5539
f 5538 1522 1521
f 6939 6942 6943
f 6943 6944 6945
f 6945 6946 6947
f 6947 6948 6949
f 6949 1149 1148
f 6935 6941 6936
f 6937 6936 6938
f 6939 6938 6942
f 6943 6942 6944
f 6945 6944 6946
f 6947 6946 6948
f 6950 6941 6940
f 1149 6948 1150
f 6948 1151 1150
f 6949 6948 1149
f 6949 1148 1522
f 6951 6948 6946
f 1523 1151 6948
f 6952 6953 6954
f 6955 6956 6954
f 6957 6958 6959
f 6957 6960 6958
f 6961 6940 6935
f 6952 6957 6962
f 6963 6961 6935
f 5586 6935 5531
f 6964 1577 6965
f 6965 1579 6966
f 6967 6968 6964
f 6964 6965 6969
f 6965 6966 6970
f 6971 1147 6951
f 6966 6971 6972
f 6971 1621 1147
f 6966 1579 1573
f 6971 1572 1622
f 6966 1573 6971
f 6971 1573 1572
f 6867 6961 6963
f 6867 6963 5586
f 5531 6937 5532
f 5532 6939 5534
f 5534 6943 5536
f 5536 6943 5523
f 5523 6945 5525
f 5525 6947 5538
f 5531 6935 6937
f 5532 6937 6939
f 5534 6939 6943
f 5586 6963 6935
f 5523 6943 6945
f 5525 6945 6947
f 5538 6947 6949
f 5538 6949 1522
f 6958 6960 1566
f 6957 6973 6960
f 6960 6973 6974
f 1578 1605 1604
f 1580 1604 1525
f 6956 1585 6954
f 6952 1582 6957
f 6952 6954 1591
f 6957 1582 6975
f 6976 6977 1587
f 6977 6978 1496
f 6956 6976 1586
f 6978 1563 1493
f 6956 1586 1585
f 6976 1587 1586
f 6952 1591 1582
f 6954 1585 1591
f 6975 1581 1607
f 6975 1582 1581
f 6977 1496 1587
f 6978 1493 1496
f 1563 1135 1493
f 6975 6979 6980
f 6975 1606 6979
f 6975 1607 1606
f 6981 1608 1596
f 6979 1606 1608
f 6980 6979 6981
f 6981 6979 1608
f 6981 1596 1595
f 1576 1602 1605
f 1578 1604 1580
f 1576 1605 1578
f 1574 1600 1602
f 6958 1566 1592
f 6960 6982 1566
f 6960 6974 6982
f 1566 6982 1567
f 1565 1567 1568
f 1569 1568 1570
f 1145 6978 6983
f 6984 6977 6976
f 6985 6976 6956
f 6977 6983 6978
f 1145 1134 6978
f 1134 1562 6978
f 6957 6975 6973
f 6968 1575 6964
f 6978 1562 1563
f 6973 6980 6974
f 6982 6974 1567
f 1580 1524 1538
f 1580 1525 1524
f 1567 6981 1595
f 6974 6980 6981
f 1568 1595 1598
f 6974 6981 1567
f 1567 1595 1568
f 1568 1598 1570
f 1570 1600 1574
f 1574 1602 1576
f 1570 1598 1600
f 6973 6975 6980
f 5642 6861 6862
f 6986 1571 6968
f 6965 1577 1579
f 6987 6863 6988
f 6989 6990 6991
f 6863 6992 6988
f 6860 6993 6994
f 6993 6995 6996
f 6860 6997 6863
f 6989 6998 6995
f 6999 1140 7000
f 6999 1625 1140
f 6990 6999 7001
f 6993 6996 6994
f 6995 6998 6996
f 6992 6997 7002
f 6863 6997 6992
f 6860 6994 6997
f 6988 6992 7003
f 6989 6991 6998
f 6990 7001 6991
f 6999 7000 7001
f 1140 1141 7000
f 1141 1627 7000
f 7000 1627 1628
f 6991 7001 6985
f 6994 6996 6962
f 6994 6959 6997
f 6996 6998 6953
f 6998 6991 6955
f 7004 7005 6950
f 6997 7006 7002
f 7004 6987 7005
f 1142 1139 7007
f 5651 6869 6868
f 5648 6867 6864
f 5647 5646 5586
f 5646 6864 5586
f 6867 5586 6864
f 6866 6862 7004
f 6862 6987 7004
f 6867 6866 6950
f 6866 7004 6950
f 6867 6940 6961
f 6867 6950 6940
f 7007 1139 1623
f 7007 1623 1624
f 6870 6993 6859
f 6870 6868 6995
f 6869 7007 6990
f 6868 6869 6989
f 7007 1624 6999
f 6859 6993 6860
f 6862 6863 6987
f 6870 6995 6993
f 6868 6989 6995
f 6869 6990 6989
f 7007 6999 6990
f 1624 1625 6999
f 6861 6860 6863
f 6865 1142 7007
f 6865 7007 6869
f 7001 7000 6984
f 7000 1628 6983
f 6998 6955 6953
f 6969 6970 6942
f 6970 6972 6944
f 6972 6951 6946
f 6951 1523 6948
f 7005 7008 7009
f 7009 6986 7010
f 7010 6968 6967
f 7009 7008 7011
f 1146 1523 6951
f 6967 6964 6969
f 6965 6970 6969
f 6966 6972 6970
f 6971 6951 6972
f 1146 6951 1147
f 6992 7012 7003
f 7009 7011 6986
f 7010 6986 6968
f 7003 7011 7008
f 7003 7012 7011
f 6971 1622 1621
f 7002 1593 7012
f 7011 7012 1565
f 7012 1593 1565
f 7011 1565 1569
f 6986 1569 1571
f 6968 1571 1575
f 6964 1575 1577
f 6967 6969 6938
f 6950 7005 7009
f 7010 6967 6936
f 7009 7010 6941
f 6994 6962 6959
f 6996 6953 6962
f 6997 6959 7006
f 6991 6985 6955
f 7001 6984 6985
f 7000 6983 6984
f 6992 7002 7012
f 6959 6958 7006
f 6953 6955 6954
f 6952 6962 6953
f 6957 6959 6962
f 6955 6985 6956
f 7006 6958 1592
f 7011 1569 6986
f 7002 7006 1593
f 1145 6983 1144
f 6985 6984 6976
f 6984 6983 6977
f 1628 1144 6983
f 6987 6988 7008
f 6987 7008 7005
f 6988 7003 7008
f 7010 6936 6941
f 6950 7009 6941
f 6967 6938 6936
f 6969 6942 6938
f 6970 6944 6942
f 6972 6946 6944
f 7006 1592 1593
f 6521 7013 6808
f 6902 6900 6899
f 7014 6899 6901
f 7015 7016 7017
f 7015 7018 7016
f 6808 7013 7019
f 7020 7019 7021
f 6676 6677 6517
f 6517 7022 6516
f 6516 7023 6514
f 7013 7024 7025
f 6514 7026 6809
f 7027 7028 7029
f 6809 7030 7028
f 7027 7031 7024
f 6517 6677 7032
f 6517 7032 7022
f 6677 4870 7032
f 7013 7025 7019
f 7025 7033 7034
f 7024 7031 7025
f 7028 7030 7029
f 6516 7022 7023
f 6514 7023 7026
f 6809 7026 7030
f 7027 7029 7031
f 4870 6665 7032
f 7025 7031 7033
f 7035 7036 7037
f 7038 7039 7036
f 7040 7017 7016
f 7018 7041 7016
f 7042 7043 7044
f 7043 7045 7044
f 7046 7047 7018
f 7048 7042 7047
f 7047 7049 7050
f 7047 7042 7049
f 7048 7043 7042
f 7048 7045 7043
f 7046 7015 7017
f 7046 7018 7015
f 7047 7050 7018
f 6672 7051 5151
f 7052 7053 7051
f 7052 7035 7053
f 7054 7055 7035
f 5151 7051 5155
f 7035 7055 7036
f 7038 7036 7055
f 7053 7035 7037
f 7051 7053 7037
f 7051 7037 5155
f 7038 7056 7039
f 7057 7039 7056
f 7057 7040 7039
f 7058 6808 7019
f 7020 7058 7019
f 7049 7041 7050
f 7018 7050 7041
f 7042 7044 7049
f 7020 7021 7045
f 7040 7016 7039
f 7049 7044 7041
f 7045 7021 7044
f 7059 7060 7061
f 6486 6670 6487
f 7037 7062 4989
f 7041 7063 7064
f 7037 7065 7062
f 7039 7066 7067
f 7036 7067 7065
f 7016 7064 7066
f 7021 7061 7068
f 7044 7068 7063
f 4989 7062 6666
f 7062 4993 6666
f 6487 6670 4992
f 6487 7069 6501
f 6501 7070 6494
f 6494 7071 6496
f 6496 7072 6499
f 6487 4992 7069
f 4992 5002 7069
f 6472 7073 6473
f 6492 6499 7074
f 6492 7075 6472
f 6473 7073 6482
f 6472 7076 7073
f 6499 7072 7074
f 6492 7074 7075
f 6472 7075 7076
f 7059 7077 7060
f 7029 7078 7077
f 7030 7079 7078
f 7026 7080 7079
f 5155 7037 6663
f 6663 7037 6664
f 7025 7034 7019
f 7031 7059 7033
f 6664 7037 4989
f 6665 5159 7032
f 7032 7081 7022
f 7022 7082 7023
f 7030 7026 7079
f 7023 7080 7026
f 7032 5159 7083
f 7032 7083 7081
f 7022 7081 7082
f 6598 6808 7058
f 5159 6667 7083
f 7033 7059 7034
f 7037 7036 7065
f 7036 7039 7067
f 7039 7016 7066
f 7041 7044 7063
f 7016 7041 7064
f 7021 7034 7061
f 7044 7021 7068
f 7034 7059 7061
f 7030 7078 7029
f 7031 7029 7077
f 7031 7077 7059
f 7023 7082 7080
f 7019 7034 7021
f 6501 7069 7070
f 7084 7020 7045
f 7084 7045 7048
f 7085 7086 7087
f 7087 7088 7089
f 7085 7087 7089
f 7089 7090 7091
f 7089 7088 7092
f 7089 7092 7090
f 6678 7093 4984
f 6678 7094 7093
f 4984 7093 7095
f 4984 7095 6679
f 7093 7096 7097
f 7093 7097 7095
f 6679 7095 6675
f 7095 7098 6675
f 7095 7099 7098
f 6675 7098 5149
f 5149 7098 7052
f 5149 7052 6674
f 6674 7052 6672
f 7096 7091 7100
f 7096 7100 7097
f 7091 7090 7100
f 7097 7100 7101
f 7095 7097 7099
f 7097 7101 7099
f 7100 7090 7102
f 7100 7102 7101
f 7103 6381 7086
f 7102 7104 7101
f 6377 6381 6373
f 7096 7085 7091
f 6509 7028 6510
f 6510 7027 6539
f 6519 6539 7024
f 6519 7024 6521
f 6512 6517 6516
f 6513 6516 6514
f 6515 6514 6809
f 4874 6676 6517
f 6509 6809 7028
f 6510 7028 7027
f 6539 7027 7024
f 6521 7024 7013
f 6395 7105 4981
f 4981 7094 5123
f 6395 6371 7105
f 6367 6371 6395
f 4981 7105 7094
f 5123 7094 6678
f 6371 6373 7105
f 7105 6373 7103
f 7105 7103 7094
f 7094 7103 7085
f 7094 7085 7096
f 7094 7096 7093
f 7106 7086 6381
f 6373 6381 7103
f 7103 7086 7085
f 7085 7089 7091
f 7098 7099 7054
f 7098 7054 7052
f 6672 7052 7051
f 6537 7107 7108
f 6537 7108 7109
f 7110 7109 7108
f 7108 7107 7047
f 7090 7092 7111
f 7090 7111 7102
f 7092 7112 7111
f 7102 7111 7113
f 7114 7110 7112
f 7112 7110 7046
f 7111 7112 7046
f 7111 7046 7113
f 7102 7113 7104
f 7113 7056 7104
f 7115 7104 7038
f 7115 7038 7055
f 7104 7056 7038
f 7113 7046 7040
f 7113 7040 7057
f 7113 7057 7056
f 7110 7108 7046
f 7108 7047 7046
f 7040 7046 7017
f 6527 6598 7084
f 7084 7048 7107
f 7084 6598 7058
f 7107 7048 7047
f 6535 7084 7107
f 6535 6527 7084
f 6535 7107 6537
f 6536 6537 7109
f 7052 7054 7035
f 7099 7101 7115
f 7099 7115 7054
f 7101 7104 7115
f 7054 7115 7055
f 6380 6533 7106
f 6380 7106 6381
f 7106 7116 7086
f 7116 7117 7087
f 7116 7087 7086
f 6533 7116 7106
f 6533 6532 7116
f 7116 6532 7117
f 7084 7058 7020
f 6532 6534 7118
f 6534 7119 7118
f 7117 7120 7087
f 7087 7120 7088
f 7088 7120 7114
f 7117 7118 7120
f 7120 7118 7119
f 7088 7114 7092
f 6534 7109 7119
f 7120 7119 7114
f 7114 7112 7092
f 7114 7119 7110
f 7119 7109 7110
f 6534 6536 7109
f 7117 6532 7118
f 7014 6901 6907
f 6494 7070 7071
f 6667 6668 7083
f 7121 7122 6704
f 7121 7123 7122
f 6704 7122 6705
f 7122 6706 6705
f 7122 5021 6706
f 7124 7125 7126
f 7124 7126 7127
f 7128 7129 7130
f 7128 7131 7132
f 7125 7130 7129
f 7125 7129 7126
f 7128 7132 7129
f 7133 7134 7135
f 7133 7136 7134
f 7137 7138 7131
f 7139 7135 7134
f 7139 7138 7137
f 7139 7134 7138
f 7131 7138 7132
f 7140 7141 6915
f 7140 6909 7136
f 7136 6909 7134
f 7142 7127 7143
f 7127 7126 7144
f 7126 7129 7145
f 7126 7145 7144
f 7142 7143 7146
f 7121 7147 7123
f 7147 7146 7148
f 6703 7121 6704
f 7149 7147 7121
f 7150 7151 6933
f 7151 6920 6933
f 6920 6929 6933
f 7150 7152 7153
f 7150 6933 7152
f 7153 7152 6825
f 7154 7153 6825
f 6824 7154 6825
f 6933 6854 7152
f 7152 6829 6825
f 7152 6854 6829
f 5011 7155 5014
f 7155 7156 7157
f 7158 7142 7156
f 7159 7142 7158
f 7159 7124 7127
f 7155 7149 5014
f 5014 7149 5017
f 7155 7157 7149
f 5017 7149 6702
f 7156 7142 7157
f 7159 7127 7142
f 7149 7157 7147
f 7157 7142 7146
f 7149 5018 6702
f 7149 7121 5018
f 6703 5018 7121
f 7157 7146 7147
f 7127 7144 7143
f 7146 7143 7160
f 7143 7144 7161
f 7122 7123 7162
f 7122 7162 7163
f 7122 7163 5021
f 7123 7148 7014
f 7123 7014 7162
f 7148 7160 6899
f 7148 6899 7014
f 7144 7164 7161
f 7160 7161 6902
f 7145 6911 7164
f 7161 7164 6917
f 7160 6902 6899
f 7161 6917 6902
f 7164 6911 6913
f 7164 6913 6917
f 5021 7163 5023
f 7163 7165 5023
f 5023 7165 6707
f 7163 7162 6904
f 7162 7014 6907
f 7163 6904 7165
f 7162 6907 6904
f 6708 6707 7165
f 6708 7165 6699
f 7165 6906 6928
f 7165 6928 6699
f 7165 6904 6906
f 7143 7161 7160
f 7146 7160 7148
f 7147 7148 7123
f 6916 6814 6884
f 7129 7132 7166
f 7138 7167 7132
f 7129 7166 7145
f 7132 7167 7166
f 7138 7134 7167
f 7144 7145 7164
f 7145 7166 6911
f 7134 7168 7167
f 7134 6909 7168
f 7167 7168 6912
f 7166 7167 6912
f 7166 6912 6911
f 7169 7170 6916
f 7171 6920 7151
f 7172 6916 7170
f 7173 6812 7172
f 7169 7174 7141
f 7141 7174 6915
f 7169 6916 7174
f 7173 6810 6812
f 7172 6812 6916
f 7140 6915 6909
f 7168 6909 6910
f 7168 6910 6912
f 6915 6914 6909
f 6915 7174 6898
f 7174 6916 6898
f 6916 6812 6814
f 6832 6810 7173
f 6496 7071 7072
f 6886 6920 7171
f 5010 5027 6886
f 7068 7175 7176
f 7065 7177 7178
f 7067 7179 7177
f 7066 7180 7179
f 4993 7181 5003
f 7062 7178 7181
f 5003 7181 6671
f 6668 5161 6848
f 5161 5101 6848
f 5101 5102 6848
f 7064 7182 7180
f 7063 7176 7182
f 7175 7183 7184
f 7175 7184 7176
f 7183 7185 7184
f 7183 6852 7185
f 7185 6852 6853
f 7073 7186 6482
f 7073 7187 7186
f 3711 6482 7186
f 6504 3705 4999
f 3705 1945 4999
f 5002 5006 7069
f 7073 7076 7187
f 5006 6673 7069
f 7069 7188 7070
f 7071 7070 7171
f 7068 7176 7063
f 7186 7187 6831
f 7067 7066 7179
f 7064 7180 7066
f 7077 7189 7060
f 7083 6847 7081
f 7081 6849 7082
f 7082 6850 7080
f 7061 7060 7190
f 7060 7189 7190
f 7079 6833 7078
f 7079 7080 6851
f 7077 7078 6852
f 7061 7191 7068
f 7068 7191 7175
f 7061 7175 7191
f 7061 7190 7175
f 7189 7175 7190
f 7077 6852 7189
f 7189 7183 7175
f 7083 6668 6848
f 7083 6848 6847
f 7081 6847 6849
f 7082 6849 6850
f 7080 6850 6851
f 7189 6852 7183
f 7079 6851 6833
f 7078 6833 6852
f 7062 7065 7178
f 7065 7067 7177
f 7062 7181 4993
f 7064 7063 7182
f 7076 6831 7187
f 7071 7150 7072
f 7072 7154 7074
f 7179 7135 7139
f 7179 7133 7135
f 7180 7169 7141
f 7180 7141 7140
f 7176 7173 7172
f 7176 7172 7170
f 7182 7170 7169
f 7176 6832 7173
f 7180 7136 7133
f 7180 7140 7136
f 7069 6673 7188
f 7070 7188 7192
f 7070 7192 7171
f 7071 7171 7151
f 7071 7151 7150
f 7072 7150 7153
f 7076 6823 6831
f 7075 6826 6828
f 7076 6828 6823
f 7072 7153 7154
f 7074 7154 6824
f 7075 6824 6826
f 6831 6823 3895
f 6673 5008 7188
f 5008 6886 7188
f 7188 6886 7192
f 5008 5010 6886
f 7179 7139 7137
f 7179 7137 7131
f 7177 7131 7128
f 7178 7128 7130
f 7074 6824 7075
f 7075 6828 7076
f 3705 3725 3706
f 3725 3894 3726
f 3894 3809 3811
f 3711 3713 3812
f 3711 7186 3712
f 3863 3810 3809
f 3863 3812 3813
f 7186 6831 3712
f 3705 3707 1945
f 6671 7181 7158
f 7181 7178 7159
f 7192 6886 7171
f 7178 7177 7128
f 7179 7180 7133
f 7184 6832 7176
f 7180 7182 7169
f 7176 7170 7182
f 7184 7185 6832
f 7185 6853 6832
f 6671 7155 5011
f 6671 7156 7155
f 6671 7158 7156
f 7181 7159 7158
f 7178 7124 7159
f 7178 7125 7124
f 7178 7130 7125
f 7179 7131 7177
f 5993 5911 7193
f 4803 4805 4802
f 4376 6502 4794
f 7194 7195 7196
f 7197 7198 7194
f 7196 7199 7200
f 7201 7200 7202
f 7198 7203 7204
f 7204 7205 7206
f 7206 7207 7208
f 7208 7207 7195
f 7195 7209 7210
f 7203 6143 7205
f 7211 7212 7205
f 7204 7203 7205
f 6143 7211 7205
f 7206 7205 7207
f 7205 7212 7207
f 7207 7213 7209
f 7195 7207 7209
f 7211 6105 7212
f 6105 6103 7212
f 6103 7214 7212
f 7207 7212 7213
f 7214 6100 7212
f 7212 7215 7213
f 7212 6100 7215
f 7215 6100 6037
f 7210 7216 7199
f 7199 7216 7217
f 7218 7219 7220
f 7202 7217 7221
f 7218 7222 7219
f 7223 7224 7225
f 7226 7227 7228
f 7229 7230 7231
f 7232 7226 7230
f 7228 7233 7234
f 7235 7236 7237
f 7218 7201 7238
f 7218 7220 7239
f 7240 7241 7236
f 7240 7223 7242
f 7223 7239 7224
f 7235 7237 7243
f 7194 7198 7204
f 7194 7204 7206
f 7194 7206 7208
f 7196 7210 7199
f 7196 7195 7210
f 7200 7199 7202
f 7201 7202 7244
f 7201 7245 7238
f 7218 7238 7222
f 7201 7244 7245
f 7194 7208 7195
f 7240 7242 7241
f 7236 7241 7237
f 7239 7246 7247
f 7239 7220 7246
f 7223 7225 7242
f 7239 7247 7224
f 7202 7221 7244
f 7244 7221 7245
f 7199 7217 7202
f 7248 7249 7250
f 7250 7249 7251
f 7250 7251 7252
f 7237 7241 7248
f 7237 7248 7253
f 7242 7254 7241
f 7242 7225 7254
f 7224 7254 7225
f 7241 7249 7248
f 7247 7255 7254
f 7241 7254 7249
f 7255 7256 7254
f 7254 7256 7249
f 7255 7257 7256
f 7258 7259 7257
f 7258 7260 7259
f 7256 7257 7261
f 7249 7256 7261
f 7257 7259 7261
f 7213 7215 7262
f 7263 7262 7264
f 7265 7264 7266
f 7215 7267 7262
f 7215 6037 7267
f 7262 7267 7268
f 6037 6039 7267
f 7262 7268 7264
f 7248 7250 7253
f 7269 7270 7271
f 7272 7273 7269
f 7274 7271 7258
f 7224 7247 7254
f 7219 7255 7220
f 7220 7255 7246
f 7246 7255 7247
f 7238 7245 7275
f 7238 7275 7222
f 7222 7274 7219
f 7245 7221 7275
f 7222 7275 7274
f 7219 7274 7255
f 7209 7263 7216
f 7209 7216 7210
f 7216 7265 7217
f 7232 7227 7226
f 7217 7272 7221
f 7216 7263 7265
f 7213 7262 7263
f 7217 7265 7272
f 7263 7264 7265
f 7265 7266 7272
f 7255 7274 7257
f 7274 7258 7257
f 7258 7271 7276
f 7258 7276 7260
f 7221 7269 7275
f 7274 7275 7271
f 7221 7272 7269
f 7275 7269 7271
f 7209 7213 7263
f 7264 7268 7277
f 7229 7232 7230
f 7278 7229 7231
f 1143 7279 750
f 7280 7281 722
f 7281 7282 725
f 7282 7283 727
f 7283 7284 729
f 7284 7285 716
f 7280 722 750
f 7281 725 722
f 7282 727 725
f 1143 750 752
f 7286 7287 7279
f 7285 7288 7289
f 7289 7288 7252
f 7288 7237 7253
f 7288 7253 7250
f 7288 7250 7252
f 7289 7252 7251
f 7289 7251 7290
f 7285 7289 721
f 7291 7292 7293
f 7292 7294 7295
f 7294 7296 7297
f 7291 7293 5919
f 7298 7299 7300
f 7292 7295 7293
f 7294 7297 7295
f 7296 7301 7297
f 7279 7280 750
f 7302 7303 7301
f 7286 7279 1143
f 7304 7243 7288
f 7305 7295 7297
f 7306 7297 7301
f 6133 7307 6134
f 7307 7295 7305
f 7305 7297 7306
f 7306 7301 7308
f 7308 7303 7309
f 7309 7310 7311
f 7235 7304 7300
f 7311 7300 7304
f 6134 7307 7312
f 7235 7243 7304
f 7312 7307 7287
f 7307 7305 7279
f 7305 7306 7280
f 7306 7308 7281
f 7307 7279 7287
f 7305 7280 7279
f 7308 7309 7282
f 7309 7311 7283
f 7306 7281 7280
f 7308 7282 7281
f 7309 7283 7282
f 7311 7284 7283
f 7304 7285 7284
f 7304 7288 7285
f 7311 7304 7284
f 7243 7237 7288
f 7313 7291 5919
f 7298 7314 7299
f 7296 7302 7301
f 7315 7240 7236
f 7316 7317 7240
f 7318 7239 7223
f 7319 7218 7239
f 7317 7223 7240
f 7314 7320 7321
f 7322 7323 7319
f 7324 7325 7326
f 7327 7326 7328
f 7329 7328 7330
f 7331 7330 7323
f 7332 6137 7325
f 7333 7319 7318
f 7334 7318 7321
f 6137 7335 7325
f 7325 7335 6135
f 7336 7337 7338
f 6068 6139 7339
f 7337 7340 7339
f 7337 7341 7340
f 7341 7342 7343
f 7342 7278 7344
f 7338 7337 6139
f 7337 7339 6139
f 7341 7343 7340
f 7342 7344 7343
f 7278 7231 7344
f 7235 7315 7236
f 7311 7310 7300
f 7235 7300 7315
f 7309 7303 7310
f 7302 7345 7303
f 7345 7298 7310
f 7314 7321 7299
f 7299 7317 7316
f 7299 7321 7317
f 7321 7318 7317
f 5919 7293 7346
f 7345 7310 7303
f 7298 7300 7310
f 7299 7316 7300
f 6133 7346 7293
f 7325 7194 7326
f 7328 7200 7330
f 7228 7227 7233
f 7326 7196 7328
f 7318 7223 7317
f 7318 7319 7239
f 7323 7218 7319
f 7323 7330 7201
f 7328 7196 7200
f 7330 7200 7201
f 7323 7201 7218
f 7197 7194 6142
f 6142 7194 6135
f 7326 7194 7196
f 7316 7315 7300
f 7316 7240 7315
f 7308 7301 7303
f 7325 6135 7194
f 6133 7293 7307
f 7264 7277 7266
f 7276 7270 7347
f 7348 7349 7350
f 7351 7352 7353
f 7354 7353 7349
f 7353 7355 7349
f 7349 7355 7350
f 7353 7356 7355
f 7355 7356 7357
f 7350 7355 7357
f 7358 7359 7360
f 7359 7350 7360
f 7361 7362 7363
f 7339 7364 7362
f 7340 7365 7364
f 7340 7366 7365
f 7340 7367 7366
f 7343 7368 7367
f 7343 7369 7368
f 7344 7370 7369
f 7231 7371 7370
f 7231 7372 7371
f 7231 7373 7372
f 7230 7374 7373
f 7230 7375 7374
f 7226 7376 7375
f 7226 7377 7376
f 7226 7378 7377
f 7379 608 7378
f 7348 7350 7359
f 7363 7362 7380
f 7381 7359 7358
f 7382 7349 7348
f 7383 7384 7385
f 7383 7386 7384
f 7387 7388 7386
f 7389 7385 7384
f 7389 7390 7391
f 7386 7388 7392
f 7386 7392 7384
f 7389 7384 7390
f 7384 7392 7390
f 7393 7381 7388
f 7388 7358 7392
f 7392 7358 7390
f 7388 7381 7358
f 6053 7394 7395
f 7395 7394 7382
f 6056 7396 7394
f 7394 7396 7354
f 7395 7382 7397
f 7394 7354 7382
f 7398 7380 7399
f 7398 7399 7351
f 7396 7398 7351
f 7396 7351 7354
f 7354 7351 7353
f 7397 7348 7381
f 7397 7382 7348
f 7382 7354 7349
f 7381 7348 7359
f 7380 7364 7365
f 7380 7362 7364
f 6061 7363 7380
f 7379 620 608
f 754 615 614
f 617 614 616
f 7400 623 754
f 609 612 610
f 612 619 613
f 617 618 619
f 7400 621 623
f 609 611 620
f 7400 6141 621
f 7283 729 727
f 7285 721 717
f 7284 716 729
f 7285 717 716
f 7289 7290 721
f 738 719 721
f 7290 738 721
f 7401 736 734
f 7402 7403 7401
f 7401 597 736
f 7401 7403 7404
f 7401 7404 597
f 7404 598 597
f 7391 7405 7403
f 7391 7390 7406
f 7391 7406 7405
f 7404 7403 7407
f 7408 609 620
f 7379 7408 620
f 7400 7409 6141
f 7410 7409 7400
f 7411 6061 7380
f 7412 7411 7380
f 7380 7365 7366
f 7366 7367 7399
f 7367 7368 7399
f 7380 7366 7399
f 7399 7368 7352
f 7351 7399 7352
f 7368 7356 7352
f 7353 7352 7356
f 7368 7369 7356
f 7371 7357 7356
f 7370 7371 7356
f 7393 7397 7381
f 7369 7370 7356
f 6068 7339 7361
f 7226 7228 7379
f 7361 7339 7362
f 7339 7340 7364
f 7340 7343 7367
f 7343 7344 7369
f 7344 7231 7370
f 7231 7230 7373
f 7230 7226 7375
f 7226 7379 7378
f 7379 7228 7408
f 7228 7234 7408
f 7408 7234 609
f 7371 7372 7357
f 7276 7271 7270
f 7387 7393 7388
f 7413 7395 7397
f 7414 7415 7416
f 7251 7249 7290
f 7249 7417 7290
f 7290 7417 7418
f 7290 7418 738
f 7276 7419 7260
f 7260 7420 7259
f 7249 7261 7417
f 7261 7259 7421
f 7276 7347 7419
f 7260 7419 7420
f 7259 7420 7421
f 7261 7421 7417
f 7347 7422 7419
f 7419 7423 7420
f 7419 7422 7423
f 7347 7424 7422
f 7416 7425 7424
f 7422 7424 7426
f 7424 7425 7426
f 7421 7402 7417
f 7420 7423 7421
f 7422 7427 7423
f 7421 7423 7402
f 7423 7427 7402
f 7417 7401 7418
f 7417 7402 7401
f 7414 7416 7428
f 7422 7426 7427
f 7428 7416 7424
f 7429 7430 7431
f 7272 7266 7273
f 7269 7273 7270
f 7266 7432 7273
f 7273 7433 7270
f 7266 7277 7432
f 7273 7432 7433
f 7270 7433 7347
f 6039 7434 7267
f 7267 7434 7435
f 7434 7436 7435
f 7436 7437 7435
f 7267 7435 7268
f 7268 7429 7277
f 7268 7435 7429
f 7437 7430 7435
f 7435 7430 7429
f 7437 7438 7430
f 7438 7439 7430
f 7277 7440 7432
f 7433 7432 7414
f 7277 7429 7440
f 7432 7440 7414
f 7433 7428 7347
f 7433 7414 7428
f 7347 7428 7424
f 7429 7431 7440
f 7440 7415 7414
f 7440 7431 7415
f 7439 6041 7430
f 6041 7441 7430
f 6041 7442 7441
f 7443 7444 7445
f 7444 6049 7445
f 6049 7413 7445
f 6049 7446 7413
f 7446 7447 7413
f 6051 7413 7447
f 6051 7395 7413
f 6051 7448 7395
f 7448 7449 7395
f 7449 6053 7395
f 6053 6056 7394
f 6058 6064 7396
f 6056 6058 7396
f 7450 7451 7398
f 6063 7398 7451
f 7412 7380 6063
f 6063 7380 7398
f 6064 7398 7396
f 6064 7450 7398
f 7452 7453 7454
f 7452 7454 7383
f 7453 7387 7454
f 7453 7445 7387
f 7445 7393 7387
f 7454 7386 7383
f 7454 7387 7386
f 7445 7413 7393
f 7443 7445 7453
f 7455 7453 7452
f 7456 7453 7455
f 6046 7443 7453
f 7430 7441 7431
f 7431 7456 7415
f 7431 7441 7456
f 7415 7455 7416
f 7415 7456 7455
f 7416 7455 7452
f 7442 6044 7441
f 7441 6044 7456
f 7416 7457 7425
f 7416 7452 7457
f 7425 7458 7426
f 7425 7457 7458
f 7452 7383 7457
f 7413 7397 7393
f 7418 734 738
f 7426 7459 7427
f 7426 7458 7459
f 7427 7459 7402
f 7457 7385 7458
f 7457 7383 7385
f 7458 7385 7459
f 7402 7459 7403
f 7459 7385 7389
f 7459 7389 7391
f 7459 7391 7403
f 7456 6044 7460
f 7456 7460 7453
f 7460 6046 7453
f 7418 7401 734
f 7350 7357 7360
f 7307 7293 7295
f 7461 7321 7320
f 5863 7462 7463
f 6682 7464 7465
f 6682 7465 7462
f 6682 7466 7467
f 6682 7467 7468
f 6682 7468 7469
f 6682 7469 7470
f 6682 7462 7471
f 6682 7471 7466
f 7465 7472 7462
f 7464 7473 7465
f 6682 7474 7464
f 4963 7470 7469
f 4963 7469 7468
f 4963 7468 7467
f 4963 7467 7466
f 4963 7466 7471
f 4963 7471 7462
f 5873 4819 5874
f 5874 4860 5875
f 5875 4861 5876
f 5876 4862 5877
f 5877 4863 5878
f 5878 4864 5886
f 5886 4865 5885
f 5885 4866 5884
f 5862 5083 4810
f 6074 7475 6076
f 5884 4867 5883
f 6074 6075 7475
f 6072 6076 6073
f 6084 7476 6085
f 6082 6085 6083
f 6081 6083 6088
f 6084 6086 7476
f 5949 6096 6069
f 6000 6092 7477
f 6000 7477 5999
f 6091 6088 6092
f 5073 4713 5864
f 5864 4851 5865
f 5865 4852 5866
f 5866 4853 5867
f 5867 4854 5868
f 5868 4855 5869
f 5869 4856 5870
f 5870 4857 5871
f 5871 4858 5872
f 5872 4859 5873
f 6077 6073 6079
f 6078 6079 7478
f 6078 7478 6080
f 6034 6035 6033
f 6030 6033 6031
f 5986 6031 5987
f 5988 5987 5989
f 5990 6080 5991
f 5992 5991 6035
f 6070 6069 6075
f 5883 4848 5882
f 5882 4847 5880
f 5880 4821 5879
f 7479 7480 7481
f 7480 7482 7481
f 7482 7483 7481
f 7483 7484 7485
f 7484 7486 7485
f 7486 7487 7488
f 7487 7489 7488
f 7489 7490 7491
f 7490 7492 7491
f 7492 7493 7494
f 7495 7494 7493
f 7495 7496 7497
f 7496 7498 7497
f 7483 7485 7481
f 7486 7488 7485
f 7489 7491 7488
f 7492 7494 7491
f 7498 7499 7500
f 7501 7463 7502
f 7499 7501 7500
f 7463 7503 7502
f 7503 7504 7502
f 7485 7488 7505
f 7488 7491 7506
f 7491 7494 7507
f 7494 7497 7508
f 7497 7500 7509
f 7481 7510 5087
f 7481 7485 7510
f 7481 5087 5086
f 5085 7481 5086
f 5879 4820 5881
f 5881 4846 5074
f 6682 7470 7511
f 5074 4822 5075
f 5075 4817 5076
f 5076 4818 5077
f 5077 4816 5078
f 5078 4815 5079
f 5967 7512 6098
f 5580 6098 6138
f 5967 7513 7512
f 5977 6101 6094
f 5528 6140 6101
f 6027 7514 7515
f 5981 6094 7516
f 5983 6095 6093
f 5942 7517 6097
f 5943 6097 6096
f 5942 6093 7518
f 5942 7518 7517
f 7479 7490 7480
f 7480 7487 7482
f 7482 7486 7483
f 7483 7486 7484
f 7482 7487 7486
f 7480 7489 7487
f 7480 7490 7489
f 7479 7481 5085
f 5981 7516 6095
f 7485 7505 7510
f 6029 7519 7520
f 6029 6028 7519
f 5527 6141 7409
f 5649 7287 7286
f 5649 7286 1143
f 5649 7312 7287
f 5619 6142 6135
f 5680 6135 7335
f 5577 6138 7336
f 6067 6139 6068
f 5577 7336 7338
f 5577 7338 6139
f 5910 7198 7197
f 5910 7197 6142
f 5910 6143 7203
f 5910 7203 7198
f 6104 7211 6143
f 6104 6105 7211
f 6102 6103 6105
f 6099 7214 6103
f 6099 6100 7214
f 5985 6037 6100
f 6036 6039 6037
f 6038 7434 6039
f 6038 7436 7434
f 6038 7437 7436
f 6038 7438 7437
f 6038 7439 7438
f 6038 6041 7439
f 5527 7409 7410
f 6042 7442 6041
f 5527 7410 6140
f 5679 6137 7521
f 5382 7522 6303
f 5382 5913 7522
f 5447 5914 5913
f 5377 7523 6302
f 5377 5915 7523
f 5382 6304 5915
f 5449 5916 5914
f 5656 5917 5916
f 5662 5918 5917
f 5678 6136 5918
f 5679 7521 6136
f 5863 7490 7479
f 5863 7492 7490
f 5863 7493 7492
f 5863 7495 7493
f 5863 7496 7495
f 5863 7498 7496
f 5863 7499 7498
f 5863 7501 7499
f 5863 7463 7501
f 5863 7479 5085
f 5640 6133 6134
f 5649 6134 7312
f 5653 7313 5919
f 5653 5348 7313
f 5669 5919 7346
f 5669 7346 6133
f 5680 7335 6137
f 6042 6044 7442
f 6043 7460 6044
f 6043 6046 7460
f 5997 5996 7524
f 5997 7524 6002
f 6005 6002 7525
f 6005 7525 7526
f 6005 7526 7527
f 6005 7527 6006
f 6008 6006 7528
f 6008 7528 7529
f 6008 7529 6009
f 6011 6009 7530
f 6011 7530 7531
f 6011 7531 6012
f 6014 6012 7532
f 6014 7532 7533
f 6014 7533 6015
f 6017 6015 7534
f 6017 7534 6018
f 6020 6018 7535
f 6020 7535 7536
f 6020 7536 7537
f 6020 7537 6021
f 6022 6021 6023
f 6024 6023 6025
f 6027 6025 7538
f 6027 7538 7514
f 6027 7515 7539
f 6027 7539 6028
f 5967 6001 7513
f 5966 5999 6001
f 5995 5994 7540
f 5995 7540 7541
f 6047 7443 6046
f 6047 7444 7443
f 6047 6049 7444
f 6048 7446 6049
f 6048 6051 7447
f 6048 7447 7446
f 6050 7449 7448
f 6050 7448 6051
f 6050 6053 7449
f 6054 6056 6053
f 6055 6058 6056
f 6057 6064 6058
f 6059 6061 7411
f 6029 7520 6086
f 6059 7412 6063
f 6062 6063 7451
f 6062 7450 6064
f 6062 7451 7450
f 6066 7361 7363
f 6066 7363 6061
f 6066 6068 7361
f 1521 621 6141
f 5860 4963 7462
f 5860 7462 5863
f 5995 7541 5996
f 5993 7542 7543
f 5993 7543 5994
f 5993 7193 7542
f 6059 7411 7412
f 7333 7318 7334
f 7488 7506 7505
f 7494 7508 7507
f 7544 7545 7546
f 7547 7545 7544
f 7547 7548 7549
f 7547 7550 7548
f 7547 7549 7545
f 7551 7552 7544
f 7553 7550 7552
f 7551 7554 7552
f 7553 7552 7554
f 7555 7556 7557
f 7557 7558 7559
f 7548 7557 7560
f 7548 7558 7557
f 7555 7557 7559
f 7561 7559 7558
f 7562 7561 7558
f 7549 7548 7560
f 7563 7564 7565
f 7566 7563 7554
f 7553 7563 7565
f 7553 7554 7563
f 7566 7567 7563
f 7568 7565 7569
f 7565 7564 7569
f 7567 7570 7564
f 7563 7567 7564
f 7571 7572 7567
f 7547 7544 7552
f 7567 7572 7570
f 7547 7552 7550
f 7562 7565 7568
f 7573 7574 7575
f 7576 7575 7574
f 7577 7555 7578
f 7578 7555 7579
f 7578 7579 7580
f 7578 7580 7581
f 7555 7582 7579
f 7555 7583 7582
f 7555 7584 7583
f 7555 7559 7585
f 7585 7559 7561
f 7555 7585 7586
f 7587 7569 7588
f 7555 7586 7584
f 7585 7561 7587
f 7585 7587 7589
f 7587 7590 7589
f 7585 7591 7586
f 7585 7589 7591
f 7592 7593 7569
f 7593 7588 7569
f 7587 7588 7594
f 7587 7594 7590
f 7548 7550 7558
f 7553 7562 7550
f 7562 7558 7550
f 7553 7565 7562
f 7562 7568 7561
f 7592 7569 7595
f 7564 7595 7569
f 7564 7570 7595
f 7592 7327 7329
f 7584 7322 7333
f 7589 7331 7322
f 5918 6136 7332
f 6136 7521 7332
f 7596 7597 7296
f 7597 7598 7302
f 7598 7599 7345
f 7599 7600 7298
f 7601 7294 7292
f 7596 7296 7294
f 7597 7302 7296
f 7598 7345 7302
f 7599 7298 7345
f 7600 7314 7298
f 7599 7602 7600
f 7600 7602 7320
f 7602 7461 7320
f 7461 7333 7334
f 7600 7320 7314
f 7329 7330 7331
f 7332 7325 7324
f 7327 7324 7326
f 7327 7328 7329
f 7322 7331 7323
f 7322 7319 7333
f 7461 7334 7321
f 7594 7329 7331
f 7570 7324 7327
f 7603 7332 7324
f 7521 6137 7332
f 7587 7561 7568
f 7587 7568 7569
f 5916 5917 7604
f 5914 5916 7604
f 7605 7604 7606
f 7605 7606 7603
f 7579 7582 7580
f 7604 5918 7332
f 7604 5917 5918
f 7603 7324 7572
f 7606 7332 7603
f 7604 7332 7606
f 7580 7582 7461
f 7573 7575 7607
f 7590 7331 7589
f 7586 7322 7584
f 7582 7583 7333
f 7584 7333 7583
f 7586 7591 7322
f 7591 7589 7322
f 7593 7329 7588
f 7592 7329 7593
f 7588 7329 7594
f 7582 7333 7461
f 7572 7324 7570
f 7592 7595 7327
f 7595 7570 7327
f 7608 7461 7602
f 7590 7594 7331
f 7491 7507 7506
f 7566 7609 7567
f 7571 7603 7572
f 7610 7611 7612
f 7549 7560 7612
f 5091 7613 5092
f 7613 5348 5092
f 7613 7614 7291
f 7613 7291 5348
f 7614 7601 7292
f 7601 7596 7294
f 5348 7291 7313
f 7614 7292 7291
f 7193 5911 7615
f 7542 7193 7615
f 5089 7510 5090
f 5087 7510 5089
f 7616 7617 7618
f 7608 7618 7617
f 7608 7617 7580
f 7510 7613 5090
f 7510 7505 7613
f 7505 7506 7614
f 7506 7507 7601
f 7507 7508 7596
f 7508 7509 7597
f 7509 7618 7598
f 7608 7599 7618
f 7505 7614 7613
f 5090 7613 5091
f 7610 7612 7556
f 7506 7601 7614
f 7619 7610 7556
f 7556 7560 7557
f 7497 7509 7508
f 7616 7618 7500
f 7500 7618 7509
f 7495 7497 7494
f 7498 7500 7497
f 7501 7502 7500
f 7616 7500 7502
f 7504 7616 7502
f 7504 7620 7616
f 7616 7621 7577
f 7616 7577 7578
f 7616 7578 7581
f 7616 7581 7580
f 7622 7623 7616
f 7616 7619 7624
f 7616 7624 7621
f 7616 7625 7619
f 7616 7623 7625
f 7625 7623 7610
f 7611 7626 7612
f 7626 7545 7549
f 7626 7549 7612
f 7624 7619 7556
f 7621 7624 7556
f 7577 7621 7556
f 7577 7556 7555
f 7556 7612 7560
f 7625 7610 7619
f 7507 7596 7601
f 7508 7597 7596
f 7509 7598 7597
f 5913 5914 7605
f 7522 5913 7627
f 7522 7627 7628
f 5913 7605 7627
f 7523 5915 7573
f 6302 7523 7573
f 5915 7629 7573
f 6302 7573 7630
f 6304 7629 5915
f 7630 7573 7631
f 7573 7629 7574
f 7631 7573 7607
f 7629 7632 7574
f 7629 7633 7632
f 7628 7634 7633
f 7628 7609 7634
f 7632 7633 7634
f 7576 7574 7632
f 7576 7566 7554
f 7576 7632 7566
f 7632 7634 7566
f 7566 7634 7609
f 7605 7571 7627
f 5914 7604 7605
f 7628 7627 7609
f 7571 7567 7609
f 7605 7603 7571
f 6303 7522 7628
f 6303 7628 7633
f 6304 7633 7629
f 6304 6303 7633
f 7618 7599 7598
f 7608 7602 7599
f 7608 7580 7461
f 7616 7580 7617
f 6302 7630 5911
f 5911 7630 7615
f 7542 7615 7635
f 7636 7630 7631
f 7636 7637 7638
f 7615 7630 7636
f 7615 7636 7639
f 7636 7631 7637
f 7640 7544 7546
f 7627 7571 7609
f 7640 7546 7641
f 7642 7607 7643
f 7643 7607 7575
f 7637 7644 7638
f 7637 7642 7644
f 7637 7607 7642
f 7643 7551 7640
f 7576 7643 7575
f 7576 7551 7643
f 7576 7554 7551
f 7642 7643 7640
f 7642 7640 7641
f 7642 7641 7644
f 7551 7544 7640
f 7631 7607 7637
f 4799 4802 4800
f 7404 7407 598
f 598 7407 600
f 7645 7646 7647
f 7648 7649 7650
f 7650 7651 7652
f 7653 7654 7652
f 7654 7655 7656
f 7650 7652 7657
f 7652 7654 7658
f 7659 7645 7647
f 7660 7647 7661
f 7662 7661 7655
f 7663 7655 7654
f 7647 7664 7661
f 7661 7665 7655
f 6601 6413 6605
f 7648 7666 6033
f 6033 7666 6031
f 6031 7666 5987
f 5987 7666 6633
f 7666 7657 6633
f 5987 6633 5989
f 7647 7646 7667
f 7647 7667 7664
f 7646 7668 7667
f 7654 7656 7658
f 7655 7665 7656
f 7650 7657 7666
f 7652 7658 7657
f 7653 7663 7654
f 7661 7664 7665
f 7662 7655 7663
f 7660 7661 7662
f 7669 7670 7671
f 7672 7673 7670
f 7672 7674 7675
f 7674 7676 7677
f 7678 7679 7680
f 6076 7680 6073
f 7681 7682 7679
f 7683 7676 7682
f 6073 7680 6079
f 7478 6079 7680
f 7679 7649 7684
f 7682 7651 7649
f 7478 7680 7684
f 7680 7679 7684
f 7679 7682 7649
f 7682 7676 7651
f 7653 7676 7674
f 7653 7651 7676
f 7653 7674 7663
f 7663 7674 7672
f 5991 7648 6035
f 6035 7648 6033
f 7648 7650 7666
f 6601 7668 7646
f 6601 6605 7668
f 7653 7652 7651
f 7659 7660 7685
f 7659 7647 7660
f 7668 6605 7667
f 7667 6636 7664
f 7667 6605 6635
f 7512 7686 6098
f 7687 7688 7689
f 7690 7691 7692
f 7336 6138 7686
f 7341 7686 7693
f 7336 7686 7337
f 7342 7693 7694
f 7278 7694 7695
f 7278 7695 7689
f 7229 7689 7688
f 7232 7688 7690
f 7337 7686 7341
f 7341 7693 7342
f 7342 7694 7278
f 7278 7689 7229
f 7229 7688 7232
f 7232 7690 7227
f 7690 7696 7227
f 7690 7692 7696
f 7692 7697 7696
f 7698 7699 7695
f 7699 7700 7695
f 7700 7687 7689
f 7687 7701 7688
f 7701 7702 7691
f 7702 7703 7704
f 7701 7691 7690
f 6138 6098 7686
f 7700 7689 7695
f 7698 7695 7694
f 7705 7694 7693
f 7667 6635 6636
f 6605 6606 6635
f 7658 7656 6637
f 7656 7665 6638
f 7658 6640 7657
f 7658 6637 6640
f 7665 6639 6638
f 7656 6638 6637
f 7657 6640 6633
f 7664 6639 7665
f 7664 6636 6639
f 7478 7684 6080
f 5991 6080 7684
f 6076 7475 7678
f 5991 7684 7648
f 7650 7649 7651
f 7706 7671 7707
f 7708 7707 7673
f 7707 7671 7673
f 7670 7673 7671
f 7672 7675 7673
f 7674 7677 7675
f 7709 7710 7683
f 7711 7677 7710
f 7712 7683 7681
f 6097 7713 6096
f 7714 7686 7512
f 7714 7693 7686
f 7648 7684 7649
f 7701 7690 7688
f 7715 7681 7678
f 6075 7678 7475
f 7716 7717 7718
f 7717 7719 7720
f 7719 7721 7720
f 7721 7722 7723
f 7724 7725 7726
f 7722 7726 7725
f 7727 7708 7728
f 6096 7713 6069
f 7713 7729 7678
f 7729 7715 7678
f 7713 7678 6069
f 7714 7705 7693
f 7705 7698 7694
f 7513 7714 7512
f 7730 7698 7705
f 7731 7699 7698
f 7699 7720 7700
f 7700 7723 7687
f 7687 7725 7701
f 7701 7725 7703
f 7701 7703 7702
f 7731 7718 7699
f 7718 7720 7699
f 7732 7733 7725
f 7721 7723 7720
f 7722 7725 7723
f 7724 7732 7725
f 7734 7716 7718
f 7724 7735 7732
f 7717 7720 7718
f 7736 7731 7730
f 7722 7737 7738
f 7739 7737 7740
f 7741 7738 7737
f 7706 7738 7742
f 7738 7727 7728
f 7706 7727 7738
f 7721 7737 7722
f 7722 7738 7726
f 7728 7743 7726
f 7738 7728 7726
f 7744 7745 7746
f 7745 7747 7748
f 7747 7749 7750
f 7745 7741 7746
f 7745 7748 7741
f 7747 7750 7748
f 7750 7751 7748
f 7748 7751 7742
f 7706 7707 7727
f 7751 7671 7742
f 7706 7742 7671
f 6092 7752 7477
f 5999 7477 7752
f 7752 7730 7705
f 7730 7731 7698
f 7753 7730 7752
f 7754 7752 6092
f 7734 7718 7731
f 7700 7720 7723
f 7687 7723 7725
f 7703 7725 7733
f 6692 6683 6693
f 6693 6685 6694
f 6694 6686 6695
f 6695 6687 6696
f 6696 6688 6697
f 6697 6689 6698
f 6698 6690 6601
f 6601 7659 7749
f 7750 7669 7751
f 7749 7659 7750
f 7751 7669 7671
f 7750 7755 7669
f 7750 7659 7685
f 7750 7685 7755
f 7669 7755 7670
f 6601 7646 7645
f 6601 7645 7659
f 7755 7685 7670
f 7662 7672 7670
f 7685 7660 7670
f 7660 7662 7670
f 7662 7663 7672
f 6076 7678 7680
f 7676 7710 7677
f 7678 7681 7679
f 7681 7683 7682
f 7683 7710 7676
f 7756 6684 6692
f 7757 6684 7756
f 5082 4811 5083
f 5081 4812 5082
f 7732 7758 7733
f 7703 7733 7758
f 7732 7735 7758
f 7735 7759 7758
f 7724 7743 7708
f 7728 7708 7743
f 7724 7708 7735
f 7727 7707 7708
f 7735 7708 7759
f 7759 7708 7673
f 7760 7675 7677
f 7760 7673 7675
f 7761 7673 7760
f 6075 6069 7678
f 7762 7673 7761
f 7709 7683 7712
f 7763 7677 7764
f 7760 7677 7763
f 7765 7764 7677
f 7765 7677 7711
f 7766 7767 7710
f 7711 7710 7767
f 7766 7710 7709
f 7715 7768 7681
f 7768 7712 7681
f 5079 4814 5080
f 5080 4813 5081
f 6682 6684 7757
f 7759 7673 7762
f 7719 7737 7721
f 7702 7769 7691
f 7770 7771 7772
f 4171 6798 6799
f 4171 6799 6795
f 4173 6760 4887
f 4171 4887 6798
f 4176 6720 4883
f 4179 6805 6804
f 4179 4883 6805
f 4179 6804 6806
f 4179 6806 4825
f 4176 4826 6720
f 4172 6767 4827
f 4173 4827 6760
f 4172 6768 6767
f 4172 4828 6768
f 4418 6770 4828
f 4418 4829 6770
f 4167 4830 4829
f 4412 4831 4830
f 4413 6456 4831
f 4413 6459 6456
f 4413 6460 6459
f 4413 6461 6460
f 4413 4832 6461
f 4414 4833 4832
f 4415 4834 4833
f 4422 4835 4834
f 4426 4836 4835
f 4171 6795 4826
f 4406 6358 4836
f 4181 6807 4839
f 4850 4884 6505
f 4490 4789 7773
f 4517 4785 4789
f 5862 4810 4963
f 5864 4713 4851
f 5865 4851 4852
f 5866 4852 4853
f 5867 4853 4854
f 5868 4854 4855
f 5869 4855 4856
f 5870 4856 4857
f 5871 4857 4858
f 5872 4858 4859
f 4238 5989 4951
f 4239 4951 4952
f 4241 4952 4953
f 4226 4953 4954
f 4202 4954 4955
f 4203 4955 6630
f 4203 6630 4956
f 4205 4956 4957
f 4243 4957 4958
f 4288 4958 4959
f 4292 4959 4960
f 4293 4960 4961
f 4261 4961 4962
f 4963 4850 7774
f 4963 4810 4809
f 4181 4825 6807
f 4406 4837 6358
f 4427 4838 4837
f 4423 4840 4838
f 5078 4816 4815
f 5079 4815 4814
f 4963 7774 7511
f 4850 6505 7775
f 4850 7775 7776
f 4850 7776 7777
f 4850 7777 7778
f 4850 7778 7779
f 4850 7779 7774
f 7511 6775 6777
f 7511 6505 6775
f 7511 6777 6776
f 7511 7778 7777
f 7511 7774 7779
f 7511 7779 7778
f 7511 7777 7776
f 7511 7776 7775
f 7511 7775 6505
f 6775 6784 6777
f 6775 6505 6507
f 6776 6777 6520
f 4383 6386 4845
f 4384 4845 4823
f 4385 4823 4792
f 4374 4792 4793
f 4376 4793 6568
f 4376 6568 6502
f 5077 4818 4816
f 5076 4817 4818
f 5075 4822 4817
f 5074 4846 4822
f 4383 4962 6362
f 4383 6362 6386
f 4424 4841 4840
f 4321 6391 4841
f 4321 4824 6391
f 4343 4839 6364
f 4343 6364 4842
f 4330 4843 4844
f 4329 4842 4843
f 4350 4844 6394
f 4351 4800 4824
f 4963 7511 7470
f 5873 4859 4819
f 4490 7773 4788
f 5874 4819 4860
f 5876 4861 4862
f 5877 4862 4863
f 5878 4863 4864
f 5886 4864 4865
f 5885 4865 4866
f 5884 4866 4867
f 5883 4867 4848
f 6682 6776 6691
f 5882 4848 4847
f 5880 4847 4821
f 5879 4821 4820
f 6682 7511 6776
f 5881 4820 4846
f 5875 4860 4861
f 7702 7704 7769
f 4512 4788 4787
f 5073 4712 4713
f 7780 7781 7771
f 7782 7783 7784
f 7785 7786 7233
f 7785 7787 7786
f 7787 7788 7786
f 7789 7790 7788
f 7791 7792 7790
f 7233 7786 7234
f 7786 7788 7234
f 614 7782 7781
f 612 7790 7792
f 619 7792 7783
f 617 7783 7782
f 609 7234 7788
f 609 7788 7790
f 7793 7788 7787
f 7703 7758 7704
f 7770 7729 7713
f 7770 7715 7729
f 7770 7768 7715
f 7759 7762 7758
f 7762 7761 7794
f 7761 7760 7795
f 7760 7763 7795
f 7796 7766 7709
f 7797 7765 7711
f 7796 7767 7766
f 7782 7772 7781
f 7796 7711 7767
f 6094 7780 7771
f 7784 7783 7798
f 7692 7691 7799
f 7691 7769 7799
f 7692 7799 7697
f 7769 7794 7793
f 7800 7772 7784
f 7801 7784 7798
f 7796 7798 7791
f 7769 7793 7799
f 7795 7789 7793
f 7797 7791 7789
f 7696 7785 7227
f 7227 7785 7233
f 7696 7697 7785
f 7785 7697 7787
f 7798 7783 7792
f 754 7781 7780
f 6101 7780 6094
f 6101 6140 7780
f 6093 6095 7771
f 6095 7516 7771
f 7789 7788 7793
f 7789 7791 7790
f 7793 7787 7697
f 7799 7793 7697
f 6094 7771 7516
f 7781 7772 7771
f 7798 7792 7791
f 7782 7784 7772
f 7801 7709 7712
f 7801 7712 7768
f 7797 7763 7764
f 4674 7773 4672
f 4672 4789 4673
f 4673 4785 4675
f 4510 4786 4670
f 4669 4786 4787
f 4671 4787 4788
f 4672 7773 4789
f 4674 4788 7773
f 4673 4789 4785
f 4675 4785 4689
f 5122 4570 4693
f 5096 4693 4694
f 5095 4694 4692
f 5094 4692 4714
f 5093 4714 4715
f 5061 4715 4716
f 5062 4716 4717
f 5063 4717 4718
f 5064 4718 4696
f 5065 4696 4698
f 5066 4698 4702
f 5067 4702 4700
f 5068 4700 4704
f 5069 4704 4706
f 5070 4706 4708
f 5071 4708 4710
f 5072 4710 4712
f 4671 4788 4674
f 4669 4787 4671
f 4670 4786 4669
f 612 7792 619
f 7797 7764 7765
f 6097 7517 7770
f 6097 7770 7713
f 7795 7763 7797
f 7801 7796 7709
f 7797 7711 7796
f 7800 7768 7770
f 7800 7801 7768
f 7769 7704 7794
f 7758 7794 7704
f 7761 7795 7794
f 7762 7794 7758
f 7517 7518 7770
f 4529 4675 4689
f 7518 6093 7770
f 7770 6093 7771
f 7800 7770 7772
f 7794 7795 7793
f 7801 7798 7796
f 7795 7797 7789
f 7797 7796 7791
f 7410 7400 6140
f 7400 7780 6140
f 7400 754 7780
f 617 7782 614
f 754 614 7781
f 609 7790 612
f 617 619 7783
f 7800 7784 7801
f 7403 7405 7407
f 7717 7802 7719
f 7803 7740 7802
f 7804 7805 7806
f 7807 7808 7809
f 7808 7810 7811
f 7810 7812 7813
f 7814 7815 7812
f 7814 7806 7816
f 7806 7805 7817
f 7752 7705 7714
f 7513 6001 7714
f 5999 7714 6001
f 5999 7752 7714
f 5996 7818 7524
f 7524 7818 6002
f 6002 7819 7525
f 7526 7819 7527
f 7525 7819 7526
f 7818 7819 6002
f 7819 7820 7527
f 6006 7820 7528
f 6006 7527 7820
f 7528 7820 7821
f 7528 7821 7529
f 7807 7822 7818
f 7807 7809 7822
f 7808 7811 7809
f 7810 7813 7811
f 7812 7815 7813
f 7804 7823 7805
f 7814 7816 7815
f 7626 7823 7545
f 7545 7823 7546
f 7540 7824 7541
f 5996 7541 7807
f 5996 7807 7818
f 5994 7635 7824
f 7615 7639 7635
f 7635 7825 7824
f 7541 7824 7807
f 7824 7825 7808
f 7807 7824 7808
f 7635 7639 7825
f 7636 7638 7639
f 7639 7638 7826
f 7639 7826 7825
f 7808 7825 7810
f 7825 7826 7810
f 7827 7828 7644
f 7826 7828 7812
f 7826 7812 7810
f 7814 7812 7828
f 7827 7644 7641
f 7804 7641 7546
f 7827 7641 7804
f 7827 7804 7806
f 7827 7814 7828
f 7827 7806 7814
f 7826 7638 7828
f 7638 7644 7828
f 7804 7546 7823
f 7806 7817 7816
f 6088 7754 6092
f 7754 7753 7752
f 7829 7830 7831
f 7832 7831 7833
f 7830 7834 7831
f 7835 7836 7837
f 7837 7836 7838
f 7837 7838 7834
f 7836 7839 7838
f 7831 7834 7840
f 7834 7838 7841
f 7529 7821 6009
f 6009 7821 7842
f 7821 7843 7844
f 7843 7832 7845
f 7834 7841 7840
f 7821 7844 7842
f 6009 7842 7530
f 7530 7842 7846
f 7843 7845 7844
f 7842 7844 7847
f 7530 7846 7531
f 6012 7531 7846
f 7842 7847 7846
f 6012 7846 7532
f 7846 7848 7532
f 7832 7833 7845
f 7831 7840 7833
f 7844 7845 7849
f 7837 7834 7830
f 7850 7837 7830
f 7851 7852 7836
f 7850 7835 7837
f 7753 7853 7730
f 7853 7736 7730
f 7736 7734 7731
f 7818 7822 7854
f 7822 7809 7855
f 7818 7854 7819
f 7819 7854 7856
f 7822 7855 7854
f 7809 7811 7850
f 7809 7850 7855
f 7854 7855 7829
f 7855 7850 7830
f 7819 7856 7820
f 5994 7824 7540
f 7854 7829 7856
f 7820 7843 7821
f 7855 7830 7829
f 7856 7829 7832
f 7856 7832 7843
f 7829 7831 7832
f 7811 7813 7835
f 7811 7835 7850
f 7851 7835 7813
f 7815 7816 7857
f 7815 7851 7813
f 7851 7836 7835
f 7815 7857 7851
f 7851 7857 7852
f 7820 7856 7843
f 7845 7833 7858
f 7542 7635 7543
f 6693 6694 7859
f 620 605 608
f 7462 7503 7463
f 7462 7504 7503
f 7462 7620 7504
f 7462 7622 7620
f 7462 7860 7622
f 7462 7861 7860
f 7462 7862 7861
f 7462 7863 7862
f 7462 7864 7863
f 7462 7472 7864
f 7465 7865 7472
f 7465 7473 7865
f 7464 7866 7473
f 7464 7867 7866
f 7464 7474 7867
f 6682 7757 7868
f 6682 7868 7869
f 6682 7869 7474
f 7620 7622 7616
f 7622 7860 7623
f 7860 7861 7623
f 7861 7862 7870
f 7862 7863 7870
f 7863 7864 7870
f 7864 7472 7870
f 7472 7865 7870
f 608 604 7871
f 7865 7473 7870
f 7871 604 603
f 7377 7378 7871
f 7390 7360 7406
f 7358 7360 7390
f 7406 7360 7872
f 7406 7872 7873
f 7405 7406 7873
f 7405 7874 7407
f 7405 7873 7874
f 7407 601 600
f 7407 606 601
f 7407 7874 606
f 7360 7357 7872
f 7875 7873 7872
f 7873 7871 7874
f 7357 7876 7872
f 7876 7875 7872
f 7875 7871 7873
f 7874 7871 607
f 607 7871 603
f 7874 607 606
f 7372 7373 7876
f 7373 7374 7876
f 7372 7876 7357
f 7876 7374 7875
f 7875 7374 7375
f 7375 7376 7871
f 7875 7375 7871
f 7376 7377 7871
f 7378 608 7871
f 7473 7866 7870
f 7861 7870 7623
f 7623 7870 7877
f 7878 7879 7880
f 7881 7882 7883
f 7869 7884 7885
f 7868 7756 7884
f 7885 7884 7886
f 7885 7886 7887
f 7888 7886 7879
f 7883 7889 7817
f 7880 7890 7882
f 7883 7882 7890
f 7879 7891 7880
f 7880 7892 7890
f 7883 7890 7889
f 7886 7891 7879
f 7880 7891 7892
f 7890 7893 7889
f 7889 7893 7894
f 7890 7892 7893
f 7892 7895 7893
f 7887 7886 7888
f 7884 7756 7886
f 7756 6692 7886
f 7892 7891 7896
f 7886 7896 7891
f 7886 6692 7859
f 6692 6693 7859
f 7886 7859 7896
f 7881 7880 7882
f 7805 7883 7817
f 7897 7888 7879
f 7898 7887 7888
f 7623 7877 7610
f 7610 7898 7899
f 7610 7899 7611
f 7610 7877 7898
f 7899 7898 7897
f 7899 7897 7900
f 7881 7823 7901
f 7881 7805 7823
f 7611 7901 7626
f 7611 7899 7901
f 7626 7901 7823
f 7901 7900 7878
f 7899 7900 7901
f 7543 7635 5994
f 7881 7901 7878
f 7870 7885 7877
f 7877 7887 7898
f 7898 7888 7897
f 7897 7879 7900
f 7881 7883 7805
f 7881 7878 7880
f 7900 7879 7878
f 7867 7885 7870
f 7867 7474 7885
f 7474 7869 7885
f 7869 7868 7884
f 7868 7757 7756
f 7877 7885 7887
f 7866 7867 7870
f 7719 7802 7737
f 7845 7858 7849
f 7833 7902 7858
f 7903 7904 7744
f 7905 7747 7904
f 7905 6601 7747
f 7904 7745 7744
f 7904 7747 7745
f 6601 7749 7747
f 6023 7906 6025
f 7906 7907 6025
f 7906 7908 7909
f 7906 7909 7907
f 7538 6025 7907
f 7538 7907 7514
f 7515 7514 7907
f 7910 7911 7912
f 7908 7910 7913
f 7908 7913 7909
f 7910 7912 7913
f 7911 7914 7912
f 7914 7915 7912
f 7907 7909 7916
f 7907 7916 7917
f 7515 7907 7917
f 7909 7913 7916
f 7913 7918 7916
f 7913 7912 7918
f 7515 7917 7539
f 7917 7916 7539
f 7919 7904 7903
f 7916 6028 7539
f 7905 6698 6601
f 7919 7920 7904
f 7921 7922 7923
f 7924 7925 7922
f 7926 7927 7911
f 7927 7928 7914
f 7926 7911 7910
f 7927 7914 7911
f 7928 7923 7929
f 7928 7929 7914
f 7930 7931 7932
f 7930 7932 7933
f 7933 7932 7920
f 7934 7920 7919
f 7935 7919 7936
f 7937 7936 7903
f 7936 7919 7903
f 7937 7903 7925
f 7923 7922 7938
f 7922 7925 7938
f 7925 7903 7938
f 7923 7938 7929
f 7938 7903 7744
f 6695 6696 7931
f 7931 6696 7905
f 6696 6697 7905
f 7931 7905 7932
f 6697 6698 7905
f 7920 7932 7904
f 7932 7905 7904
f 7916 7939 6028
f 7916 7918 7939
f 6028 7939 7519
f 7741 7748 7738
f 7738 7748 7742
f 6083 7940 6088
f 7476 7940 6085
f 6083 6085 7940
f 6088 7940 7754
f 7940 7941 7753
f 7940 7753 7754
f 7753 7941 7853
f 7736 7941 7942
f 7853 7941 7736
f 7736 7942 7734
f 7734 7803 7716
f 7476 7943 7940
f 7943 7944 7940
f 7944 7941 7940
f 7944 7945 7941
f 7945 7942 7941
f 7945 7946 7942
f 7942 7946 7803
f 7739 7740 7946
f 7734 7942 7803
f 7716 7802 7717
f 7724 7726 7743
f 7946 7740 7803
f 7740 7737 7802
f 7716 7803 7802
f 7741 7737 7739
f 7947 7739 7946
f 7948 7739 7947
f 7948 7741 7739
f 7520 7943 6086
f 7519 7939 7520
f 7939 7943 7520
f 6086 7943 7476
f 7914 7929 7915
f 7929 7938 7915
f 7938 7744 7949
f 7938 7949 7915
f 7912 7915 7918
f 7915 7950 7918
f 7915 7949 7950
f 7949 7951 7950
f 7744 7746 7949
f 7921 7924 7922
f 7949 7746 7951
f 7939 7918 7952
f 7939 7952 7943
f 7952 7944 7943
f 7952 7953 7944
f 7918 7950 7952
f 7950 7953 7952
f 7950 7951 7953
f 7944 7953 7945
f 7953 7947 7945
f 7945 7947 7946
f 7951 7947 7953
f 7951 7948 7947
f 7746 7741 7948
f 7746 7948 7951
f 7833 7840 7902
f 7954 7923 7928
f 7955 7928 7927
f 7892 7956 7895
f 7892 7896 7956
f 7895 7956 7957
f 7958 7957 7959
f 7958 7959 7960
f 7957 7956 7933
f 6694 7931 7859
f 7896 7859 7930
f 7896 7930 7956
f 6694 6695 7931
f 7859 7931 7930
f 7840 7841 7961
f 7841 7962 7963
f 7841 7963 7961
f 7840 7961 7902
f 7962 7960 7963
f 7963 7964 7961
f 7963 7960 7965
f 7858 7902 7966
f 7902 7961 7967
f 7902 7967 7966
f 7858 7966 7968
f 7961 7964 7967
f 7963 7965 7964
f 7964 7969 7967
f 7957 7934 7959
f 7960 7959 7965
f 7970 7958 7960
f 7959 7971 7965
f 7970 7960 7962
f 7972 7958 7970
f 7844 7849 7847
f 7846 7847 7973
f 7846 7973 7848
f 7847 7849 7974
f 7847 7974 7973
f 7849 7858 7968
f 7849 7968 7974
f 7816 7817 7975
f 7816 7975 7857
f 7817 7889 7975
f 7857 7975 7976
f 7975 7894 7976
f 7889 7894 7975
f 7857 7976 7852
f 7852 7839 7836
f 7852 7976 7972
f 7852 7972 7839
f 7976 7894 7977
f 7894 7895 7977
f 7894 7893 7895
f 7976 7977 7972
f 7977 7958 7972
f 7977 7895 7957
f 7838 7839 7962
f 7839 7972 7970
f 7838 7962 7841
f 7839 7970 7962
f 7977 7957 7958
f 7959 7934 7971
f 7957 7933 7934
f 7956 7930 7933
f 7978 7955 7979
f 7980 7981 7954
f 7981 7982 7921
f 7981 7921 7954
f 7980 7954 7955
f 7964 7983 7969
f 7969 7924 7982
f 7934 7919 7935
f 7969 7983 7937
f 7983 7935 7937
f 7982 7924 7921
f 7969 7937 7924
f 7935 7936 7937
f 7937 7925 7924
f 7984 7985 7986
f 7979 7926 7985
f 7984 7986 7987
f 7985 7926 7986
f 7979 7955 7927
f 7979 7927 7926
f 6021 7987 6023
f 7987 7986 7908
f 7987 7908 7906
f 7987 7906 6023
f 7986 7926 7910
f 7986 7910 7908
f 7955 7954 7928
f 7988 7979 7985
f 7978 7980 7955
f 7988 7978 7979
f 7967 7969 7982
f 7964 7965 7983
f 7971 7983 7965
f 7971 7934 7935
f 7971 7935 7983
f 7934 7933 7920
f 7532 7848 7533
f 7533 7848 6015
f 7848 7534 6015
f 7973 7988 7848
f 7973 7974 7978
f 7848 7989 7534
f 7848 7988 7989
f 7973 7978 7988
f 7954 7921 7923
f 7534 7989 6018
f 7989 7984 6018
f 7989 7985 7984
f 7535 7984 7536
f 7535 6018 7984
f 7984 7537 7536
f 7984 7987 7537
f 7537 7987 6021
f 7974 7968 7980
f 7968 7966 7981
f 7974 7980 7978
f 7968 7981 7980
f 7966 7967 7982
f 7966 7982 7981
f 7989 7988 7985
f 2962 2965 2969

