# https://github.com/mikedh/trimesh

o gripper_finger_tpu_26mm_uniform_width_raise_2mm.stl
v 0.01116551 -0.01300096 0.04259816 0.25490196 0.25490196 0.25490196
v 0.00732794 -0.01300096 0.04270309 0.25490196 0.25490196 0.25490196
v 0.00831731 -0.01300096 0.04311533 0.25490196 0.25490196 0.25490196
v 0.01349653 -0.01300096 0.04563374 0.25490196 0.25490196 0.25490196
v 0.01209492 -0.01300096 0.04694541 0.25490196 0.25490196 0.25490196
v 0.01366893 -0.01300096 0.04693042 0.25490196 0.25490196 0.25490196
v 0.01300185 -0.01300096 0.04442700 0.25490196 0.25490196 0.25490196
v 0.01220735 -0.01300096 0.04339266 0.25490196 0.25490196 0.25490196
v 0.01366893 -0.01300096 0.04694541 0.25490196 0.25490196 0.25490196
v 0.01363894 -0.01300096 0.04750006 0.25490196 0.25490196 0.25490196
v 0.01209492 -0.01300096 0.05204219 0.25490196 0.25490196 0.25490196
v 0.01302433 -0.01300096 0.05204219 0.25490196 0.25490196 0.25490196
v 0.01209492 -0.01300096 0.04331021 0.25490196 0.25490196 0.25490196
v 0.01037101 -0.01300096 0.04573867 0.25490196 0.25490196 0.25490196
v 0.01037101 -0.01300096 0.04796477 0.25490196 0.25490196 0.25490196
v 0.01209492 -0.01300096 0.05423080 0.25490196 0.25490196 0.25490196
v 0.01272452 -0.01300096 0.05423080 0.25490196 0.25490196 0.25490196
v 0.01231228 -0.01300096 0.05732635 0.25490196 0.25490196 0.25490196
v 0.01209492 -0.01300096 0.05856306 0.25490196 0.25490196 0.25490196
v 0.01184008 -0.01300096 0.04311533 0.25490196 0.25490196 0.25490196
v 0.00925422 -0.01300096 0.04381239 0.25490196 0.25490196 0.25490196
v 0.00993629 -0.01300096 0.04470433 0.25490196 0.25490196 0.25490196
v 0.01051342 -0.01300096 0.04685547 0.25490196 0.25490196 0.25490196
v 0.01050592 -0.01300096 0.04694541 0.25490196 0.25490196 0.25490196
v 0.00993629 -0.01300096 0.04900661 0.25490196 0.25490196 0.25490196
v 0.00925422 -0.01300096 0.04989854 0.25490196 0.25490196 0.25490196
v 0.00836228 -0.01300096 0.04313032 0.25490196 0.25490196 0.25490196
v 0.00631608 -0.01300096 0.05204219 0.25490196 0.25490196 0.25490196
v 0.00667585 -0.01300096 0.05759618 0.25490196 0.25490196 0.25490196
v 0.00836228 -0.01300096 0.05058061 0.25490196 0.25490196 0.25490196
v 0.01037101 -0.00650096 0.04573867 0.25490196 0.25490196 0.25490196
v 0.00993629 -0.00650096 0.04470433 0.25490196 0.25490196 0.25490196
v 0.01051342 -0.00650096 0.04685547 0.25490196 0.25490196 0.25490196
v 0.01037101 -0.00650096 0.04796477 0.25490196 0.25490196 0.25490196
v 0.00925422 -0.00650096 0.04381239 0.25490196 0.25490196 0.25490196
v 0.00993629 -0.00650096 0.04900661 0.25490196 0.25490196 0.25490196
v 0.00925422 -0.00650096 0.04989854 0.25490196 0.25490196 0.25490196
v 0.00836228 -0.00650096 0.04313032 0.25490196 0.25490196 0.25490196
v 0.00935165 -0.00650096 0.04601600 0.25490196 0.25490196 0.25490196
v 0.00946408 -0.00650096 0.04685547 0.25490196 0.25490196 0.25490196
v 0.00902936 -0.00650096 0.04522900 0.25490196 0.25490196 0.25490196
v 0.00851219 -0.00650096 0.04455442 0.25490196 0.25490196 0.25490196
v 0.00935165 -0.00650096 0.04769493 0.25490196 0.25490196 0.25490196
v 0.00902936 -0.00650096 0.04848194 0.25490196 0.25490196 0.25490196
v 0.00851219 -0.00650096 0.04915651 0.25490196 0.25490196 0.25490196
v 0.00836228 -0.00650096 0.05058061 0.25490196 0.25490196 0.25490196
v 0.00684824 -0.01300096 0.04010224 0.25490196 0.25490196 0.25490196
v 0.00631608 -0.01300096 0.04256818 0.25490196 0.25490196 0.25490196
v 0.00631608 -0.01300096 0.03979493 0.25490196 0.25490196 0.25490196
v 0.00631608 -0.01300096 0.04010224 0.25490196 0.25490196 0.25490196
v 0.00621114 -0.01300096 0.04255319 0.25490196 0.25490196 0.25490196
v 0.00732794 -0.00650096 0.04270309 0.25490196 0.25490196 0.25490196
v 0.00621114 -0.00650096 0.04255319 0.25490196 0.25490196 0.25490196
v 0.00418742 -0.01300096 0.03857320 0.25490196 0.25490196 0.25490196
v 0.00510184 -0.01300096 0.04270309 0.25490196 0.25490196 0.25490196
v 0.00418742 -0.01300096 0.04010224 0.25490196 0.25490196 0.25490196
v 0.00418742 -0.01300096 0.04307785 0.25490196 0.25490196 0.25490196
v 0.00285326 -0.01300096 0.04010224 0.25490196 0.25490196 0.25490196
v 0.00411247 -0.01300096 0.04311533 0.25490196 0.25490196 0.25490196
v 0.00510184 -0.00650096 0.04270309 0.25490196 0.25490196 0.25490196
v 0.00631608 -0.01300096 0.05423080 0.25490196 0.25490196 0.25490196
v 0.00647347 -0.01300096 0.05723640 0.25490196 0.25490196 0.25490196
v 0.00660089 -0.01300096 0.05740130 0.25490196 0.25490196 0.25490196
v 0.00631608 -0.01300096 0.05711648 0.25490196 0.25490196 0.25490196
v 0.00670583 -0.01300096 0.05780604 0.25490196 0.25490196 0.25490196
v 0.00669833 -0.01300096 0.05792597 0.25490196 0.25490196 0.25490196
v 0.00732794 -0.01300096 0.05100784 0.25490196 0.25490196 0.25490196
v 0.00631608 -0.01300096 0.05114276 0.25490196 0.25490196 0.25490196
v 0.00621114 -0.01300096 0.05115774 0.25490196 0.25490196 0.25490196
v 0.00630858 -0.01300096 0.05710898 0.25490196 0.25490196 0.25490196
v 0.00732794 -0.00650096 0.05100784 0.25490196 0.25490196 0.25490196
v 0.00621114 -0.00650096 0.05115774 0.25490196 0.25490196 0.25490196
v 0.00418742 -0.01300096 0.05204219 0.25490196 0.25490196 0.25490196
v 0.00510184 -0.01300096 0.05100784 0.25490196 0.25490196 0.25490196
v 0.00418742 -0.01300096 0.05588726 0.25490196 0.25490196 0.25490196
v 0.00418742 -0.01300096 0.05063308 0.25490196 0.25490196 0.25490196
v 0.00418742 -0.01300096 0.05423080 0.25490196 0.25490196 0.25490196
v 0.00406750 -0.01300096 0.05058061 0.25490196 0.25490196 0.25490196
v 0.00285326 -0.01300096 0.05204219 0.25490196 0.25490196 0.25490196
v 0.00342290 -0.01300096 0.05545253 0.25490196 0.25490196 0.25490196
v 0.00406750 -0.00650096 0.04313032 0.25490196 0.25490196 0.25490196
v 0.00406750 -0.01300096 0.04313032 0.25490196 0.25490196 0.25490196
v 0.00406750 -0.00650096 0.05058061 0.25490196 0.25490196 0.25490196
v 0.00317556 -0.01300096 0.04989854 0.25490196 0.25490196 0.25490196
v 0.00510184 -0.00650096 0.05100784 0.25490196 0.25490196 0.25490196
v 0.00783761 -0.00650096 0.04403725 0.25490196 0.25490196 0.25490196
v 0.00705810 -0.00650096 0.04371495 0.25490196 0.25490196 0.25490196
v 0.00783761 -0.00650096 0.04966619 0.25490196 0.25490196 0.25490196
v 0.00621114 -0.00650096 0.04360252 0.25490196 0.25490196 0.25490196
v 0.00705810 -0.00650096 0.04999598 0.25490196 0.25490196 0.25490196
v 0.00621114 -0.00650096 0.05010841 0.25490196 0.25490196 0.25490196
v 0.00317556 -0.00650096 0.04381239 0.25490196 0.25490196 0.25490196
v 0.00537167 -0.00650096 0.04371495 0.25490196 0.25490196 0.25490196
v 0.00459217 -0.00650096 0.04403725 0.25490196 0.25490196 0.25490196
v 0.00537167 -0.00650096 0.04999598 0.25490196 0.25490196 0.25490196
v 0.00391759 -0.00650096 0.04455442 0.25490196 0.25490196 0.25490196
v 0.00459217 -0.00650096 0.04966619 0.25490196 0.25490196 0.25490196
v 0.00391759 -0.00650096 0.04915651 0.25490196 0.25490196 0.25490196
v 0.00317556 -0.00650096 0.04989854 0.25490196 0.25490196 0.25490196
v 0.01177262 -0.01300096 0.06036193 0.25490196 0.25490196 0.25490196
v 0.00631608 -0.01300096 0.06036193 0.25490196 0.25490196 0.25490196
v 0.01058837 -0.01300096 0.06709267 0.25490196 0.25490196 0.25490196
v 0.00631608 -0.01300096 0.06819448 0.25490196 0.25490196 0.25490196
v 0.01034852 -0.01300096 0.06819448 0.25490196 0.25490196 0.25490196
v 0.00649596 -0.01300096 0.05921515 0.25490196 0.25490196 0.25490196
v 0.00644349 -0.01300096 0.05939504 0.25490196 0.25490196 0.25490196
v 0.00635355 -0.01300096 0.05955244 0.25490196 0.25490196 0.25490196
v 0.00631608 -0.01300096 0.05959741 0.25490196 0.25490196 0.25490196
v 0.00622613 -0.01300096 0.05969485 0.25490196 0.25490196 0.25490196
v 0.00607623 -0.01300096 0.05979978 0.25490196 0.25490196 0.25490196
v 0.00591882 -0.01300096 0.06264798 0.25490196 0.25490196 0.25490196
v 0.00631608 -0.01300096 0.07390586 0.25490196 0.25490196 0.25490196
v 0.00910431 -0.01300096 0.07390586 0.25490196 0.25490196 0.25490196
v 0.00589634 -0.01300096 0.05986724 0.25490196 0.25490196 0.25490196
v 0.00571645 -0.01300096 0.05988973 0.25490196 0.25490196 0.25490196
v 0.00584387 -0.01300096 0.06230320 0.25490196 0.25490196 0.25490196
v 0.00590383 -0.01300096 0.06246809 0.25490196 0.25490196 0.25490196
v 0.00574644 -0.01300096 0.06214580 0.25490196 0.25490196 0.25490196
v 0.00561902 -0.01300096 0.06201838 0.25490196 0.25490196 0.25490196
v 0.00546911 -0.01300096 0.06192844 0.25490196 0.25490196 0.25490196
v 0.00529672 -0.01300096 0.06186848 0.25490196 0.25490196 0.25490196
v 0.00552907 -0.01300096 0.05986724 0.25490196 0.25490196 0.25490196
v 0.00418742 -0.01300096 0.06036193 0.25490196 0.25490196 0.25490196
v 0.00418742 -0.01300096 0.06161363 0.25490196 0.25490196 0.25490196
v 0.00591133 -0.01300096 0.06278289 0.25490196 0.25490196 0.25490196
v 0.00546911 -0.01300096 0.06530879 0.25490196 0.25490196 0.25490196
v 0.00418742 -0.01300096 0.05955994 0.25490196 0.25490196 0.25490196
v 0.00285326 -0.01300096 0.05926012 0.25490196 0.25490196 0.25490196
v 0.00285326 -0.01300096 0.06036193 0.25490196 0.25490196 0.25490196
v 0.00540915 -0.01300096 0.06548869 0.25490196 0.25490196 0.25490196
v 0.00460716 -0.01300096 0.06819448 0.25490196 0.25490196 0.25490196
v 0.00531171 -0.01300096 0.06565358 0.25490196 0.25490196 0.25490196
v 0.00443476 -0.01300096 0.06804457 0.25490196 0.25490196 0.25490196
v 0.00517680 -0.01300096 0.06579599 0.25490196 0.25490196 0.25490196
v 0.00479454 -0.01300096 0.06852426 0.25490196 0.25490196 0.25490196
v 0.00481702 -0.01300096 0.06872663 0.25490196 0.25490196 0.25490196
v 0.00471958 -0.01300096 0.06833688 0.25490196 0.25490196 0.25490196
v 0.00480203 -0.01300096 0.06887654 0.25490196 0.25490196 0.25490196
v 0.00429235 -0.01300096 0.07146990 0.25490196 0.25490196 0.25490196
v 0.00423239 -0.01300096 0.07165728 0.25490196 0.25490196 0.25490196
v 0.00501190 -0.01300096 0.06589343 0.25490196 0.25490196 0.25490196
v 0.00482452 -0.01300096 0.06595339 0.25490196 0.25490196 0.25490196
v 0.00463714 -0.01300096 0.06596089 0.25490196 0.25490196 0.25490196
v 0.00459217 -0.01300096 0.06817199 0.25490196 0.25490196 0.25490196
v 0.00444226 -0.01300096 0.06593090 0.25490196 0.25490196 0.25490196
v 0.00418742 -0.01300096 0.06794713 0.25490196 0.25490196 0.25490196
v 0.00425488 -0.01300096 0.06796212 0.25490196 0.25490196 0.25490196
v 0.00418742 -0.01300096 0.06584846 0.25490196 0.25490196 0.25490196
v 0.00285326 -0.01300096 0.06543622 0.25490196 0.25490196 0.25490196
v 0.00418742 -0.01300096 0.07390586 0.25490196 0.25490196 0.25490196
v 0.00418742 -0.01300096 0.07171725 0.25490196 0.25490196 0.25490196
v 0.00411996 -0.01300096 0.07182218 0.25490196 0.25490196 0.25490196
v 0.00397755 -0.01300096 0.07195709 0.25490196 0.25490196 0.25490196
v 0.00379767 -0.01300096 0.07205453 0.25490196 0.25490196 0.25490196
v 0.00361028 -0.01300096 0.07210700 0.25490196 0.25490196 0.25490196
v 0.00847471 -0.01300096 0.07678404 0.25490196 0.25490196 0.25490196
v 0.00765773 -0.01300096 0.07989458 0.25490196 0.25490196 0.25490196
v 0.00631608 -0.01300096 0.07989458 0.25490196 0.25490196 0.25490196
v 0.00631608 -0.01300096 0.08506630 0.25490196 0.25490196 0.25490196
v 0.00354283 -0.01300096 0.07469287 0.25490196 0.25490196 0.25490196
v 0.00356531 -0.01300096 0.07488774 0.25490196 0.25490196 0.25490196
v 0.00347537 -0.01300096 0.07451298 0.25490196 0.25490196 0.25490196
v 0.00354283 -0.01300096 0.07505264 0.25490196 0.25490196 0.25490196
v 0.00418742 -0.01300096 0.07989458 0.25490196 0.25490196 0.25490196
v 0.00418742 -0.01300096 0.08626554 0.25490196 0.25490196 0.25490196
v 0.00600127 -0.01300096 0.08626554 0.25490196 0.25490196 0.25490196
v 0.00597129 -0.01300096 0.08637798 0.25490196 0.25490196 0.25490196
v 0.00285326 -0.01300096 0.07989458 0.25490196 0.25490196 0.25490196
v 0.00418742 -0.01300096 0.09222428 0.25490196 0.25490196 0.25490196
v 0.00285326 -0.01300096 0.08626554 0.25490196 0.25490196 0.25490196
v 0.01116551 0.01299904 0.04259816 0.25490196 0.25490196 0.25490196
v 0.01300185 0.01299904 0.04442700 0.25490196 0.25490196 0.25490196
v 0.01349653 0.01299904 0.04563374 0.25490196 0.25490196 0.25490196
v 0.01220735 0.01299904 0.04339266 0.25490196 0.25490196 0.25490196
v 0.01366893 0.01299904 0.04694541 0.25490196 0.25490196 0.25490196
v 0.01363894 0.01299904 0.04750006 0.25490196 0.25490196 0.25490196
v 0.01302433 0.01299904 0.05204219 0.25490196 0.25490196 0.25490196
v 0.01209492 0.01299904 0.04331021 0.25490196 0.25490196 0.25490196
v 0.01184008 0.01299904 0.04311533 0.25490196 0.25490196 0.25490196
v 0.01272452 0.01299904 0.05423080 0.25490196 0.25490196 0.25490196
v 0.01231228 0.01299904 0.05732635 0.25490196 0.25490196 0.25490196
v 0.01209492 0.01299904 0.05856306 0.25490196 0.25490196 0.25490196
v 0.00935165 0.00649904 0.04601600 0.25490196 0.25490196 0.25490196
v 0.00851219 0.00649904 0.04455442 0.25490196 0.25490196 0.25490196
v 0.00902936 0.00649904 0.04522900 0.25490196 0.25490196 0.25490196
v 0.00946408 0.00649904 0.04685547 0.25490196 0.25490196 0.25490196
v 0.00935165 0.00649904 0.04769493 0.25490196 0.25490196 0.25490196
v 0.00902936 0.00649904 0.04848194 0.25490196 0.25490196 0.25490196
v 0.00684824 0.01299904 0.04010224 0.25490196 0.25490196 0.25490196
v 0.00631608 0.01299904 0.03979493 0.25490196 0.25490196 0.25490196
v 0.00418742 0.01299904 0.03857320 0.25490196 0.25490196 0.25490196
v 0.00358030 -0.01300096 0.03822093 0.25490196 0.25490196 0.25490196
v 0.00647347 0.01299904 0.05723640 0.25490196 0.25490196 0.25490196
v 0.00667585 0.01299904 0.05759618 0.25490196 0.25490196 0.25490196
v 0.00670583 0.01299904 0.05780604 0.25490196 0.25490196 0.25490196
v 0.00660089 0.01299904 0.05740130 0.25490196 0.25490196 0.25490196
v 0.00631608 0.01299904 0.05711648 0.25490196 0.25490196 0.25490196
v 0.00630858 0.01299904 0.05710898 0.25490196 0.25490196 0.25490196
v 0.00418742 0.01299904 0.05588726 0.25490196 0.25490196 0.25490196
v 0.00783761 0.00649904 0.04403725 0.25490196 0.25490196 0.25490196
v 0.00851219 0.00649904 0.04915651 0.25490196 0.25490196 0.25490196
v 0.00783761 0.00649904 0.04966619 0.25490196 0.25490196 0.25490196
v 0.00705810 0.00649904 0.04371495 0.25490196 0.25490196 0.25490196
v 0.00621114 0.00649904 0.04360252 0.25490196 0.25490196 0.25490196
v 0.00705810 0.00649904 0.04999598 0.25490196 0.25490196 0.25490196
v 0.00537167 0.00649904 0.04371495 0.25490196 0.25490196 0.25490196
v 0.00621114 0.00649904 0.05010841 0.25490196 0.25490196 0.25490196
v 0.00537167 0.00649904 0.04999598 0.25490196 0.25490196 0.25490196
v 0.00459217 0.00649904 0.04403725 0.25490196 0.25490196 0.25490196
v 0.00391759 0.00649904 0.04455442 0.25490196 0.25490196 0.25490196
v 0.00459217 0.00649904 0.04966619 0.25490196 0.25490196 0.25490196
v 0.00391759 0.00649904 0.04915651 0.25490196 0.25490196 0.25490196
v 0.00340042 -0.00650096 0.04848194 0.25490196 0.25490196 0.25490196
v 0.01177262 0.01299904 0.06036193 0.25490196 0.25490196 0.25490196
v 0.01058837 0.01299904 0.06709267 0.25490196 0.25490196 0.25490196
v 0.01034852 0.01299904 0.06819448 0.25490196 0.25490196 0.25490196
v 0.00910431 0.01299904 0.07390586 0.25490196 0.25490196 0.25490196
v 0.00847471 0.01299904 0.07678404 0.25490196 0.25490196 0.25490196
v 0.00669833 0.01299904 0.05792597 0.25490196 0.25490196 0.25490196
v 0.00649596 0.01299904 0.05921515 0.25490196 0.25490196 0.25490196
v 0.00644349 0.01299904 0.05939504 0.25490196 0.25490196 0.25490196
v 0.00635355 0.01299904 0.05955244 0.25490196 0.25490196 0.25490196
v 0.00631608 0.01299904 0.05959741 0.25490196 0.25490196 0.25490196
v 0.00622613 0.01299904 0.05969485 0.25490196 0.25490196 0.25490196
v 0.00607623 0.01299904 0.05979978 0.25490196 0.25490196 0.25490196
v 0.00589634 0.01299904 0.05986724 0.25490196 0.25490196 0.25490196
v 0.00571645 0.01299904 0.05988973 0.25490196 0.25490196 0.25490196
v 0.00561902 0.01299904 0.06201838 0.25490196 0.25490196 0.25490196
v 0.00552907 0.01299904 0.05986724 0.25490196 0.25490196 0.25490196
v 0.00546911 0.01299904 0.06192844 0.25490196 0.25490196 0.25490196
v 0.00529672 0.01299904 0.06186848 0.25490196 0.25490196 0.25490196
v 0.00590383 0.01299904 0.06246809 0.25490196 0.25490196 0.25490196
v 0.00584387 0.01299904 0.06230320 0.25490196 0.25490196 0.25490196
v 0.00591882 0.01299904 0.06264798 0.25490196 0.25490196 0.25490196
v 0.00574644 0.01299904 0.06214580 0.25490196 0.25490196 0.25490196
v 0.00591133 0.01299904 0.06278289 0.25490196 0.25490196 0.25490196
v 0.00546911 0.01299904 0.06530879 0.25490196 0.25490196 0.25490196
v 0.00540915 0.01299904 0.06548869 0.25490196 0.25490196 0.25490196
v 0.00531171 0.01299904 0.06565358 0.25490196 0.25490196 0.25490196
v 0.00517680 0.01299904 0.06579599 0.25490196 0.25490196 0.25490196
v 0.00501190 0.01299904 0.06589343 0.25490196 0.25490196 0.25490196
v 0.00418742 0.01299904 0.06161363 0.25490196 0.25490196 0.25490196
v 0.00418742 0.01299904 0.05955994 0.25490196 0.25490196 0.25490196
v 0.00444226 0.01299904 0.06593090 0.25490196 0.25490196 0.25490196
v 0.00418742 0.01299904 0.06584846 0.25490196 0.25490196 0.25490196
v 0.00482452 0.01299904 0.06595339 0.25490196 0.25490196 0.25490196
v 0.00463714 0.01299904 0.06596089 0.25490196 0.25490196 0.25490196
v 0.00481702 0.01299904 0.06872663 0.25490196 0.25490196 0.25490196
v 0.00479454 0.01299904 0.06852426 0.25490196 0.25490196 0.25490196
v 0.00460716 0.01299904 0.06819448 0.25490196 0.25490196 0.25490196
v 0.00471958 0.01299904 0.06833688 0.25490196 0.25490196 0.25490196
v 0.00480203 0.01299904 0.06887654 0.25490196 0.25490196 0.25490196
v 0.00459217 0.01299904 0.06817199 0.25490196 0.25490196 0.25490196
v 0.00443476 0.01299904 0.06804457 0.25490196 0.25490196 0.25490196
v 0.00425488 0.01299904 0.06796212 0.25490196 0.25490196 0.25490196
v 0.00418742 0.01299904 0.06794713 0.25490196 0.25490196 0.25490196
v 0.00429235 0.01299904 0.07146990 0.25490196 0.25490196 0.25490196
v 0.00423239 0.01299904 0.07165728 0.25490196 0.25490196 0.25490196
v 0.00418742 0.01299904 0.07171725 0.25490196 0.25490196 0.25490196
v 0.00411996 0.01299904 0.07182218 0.25490196 0.25490196 0.25490196
v 0.00397755 0.01299904 0.07195709 0.25490196 0.25490196 0.25490196
v 0.00379767 0.01299904 0.07205453 0.25490196 0.25490196 0.25490196
v 0.00765773 0.01299904 0.07989458 0.25490196 0.25490196 0.25490196
v 0.00631608 0.01299904 0.08506630 0.25490196 0.25490196 0.25490196
v 0.00600127 0.01299904 0.08626554 0.25490196 0.25490196 0.25490196
v 0.00597129 0.01299904 0.08637798 0.25490196 0.25490196 0.25490196
v 0.00347537 -0.01300096 0.03817595 0.25490196 0.25490196 0.25490196
v 0.00336294 -0.01300096 0.03815347 0.25490196 0.25490196 0.25490196
v 0.00324302 -0.01300096 0.03816096 0.25490196 0.25490196 0.25490196
v 0.00313059 -0.01300096 0.03819094 0.25490196 0.25490196 0.25490196
v 0.00303315 -0.01300096 0.03825091 0.25490196 0.25490196 0.25490196
v 0.00295070 -0.01300096 0.03833335 0.25490196 0.25490196 0.25490196
v 0.00285326 -0.01300096 0.03851324 0.25490196 0.25490196 0.25490196
v 0.00284577 -0.01300096 0.03853573 0.25490196 0.25490196 0.25490196
v 0.00283078 -0.01300096 0.03864816 0.25490196 0.25490196 0.25490196
v 0.00288325 -0.01300096 0.03842330 0.25490196 0.25490196 0.25490196
v 0.00283078 -0.01300096 0.03980243 0.25490196 0.25490196 0.25490196
v 0.00285326 -0.01300096 0.04311533 0.25490196 0.25490196 0.25490196
v 0.00281579 -0.01300096 0.03993734 0.25490196 0.25490196 0.25490196
v 0.00276332 -0.01300096 0.04005727 0.25490196 0.25490196 0.25490196
v 0.00272585 -0.01300096 0.04010224 0.25490196 0.25490196 0.25490196
v 0.00268837 -0.01300096 0.04016220 0.25490196 0.25490196 0.25490196
v 0.00258343 -0.01300096 0.04023715 0.25490196 0.25490196 0.25490196
v 0.00246351 -0.01300096 0.04028962 0.25490196 0.25490196 0.25490196
v 0.00232860 -0.01300096 0.04030461 0.25490196 0.25490196 0.25490196
v 0.00220118 -0.01300096 0.04028962 0.25490196 0.25490196 0.25490196
v -0.00231847 -0.01300096 0.04311533 0.25490196 0.25490196 0.25490196
v 0.00208125 -0.01300096 0.04023715 0.25490196 0.25490196 0.25490196
v 0.00184890 -0.01300096 0.04010224 0.25490196 0.25490196 0.25490196
v -0.00231847 -0.01300096 0.04010224 0.25490196 0.25490196 0.25490196
v -0.00231847 -0.01300096 0.03769626 0.25490196 0.25490196 0.25490196
v 0.00317556 -0.01300096 0.04381239 0.25490196 0.25490196 0.25490196
v 0.00285326 -0.01300096 0.04423212 0.25490196 0.25490196 0.25490196
v 0.00249349 -0.01300096 0.04470433 0.25490196 0.25490196 0.25490196
v 0.00285326 -0.01300096 0.04947881 0.25490196 0.25490196 0.25490196
v 0.00285326 -0.01300096 0.05423080 0.25490196 0.25490196 0.25490196
v 0.00328799 -0.01300096 0.05538507 0.25490196 0.25490196 0.25490196
v 0.00314558 -0.01300096 0.05534760 0.25490196 0.25490196 0.25490196
v 0.00285326 -0.01300096 0.05531012 0.25490196 0.25490196 0.25490196
v 0.00249349 -0.00650096 0.04470433 0.25490196 0.25490196 0.25490196
v 0.00249349 -0.00650096 0.04900661 0.25490196 0.25490196 0.25490196
v 0.00249349 -0.01300096 0.04900661 0.25490196 0.25490196 0.25490196
v 0.00205877 -0.01300096 0.04573867 0.25490196 0.25490196 0.25490196
v 0.00205877 -0.00650096 0.04573867 0.25490196 0.25490196 0.25490196
v 0.00191636 -0.01300096 0.04685547 0.25490196 0.25490196 0.25490196
v 0.00191636 -0.00650096 0.04685547 0.25490196 0.25490196 0.25490196
v 0.00205877 -0.01300096 0.04796477 0.25490196 0.25490196 0.25490196
v 0.00205877 -0.00650096 0.04796477 0.25490196 0.25490196 0.25490196
v 0.00192385 -0.01300096 0.04694541 0.25490196 0.25490196 0.25490196
v -0.00231847 -0.01300096 0.05204219 0.25490196 0.25490196 0.25490196
v -0.00231847 -0.01300096 0.04694541 0.25490196 0.25490196 0.25490196
v -0.00231847 -0.01300096 0.05423080 0.25490196 0.25490196 0.25490196
v -0.00231847 -0.01300096 0.05453061 0.25490196 0.25490196 0.25490196
v 0.00340042 -0.00650096 0.04522900 0.25490196 0.25490196 0.25490196
v 0.00307812 -0.00650096 0.04601600 0.25490196 0.25490196 0.25490196
v 0.00296569 -0.00650096 0.04685547 0.25490196 0.25490196 0.25490196
v 0.00307812 -0.00650096 0.04769493 0.25490196 0.25490196 0.25490196
v -0.00402738 -0.01300096 0.03671438 0.25490196 0.25490196 0.25490196
v -0.00402738 -0.01300096 0.04010224 0.25490196 0.25490196 0.25490196
v -0.00402738 -0.01300096 0.04311533 0.25490196 0.25490196 0.25490196
v -0.00402738 -0.01300096 0.04694541 0.25490196 0.25490196 0.25490196
v -0.00402738 -0.01300096 0.05204219 0.25490196 0.25490196 0.25490196
v -0.00402738 -0.01300096 0.05423080 0.25490196 0.25490196 0.25490196
v -0.00402738 -0.01300096 0.05426828 0.25490196 0.25490196 0.25490196
v -0.00473194 -0.01300096 0.05100784 0.25490196 0.25490196 0.25490196
v -0.00481439 -0.01300096 0.05081296 0.25490196 0.25490196 0.25490196
v -0.00494181 -0.01300096 0.05064807 0.25490196 0.25490196 0.25490196
v -0.00510670 -0.01300096 0.05052065 0.25490196 0.25490196 0.25490196
v -0.00826970 -0.01300096 0.04869930 0.25490196 0.25490196 0.25490196
v -0.00428972 -0.01300096 0.05423080 0.25490196 0.25490196 0.25490196
v -0.00470945 -0.01300096 0.05121771 0.25490196 0.25490196 0.25490196
v -0.00473194 -0.01300096 0.05141259 0.25490196 0.25490196 0.25490196
v -0.00479940 -0.01300096 0.05159247 0.25490196 0.25490196 0.25490196
v -0.00491183 -0.01300096 0.05174987 0.25490196 0.25490196 0.25490196
v -0.00506173 -0.01300096 0.05187729 0.25490196 0.25490196 0.25490196
v -0.00524162 -0.01300096 0.05196723 0.25490196 0.25490196 0.25490196
v -0.00542900 -0.01300096 0.05201221 0.25490196 0.25490196 0.25490196
v 0.00285326 -0.01300096 0.06130633 0.25490196 0.25490196 0.25490196
v -0.00128412 -0.01300096 0.06036193 0.25490196 0.25490196 0.25490196
v 0.00285326 -0.01300096 0.06753489 0.25490196 0.25490196 0.25490196
v 0.00285326 -0.01300096 0.07390586 0.25490196 0.25490196 0.25490196
v 0.00340791 -0.01300096 0.07210700 0.25490196 0.25490196 0.25490196
v 0.00321304 -0.01300096 0.07205453 0.25490196 0.25490196 0.25490196
v 0.00285326 -0.01300096 0.07191212 0.25490196 0.25490196 0.25490196
v 0.00245602 -0.01300096 0.07390586 0.25490196 0.25490196 0.25490196
v -0.00231847 -0.01300096 0.06384722 0.25490196 0.25490196 0.25490196
v -0.00231847 -0.01300096 0.05807587 0.25490196 0.25490196 0.25490196
v -0.00231847 -0.01300096 0.06593840 0.25490196 0.25490196 0.25490196
v -0.00231847 -0.01300096 0.06988091 0.25490196 0.25490196 0.25490196
v -0.00231847 -0.01300096 0.07203205 0.25490196 0.25490196 0.25490196
v 0.00336294 -0.01300096 0.07435558 0.25490196 0.25490196 0.25490196
v 0.00322803 -0.01300096 0.07422816 0.25490196 0.25490196 0.25490196
v 0.00305564 -0.01300096 0.07413822 0.25490196 0.25490196 0.25490196
v 0.00285326 -0.01300096 0.07406327 0.25490196 0.25490196 0.25490196
v 0.00295820 -0.01300096 0.07773594 0.25490196 0.25490196 0.25490196
v 0.00288325 -0.01300096 0.07793081 0.25490196 0.25490196 0.25490196
v 0.00285326 -0.01300096 0.07797579 0.25490196 0.25490196 0.25490196
v 0.00277082 -0.01300096 0.07810321 0.25490196 0.25490196 0.25490196
v 0.00261342 -0.01300096 0.07823062 0.25490196 0.25490196 0.25490196
v 0.00242603 -0.01300096 0.07832057 0.25490196 0.25490196 0.25490196
v 0.00223116 -0.01300096 0.07836554 0.25490196 0.25490196 0.25490196
v 0.00169150 -0.01300096 0.08044173 0.25490196 0.25490196 0.25490196
v 0.00184140 -0.01300096 0.08053167 0.25490196 0.25490196 0.25490196
v 0.00212622 -0.01300096 0.08098139 0.25490196 0.25490196 0.25490196
v 0.00214122 -0.01300096 0.08116127 0.25490196 0.25490196 0.25490196
v 0.00212622 -0.01300096 0.08134116 0.25490196 0.25490196 0.25490196
v 0.00206626 -0.01300096 0.08080900 0.25490196 0.25490196 0.25490196
v 0.00196882 -0.01300096 0.08065909 0.25490196 0.25490196 0.25490196
v 0.00056721 -0.01300096 0.07989458 0.25490196 0.25490196 0.25490196
v 0.00202129 -0.01300096 0.07835055 0.25490196 0.25490196 0.25490196
v 0.00182641 -0.01300096 0.07828309 0.25490196 0.25490196 0.25490196
v 0.00143666 -0.01300096 0.08415938 0.25490196 0.25490196 0.25490196
v 0.00137670 -0.01300096 0.08433177 0.25490196 0.25490196 0.25490196
v 0.00127176 -0.01300096 0.08448917 0.25490196 0.25490196 0.25490196
v 0.00113685 -0.01300096 0.08461659 0.25490196 0.25490196 0.25490196
v 0.00051474 -0.01300096 0.08779458 0.25490196 0.25490196 0.25490196
v 0.00285326 -0.01300096 0.09257655 0.25490196 0.25490196 0.25490196
v 0.00097195 -0.01300096 0.08470653 0.25490196 0.25490196 0.25490196
v 0.00079956 -0.01300096 0.08475900 0.25490196 0.25490196 0.25490196
v 0.00046977 -0.01300096 0.08726991 0.25490196 0.25490196 0.25490196
v 0.00052224 -0.01300096 0.08742731 0.25490196 0.25490196 0.25490196
v 0.00038732 -0.01300096 0.08712001 0.25490196 0.25490196 0.25490196
v 0.00053723 -0.01300096 0.08759220 0.25490196 0.25490196 0.25490196
v -0.00231847 -0.01300096 0.07850795 0.25490196 0.25490196 0.25490196
v -0.00231847 -0.01300096 0.07628936 0.25490196 0.25490196 0.25490196
v -0.00096932 -0.01300096 0.08626554 0.25490196 0.25490196 0.25490196
v 0.00027489 -0.01300096 0.08700009 0.25490196 0.25490196 0.25490196
v 0.00013998 -0.01300096 0.08690264 0.25490196 0.25490196 0.25490196
v 0.00061218 -0.01300096 0.08476650 0.25490196 0.25490196 0.25490196
v 0.00043230 -0.01300096 0.08473651 0.25490196 0.25490196 0.25490196
v 0.00025990 -0.01300096 0.08466156 0.25490196 0.25490196 0.25490196
v -0.00231847 -0.01300096 0.08547854 0.25490196 0.25490196 0.25490196
v -0.00231847 -0.01300096 0.06012957 0.25490196 0.25490196 0.25490196
v -0.00402738 -0.01300096 0.05768612 0.25490196 0.25490196 0.25490196
v -0.00402738 -0.01300096 0.05973982 0.25490196 0.25490196 0.25490196
v -0.00402738 -0.01300096 0.06331506 0.25490196 0.25490196 0.25490196
v -0.00402738 -0.01300096 0.06540624 0.25490196 0.25490196 0.25490196
v -0.00402738 -0.01300096 0.06921383 0.25490196 0.25490196 0.25490196
v -0.00402738 -0.01300096 0.07135747 0.25490196 0.25490196 0.25490196
v -0.00662824 -0.01300096 0.06819448 0.25490196 0.25490196 0.25490196
v -0.00402738 -0.01300096 0.07546488 0.25490196 0.25490196 0.25490196
v -0.00402738 -0.01300096 0.07768347 0.25490196 0.25490196 0.25490196
v -0.00231847 -0.01300096 0.08317000 0.25490196 0.25490196 0.25490196
v -0.00402738 -0.01300096 0.08218063 0.25490196 0.25490196 0.25490196
v -0.00402738 -0.01300096 0.08449667 0.25490196 0.25490196 0.25490196
v -0.00726534 -0.01300096 0.07390586 0.25490196 0.25490196 0.25490196
v -0.00799238 -0.01300096 0.07989458 0.25490196 0.25490196 0.25490196
v 0.00347537 0.01299904 0.03817595 0.25490196 0.25490196 0.25490196
v 0.00336294 0.01299904 0.03815347 0.25490196 0.25490196 0.25490196
v 0.00324302 0.01299904 0.03816096 0.25490196 0.25490196 0.25490196
v 0.00313059 0.01299904 0.03819094 0.25490196 0.25490196 0.25490196
v 0.00303315 0.01299904 0.03825091 0.25490196 0.25490196 0.25490196
v 0.00295070 0.01299904 0.03833335 0.25490196 0.25490196 0.25490196
v 0.00288325 0.01299904 0.03842330 0.25490196 0.25490196 0.25490196
v 0.00285326 0.01299904 0.03851324 0.25490196 0.25490196 0.25490196
v 0.00283078 0.01299904 0.03864816 0.25490196 0.25490196 0.25490196
v 0.00283078 0.01299904 0.03980243 0.25490196 0.25490196 0.25490196
v 0.00281579 0.01299904 0.03993734 0.25490196 0.25490196 0.25490196
v 0.00276332 0.01299904 0.04005727 0.25490196 0.25490196 0.25490196
v 0.00272585 0.01299904 0.04010224 0.25490196 0.25490196 0.25490196
v 0.00268837 0.01299904 0.04016220 0.25490196 0.25490196 0.25490196
v 0.00258343 0.01299904 0.04023715 0.25490196 0.25490196 0.25490196
v 0.00246351 0.01299904 0.04028962 0.25490196 0.25490196 0.25490196
v 0.00232860 0.01299904 0.04030461 0.25490196 0.25490196 0.25490196
v 0.00220118 0.01299904 0.04028962 0.25490196 0.25490196 0.25490196
v 0.00208125 0.01299904 0.04023715 0.25490196 0.25490196 0.25490196
v 0.00184890 0.01299904 0.04010224 0.25490196 0.25490196 0.25490196
v 0.00342290 0.01299904 0.05545253 0.25490196 0.25490196 0.25490196
v 0.00314558 0.01299904 0.05534760 0.25490196 0.25490196 0.25490196
v 0.00328799 0.01299904 0.05538507 0.25490196 0.25490196 0.25490196
v 0.00285326 0.01299904 0.05531012 0.25490196 0.25490196 0.25490196
v -0.00231847 0.01299904 0.05453061 0.25490196 0.25490196 0.25490196
v 0.00340042 0.00649904 0.04522900 0.25490196 0.25490196 0.25490196
v 0.00307812 0.00649904 0.04601600 0.25490196 0.25490196 0.25490196
v 0.00296569 0.00649904 0.04685547 0.25490196 0.25490196 0.25490196
v 0.00340042 0.00649904 0.04848194 0.25490196 0.25490196 0.25490196
v 0.00307812 0.00649904 0.04769493 0.25490196 0.25490196 0.25490196
v -0.00231847 0.01299904 0.03769626 0.25490196 0.25490196 0.25490196
v -0.00402738 0.01299904 0.03671438 0.25490196 0.25490196 0.25490196
v -0.00892179 -0.01300096 0.03388867 0.25490196 0.25490196 0.25490196
v -0.00402738 0.01299904 0.05426828 0.25490196 0.25490196 0.25490196
v -0.00231847 0.01299904 0.05807587 0.25490196 0.25490196 0.25490196
v -0.00510670 0.01299904 0.05052065 0.25490196 0.25490196 0.25490196
v -0.00428972 0.01299904 0.05423080 0.25490196 0.25490196 0.25490196
v -0.00473194 0.01299904 0.05100784 0.25490196 0.25490196 0.25490196
v -0.00470945 0.01299904 0.05121771 0.25490196 0.25490196 0.25490196
v -0.00481439 0.01299904 0.05081296 0.25490196 0.25490196 0.25490196
v -0.00494181 0.01299904 0.05064807 0.25490196 0.25490196 0.25490196
v -0.00473194 0.01299904 0.05141259 0.25490196 0.25490196 0.25490196
v -0.00479940 0.01299904 0.05159247 0.25490196 0.25490196 0.25490196
v -0.00491183 0.01299904 0.05174987 0.25490196 0.25490196 0.25490196
v -0.00506173 0.01299904 0.05187729 0.25490196 0.25490196 0.25490196
v -0.00524162 0.01299904 0.05196723 0.25490196 0.25490196 0.25490196
v -0.00542900 0.01299904 0.05201221 0.25490196 0.25490196 0.25490196
v -0.00562387 -0.01300096 0.05200471 0.25490196 0.25490196 0.25490196
v 0.00285326 0.01299904 0.06130633 0.25490196 0.25490196 0.25490196
v 0.00285326 0.01299904 0.06753489 0.25490196 0.25490196 0.25490196
v 0.00361028 0.01299904 0.07210700 0.25490196 0.25490196 0.25490196
v 0.00340791 0.01299904 0.07210700 0.25490196 0.25490196 0.25490196
v 0.00321304 0.01299904 0.07205453 0.25490196 0.25490196 0.25490196
v 0.00285326 0.01299904 0.05926012 0.25490196 0.25490196 0.25490196
v -0.00128412 0.01299904 0.06036193 0.25490196 0.25490196 0.25490196
v 0.00285326 0.01299904 0.06543622 0.25490196 0.25490196 0.25490196
v 0.00285326 0.01299904 0.07191212 0.25490196 0.25490196 0.25490196
v -0.00231847 0.01299904 0.06593840 0.25490196 0.25490196 0.25490196
v -0.00231847 0.01299904 0.07203205 0.25490196 0.25490196 0.25490196
v 0.00347537 0.01299904 0.07451298 0.25490196 0.25490196 0.25490196
v 0.00336294 0.01299904 0.07435558 0.25490196 0.25490196 0.25490196
v 0.00354283 0.01299904 0.07469287 0.25490196 0.25490196 0.25490196
v 0.00356531 0.01299904 0.07488774 0.25490196 0.25490196 0.25490196
v 0.00322803 0.01299904 0.07422816 0.25490196 0.25490196 0.25490196
v 0.00305564 0.01299904 0.07413822 0.25490196 0.25490196 0.25490196
v 0.00354283 0.01299904 0.07505264 0.25490196 0.25490196 0.25490196
v 0.00285326 0.01299904 0.07406327 0.25490196 0.25490196 0.25490196
v 0.00245602 0.01299904 0.07390586 0.25490196 0.25490196 0.25490196
v 0.00295820 0.01299904 0.07773594 0.25490196 0.25490196 0.25490196
v 0.00288325 0.01299904 0.07793081 0.25490196 0.25490196 0.25490196
v 0.00285326 0.01299904 0.07797579 0.25490196 0.25490196 0.25490196
v 0.00277082 0.01299904 0.07810321 0.25490196 0.25490196 0.25490196
v 0.00261342 0.01299904 0.07823062 0.25490196 0.25490196 0.25490196
v 0.00242603 0.01299904 0.07832057 0.25490196 0.25490196 0.25490196
v 0.00223116 0.01299904 0.07836554 0.25490196 0.25490196 0.25490196
v 0.00202129 0.01299904 0.07835055 0.25490196 0.25490196 0.25490196
v 0.00212622 0.01299904 0.08098139 0.25490196 0.25490196 0.25490196
v 0.00214122 0.01299904 0.08116127 0.25490196 0.25490196 0.25490196
v 0.00196882 0.01299904 0.08065909 0.25490196 0.25490196 0.25490196
v 0.00206626 0.01299904 0.08080900 0.25490196 0.25490196 0.25490196
v 0.00184140 0.01299904 0.08053167 0.25490196 0.25490196 0.25490196
v 0.00169150 0.01299904 0.08044173 0.25490196 0.25490196 0.25490196
v 0.00212622 0.01299904 0.08134116 0.25490196 0.25490196 0.25490196
v 0.00143666 0.01299904 0.08415938 0.25490196 0.25490196 0.25490196
v 0.00137670 0.01299904 0.08433177 0.25490196 0.25490196 0.25490196
v 0.00127176 0.01299904 0.08448917 0.25490196 0.25490196 0.25490196
v 0.00056721 0.01299904 0.07989458 0.25490196 0.25490196 0.25490196
v 0.00182641 0.01299904 0.07828309 0.25490196 0.25490196 0.25490196
v 0.00113685 0.01299904 0.08461659 0.25490196 0.25490196 0.25490196
v 0.00097195 0.01299904 0.08470653 0.25490196 0.25490196 0.25490196
v 0.00079956 0.01299904 0.08475900 0.25490196 0.25490196 0.25490196
v 0.00061218 0.01299904 0.08476650 0.25490196 0.25490196 0.25490196
v 0.00043230 0.01299904 0.08473651 0.25490196 0.25490196 0.25490196
v 0.00027489 0.01299904 0.08700009 0.25490196 0.25490196 0.25490196
v 0.00013998 0.01299904 0.08690264 0.25490196 0.25490196 0.25490196
v 0.00052224 0.01299904 0.08742731 0.25490196 0.25490196 0.25490196
v 0.00046977 0.01299904 0.08726991 0.25490196 0.25490196 0.25490196
v 0.00038732 0.01299904 0.08712001 0.25490196 0.25490196 0.25490196
v 0.00053723 0.01299904 0.08759220 0.25490196 0.25490196 0.25490196
v 0.00051474 0.01299904 0.08779458 0.25490196 0.25490196 0.25490196
v -0.00028725 -0.01300096 0.09077769 0.25490196 0.25490196 0.25490196
v 0.00025990 0.01299904 0.08466156 0.25490196 0.25490196 0.25490196
v -0.00096932 0.01299904 0.08626554 0.25490196 0.25490196 0.25490196
v -0.00231847 0.01299904 0.06012957 0.25490196 0.25490196 0.25490196
v -0.00402738 0.01299904 0.05973982 0.25490196 0.25490196 0.25490196
v -0.00231847 0.01299904 0.06384722 0.25490196 0.25490196 0.25490196
v -0.00402738 0.01299904 0.06540624 0.25490196 0.25490196 0.25490196
v -0.00231847 0.01299904 0.06988091 0.25490196 0.25490196 0.25490196
v -0.00402738 0.01299904 0.07135747 0.25490196 0.25490196 0.25490196
v -0.00402738 0.01299904 0.06921383 0.25490196 0.25490196 0.25490196
v -0.00231847 0.01299904 0.07850795 0.25490196 0.25490196 0.25490196
v -0.00231847 0.01299904 0.07628936 0.25490196 0.25490196 0.25490196
v -0.00402738 0.01299904 0.07768347 0.25490196 0.25490196 0.25490196
v -0.00231847 0.01299904 0.08547854 0.25490196 0.25490196 0.25490196
v -0.00231847 0.01299904 0.08317000 0.25490196 0.25490196 0.25490196
v -0.00402738 0.01299904 0.08449667 0.25490196 0.25490196 0.25490196
v -0.00402738 0.01299904 0.07546488 0.25490196 0.25490196 0.25490196
v -0.00402738 0.01299904 0.08218063 0.25490196 0.25490196 0.25490196
v -0.00402738 -0.01300096 0.08951100 0.25490196 0.25490196 0.25490196
v -0.00402738 0.01299904 0.08951100 0.25490196 0.25490196 0.25490196
v -0.00879437 -0.01300096 0.08626554 0.25490196 0.25490196 0.25490196
v 0.00408249 -0.01300096 0.09257655 0.25490196 0.25490196 0.25490196
v 0.00418742 0.01299904 0.09222428 0.25490196 0.25490196 0.25490196
v 0.00408249 0.01299904 0.09257655 0.25490196 0.25490196 0.25490196
v 0.00308562 -0.01300096 0.09586698 0.25490196 0.25490196 0.25490196
v 0.00285326 -0.01300096 0.09651907 0.25490196 0.25490196 0.25490196
v -0.00128412 -0.01300096 0.09422551 0.25490196 0.25490196 0.25490196
v -0.00036220 -0.01300096 0.09095758 0.25490196 0.25490196 0.25490196
v -0.00046714 -0.01300096 0.09110749 0.25490196 0.25490196 0.25490196
v -0.00060955 -0.01300096 0.09123490 0.25490196 0.25490196 0.25490196
v -0.00078194 -0.01300096 0.09131735 0.25490196 0.25490196 0.25490196
v -0.00137406 -0.01300096 0.09385075 0.25490196 0.25490196 0.25490196
v -0.00130660 -0.01300096 0.09403813 0.25490196 0.25490196 0.25490196
v -0.00148649 -0.01300096 0.09369335 0.25490196 0.25490196 0.25490196
v -0.00129161 -0.01300096 0.09433794 0.25490196 0.25490196 0.25490196
v -0.00131410 -0.01300096 0.09445037 0.25490196 0.25490196 0.25490196
v -0.00231847 -0.01300096 0.09257655 0.25490196 0.25490196 0.25490196
v -0.00231847 -0.01300096 0.09310122 0.25490196 0.25490196 0.25490196
v -0.00163640 -0.01300096 0.09356593 0.25490196 0.25490196 0.25490196
v 0.00171398 -0.01300096 0.09977950 0.25490196 0.25490196 0.25490196
v -0.00225101 -0.01300096 0.09764334 0.25490196 0.25490196 0.25490196
v -0.00231847 -0.01300096 0.09977950 0.25490196 0.25490196 0.25490196
v -0.00018232 -0.01300096 0.10522856 0.25490196 0.25490196 0.25490196
v -0.00114920 -0.01300096 0.10766451 0.25490196 0.25490196 0.25490196
v -0.00096932 -0.01300096 0.09136233 0.25490196 0.25490196 0.25490196
v -0.00115670 -0.01300096 0.09136233 0.25490196 0.25490196 0.25490196
v -0.00134408 -0.01300096 0.09131735 0.25490196 0.25490196 0.25490196
v -0.00150898 -0.01300096 0.09122741 0.25490196 0.25490196 0.25490196
v -0.00231847 -0.01300096 0.09068025 0.25490196 0.25490196 0.25490196
v -0.00308298 -0.01300096 0.09257655 0.25490196 0.25490196 0.25490196
v -0.00402738 -0.01300096 0.09193197 0.25490196 0.25490196 0.25490196
v -0.00231847 -0.01300096 0.09779325 0.25490196 0.25490196 0.25490196
v -0.00232596 -0.01300096 0.09782323 0.25490196 0.25490196 0.25490196
v -0.00244589 -0.01300096 0.09797314 0.25490196 0.25490196 0.25490196
v -0.00260328 -0.01300096 0.09810056 0.25490196 0.25490196 0.25490196
v -0.00277568 -0.01300096 0.09817551 0.25490196 0.25490196 0.25490196
v -0.00297055 -0.01300096 0.09821298 0.25490196 0.25490196 0.25490196
v -0.00402738 -0.01300096 0.09977950 0.25490196 0.25490196 0.25490196
v -0.00352520 -0.01300096 0.10061148 0.25490196 0.25490196 0.25490196
v -0.00342776 -0.01300096 0.10076888 0.25490196 0.25490196 0.25490196
v -0.00365262 -0.01300096 0.10049156 0.25490196 0.25490196 0.25490196
v -0.00316543 -0.01300096 0.09819799 0.25490196 0.25490196 0.25490196
v -0.00402738 -0.01300096 0.10019174 0.25490196 0.25490196 0.25490196
v -0.00335281 -0.01300096 0.09813803 0.25490196 0.25490196 0.25490196
v -0.00351771 -0.01300096 0.09804060 0.25490196 0.25490196 0.25490196
v -0.00337530 -0.01300096 0.10093377 0.25490196 0.25490196 0.25490196
v -0.00335281 -0.01300096 0.10111367 0.25490196 0.25490196 0.25490196
v -0.00336031 -0.01300096 0.10123358 0.25490196 0.25490196 0.25490196
v -0.00231847 -0.01300096 0.10766451 0.25490196 0.25490196 0.25490196
v -0.00339029 -0.01300096 0.10135351 0.25490196 0.25490196 0.25490196
v -0.00402738 -0.01300096 0.10335474 0.25490196 0.25490196 0.25490196
v -0.00402738 -0.01300096 0.09762835 0.25490196 0.25490196 0.25490196
v -0.00454456 -0.01300096 0.09977950 0.25490196 0.25490196 0.25490196
v -0.00231847 -0.01300096 0.11062515 0.25490196 0.25490196 0.25490196
v -0.00402738 -0.01300096 0.10766451 0.25490196 0.25490196 0.25490196
v -0.00382501 -0.01300096 0.11445523 0.25490196 0.25490196 0.25490196
v -0.00449209 -0.01300096 0.10480133 0.25490196 0.25490196 0.25490196
v -0.00458203 -0.01300096 0.10498121 0.25490196 0.25490196 0.25490196
v -0.00470945 -0.01300096 0.10513861 0.25490196 0.25490196 0.25490196
v -0.00486685 -0.01300096 0.10525104 0.25490196 0.25490196 0.25490196
v -0.00505423 -0.01300096 0.10532600 0.25490196 0.25490196 0.25490196
v -0.00524911 -0.01300096 0.10535597 0.25490196 0.25490196 0.25490196
v -0.00543649 -0.01300096 0.10759706 0.25490196 0.25490196 0.25490196
v -0.00545148 -0.01300096 0.10766451 0.25490196 0.25490196 0.25490196
v -0.00546648 -0.01300096 0.10772447 0.25490196 0.25490196 0.25490196
v -0.00402738 -0.01300096 0.11490494 0.25490196 0.25490196 0.25490196
v -0.00545148 -0.01300096 0.10532600 0.25490196 0.25490196 0.25490196
v -0.00568384 -0.01300096 0.10688500 0.25490196 0.25490196 0.25490196
v -0.00563886 -0.01300096 0.10525854 0.25490196 0.25490196 0.25490196
v -0.00544399 -0.01300096 0.10730474 0.25490196 0.25490196 0.25490196
v -0.00542900 -0.01300096 0.10746963 0.25490196 0.25490196 0.25490196
v -0.00549646 -0.01300096 0.10714733 0.25490196 0.25490196 0.25490196
v -0.00557141 -0.01300096 0.10700492 0.25490196 0.25490196 0.25490196
v -0.00579627 -0.01300096 0.10513861 0.25490196 0.25490196 0.25490196
v -0.00689057 -0.01300096 0.11181688 0.25490196 0.25490196 0.25490196
v -0.00698052 -0.01300096 0.11200427 0.25490196 0.25490196 0.25490196
v -0.00711543 -0.01300096 0.11215417 0.25490196 0.25490196 0.25490196
v -0.00620850 -0.01300096 0.11983683 0.25490196 0.25490196 0.25490196
v 0.00308562 0.01299904 0.09586698 0.25490196 0.25490196 0.25490196
v 0.00285326 0.01299904 0.09651907 0.25490196 0.25490196 0.25490196
v 0.00171398 0.01299904 0.09977950 0.25490196 0.25490196 0.25490196
v -0.00028725 0.01299904 0.09077769 0.25490196 0.25490196 0.25490196
v -0.00036220 0.01299904 0.09095758 0.25490196 0.25490196 0.25490196
v -0.00046714 0.01299904 0.09110749 0.25490196 0.25490196 0.25490196
v -0.00060955 0.01299904 0.09123490 0.25490196 0.25490196 0.25490196
v -0.00078194 0.01299904 0.09131735 0.25490196 0.25490196 0.25490196
v -0.00096932 0.01299904 0.09136233 0.25490196 0.25490196 0.25490196
v -0.00115670 0.01299904 0.09136233 0.25490196 0.25490196 0.25490196
v -0.00130660 0.01299904 0.09403813 0.25490196 0.25490196 0.25490196
v -0.00128412 0.01299904 0.09422551 0.25490196 0.25490196 0.25490196
v -0.00129161 0.01299904 0.09433794 0.25490196 0.25490196 0.25490196
v -0.00018232 0.01299904 0.10522856 0.25490196 0.25490196 0.25490196
v -0.00114920 0.01299904 0.10766451 0.25490196 0.25490196 0.25490196
v -0.00134408 0.01299904 0.09131735 0.25490196 0.25490196 0.25490196
v -0.00150898 0.01299904 0.09122741 0.25490196 0.25490196 0.25490196
v -0.00148649 0.01299904 0.09369335 0.25490196 0.25490196 0.25490196
v -0.00163640 0.01299904 0.09356593 0.25490196 0.25490196 0.25490196
v -0.00137406 0.01299904 0.09385075 0.25490196 0.25490196 0.25490196
v -0.00131410 0.01299904 0.09445037 0.25490196 0.25490196 0.25490196
v -0.00231847 0.01299904 0.09310122 0.25490196 0.25490196 0.25490196
v -0.00231847 0.01299904 0.09068025 0.25490196 0.25490196 0.25490196
v -0.00308298 0.01299904 0.09257655 0.25490196 0.25490196 0.25490196
v -0.00402738 0.01299904 0.09193197 0.25490196 0.25490196 0.25490196
v -0.00225101 0.01299904 0.09764334 0.25490196 0.25490196 0.25490196
v -0.00231847 0.01299904 0.09779325 0.25490196 0.25490196 0.25490196
v -0.00232596 0.01299904 0.09782323 0.25490196 0.25490196 0.25490196
v -0.00244589 0.01299904 0.09797314 0.25490196 0.25490196 0.25490196
v -0.00260328 0.01299904 0.09810056 0.25490196 0.25490196 0.25490196
v -0.00277568 0.01299904 0.09817551 0.25490196 0.25490196 0.25490196
v -0.00297055 0.01299904 0.09821298 0.25490196 0.25490196 0.25490196
v -0.00316543 0.01299904 0.09819799 0.25490196 0.25490196 0.25490196
v -0.00335281 0.01299904 0.09813803 0.25490196 0.25490196 0.25490196
v -0.00351771 0.01299904 0.09804060 0.25490196 0.25490196 0.25490196
v -0.00342776 0.01299904 0.10076888 0.25490196 0.25490196 0.25490196
v -0.00352520 0.01299904 0.10061148 0.25490196 0.25490196 0.25490196
v -0.00337530 0.01299904 0.10093377 0.25490196 0.25490196 0.25490196
v -0.00335281 0.01299904 0.10111367 0.25490196 0.25490196 0.25490196
v -0.00336031 0.01299904 0.10123358 0.25490196 0.25490196 0.25490196
v -0.00365262 0.01299904 0.10049156 0.25490196 0.25490196 0.25490196
v -0.00339029 0.01299904 0.10135351 0.25490196 0.25490196 0.25490196
v -0.00402738 0.01299904 0.09762835 0.25490196 0.25490196 0.25490196
v -0.01036088 -0.01300096 0.09257655 0.25490196 0.25490196 0.25490196
v -0.00402738 0.01299904 0.10019174 0.25490196 0.25490196 0.25490196
v -0.00454456 0.01299904 0.09977950 0.25490196 0.25490196 0.25490196
v -0.00402738 0.01299904 0.10335474 0.25490196 0.25490196 0.25490196
v -0.00231847 0.01299904 0.11062515 0.25490196 0.25490196 0.25490196
v -0.00382501 0.01299904 0.11445523 0.25490196 0.25490196 0.25490196
v -0.00449209 0.01299904 0.10480133 0.25490196 0.25490196 0.25490196
v -0.00458203 0.01299904 0.10498121 0.25490196 0.25490196 0.25490196
v -0.00470945 0.01299904 0.10513861 0.25490196 0.25490196 0.25490196
v -0.00486685 0.01299904 0.10525104 0.25490196 0.25490196 0.25490196
v -0.00505423 0.01299904 0.10532600 0.25490196 0.25490196 0.25490196
v -0.00524911 0.01299904 0.10535597 0.25490196 0.25490196 0.25490196
v -0.00545148 0.01299904 0.10532600 0.25490196 0.25490196 0.25490196
v -0.00557141 0.01299904 0.10700492 0.25490196 0.25490196 0.25490196
v -0.00568384 0.01299904 0.10688500 0.25490196 0.25490196 0.25490196
v -0.00544399 0.01299904 0.10730474 0.25490196 0.25490196 0.25490196
v -0.00542900 0.01299904 0.10746963 0.25490196 0.25490196 0.25490196
v -0.00543649 0.01299904 0.10759706 0.25490196 0.25490196 0.25490196
v -0.00549646 0.01299904 0.10714733 0.25490196 0.25490196 0.25490196
v -0.00545148 0.01299904 0.10766451 0.25490196 0.25490196 0.25490196
v -0.00563886 0.01299904 0.10525854 0.25490196 0.25490196 0.25490196
v -0.00546648 0.01299904 0.10772447 0.25490196 0.25490196 0.25490196
v -0.00402738 0.01299904 0.11490494 0.25490196 0.25490196 0.25490196
v -0.00620850 0.01299904 0.11983683 0.25490196 0.25490196 0.25490196
v 0.01366893 0.01299904 0.04693042 0.25490196 0.25490196 0.25490196
v 0.01037101 0.00649904 0.04573867 0.25490196 0.25490196 0.25490196
v 0.01051342 0.00649904 0.04685547 0.25490196 0.25490196 0.25490196
v 0.01037101 0.00649904 0.04796477 0.25490196 0.25490196 0.25490196
v 0.00993629 0.00649904 0.04470433 0.25490196 0.25490196 0.25490196
v 0.00925422 0.00649904 0.04381239 0.25490196 0.25490196 0.25490196
v 0.00836228 0.00649904 0.04313032 0.25490196 0.25490196 0.25490196
v 0.00993629 0.00649904 0.04900661 0.25490196 0.25490196 0.25490196
v 0.00925422 0.00649904 0.04989854 0.25490196 0.25490196 0.25490196
v 0.00358030 0.01299904 0.03822093 0.25490196 0.25490196 0.25490196
v 0.00732794 0.00649904 0.04270309 0.25490196 0.25490196 0.25490196
v 0.00836228 0.00649904 0.05058061 0.25490196 0.25490196 0.25490196
v 0.00732794 0.00649904 0.05100784 0.25490196 0.25490196 0.25490196
v 0.00621114 0.00649904 0.04255319 0.25490196 0.25490196 0.25490196
v 0.00621114 0.00649904 0.05115774 0.25490196 0.25490196 0.25490196
v 0.00510184 0.00649904 0.04270309 0.25490196 0.25490196 0.25490196
v 0.00510184 0.00649904 0.05100784 0.25490196 0.25490196 0.25490196
v 0.00406750 0.00649904 0.04313032 0.25490196 0.25490196 0.25490196
v 0.00317556 0.00649904 0.04381239 0.25490196 0.25490196 0.25490196
v 0.00406750 0.00649904 0.05058061 0.25490196 0.25490196 0.25490196
v 0.00317556 0.00649904 0.04989854 0.25490196 0.25490196 0.25490196
v 0.01037101 0.01299904 0.04573867 0.25490196 0.25490196 0.25490196
v 0.00993629 0.01299904 0.04470433 0.25490196 0.25490196 0.25490196
v 0.01050592 0.01299904 0.04694541 0.25490196 0.25490196 0.25490196
v 0.01037101 0.01299904 0.04796477 0.25490196 0.25490196 0.25490196
v 0.00925422 0.01299904 0.04381239 0.25490196 0.25490196 0.25490196
v 0.00993629 0.01299904 0.04900661 0.25490196 0.25490196 0.25490196
v 0.00925422 0.01299904 0.04989854 0.25490196 0.25490196 0.25490196
v 0.00831731 0.01299904 0.04311533 0.25490196 0.25490196 0.25490196
v 0.01209492 0.01299904 0.04694541 0.25490196 0.25490196 0.25490196
v 0.01209492 0.01299904 0.05204219 0.25490196 0.25490196 0.25490196
v 0.01051342 0.01299904 0.04685547 0.25490196 0.25490196 0.25490196
v 0.01209492 0.01299904 0.05423080 0.25490196 0.25490196 0.25490196
v 0.00836228 0.01299904 0.04313032 0.25490196 0.25490196 0.25490196
v 0.00631608 0.01299904 0.05204219 0.25490196 0.25490196 0.25490196
v 0.00836228 0.01299904 0.05058061 0.25490196 0.25490196 0.25490196
v 0.00732794 0.01299904 0.05100784 0.25490196 0.25490196 0.25490196
v 0.00631608 0.01299904 0.04256818 0.25490196 0.25490196 0.25490196
v 0.00510184 0.01299904 0.04270309 0.25490196 0.25490196 0.25490196
v 0.00631608 0.01299904 0.05114276 0.25490196 0.25490196 0.25490196
v 0.00418742 0.01299904 0.04307785 0.25490196 0.25490196 0.25490196
v 0.00406750 0.01299904 0.05058061 0.25490196 0.25490196 0.25490196
v 0.00621114 0.01299904 0.05115774 0.25490196 0.25490196 0.25490196
v 0.00418742 0.01299904 0.05063308 0.25490196 0.25490196 0.25490196
v 0.00732794 0.01299904 0.04270309 0.25490196 0.25490196 0.25490196
v 0.00621114 0.01299904 0.04255319 0.25490196 0.25490196 0.25490196
v 0.00631608 0.01299904 0.04010224 0.25490196 0.25490196 0.25490196
v 0.00418742 0.01299904 0.04010224 0.25490196 0.25490196 0.25490196
v 0.00411247 0.01299904 0.04311533 0.25490196 0.25490196 0.25490196
v 0.00285326 0.01299904 0.04010224 0.25490196 0.25490196 0.25490196
v 0.00631608 0.01299904 0.05423080 0.25490196 0.25490196 0.25490196
v 0.00406750 0.01299904 0.04313032 0.25490196 0.25490196 0.25490196
v 0.00317556 0.01299904 0.04381239 0.25490196 0.25490196 0.25490196
v 0.00510184 0.01299904 0.05100784 0.25490196 0.25490196 0.25490196
v 0.00418742 0.01299904 0.05204219 0.25490196 0.25490196 0.25490196
v 0.00418742 0.01299904 0.05423080 0.25490196 0.25490196 0.25490196
v 0.00285326 0.01299904 0.05204219 0.25490196 0.25490196 0.25490196
v 0.00631608 0.01299904 0.06036193 0.25490196 0.25490196 0.25490196
v 0.00631608 0.01299904 0.06819448 0.25490196 0.25490196 0.25490196
v 0.00631608 0.01299904 0.07390586 0.25490196 0.25490196 0.25490196
v 0.00418742 0.01299904 0.06036193 0.25490196 0.25490196 0.25490196
v 0.00285326 0.01299904 0.06036193 0.25490196 0.25490196 0.25490196
v 0.00418742 0.01299904 0.07390586 0.25490196 0.25490196 0.25490196
v 0.00631608 0.01299904 0.07989458 0.25490196 0.25490196 0.25490196
v 0.00418742 0.01299904 0.07989458 0.25490196 0.25490196 0.25490196
v 0.00418742 0.01299904 0.08626554 0.25490196 0.25490196 0.25490196
v 0.00285326 0.01299904 0.07989458 0.25490196 0.25490196 0.25490196
v 0.00285326 0.01299904 0.08626554 0.25490196 0.25490196 0.25490196
v 0.00284577 0.01299904 0.03853573 0.25490196 0.25490196 0.25490196
v 0.00249349 0.00649904 0.04470433 0.25490196 0.25490196 0.25490196
v 0.00205877 0.00649904 0.04573867 0.25490196 0.25490196 0.25490196
v 0.00191636 0.00649904 0.04685547 0.25490196 0.25490196 0.25490196
v 0.00249349 0.00649904 0.04900661 0.25490196 0.25490196 0.25490196
v 0.00205877 0.00649904 0.04796477 0.25490196 0.25490196 0.25490196
v -0.00402738 0.01299904 0.05768612 0.25490196 0.25490196 0.25490196
v -0.00562387 0.01299904 0.05200471 0.25490196 0.25490196 0.25490196
v -0.00402738 0.01299904 0.06331506 0.25490196 0.25490196 0.25490196
v -0.00662824 0.01299904 0.06819448 0.25490196 0.25490196 0.25490196
v -0.00726534 0.01299904 0.07390586 0.25490196 0.25490196 0.25490196
v 0.00285326 0.01299904 0.04423212 0.25490196 0.25490196 0.25490196
v 0.00285326 0.01299904 0.04947881 0.25490196 0.25490196 0.25490196
v 0.00205877 0.01299904 0.04573867 0.25490196 0.25490196 0.25490196
v 0.00191636 0.01299904 0.04685547 0.25490196 0.25490196 0.25490196
v 0.00249349 0.01299904 0.04900661 0.25490196 0.25490196 0.25490196
v 0.00192385 0.01299904 0.04694541 0.25490196 0.25490196 0.25490196
v 0.00285326 0.01299904 0.04311533 0.25490196 0.25490196 0.25490196
v -0.00231847 0.01299904 0.04311533 0.25490196 0.25490196 0.25490196
v -0.00231847 0.01299904 0.04010224 0.25490196 0.25490196 0.25490196
v 0.00249349 0.01299904 0.04470433 0.25490196 0.25490196 0.25490196
v 0.00317556 0.01299904 0.04989854 0.25490196 0.25490196 0.25490196
v 0.00205877 0.01299904 0.04796477 0.25490196 0.25490196 0.25490196
v 0.00285326 0.01299904 0.05423080 0.25490196 0.25490196 0.25490196
v -0.00231847 0.01299904 0.04694541 0.25490196 0.25490196 0.25490196
v -0.00231847 0.01299904 0.05204219 0.25490196 0.25490196 0.25490196
v -0.00231847 0.01299904 0.05423080 0.25490196 0.25490196 0.25490196
v -0.00402738 0.01299904 0.04010224 0.25490196 0.25490196 0.25490196
v -0.00402738 0.01299904 0.04311533 0.25490196 0.25490196 0.25490196
v -0.00892179 0.01299904 0.03388867 0.25490196 0.25490196 0.25490196
v -0.00402738 0.01299904 0.04694541 0.25490196 0.25490196 0.25490196
v -0.00402738 0.01299904 0.05204219 0.25490196 0.25490196 0.25490196
v -0.00402738 0.01299904 0.05423080 0.25490196 0.25490196 0.25490196
v -0.00826970 0.01299904 0.04869930 0.25490196 0.25490196 0.25490196
v 0.00285326 0.01299904 0.07390586 0.25490196 0.25490196 0.25490196
v 0.00285326 0.01299904 0.09257655 0.25490196 0.25490196 0.25490196
v -0.00579627 0.01299904 0.10513861 0.25490196 0.25490196 0.25490196
v -0.00231847 0.01299904 0.09257655 0.25490196 0.25490196 0.25490196
v -0.00231847 0.01299904 0.09977950 0.25490196 0.25490196 0.25490196
v -0.00231847 0.01299904 0.10766451 0.25490196 0.25490196 0.25490196
v -0.00402738 0.01299904 0.09977950 0.25490196 0.25490196 0.25490196
v -0.01036088 0.01299904 0.09257655 0.25490196 0.25490196 0.25490196
v -0.00402738 0.01299904 0.10766451 0.25490196 0.25490196 0.25490196
v -0.00689057 0.01299904 0.11181688 0.25490196 0.25490196 0.25490196
v -0.00698052 0.01299904 0.11200427 0.25490196 0.25490196 0.25490196
v -0.00711543 0.01299904 0.11215417 0.25490196 0.25490196 0.25490196
v -0.00728782 0.01299904 0.11226660 0.25490196 0.25490196 0.25490196
v -0.00923659 -0.01300096 0.03089806 0.25490196 0.25490196 0.25490196
v -0.01301420 -0.01300096 0.03223971 0.25490196 0.25490196 0.25490196
v -0.00918412 -0.01300096 0.03101798 0.25490196 0.25490196 0.25490196
v -0.00931154 -0.01300096 0.03079312 0.25490196 0.25490196 0.25490196
v -0.00941648 -0.01300096 0.03071068 0.25490196 0.25490196 0.25490196
v -0.01344143 -0.01300096 0.03120536 0.25490196 0.25490196 0.25490196
v -0.00916913 -0.01300096 0.03114540 0.25490196 0.25490196 0.25490196
v -0.00916913 -0.01300096 0.03345394 0.25490196 0.25490196 0.25490196
v -0.00915414 -0.01300096 0.03358136 0.25490196 0.25490196 0.25490196
v -0.01287179 -0.01300096 0.03335650 0.25490196 0.25490196 0.25490196
v -0.00910168 -0.01300096 0.03370878 0.25490196 0.25490196 0.25490196
v -0.01301420 -0.01300096 0.03446580 0.25490196 0.25490196 0.25490196
v -0.00901923 -0.01300096 0.03380622 0.25490196 0.25490196 0.25490196
v -0.02043451 -0.01300096 0.04010224 0.25490196 0.25490196 0.25490196
v -0.00843460 -0.01300096 0.04862435 0.25490196 0.25490196 0.25490196
v -0.00861448 -0.01300096 0.04859436 0.25490196 0.25490196 0.25490196
v -0.01508289 -0.01300096 0.04503412 0.25490196 0.25490196 0.25490196
v -0.01844827 -0.01300096 0.04785234 0.25490196 0.25490196 0.25490196
v -0.01853821 -0.01300096 0.05207966 0.25490196 0.25490196 0.25490196
v -0.02043451 -0.01300096 0.05204219 0.25490196 0.25490196 0.25490196
v -0.01862815 -0.01300096 0.05640443 0.25490196 0.25490196 0.25490196
v -0.01357635 -0.01300096 0.02831219 0.25490196 0.25490196 0.25490196
v -0.01413100 -0.01300096 0.03031342 0.25490196 0.25490196 0.25490196
v -0.01344143 -0.01300096 0.03550764 0.25490196 0.25490196 0.25490196
v -0.01413100 -0.01300096 0.03639208 0.25490196 0.25490196 0.25490196
v -0.01501544 -0.01300096 0.03708164 0.25490196 0.25490196 0.25490196
v -0.01301420 -0.00650096 0.03223971 0.25490196 0.25490196 0.25490196
v -0.01287179 -0.00650096 0.03335650 0.25490196 0.25490196 0.25490196
v -0.01301420 -0.00650096 0.03446580 0.25490196 0.25490196 0.25490196
v -0.01344143 -0.00650096 0.03120536 0.25490196 0.25490196 0.25490196
v -0.01344143 -0.00650096 0.03550764 0.25490196 0.25490196 0.25490196
v -0.01501544 -0.01300096 0.02963136 0.25490196 0.25490196 0.25490196
v -0.01605728 -0.01300096 0.02920413 0.25490196 0.25490196 0.25490196
v -0.01716658 -0.01300096 0.02905422 0.25490196 0.25490196 0.25490196
v -0.01486553 -0.01300096 0.02757016 0.25490196 0.25490196 0.25490196
v -0.02043451 -0.01300096 0.02831219 0.25490196 0.25490196 0.25490196
v -0.02043451 -0.01300096 0.04311533 0.25490196 0.25490196 0.25490196
v -0.01413100 -0.00650096 0.03031342 0.25490196 0.25490196 0.25490196
v -0.01501544 -0.00650096 0.02963136 0.25490196 0.25490196 0.25490196
v -0.01605728 -0.00650096 0.02920413 0.25490196 0.25490196 0.25490196
v -0.01413100 -0.00650096 0.03639208 0.25490196 0.25490196 0.25490196
v -0.01501544 -0.00650096 0.03708164 0.25490196 0.25490196 0.25490196
v -0.01605728 -0.01300096 0.03750888 0.25490196 0.25490196 0.25490196
v -0.01516534 -0.01300096 0.04483924 0.25490196 0.25490196 0.25490196
v -0.01529276 -0.01300096 0.04467435 0.25490196 0.25490196 0.25490196
v -0.01545766 -0.01300096 0.04454693 0.25490196 0.25490196 0.25490196
v -0.01505291 -0.01300096 0.04524398 0.25490196 0.25490196 0.25490196
v -0.01507540 -0.01300096 0.04542387 0.25490196 0.25490196 0.25490196
v -0.01514285 -0.01300096 0.04560376 0.25490196 0.25490196 0.25490196
v -0.01524779 -0.01300096 0.04576116 0.25490196 0.25490196 0.25490196
v -0.01538270 -0.01300096 0.04588858 0.25490196 0.25490196 0.25490196
v -0.01554760 -0.01300096 0.04597852 0.25490196 0.25490196 0.25490196
v -0.01572749 -0.01300096 0.04603099 0.25490196 0.25490196 0.25490196
v -0.01679181 -0.01300096 0.04377492 0.25490196 0.25490196 0.25490196
v -0.01698669 -0.01300096 0.04369996 0.25490196 0.25490196 0.25490196
v -0.01718906 -0.01300096 0.04366998 0.25490196 0.25490196 0.25490196
v -0.02043451 -0.01300096 0.04694541 0.25490196 0.25490196 0.25490196
v -0.01872559 -0.01300096 0.05207966 0.25490196 0.25490196 0.25490196
v -0.01865064 -0.01300096 0.05004095 0.25490196 0.25490196 0.25490196
v -0.01885301 -0.01300096 0.05430575 0.25490196 0.25490196 0.25490196
v -0.01402606 -0.00650096 0.03251703 0.25490196 0.25490196 0.25490196
v -0.01435585 -0.00650096 0.03173003 0.25490196 0.25490196 0.25490196
v -0.01392113 -0.00650096 0.03335650 0.25490196 0.25490196 0.25490196
v -0.01402606 -0.00650096 0.03419598 0.25490196 0.25490196 0.25490196
v -0.01605728 -0.00650096 0.03750888 0.25490196 0.25490196 0.25490196
v -0.01487303 -0.00650096 0.03105546 0.25490196 0.25490196 0.25490196
v -0.01554011 -0.00650096 0.03053828 0.25490196 0.25490196 0.25490196
v -0.01435585 -0.00650096 0.03498297 0.25490196 0.25490196 0.25490196
v -0.01632711 -0.00650096 0.03021599 0.25490196 0.25490196 0.25490196
v -0.01487303 -0.00650096 0.03565005 0.25490196 0.25490196 0.25490196
v -0.01554011 -0.00650096 0.03616722 0.25490196 0.25490196 0.25490196
v -0.01632711 -0.00650096 0.03649702 0.25490196 0.25490196 0.25490196
v -0.01209978 -0.01300096 0.06819448 0.25490196 0.25490196 0.25490196
v -0.01872559 -0.01300096 0.06087910 0.25490196 0.25490196 0.25490196
v -0.01187492 -0.01300096 0.07390586 0.25490196 0.25490196 0.25490196
v -0.01198735 -0.01300096 0.07989458 0.25490196 0.25490196 0.25490196
v -0.01234712 -0.01300096 0.08626554 0.25490196 0.25490196 0.25490196
v -0.01359883 -0.01300096 0.06036193 0.25490196 0.25490196 0.25490196
v -0.01883052 -0.01300096 0.06554865 0.25490196 0.25490196 0.25490196
v -0.01895045 -0.01300096 0.07049552 0.25490196 0.25490196 0.25490196
v -0.01928024 -0.01300096 0.06322512 0.25490196 0.25490196 0.25490196
v -0.01913033 -0.01300096 0.06819448 0.25490196 0.25490196 0.25490196
v -0.01907787 -0.01300096 0.07580216 0.25490196 0.25490196 0.25490196
v -0.01922777 -0.01300096 0.08157351 0.25490196 0.25490196 0.25490196
v -0.01837332 -0.01300096 0.07390586 0.25490196 0.25490196 0.25490196
v -0.01813347 -0.01300096 0.07989458 0.25490196 0.25490196 0.25490196
v -0.01828337 -0.01300096 0.08626554 0.25490196 0.25490196 0.25490196
v -0.01940016 -0.01300096 0.08792949 0.25490196 0.25490196 0.25490196
v -0.00918412 0.01299904 0.03101798 0.25490196 0.25490196 0.25490196
v -0.00923659 0.01299904 0.03089806 0.25490196 0.25490196 0.25490196
v -0.00931154 0.01299904 0.03079312 0.25490196 0.25490196 0.25490196
v -0.00941648 0.01299904 0.03071068 0.25490196 0.25490196 0.25490196
v -0.00916913 0.01299904 0.03114540 0.25490196 0.25490196 0.25490196
v -0.00901923 0.01299904 0.03380622 0.25490196 0.25490196 0.25490196
v -0.00910168 0.01299904 0.03370878 0.25490196 0.25490196 0.25490196
v -0.00915414 0.01299904 0.03358136 0.25490196 0.25490196 0.25490196
v -0.00843460 0.01299904 0.04862435 0.25490196 0.25490196 0.25490196
v -0.00861448 0.01299904 0.04859436 0.25490196 0.25490196 0.25490196
v -0.01357635 0.01299904 0.02831219 0.25490196 0.25490196 0.25490196
v -0.01853821 0.01299904 0.05207966 0.25490196 0.25490196 0.25490196
v -0.01862815 0.01299904 0.05640443 0.25490196 0.25490196 0.25490196
v -0.01529276 0.01299904 0.04467435 0.25490196 0.25490196 0.25490196
v -0.01545766 0.01299904 0.04454693 0.25490196 0.25490196 0.25490196
v -0.01508289 0.01299904 0.04503412 0.25490196 0.25490196 0.25490196
v -0.01505291 0.01299904 0.04524398 0.25490196 0.25490196 0.25490196
v -0.01516534 0.01299904 0.04483924 0.25490196 0.25490196 0.25490196
v -0.01507540 0.01299904 0.04542387 0.25490196 0.25490196 0.25490196
v -0.01514285 0.01299904 0.04560376 0.25490196 0.25490196 0.25490196
v -0.01524779 0.01299904 0.04576116 0.25490196 0.25490196 0.25490196
v -0.01538270 0.01299904 0.04588858 0.25490196 0.25490196 0.25490196
v -0.01554760 0.01299904 0.04597852 0.25490196 0.25490196 0.25490196
v -0.01572749 0.01299904 0.04603099 0.25490196 0.25490196 0.25490196
v -0.01591487 -0.01300096 0.04603849 0.25490196 0.25490196 0.25490196
v -0.01865064 0.01299904 0.05004095 0.25490196 0.25490196 0.25490196
v -0.01487303 0.00649904 0.03105546 0.25490196 0.25490196 0.25490196
v -0.01402606 0.00649904 0.03251703 0.25490196 0.25490196 0.25490196
v -0.01435585 0.00649904 0.03173003 0.25490196 0.25490196 0.25490196
v -0.01392113 0.00649904 0.03335650 0.25490196 0.25490196 0.25490196
v -0.01402606 0.00649904 0.03419598 0.25490196 0.25490196 0.25490196
v -0.01435585 0.00649904 0.03498297 0.25490196 0.25490196 0.25490196
v -0.01554011 0.00649904 0.03053828 0.25490196 0.25490196 0.25490196
v -0.01632711 0.00649904 0.03021599 0.25490196 0.25490196 0.25490196
v -0.01487303 0.00649904 0.03565005 0.25490196 0.25490196 0.25490196
v -0.01554011 0.00649904 0.03616722 0.25490196 0.25490196 0.25490196
v -0.01209978 0.01299904 0.06819448 0.25490196 0.25490196 0.25490196
v -0.01187492 0.01299904 0.07390586 0.25490196 0.25490196 0.25490196
v -0.01198735 0.01299904 0.07989458 0.25490196 0.25490196 0.25490196
v -0.01234712 0.01299904 0.08626554 0.25490196 0.25490196 0.25490196
v -0.01872559 0.01299904 0.06087910 0.25490196 0.25490196 0.25490196
v -0.01359883 0.01299904 0.06036193 0.25490196 0.25490196 0.25490196
v -0.01906288 -0.01300096 0.05867549 0.25490196 0.25490196 0.25490196
v -0.00799238 0.01299904 0.07989458 0.25490196 0.25490196 0.25490196
v -0.00879437 0.01299904 0.08626554 0.25490196 0.25490196 0.25490196
v -0.01978992 -0.01300096 0.02757016 0.25490196 0.25490196 0.25490196
v -0.01828337 -0.01300096 0.02920413 0.25490196 0.25490196 0.25490196
v -0.01716658 -0.01300096 0.03765878 0.25490196 0.25490196 0.25490196
v -0.01828337 -0.01300096 0.03750888 0.25490196 0.25490196 0.25490196
v -0.01716658 -0.00650096 0.02905422 0.25490196 0.25490196 0.25490196
v -0.01828337 -0.00650096 0.02920413 0.25490196 0.25490196 0.25490196
v -0.01716658 -0.00650096 0.03765878 0.25490196 0.25490196 0.25490196
v -0.01828337 -0.00650096 0.03750888 0.25490196 0.25490196 0.25490196
v -0.01931772 -0.01300096 0.03708164 0.25490196 0.25490196 0.25490196
v -0.01931772 -0.01300096 0.02963136 0.25490196 0.25490196 0.25490196
v -0.02020965 -0.01300096 0.03031342 0.25490196 0.25490196 0.25490196
v -0.02043451 -0.01300096 0.02765261 0.25490196 0.25490196 0.25490196
v -0.02108660 -0.01300096 0.02774255 0.25490196 0.25490196 0.25490196
v -0.02043451 -0.01300096 0.03061324 0.25490196 0.25490196 0.25490196
v -0.02089172 -0.01300096 0.03120536 0.25490196 0.25490196 0.25490196
v -0.02156629 -0.01300096 0.02831219 0.25490196 0.25490196 0.25490196
v -0.02131895 -0.01300096 0.03223971 0.25490196 0.25490196 0.25490196
v -0.02020965 -0.01300096 0.03639208 0.25490196 0.25490196 0.25490196
v -0.02043451 -0.01300096 0.03609977 0.25490196 0.25490196 0.25490196
v -0.02131895 -0.01300096 0.03446580 0.25490196 0.25490196 0.25490196
v -0.02156629 -0.01300096 0.04010224 0.25490196 0.25490196 0.25490196
v -0.02089172 -0.01300096 0.03550764 0.25490196 0.25490196 0.25490196
v -0.02156629 -0.01300096 0.04311533 0.25490196 0.25490196 0.25490196
v -0.01931772 -0.00650096 0.02963136 0.25490196 0.25490196 0.25490196
v -0.02020965 -0.00650096 0.03031342 0.25490196 0.25490196 0.25490196
v -0.02089172 -0.00650096 0.03120536 0.25490196 0.25490196 0.25490196
v -0.02131895 -0.00650096 0.03223971 0.25490196 0.25490196 0.25490196
v -0.02089172 -0.00650096 0.03550764 0.25490196 0.25490196 0.25490196
v -0.01931772 -0.00650096 0.03708164 0.25490196 0.25490196 0.25490196
v -0.02020965 -0.00650096 0.03639208 0.25490196 0.25490196 0.25490196
v -0.01835832 -0.01300096 0.04366998 0.25490196 0.25490196 0.25490196
v -0.01844077 -0.01300096 0.04585110 0.25490196 0.25490196 0.25490196
v -0.01883052 -0.01300096 0.05638944 0.25490196 0.25490196 0.25490196
v -0.01856070 -0.01300096 0.04369996 0.25490196 0.25490196 0.25490196
v -0.01875557 -0.01300096 0.04377492 0.25490196 0.25490196 0.25490196
v -0.01892047 -0.01300096 0.04389484 0.25490196 0.25490196 0.25490196
v -0.01863565 -0.01300096 0.04580613 0.25490196 0.25490196 0.25490196
v -0.01881553 -0.01300096 0.04572368 0.25490196 0.25490196 0.25490196
v -0.01896544 -0.01300096 0.04559626 0.25490196 0.25490196 0.25490196
v -0.01904789 -0.01300096 0.04405224 0.25490196 0.25490196 0.25490196
v -0.01913033 -0.01300096 0.04423962 0.25490196 0.25490196 0.25490196
v -0.01916032 -0.01300096 0.04444199 0.25490196 0.25490196 0.25490196
v -0.01918280 -0.01300096 0.04502662 0.25490196 0.25490196 0.25490196
v -0.01918280 -0.01300096 0.04504911 0.25490196 0.25490196 0.25490196
v -0.01916032 -0.01300096 0.04525148 0.25490196 0.25490196 0.25490196
v -0.01908536 -0.01300096 0.04543136 0.25490196 0.25490196 0.25490196
v -0.01862815 -0.01300096 0.04785983 0.25490196 0.25490196 0.25490196
v -0.01880804 -0.01300096 0.04791230 0.25490196 0.25490196 0.25490196
v -0.01897293 -0.01300096 0.04800224 0.25490196 0.25490196 0.25490196
v -0.01910785 -0.01300096 0.04812216 0.25490196 0.25490196 0.25490196
v -0.01921278 -0.01300096 0.04827207 0.25490196 0.25490196 0.25490196
v -0.01928024 -0.01300096 0.04844446 0.25490196 0.25490196 0.25490196
v -0.01931022 -0.01300096 0.04862435 0.25490196 0.25490196 0.25490196
v -0.01932521 -0.01300096 0.04922397 0.25490196 0.25490196 0.25490196
v -0.01932521 -0.01300096 0.04925395 0.25490196 0.25490196 0.25490196
v -0.01899542 -0.01300096 0.04989854 0.25490196 0.25490196 0.25490196
v -0.01913783 -0.01300096 0.04977112 0.25490196 0.25490196 0.25490196
v -0.01924276 -0.01300096 0.04962122 0.25490196 0.25490196 0.25490196
v -0.01930273 -0.01300096 0.04944133 0.25490196 0.25490196 0.25490196
v -0.02156629 -0.01300096 0.04694541 0.25490196 0.25490196 0.25490196
v -0.02156629 -0.01300096 0.05204219 0.25490196 0.25490196 0.25490196
v -0.01883052 -0.01300096 0.04999598 0.25490196 0.25490196 0.25490196
v -0.01891297 -0.01300096 0.05211714 0.25490196 0.25490196 0.25490196
v -0.01908536 -0.01300096 0.05219959 0.25490196 0.25490196 0.25490196
v -0.01923527 -0.01300096 0.05232701 0.25490196 0.25490196 0.25490196
v -0.01934770 -0.01300096 0.05247691 0.25490196 0.25490196 0.25490196
v -0.01942265 -0.01300096 0.05265680 0.25490196 0.25490196 0.25490196
v -0.01904789 -0.01300096 0.05423080 0.25490196 0.25490196 0.25490196
v -0.01917531 -0.01300096 0.05414836 0.25490196 0.25490196 0.25490196
v -0.02043451 -0.01300096 0.05423080 0.25490196 0.25490196 0.25490196
v -0.01930273 -0.01300096 0.05402093 0.25490196 0.25490196 0.25490196
v -0.01940016 -0.01300096 0.05387103 0.25490196 0.25490196 0.25490196
v -0.01945263 -0.01300096 0.05284418 0.25490196 0.25490196 0.25490196
v -0.01947512 -0.01300096 0.05349627 0.25490196 0.25490196 0.25490196
v -0.01946013 -0.01300096 0.05369864 0.25490196 0.25490196 0.25490196
v -0.01947512 -0.01300096 0.05352625 0.25490196 0.25490196 0.25490196
v -0.01902540 -0.01300096 0.05424580 0.25490196 0.25490196 0.25490196
v -0.01902540 -0.01300096 0.05641942 0.25490196 0.25490196 0.25490196
v -0.01921278 -0.01300096 0.05649437 0.25490196 0.25490196 0.25490196
v -0.01937018 -0.01300096 0.05662179 0.25490196 0.25490196 0.25490196
v -0.01949011 -0.01300096 0.05677919 0.25490196 0.25490196 0.25490196
v -0.01957256 -0.01300096 0.05695908 0.25490196 0.25490196 0.25490196
v -0.01960254 -0.01300096 0.05716145 0.25490196 0.25490196 0.25490196
v -0.01963252 -0.01300096 0.05788849 0.25490196 0.25490196 0.25490196
v -0.02156629 -0.01300096 0.05423080 0.25490196 0.25490196 0.25490196
v -0.02043451 -0.01300096 0.06036193 0.25490196 0.25490196 0.25490196
v -0.01716658 -0.00650096 0.03010356 0.25490196 0.25490196 0.25490196
v -0.01800605 -0.00650096 0.03021599 0.25490196 0.25490196 0.25490196
v -0.01879305 -0.00650096 0.03053828 0.25490196 0.25490196 0.25490196
v -0.01716658 -0.00650096 0.03660195 0.25490196 0.25490196 0.25490196
v -0.01800605 -0.00650096 0.03649702 0.25490196 0.25490196 0.25490196
v -0.01879305 -0.00650096 0.03616722 0.25490196 0.25490196 0.25490196
v -0.02131895 -0.00650096 0.03446580 0.25490196 0.25490196 0.25490196
v -0.01946762 -0.00650096 0.03105546 0.25490196 0.25490196 0.25490196
v -0.01998479 -0.00650096 0.03173003 0.25490196 0.25490196 0.25490196
v -0.02030709 -0.00650096 0.03251703 0.25490196 0.25490196 0.25490196
v -0.01998479 -0.00650096 0.03498297 0.25490196 0.25490196 0.25490196
v -0.02030709 -0.00650096 0.03419598 0.25490196 0.25490196 0.25490196
v -0.02041952 -0.00650096 0.03335650 0.25490196 0.25490196 0.25490196
v -0.02146886 -0.00650096 0.03335650 0.25490196 0.25490196 0.25490196
v -0.01946762 -0.00650096 0.03565005 0.25490196 0.25490196 0.25490196
v -0.02156629 -0.01300096 0.02793743 0.25490196 0.25490196 0.25490196
v -0.02229334 -0.01300096 0.02823724 0.25490196 0.25490196 0.25490196
v -0.02146886 -0.01300096 0.03335650 0.25490196 0.25490196 0.25490196
v -0.02239077 -0.01300096 0.02831219 0.25490196 0.25490196 0.25490196
v -0.02332768 -0.01300096 0.02903174 0.25490196 0.25490196 0.25490196
v -0.02412218 -0.01300096 0.03007357 0.25490196 0.25490196 0.25490196
v -0.02462436 -0.01300096 0.03127282 0.25490196 0.25490196 0.25490196
v -0.02478925 -0.01300096 0.03256950 0.25490196 0.25490196 0.25490196
v -0.02478925 -0.01300096 0.04010224 0.25490196 0.25490196 0.25490196
v -0.02478925 -0.01300096 0.04311533 0.25490196 0.25490196 0.25490196
v -0.02478925 -0.01300096 0.04694541 0.25490196 0.25490196 0.25490196
v -0.02478925 -0.01300096 0.05204219 0.25490196 0.25490196 0.25490196
v -0.02478925 -0.01300096 0.05423080 0.25490196 0.25490196 0.25490196
v -0.02156629 -0.01300096 0.06036193 0.25490196 0.25490196 0.25490196
v -0.01890547 -0.01300096 0.06084162 0.25490196 0.25490196 0.25490196
v -0.01925026 -0.01300096 0.05859304 0.25490196 0.25490196 0.25490196
v -0.01940766 -0.01300096 0.05846562 0.25490196 0.25490196 0.25490196
v -0.01952758 -0.01300096 0.05830073 0.25490196 0.25490196 0.25490196
v -0.01960254 -0.01300096 0.05811335 0.25490196 0.25490196 0.25490196
v -0.01963252 -0.01300096 0.05791098 0.25490196 0.25490196 0.25490196
v -0.01908536 -0.01300096 0.06084912 0.25490196 0.25490196 0.25490196
v -0.01926525 -0.01300096 0.06090159 0.25490196 0.25490196 0.25490196
v -0.01942265 -0.01300096 0.06099153 0.25490196 0.25490196 0.25490196
v -0.01955757 -0.01300096 0.06111145 0.25490196 0.25490196 0.25490196
v -0.01966250 -0.01300096 0.06126136 0.25490196 0.25490196 0.25490196
v -0.01972996 -0.01300096 0.06143375 0.25490196 0.25490196 0.25490196
v -0.01975994 -0.01300096 0.06161363 0.25490196 0.25490196 0.25490196
v -0.01978992 -0.01300096 0.06245310 0.25490196 0.25490196 0.25490196
v -0.01978992 -0.01300096 0.06248308 0.25490196 0.25490196 0.25490196
v -0.01945263 -0.01300096 0.06313517 0.25490196 0.25490196 0.25490196
v -0.01920529 -0.01300096 0.06549618 0.25490196 0.25490196 0.25490196
v -0.01901791 -0.01300096 0.06550367 0.25490196 0.25490196 0.25490196
v -0.01939267 -0.01300096 0.06554116 0.25490196 0.25490196 0.25490196
v -0.01956506 -0.01300096 0.06562360 0.25490196 0.25490196 0.25490196
v -0.01970747 -0.01300096 0.06575102 0.25490196 0.25490196 0.25490196
v -0.01981990 -0.01300096 0.06590093 0.25490196 0.25490196 0.25490196
v -0.01989485 -0.01300096 0.06608081 0.25490196 0.25490196 0.25490196
v -0.01959504 -0.01300096 0.06300775 0.25490196 0.25490196 0.25490196
v -0.02043451 -0.01300096 0.06819448 0.25490196 0.25490196 0.25490196
v -0.01976743 -0.01300096 0.06267047 0.25490196 0.25490196 0.25490196
v -0.01969998 -0.01300096 0.06285035 0.25490196 0.25490196 0.25490196
v -0.02156629 -0.01300096 0.06819448 0.25490196 0.25490196 0.25490196
v -0.01913783 -0.01300096 0.07043556 0.25490196 0.25490196 0.25490196
v -0.01933271 -0.01300096 0.07042057 0.25490196 0.25490196 0.25490196
v -0.01952758 -0.01300096 0.07045804 0.25490196 0.25490196 0.25490196
v -0.01950510 -0.01300096 0.06801459 0.25490196 0.25490196 0.25490196
v -0.01965500 -0.01300096 0.06791715 0.25490196 0.25490196 0.25490196
v -0.01978242 -0.01300096 0.06778973 0.25490196 0.25490196 0.25490196
v -0.01987986 -0.01300096 0.06763983 0.25490196 0.25490196 0.25490196
v -0.01970747 -0.01300096 0.07053300 0.25490196 0.25490196 0.25490196
v -0.01986487 -0.01300096 0.07066042 0.25490196 0.25490196 0.25490196
v -0.01973745 -0.01300096 0.07311886 0.25490196 0.25490196 0.25490196
v -0.01987237 -0.01300096 0.07301393 0.25490196 0.25490196 0.25490196
v -0.02043451 -0.01300096 0.07390586 0.25490196 0.25490196 0.25490196
v -0.01992483 -0.01300096 0.06626819 0.25490196 0.25490196 0.25490196
v -0.01995482 -0.01300096 0.06726506 0.25490196 0.25490196 0.25490196
v -0.01995482 -0.01300096 0.06728755 0.25490196 0.25490196 0.25490196
v -0.01993982 -0.01300096 0.06746743 0.25490196 0.25490196 0.25490196
v -0.01998479 -0.01300096 0.07081781 0.25490196 0.25490196 0.25490196
v -0.02006724 -0.01300096 0.07099770 0.25490196 0.25490196 0.25490196
v -0.02009722 -0.01300096 0.07119258 0.25490196 0.25490196 0.25490196
v -0.02013470 -0.01300096 0.07239182 0.25490196 0.25490196 0.25490196
v -0.01998479 -0.01300096 0.07289400 0.25490196 0.25490196 0.25490196
v -0.02006724 -0.01300096 0.07275159 0.25490196 0.25490196 0.25490196
v -0.02011971 -0.01300096 0.07258670 0.25490196 0.25490196 0.25490196
v -0.02013470 -0.01300096 0.07242180 0.25490196 0.25490196 0.25490196
v -0.02156629 -0.01300096 0.07390586 0.25490196 0.25490196 0.25490196
v -0.01927274 -0.01300096 0.07572721 0.25490196 0.25490196 0.25490196
v -0.01947512 -0.01300096 0.07569723 0.25490196 0.25490196 0.25490196
v -0.01967749 -0.01300096 0.07571971 0.25490196 0.25490196 0.25490196
v -0.01986487 -0.01300096 0.07579467 0.25490196 0.25490196 0.25490196
v -0.01940016 -0.01300096 0.08148357 0.25490196 0.25490196 0.25490196
v -0.01958005 -0.01300096 0.08143859 0.25490196 0.25490196 0.25490196
v -0.01976743 -0.01300096 0.08143859 0.25490196 0.25490196 0.25490196
v -0.01998479 -0.01300096 0.07863537 0.25490196 0.25490196 0.25490196
v -0.02043451 -0.01300096 0.07989458 0.25490196 0.25490196 0.25490196
v -0.02002977 -0.01300096 0.07592208 0.25490196 0.25490196 0.25490196
v -0.02016468 -0.01300096 0.07607949 0.25490196 0.25490196 0.25490196
v -0.02024713 -0.01300096 0.07626687 0.25490196 0.25490196 0.25490196
v -0.02027711 -0.01300096 0.07646924 0.25490196 0.25490196 0.25490196
v -0.02032958 -0.01300096 0.07794580 0.25490196 0.25490196 0.25490196
v -0.02032958 -0.01300096 0.07797579 0.25490196 0.25490196 0.25490196
v -0.02012720 -0.01300096 0.07850795 0.25490196 0.25490196 0.25490196
v -0.02030709 -0.01300096 0.07817066 0.25490196 0.25490196 0.25490196
v -0.02023963 -0.01300096 0.07835055 0.25490196 0.25490196 0.25490196
v -0.01995482 -0.01300096 0.08148357 0.25490196 0.25490196 0.25490196
v -0.02011971 -0.01300096 0.08156602 0.25490196 0.25490196 0.25490196
v -0.02026961 -0.01300096 0.08168594 0.25490196 0.25490196 0.25490196
v -0.02038204 -0.01300096 0.08184334 0.25490196 0.25490196 0.25490196
v -0.02043451 -0.01300096 0.08198575 0.25490196 0.25490196 0.25490196
v -0.02156629 -0.01300096 0.07989458 0.25490196 0.25490196 0.25490196
v -0.02044950 -0.01300096 0.08201573 0.25490196 0.25490196 0.25490196
v -0.01957256 -0.01300096 0.08782456 0.25490196 0.25490196 0.25490196
v -0.01975244 -0.01300096 0.08777210 0.25490196 0.25490196 0.25490196
v -0.01995482 -0.01300096 0.08775711 0.25490196 0.25490196 0.25490196
v -0.02023963 -0.01300096 0.08469904 0.25490196 0.25490196 0.25490196
v -0.02043451 -0.01300096 0.08626554 0.25490196 0.25490196 0.25490196
v -0.02036705 -0.01300096 0.08457162 0.25490196 0.25490196 0.25490196
v -0.02043451 -0.01300096 0.08446669 0.25490196 0.25490196 0.25490196
v -0.02047948 -0.01300096 0.08220312 0.25490196 0.25490196 0.25490196
v -0.02054694 -0.01300096 0.08404695 0.25490196 0.25490196 0.25490196
v -0.02046449 -0.01300096 0.08442171 0.25490196 0.25490196 0.25490196
v -0.02156629 -0.01300096 0.08626554 0.25490196 0.25490196 0.25490196
v -0.02054694 -0.01300096 0.08407693 0.25490196 0.25490196 0.25490196
v -0.02052445 -0.01300096 0.08425682 0.25490196 0.25490196 0.25490196
v -0.02014219 -0.01300096 0.08779458 0.25490196 0.25490196 0.25490196
v -0.02032208 -0.01300096 0.08787702 0.25490196 0.25490196 0.25490196
v -0.02043451 -0.01300096 0.08796697 0.25490196 0.25490196 0.25490196
v -0.02047199 -0.01300096 0.08799695 0.25490196 0.25490196 0.25490196
v -0.02059191 -0.01300096 0.08815435 0.25490196 0.25490196 0.25490196
v -0.02066686 -0.01300096 0.08833424 0.25490196 0.25490196 0.25490196
v -0.02069685 -0.01300096 0.08852912 0.25490196 0.25490196 0.25490196
v -0.02077929 -0.01300096 0.09086014 0.25490196 0.25490196 0.25490196
v -0.02478925 -0.01300096 0.06036193 0.25490196 0.25490196 0.25490196
v -0.02478925 -0.01300096 0.06819448 0.25490196 0.25490196 0.25490196
v -0.02478925 -0.01300096 0.07390586 0.25490196 0.25490196 0.25490196
v -0.02478925 -0.01300096 0.07989458 0.25490196 0.25490196 0.25490196
v -0.02478925 -0.01300096 0.08626554 0.25490196 0.25490196 0.25490196
v -0.02156629 -0.01300096 0.09257655 0.25490196 0.25490196 0.25490196
v -0.02478925 -0.01300096 0.08904629 0.25490196 0.25490196 0.25490196
v -0.02409457 -0.01300096 0.08904629 0.25490196 0.25490196 0.25490196
v -0.01978992 0.01299904 0.02757016 0.25490196 0.25490196 0.25490196
v -0.02043451 0.01299904 0.02765261 0.25490196 0.25490196 0.25490196
v -0.02108660 0.01299904 0.02774255 0.25490196 0.25490196 0.25490196
v -0.01698669 0.01299904 0.04369996 0.25490196 0.25490196 0.25490196
v -0.01718906 0.01299904 0.04366998 0.25490196 0.25490196 0.25490196
v -0.01844077 0.01299904 0.04585110 0.25490196 0.25490196 0.25490196
v -0.01856070 0.01299904 0.04369996 0.25490196 0.25490196 0.25490196
v -0.01875557 0.01299904 0.04377492 0.25490196 0.25490196 0.25490196
v -0.01863565 0.01299904 0.04580613 0.25490196 0.25490196 0.25490196
v -0.01862815 0.01299904 0.04785983 0.25490196 0.25490196 0.25490196
v -0.01880804 0.01299904 0.04791230 0.25490196 0.25490196 0.25490196
v -0.01872559 0.01299904 0.05207966 0.25490196 0.25490196 0.25490196
v -0.01883052 0.01299904 0.05638944 0.25490196 0.25490196 0.25490196
v -0.01892047 0.01299904 0.04389484 0.25490196 0.25490196 0.25490196
v -0.01904789 0.01299904 0.04405224 0.25490196 0.25490196 0.25490196
v -0.01913033 0.01299904 0.04423962 0.25490196 0.25490196 0.25490196
v -0.01916032 0.01299904 0.04444199 0.25490196 0.25490196 0.25490196
v -0.01881553 0.01299904 0.04572368 0.25490196 0.25490196 0.25490196
v -0.01896544 0.01299904 0.04559626 0.25490196 0.25490196 0.25490196
v -0.01908536 0.01299904 0.04543136 0.25490196 0.25490196 0.25490196
v -0.01918280 0.01299904 0.04504911 0.25490196 0.25490196 0.25490196
v -0.01916032 0.01299904 0.04525148 0.25490196 0.25490196 0.25490196
v -0.01897293 0.01299904 0.04800224 0.25490196 0.25490196 0.25490196
v -0.01910785 0.01299904 0.04812216 0.25490196 0.25490196 0.25490196
v -0.01921278 0.01299904 0.04827207 0.25490196 0.25490196 0.25490196
v -0.01928024 0.01299904 0.04844446 0.25490196 0.25490196 0.25490196
v -0.01931022 0.01299904 0.04862435 0.25490196 0.25490196 0.25490196
v -0.01883052 0.01299904 0.04999598 0.25490196 0.25490196 0.25490196
v -0.01899542 0.01299904 0.04989854 0.25490196 0.25490196 0.25490196
v -0.01924276 0.01299904 0.04962122 0.25490196 0.25490196 0.25490196
v -0.01932521 0.01299904 0.04925395 0.25490196 0.25490196 0.25490196
v -0.01930273 0.01299904 0.04944133 0.25490196 0.25490196 0.25490196
v -0.01913783 0.01299904 0.04977112 0.25490196 0.25490196 0.25490196
v -0.01891297 0.01299904 0.05211714 0.25490196 0.25490196 0.25490196
v -0.01908536 0.01299904 0.05219959 0.25490196 0.25490196 0.25490196
v -0.01923527 0.01299904 0.05232701 0.25490196 0.25490196 0.25490196
v -0.01934770 0.01299904 0.05247691 0.25490196 0.25490196 0.25490196
v -0.01885301 0.01299904 0.05430575 0.25490196 0.25490196 0.25490196
v -0.01902540 0.01299904 0.05424580 0.25490196 0.25490196 0.25490196
v -0.01904789 0.01299904 0.05423080 0.25490196 0.25490196 0.25490196
v -0.01942265 0.01299904 0.05265680 0.25490196 0.25490196 0.25490196
v -0.01917531 0.01299904 0.05414836 0.25490196 0.25490196 0.25490196
v -0.01940016 0.01299904 0.05387103 0.25490196 0.25490196 0.25490196
v -0.01930273 0.01299904 0.05402093 0.25490196 0.25490196 0.25490196
v -0.01945263 0.01299904 0.05284418 0.25490196 0.25490196 0.25490196
v -0.01947512 0.01299904 0.05352625 0.25490196 0.25490196 0.25490196
v -0.01946013 0.01299904 0.05369864 0.25490196 0.25490196 0.25490196
v -0.01902540 0.01299904 0.05641942 0.25490196 0.25490196 0.25490196
v -0.01921278 0.01299904 0.05649437 0.25490196 0.25490196 0.25490196
v -0.01937018 0.01299904 0.05662179 0.25490196 0.25490196 0.25490196
v -0.01949011 0.01299904 0.05677919 0.25490196 0.25490196 0.25490196
v -0.01957256 0.01299904 0.05695908 0.25490196 0.25490196 0.25490196
v -0.01960254 0.01299904 0.05716145 0.25490196 0.25490196 0.25490196
v -0.01952758 0.01299904 0.05830073 0.25490196 0.25490196 0.25490196
v -0.01963252 0.01299904 0.05791098 0.25490196 0.25490196 0.25490196
v -0.01960254 0.01299904 0.05811335 0.25490196 0.25490196 0.25490196
v -0.01716658 0.00649904 0.03010356 0.25490196 0.25490196 0.25490196
v -0.01800605 0.00649904 0.03021599 0.25490196 0.25490196 0.25490196
v -0.01879305 0.00649904 0.03053828 0.25490196 0.25490196 0.25490196
v -0.01632711 0.00649904 0.03649702 0.25490196 0.25490196 0.25490196
v -0.01716658 0.00649904 0.03660195 0.25490196 0.25490196 0.25490196
v -0.01800605 0.00649904 0.03649702 0.25490196 0.25490196 0.25490196
v -0.01946762 0.00649904 0.03105546 0.25490196 0.25490196 0.25490196
v -0.01998479 0.00649904 0.03173003 0.25490196 0.25490196 0.25490196
v -0.02030709 0.00649904 0.03251703 0.25490196 0.25490196 0.25490196
v -0.02041952 0.00649904 0.03335650 0.25490196 0.25490196 0.25490196
v -0.02030709 0.00649904 0.03419598 0.25490196 0.25490196 0.25490196
v -0.01998479 0.00649904 0.03498297 0.25490196 0.25490196 0.25490196
v -0.01879305 0.00649904 0.03616722 0.25490196 0.25490196 0.25490196
v -0.01946762 0.00649904 0.03565005 0.25490196 0.25490196 0.25490196
v -0.02156629 0.01299904 0.02793743 0.25490196 0.25490196 0.25490196
v -0.02229334 0.01299904 0.02823724 0.25490196 0.25490196 0.25490196
v -0.02239077 0.01299904 0.02831219 0.25490196 0.25490196 0.25490196
v -0.02412218 0.01299904 0.03007357 0.25490196 0.25490196 0.25490196
v -0.02462436 0.01299904 0.03127282 0.25490196 0.25490196 0.25490196
v -0.02478925 0.01299904 0.03256950 0.25490196 0.25490196 0.25490196
v -0.02478925 0.01299904 0.04010224 0.25490196 0.25490196 0.25490196
v -0.02478925 0.01299904 0.04311533 0.25490196 0.25490196 0.25490196
v -0.02478925 0.01299904 0.04694541 0.25490196 0.25490196 0.25490196
v -0.02478925 0.01299904 0.05204219 0.25490196 0.25490196 0.25490196
v -0.02478925 0.01299904 0.05423080 0.25490196 0.25490196 0.25490196
v -0.01883052 0.01299904 0.06554865 0.25490196 0.25490196 0.25490196
v -0.01895045 0.01299904 0.07049552 0.25490196 0.25490196 0.25490196
v -0.01906288 0.01299904 0.05867549 0.25490196 0.25490196 0.25490196
v -0.01925026 0.01299904 0.05859304 0.25490196 0.25490196 0.25490196
v -0.01890547 0.01299904 0.06084162 0.25490196 0.25490196 0.25490196
v -0.01908536 0.01299904 0.06084912 0.25490196 0.25490196 0.25490196
v -0.01926525 0.01299904 0.06090159 0.25490196 0.25490196 0.25490196
v -0.01942265 0.01299904 0.06099153 0.25490196 0.25490196 0.25490196
v -0.01940766 0.01299904 0.05846562 0.25490196 0.25490196 0.25490196
v -0.01955757 0.01299904 0.06111145 0.25490196 0.25490196 0.25490196
v -0.01966250 0.01299904 0.06126136 0.25490196 0.25490196 0.25490196
v -0.01972996 0.01299904 0.06143375 0.25490196 0.25490196 0.25490196
v -0.01975994 0.01299904 0.06161363 0.25490196 0.25490196 0.25490196
v -0.01928024 0.01299904 0.06322512 0.25490196 0.25490196 0.25490196
v -0.01901791 0.01299904 0.06550367 0.25490196 0.25490196 0.25490196
v -0.01920529 0.01299904 0.06549618 0.25490196 0.25490196 0.25490196
v -0.01939267 0.01299904 0.06554116 0.25490196 0.25490196 0.25490196
v -0.01959504 0.01299904 0.06300775 0.25490196 0.25490196 0.25490196
v -0.01969998 0.01299904 0.06285035 0.25490196 0.25490196 0.25490196
v -0.01945263 0.01299904 0.06313517 0.25490196 0.25490196 0.25490196
v -0.01978992 0.01299904 0.06248308 0.25490196 0.25490196 0.25490196
v -0.01976743 0.01299904 0.06267047 0.25490196 0.25490196 0.25490196
v -0.01956506 0.01299904 0.06562360 0.25490196 0.25490196 0.25490196
v -0.01970747 0.01299904 0.06575102 0.25490196 0.25490196 0.25490196
v -0.01981990 0.01299904 0.06590093 0.25490196 0.25490196 0.25490196
v -0.01913033 0.01299904 0.06819448 0.25490196 0.25490196 0.25490196
v -0.01989485 0.01299904 0.06608081 0.25490196 0.25490196 0.25490196
v -0.01992483 0.01299904 0.06626819 0.25490196 0.25490196 0.25490196
v -0.01978242 0.01299904 0.06778973 0.25490196 0.25490196 0.25490196
v -0.01995482 0.01299904 0.06728755 0.25490196 0.25490196 0.25490196
v -0.01987986 0.01299904 0.06763983 0.25490196 0.25490196 0.25490196
v -0.01993982 0.01299904 0.06746743 0.25490196 0.25490196 0.25490196
v -0.01950510 0.01299904 0.06801459 0.25490196 0.25490196 0.25490196
v -0.01965500 0.01299904 0.06791715 0.25490196 0.25490196 0.25490196
v -0.01913783 0.01299904 0.07043556 0.25490196 0.25490196 0.25490196
v -0.01933271 0.01299904 0.07042057 0.25490196 0.25490196 0.25490196
v -0.01952758 0.01299904 0.07045804 0.25490196 0.25490196 0.25490196
v -0.01970747 0.01299904 0.07053300 0.25490196 0.25490196 0.25490196
v -0.01986487 0.01299904 0.07066042 0.25490196 0.25490196 0.25490196
v -0.01998479 0.01299904 0.07081781 0.25490196 0.25490196 0.25490196
v -0.02006724 0.01299904 0.07099770 0.25490196 0.25490196 0.25490196
v -0.01973745 0.01299904 0.07311886 0.25490196 0.25490196 0.25490196
v -0.01987237 0.01299904 0.07301393 0.25490196 0.25490196 0.25490196
v -0.01998479 0.01299904 0.07289400 0.25490196 0.25490196 0.25490196
v -0.02009722 0.01299904 0.07119258 0.25490196 0.25490196 0.25490196
v -0.02011971 0.01299904 0.07258670 0.25490196 0.25490196 0.25490196
v -0.02013470 0.01299904 0.07242180 0.25490196 0.25490196 0.25490196
v -0.02006724 0.01299904 0.07275159 0.25490196 0.25490196 0.25490196
v -0.01907787 0.01299904 0.07580216 0.25490196 0.25490196 0.25490196
v -0.01813347 0.01299904 0.07989458 0.25490196 0.25490196 0.25490196
v -0.01922777 0.01299904 0.08157351 0.25490196 0.25490196 0.25490196
v -0.01837332 0.01299904 0.07390586 0.25490196 0.25490196 0.25490196
v -0.01927274 0.01299904 0.07572721 0.25490196 0.25490196 0.25490196
v -0.01947512 0.01299904 0.07569723 0.25490196 0.25490196 0.25490196
v -0.01967749 0.01299904 0.07571971 0.25490196 0.25490196 0.25490196
v -0.01986487 0.01299904 0.07579467 0.25490196 0.25490196 0.25490196
v -0.02002977 0.01299904 0.07592208 0.25490196 0.25490196 0.25490196
v -0.01998479 0.01299904 0.07863537 0.25490196 0.25490196 0.25490196
v -0.02016468 0.01299904 0.07607949 0.25490196 0.25490196 0.25490196
v -0.02024713 0.01299904 0.07626687 0.25490196 0.25490196 0.25490196
v -0.02027711 0.01299904 0.07646924 0.25490196 0.25490196 0.25490196
v -0.02023963 0.01299904 0.07835055 0.25490196 0.25490196 0.25490196
v -0.02030709 0.01299904 0.07817066 0.25490196 0.25490196 0.25490196
v -0.02032958 0.01299904 0.07797579 0.25490196 0.25490196 0.25490196
v -0.02012720 0.01299904 0.07850795 0.25490196 0.25490196 0.25490196
v -0.01940016 0.01299904 0.08148357 0.25490196 0.25490196 0.25490196
v -0.01958005 0.01299904 0.08143859 0.25490196 0.25490196 0.25490196
v -0.01976743 0.01299904 0.08143859 0.25490196 0.25490196 0.25490196
v -0.01995482 0.01299904 0.08148357 0.25490196 0.25490196 0.25490196
v -0.01828337 0.01299904 0.08626554 0.25490196 0.25490196 0.25490196
v -0.01957256 0.01299904 0.08782456 0.25490196 0.25490196 0.25490196
v -0.01975244 0.01299904 0.08777210 0.25490196 0.25490196 0.25490196
v -0.01995482 0.01299904 0.08775711 0.25490196 0.25490196 0.25490196
v -0.02011971 0.01299904 0.08156602 0.25490196 0.25490196 0.25490196
v -0.02026961 0.01299904 0.08168594 0.25490196 0.25490196 0.25490196
v -0.02038204 0.01299904 0.08184334 0.25490196 0.25490196 0.25490196
v -0.02043451 0.01299904 0.08198575 0.25490196 0.25490196 0.25490196
v -0.02044950 0.01299904 0.08201573 0.25490196 0.25490196 0.25490196
v -0.02047948 0.01299904 0.08220312 0.25490196 0.25490196 0.25490196
v -0.02023963 0.01299904 0.08469904 0.25490196 0.25490196 0.25490196
v -0.02054694 0.01299904 0.08407693 0.25490196 0.25490196 0.25490196
v -0.02036705 0.01299904 0.08457162 0.25490196 0.25490196 0.25490196
v -0.02046449 0.01299904 0.08442171 0.25490196 0.25490196 0.25490196
v -0.02043451 0.01299904 0.08446669 0.25490196 0.25490196 0.25490196
v -0.02052445 0.01299904 0.08425682 0.25490196 0.25490196 0.25490196
v -0.02014219 0.01299904 0.08779458 0.25490196 0.25490196 0.25490196
v -0.02032208 0.01299904 0.08787702 0.25490196 0.25490196 0.25490196
v -0.02043451 0.01299904 0.08796697 0.25490196 0.25490196 0.25490196
v -0.02047199 0.01299904 0.08799695 0.25490196 0.25490196 0.25490196
v -0.02059191 0.01299904 0.08815435 0.25490196 0.25490196 0.25490196
v -0.02066686 0.01299904 0.08833424 0.25490196 0.25490196 0.25490196
v -0.02069685 0.01299904 0.08852912 0.25490196 0.25490196 0.25490196
v -0.02478925 0.01299904 0.06036193 0.25490196 0.25490196 0.25490196
v -0.02478925 0.01299904 0.06819448 0.25490196 0.25490196 0.25490196
v -0.02478925 0.01299904 0.07390586 0.25490196 0.25490196 0.25490196
v -0.02478925 0.01299904 0.07989458 0.25490196 0.25490196 0.25490196
v -0.02478925 0.01299904 0.08626554 0.25490196 0.25490196 0.25490196
v -0.01356885 -0.01300096 0.09257655 0.25490196 0.25490196 0.25490196
v -0.01333650 -0.01300096 0.09977950 0.25490196 0.25490196 0.25490196
v -0.01157511 -0.01300096 0.09977950 0.25490196 0.25490196 0.25490196
v -0.00728782 -0.01300096 0.11226660 0.25490196 0.25490196 0.25490196
v -0.00748270 -0.01300096 0.11233406 0.25490196 0.25490196 0.25490196
v -0.00768507 -0.01300096 0.11234905 0.25490196 0.25490196 0.25490196
v -0.00787995 -0.01300096 0.11231157 0.25490196 0.25490196 0.25490196
v -0.00806733 -0.01300096 0.11222912 0.25490196 0.25490196 0.25490196
v -0.00793241 -0.01300096 0.11429782 0.25490196 0.25490196 0.25490196
v -0.00790993 -0.01300096 0.11450019 0.25490196 0.25490196 0.25490196
v -0.00792492 -0.01300096 0.11464260 0.25490196 0.25490196 0.25490196
v -0.00796240 -0.01300096 0.11477752 0.25490196 0.25490196 0.25490196
v -0.00822473 -0.01300096 0.11210170 0.25490196 0.25490196 0.25490196
v -0.00812729 -0.01300096 0.11395304 0.25490196 0.25490196 0.25490196
v -0.00800737 -0.01300096 0.11411044 0.25490196 0.25490196 0.25490196
v -0.00961135 -0.01300096 0.11915475 0.25490196 0.25490196 0.25490196
v -0.00970879 -0.01300096 0.11934214 0.25490196 0.25490196 0.25490196
v -0.00985120 -0.01300096 0.11949204 0.25490196 0.25490196 0.25490196
v -0.01003109 -0.01300096 0.11959697 0.25490196 0.25490196 0.25490196
v -0.01406354 -0.01300096 0.10766451 0.25490196 0.25490196 0.25490196
v -0.01063820 -0.01300096 0.11961946 0.25490196 0.25490196 0.25490196
v -0.01081809 -0.01300096 0.11952202 0.25490196 0.25490196 0.25490196
v -0.01214475 -0.01300096 0.11983683 0.25490196 0.25490196 0.25490196
v -0.01956506 -0.01300096 0.09400065 0.25490196 0.25490196 0.25490196
v -0.01241458 -0.01300096 0.10766451 0.25490196 0.25490196 0.25490196
v -0.01097549 -0.01300096 0.11937961 0.25490196 0.25490196 0.25490196
v -0.01979741 -0.01300096 0.10159336 0.25490196 0.25490196 0.25490196
v -0.02005975 -0.01300096 0.11026538 0.25490196 0.25490196 0.25490196
v -0.01072815 -0.01300096 0.12185304 0.25490196 0.25490196 0.25490196
v -0.00784247 -0.01300096 0.12352449 0.25490196 0.25490196 0.25490196
v -0.01022597 -0.01300096 0.11965693 0.25490196 0.25490196 0.25490196
v -0.01043583 -0.01300096 0.11966443 0.25490196 0.25490196 0.25490196
v -0.01081060 -0.01300096 0.12149327 0.25490196 0.25490196 0.25490196
v -0.01074314 -0.01300096 0.12166566 0.25490196 0.25490196 0.25490196
v -0.01090803 -0.01300096 0.12134336 0.25490196 0.25490196 0.25490196
v -0.01074314 -0.01300096 0.12200295 0.25490196 0.25490196 0.25490196
v -0.01078062 -0.01300096 0.12214536 0.25490196 0.25490196 0.25490196
v -0.01084807 -0.01300096 0.12964062 0.25490196 0.25490196 0.25490196
v -0.01270690 -0.01300096 0.12685238 0.25490196 0.25490196 0.25490196
v -0.01279684 -0.01300096 0.12701728 0.25490196 0.25490196 0.25490196
v -0.01292426 -0.01300096 0.12715219 0.25490196 0.25490196 0.25490196
v -0.01308166 -0.01300096 0.12725712 0.25490196 0.25490196 0.25490196
v -0.01398858 -0.01300096 0.12987298 0.25490196 0.25490196 0.25490196
v -0.01221221 -0.01300096 0.13242137 0.25490196 0.25490196 0.25490196
v -0.01392862 -0.01300096 0.12964062 0.25490196 0.25490196 0.25490196
v -0.01394361 -0.01300096 0.12971557 0.25490196 0.25490196 0.25490196
v -0.01326154 -0.01300096 0.12732458 0.25490196 0.25490196 0.25490196
v -0.01344893 -0.01300096 0.12734706 0.25490196 0.25490196 0.25490196
v -0.01363631 -0.01300096 0.12732458 0.25490196 0.25490196 0.25490196
v -0.01407103 -0.01300096 0.12908598 0.25490196 0.25490196 0.25490196
v -0.01398858 -0.01300096 0.12923588 0.25490196 0.25490196 0.25490196
v -0.01394361 -0.01300096 0.12939328 0.25490196 0.25490196 0.25490196
v -0.01392113 -0.01300096 0.12955818 0.25490196 0.25490196 0.25490196
v -0.01409352 -0.01300096 0.12700978 0.25490196 0.25490196 0.25490196
v -0.02037455 -0.01300096 0.12034650 0.25490196 0.25490196 0.25490196
v -0.01380870 -0.01300096 0.12725712 0.25490196 0.25490196 0.25490196
v -0.01396610 -0.01300096 0.12715219 0.25490196 0.25490196 0.25490196
v -0.01623716 -0.01300096 0.13494728 0.25490196 0.25490196 0.25490196
v -0.01694172 -0.01300096 0.14113835 0.25490196 0.25490196 0.25490196
v -0.01356885 0.01299904 0.09257655 0.25490196 0.25490196 0.25490196
v -0.01333650 0.01299904 0.09977950 0.25490196 0.25490196 0.25490196
v -0.00748270 0.01299904 0.11233406 0.25490196 0.25490196 0.25490196
v -0.00768507 0.01299904 0.11234905 0.25490196 0.25490196 0.25490196
v -0.00787995 0.01299904 0.11231157 0.25490196 0.25490196 0.25490196
v -0.00806733 0.01299904 0.11222912 0.25490196 0.25490196 0.25490196
v -0.00793241 0.01299904 0.11429782 0.25490196 0.25490196 0.25490196
v -0.00800737 0.01299904 0.11411044 0.25490196 0.25490196 0.25490196
v -0.00790993 0.01299904 0.11450019 0.25490196 0.25490196 0.25490196
v -0.00792492 0.01299904 0.11464260 0.25490196 0.25490196 0.25490196
v -0.00812729 0.01299904 0.11395304 0.25490196 0.25490196 0.25490196
v -0.00796240 0.01299904 0.11477752 0.25490196 0.25490196 0.25490196
v -0.00822473 0.01299904 0.11210170 0.25490196 0.25490196 0.25490196
v -0.00961135 0.01299904 0.11915475 0.25490196 0.25490196 0.25490196
v -0.00970879 0.01299904 0.11934214 0.25490196 0.25490196 0.25490196
v -0.00985120 0.01299904 0.11949204 0.25490196 0.25490196 0.25490196
v -0.01003109 0.01299904 0.11959697 0.25490196 0.25490196 0.25490196
v -0.01022597 0.01299904 0.11965693 0.25490196 0.25490196 0.25490196
v -0.01043583 0.01299904 0.11966443 0.25490196 0.25490196 0.25490196
v -0.01063820 0.01299904 0.11961946 0.25490196 0.25490196 0.25490196
v -0.01081809 0.01299904 0.11952202 0.25490196 0.25490196 0.25490196
v -0.01157511 0.01299904 0.09977950 0.25490196 0.25490196 0.25490196
v -0.01933271 -0.01300096 0.09257655 0.25490196 0.25490196 0.25490196
v -0.01406354 0.01299904 0.10766451 0.25490196 0.25490196 0.25490196
v -0.01241458 0.01299904 0.10766451 0.25490196 0.25490196 0.25490196
v -0.01985738 -0.01300096 0.09977950 0.25490196 0.25490196 0.25490196
v -0.01097549 0.01299904 0.11937961 0.25490196 0.25490196 0.25490196
v -0.02043451 -0.01300096 0.10792684 0.25490196 0.25490196 0.25490196
v -0.00784247 0.01299904 0.12352449 0.25490196 0.25490196 0.25490196
v -0.01081060 0.01299904 0.12149327 0.25490196 0.25490196 0.25490196
v -0.01090803 0.01299904 0.12134336 0.25490196 0.25490196 0.25490196
v -0.01074314 0.01299904 0.12166566 0.25490196 0.25490196 0.25490196
v -0.01072815 0.01299904 0.12185304 0.25490196 0.25490196 0.25490196
v -0.01074314 0.01299904 0.12200295 0.25490196 0.25490196 0.25490196
v -0.01084807 0.01299904 0.12964062 0.25490196 0.25490196 0.25490196
v -0.01214475 0.01299904 0.11983683 0.25490196 0.25490196 0.25490196
v -0.01078062 0.01299904 0.12214536 0.25490196 0.25490196 0.25490196
v -0.01270690 0.01299904 0.12685238 0.25490196 0.25490196 0.25490196
v -0.01279684 0.01299904 0.12701728 0.25490196 0.25490196 0.25490196
v -0.01292426 0.01299904 0.12715219 0.25490196 0.25490196 0.25490196
v -0.01308166 0.01299904 0.12725712 0.25490196 0.25490196 0.25490196
v -0.01326154 0.01299904 0.12732458 0.25490196 0.25490196 0.25490196
v -0.01344893 0.01299904 0.12734706 0.25490196 0.25490196 0.25490196
v -0.01363631 0.01299904 0.12732458 0.25490196 0.25490196 0.25490196
v -0.01221221 0.01299904 0.13242137 0.25490196 0.25490196 0.25490196
v -0.01380870 0.01299904 0.12725712 0.25490196 0.25490196 0.25490196
v -0.01396610 0.01299904 0.12715219 0.25490196 0.25490196 0.25490196
v -0.01409352 0.01299904 0.12700978 0.25490196 0.25490196 0.25490196
v -0.01926525 -0.01300096 0.11983683 0.25490196 0.25490196 0.25490196
v -0.01407103 0.01299904 0.12908598 0.25490196 0.25490196 0.25490196
v -0.01394361 0.01299904 0.12939328 0.25490196 0.25490196 0.25490196
v -0.01392113 0.01299904 0.12955818 0.25490196 0.25490196 0.25490196
v -0.01392862 0.01299904 0.12964062 0.25490196 0.25490196 0.25490196
v -0.01394361 0.01299904 0.12971557 0.25490196 0.25490196 0.25490196
v -0.01398858 0.01299904 0.12923588 0.25490196 0.25490196 0.25490196
v -0.01398858 0.01299904 0.12987298 0.25490196 0.25490196 0.25490196
v -0.01623716 0.01299904 0.13494728 0.25490196 0.25490196 0.25490196
v -0.01633460 -0.01300096 0.13511215 0.25490196 0.25490196 0.25490196
v -0.01972996 -0.01300096 0.09388072 0.25490196 0.25490196 0.25490196
v -0.01991734 -0.01300096 0.09381327 0.25490196 0.25490196 0.25490196
v -0.02011971 -0.01300096 0.09379078 0.25490196 0.25490196 0.25490196
v -0.02043451 -0.01300096 0.09257655 0.25490196 0.25490196 0.25490196
v -0.02043451 -0.01300096 0.09155721 0.25490196 0.25490196 0.25490196
v -0.02052445 -0.01300096 0.09147476 0.25490196 0.25490196 0.25490196
v -0.02063688 -0.01300096 0.09134734 0.25490196 0.25490196 0.25490196
v -0.02071184 -0.01300096 0.09120493 0.25490196 0.25490196 0.25490196
v -0.02077929 -0.01300096 0.09089012 0.25490196 0.25490196 0.25490196
v -0.02076430 -0.01300096 0.09105502 0.25490196 0.25490196 0.25490196
v -0.02032208 -0.01300096 0.09381327 0.25490196 0.25490196 0.25490196
v -0.02043451 -0.01300096 0.09386574 0.25490196 0.25490196 0.25490196
v -0.02050946 -0.01300096 0.09389572 0.25490196 0.25490196 0.25490196
v -0.02067436 -0.01300096 0.09401564 0.25490196 0.25490196 0.25490196
v -0.02079428 -0.01300096 0.09417304 0.25490196 0.25490196 0.25490196
v -0.02087673 -0.01300096 0.09436042 0.25490196 0.25490196 0.25490196
v -0.02091421 -0.01300096 0.09456280 0.25490196 0.25490196 0.25490196
v -0.02103413 -0.01300096 0.09818301 0.25490196 0.25490196 0.25490196
v -0.01995482 -0.01300096 0.10146594 0.25490196 0.25490196 0.25490196
v -0.02014219 -0.01300096 0.10138349 0.25490196 0.25490196 0.25490196
v -0.02043451 -0.01300096 0.09916489 0.25490196 0.25490196 0.25490196
v -0.02043451 -0.01300096 0.09977950 0.25490196 0.25490196 0.25490196
v -0.02035206 -0.01300096 0.10134602 0.25490196 0.25490196 0.25490196
v -0.02081677 -0.01300096 0.09876014 0.25490196 0.25490196 0.25490196
v -0.02156629 -0.01300096 0.09977950 0.25490196 0.25490196 0.25490196
v -0.02074931 -0.01300096 0.10144345 0.25490196 0.25490196 0.25490196
v -0.02093669 -0.01300096 0.09860274 0.25490196 0.25490196 0.25490196
v -0.02104163 -0.01300096 0.09821298 0.25490196 0.25490196 0.25490196
v -0.02101165 -0.01300096 0.09841536 0.25490196 0.25490196 0.25490196
v -0.02043451 -0.01300096 0.10135351 0.25490196 0.25490196 0.25490196
v -0.02055444 -0.01300096 0.10136850 0.25490196 0.25490196 0.25490196
v -0.02092170 -0.01300096 0.10156338 0.25490196 0.25490196 0.25490196
v -0.02105662 -0.01300096 0.10172078 0.25490196 0.25490196 0.25490196
v -0.02113907 -0.01300096 0.10191566 0.25490196 0.25490196 0.25490196
v -0.02117654 -0.01300096 0.10211801 0.25490196 0.25490196 0.25490196
v -0.02065187 -0.01300096 0.10766451 0.25490196 0.25490196 0.25490196
v -0.02114656 -0.01300096 0.10706489 0.25490196 0.25490196 0.25490196
v -0.02156629 -0.01300096 0.10766451 0.25490196 0.25490196 0.25490196
v -0.02020216 -0.01300096 0.11013046 0.25490196 0.25490196 0.25490196
v -0.02036705 -0.01300096 0.11004051 0.25490196 0.25490196 0.25490196
v -0.02074931 -0.01300096 0.10998056 0.25490196 0.25490196 0.25490196
v -0.02043451 -0.01300096 0.11001803 0.25490196 0.25490196 0.25490196
v -0.02055444 -0.01300096 0.10998805 0.25490196 0.25490196 0.25490196
v -0.02093669 -0.01300096 0.11001803 0.25490196 0.25490196 0.25490196
v -0.02110909 -0.01300096 0.11010047 0.25490196 0.25490196 0.25490196
v -0.02043451 -0.01300096 0.11821035 0.25490196 0.25490196 0.25490196
v -0.02043451 -0.01300096 0.11983683 0.25490196 0.25490196 0.25490196
v -0.02156629 -0.01300096 0.11983683 0.25490196 0.25490196 0.25490196
v -0.02151383 -0.01300096 0.11671129 0.25490196 0.25490196 0.25490196
v -0.02132645 -0.01300096 0.10653274 0.25490196 0.25490196 0.25490196
v -0.02409457 -0.01300096 0.12184626 0.25490196 0.25490196 0.25490196
v -0.02124400 -0.01300096 0.10691498 0.25490196 0.25490196 0.25490196
v -0.02131145 -0.01300096 0.10674259 0.25490196 0.25490196 0.25490196
v -0.02132645 -0.01300096 0.10655522 0.25490196 0.25490196 0.25490196
v -0.02125899 -0.01300096 0.11022790 0.25490196 0.25490196 0.25490196
v -0.02137142 -0.01300096 0.11037780 0.25490196 0.25490196 0.25490196
v -0.02144637 -0.01300096 0.11055769 0.25490196 0.25490196 0.25490196
v -0.02147635 -0.01300096 0.11074507 0.25490196 0.25490196 0.25490196
v -0.02156629 -0.01300096 0.11337590 0.25490196 0.25490196 0.25490196
v -0.02166373 -0.01300096 0.11621660 0.25490196 0.25490196 0.25490196
v -0.02156629 -0.01300096 0.11662135 0.25490196 0.25490196 0.25490196
v -0.02167123 -0.01300096 0.11624658 0.25490196 0.25490196 0.25490196
v -0.02164874 -0.01300096 0.11641148 0.25490196 0.25490196 0.25490196
v -0.02159627 -0.01300096 0.11656888 0.25490196 0.25490196 0.25490196
v -0.02043451 -0.01300096 0.12027904 0.25490196 0.25490196 0.25490196
v -0.02050946 -0.01300096 0.12019660 0.25490196 0.25490196 0.25490196
v -0.02068185 -0.01300096 0.12009166 0.25490196 0.25490196 0.25490196
v -0.02086924 -0.01300096 0.12002420 0.25490196 0.25490196 0.25490196
v -0.02106411 -0.01300096 0.12000921 0.25490196 0.25490196 0.25490196
v -0.02125899 -0.01300096 0.12004669 0.25490196 0.25490196 0.25490196
v -0.01764627 -0.01300096 0.13504469 0.25490196 0.25490196 0.25490196
v -0.02043451 -0.01300096 0.13057002 0.25490196 0.25490196 0.25490196
v -0.02043451 -0.01300096 0.13283360 0.25490196 0.25490196 0.25490196
v -0.02101914 -0.01300096 0.12964062 0.25490196 0.25490196 0.25490196
v -0.02124400 -0.01300096 0.13196415 0.25490196 0.25490196 0.25490196
v -0.02076430 -0.01300096 0.13230892 0.25490196 0.25490196 0.25490196
v -0.02105662 -0.01300096 0.13203161 0.25490196 0.25490196 0.25490196
v -0.02089172 -0.01300096 0.13215153 0.25490196 0.25490196 0.25490196
v -0.02144637 -0.01300096 0.13193417 0.25490196 0.25490196 0.25490196
v -0.01646952 -0.01300096 0.13524707 0.25490196 0.25490196 0.25490196
v -0.01663441 -0.01300096 0.13534451 0.25490196 0.25490196 0.25490196
v -0.01682179 -0.01300096 0.13540448 0.25490196 0.25490196 0.25490196
v -0.01700918 -0.01300096 0.13541946 0.25490196 0.25490196 0.25490196
v -0.01719656 -0.01300096 0.13538198 0.25490196 0.25490196 0.25490196
v -0.01737644 -0.01300096 0.13530703 0.25490196 0.25490196 0.25490196
v -0.01769124 -0.01300096 0.13723332 0.25490196 0.25490196 0.25490196
v -0.01752635 -0.01300096 0.13519461 0.25490196 0.25490196 0.25490196
v -0.01757882 -0.01300096 0.13751065 0.25490196 0.25490196 0.25490196
v -0.01757132 -0.01300096 0.13766055 0.25490196 0.25490196 0.25490196
v -0.01762379 -0.01300096 0.13736824 0.25490196 0.25490196 0.25490196
v -0.01758631 -0.01300096 0.13783294 0.25490196 0.25490196 0.25490196
v -0.01764627 -0.01300096 0.13799783 0.25490196 0.25490196 0.25490196
v -0.02043451 -0.01300096 0.14700714 0.25490196 0.25490196 0.25490196
v -0.02043451 -0.01300096 0.14372422 0.25490196 0.25490196 0.25490196
v -0.02156629 -0.01300096 0.14604025 0.25490196 0.25490196 0.25490196
v -0.02156629 -0.01300096 0.14890344 0.25490196 0.25490196 0.25490196
v -0.02143887 -0.01300096 0.12012914 0.25490196 0.25490196 0.25490196
v -0.02156629 -0.01300096 0.12022658 0.25490196 0.25490196 0.25490196
v -0.02159627 -0.01300096 0.12024906 0.25490196 0.25490196 0.25490196
v -0.02171620 -0.01300096 0.12040647 0.25490196 0.25490196 0.25490196
v -0.02179865 -0.01300096 0.12058635 0.25490196 0.25490196 0.25490196
v -0.02182863 -0.01300096 0.12078123 0.25490196 0.25490196 0.25490196
v -0.02206848 -0.01300096 0.12770684 0.25490196 0.25490196 0.25490196
v -0.02409457 -0.01300096 0.13047628 0.25490196 0.25490196 0.25490196
v -0.02156629 -0.01300096 0.12876368 0.25490196 0.25490196 0.25490196
v -0.02156629 -0.01300096 0.12964062 0.25490196 0.25490196 0.25490196
v -0.02156629 -0.01300096 0.13194915 0.25490196 0.25490196 0.25490196
v -0.02194855 -0.01300096 0.12815655 0.25490196 0.25490196 0.25490196
v -0.02183612 -0.01300096 0.13203910 0.25490196 0.25490196 0.25490196
v -0.02164874 -0.01300096 0.13196415 0.25490196 0.25490196 0.25490196
v -0.02201601 -0.01300096 0.12802165 0.25490196 0.25490196 0.25490196
v -0.02206848 -0.01300096 0.12772933 0.25490196 0.25490196 0.25490196
v -0.02205349 -0.01300096 0.12787923 0.25490196 0.25490196 0.25490196
v -0.02200102 -0.01300096 0.13215902 0.25490196 0.25490196 0.25490196
v -0.02212844 -0.01300096 0.13232392 0.25490196 0.25490196 0.25490196
v -0.02221089 -0.01300096 0.13250381 0.25490196 0.25490196 0.25490196
v -0.02224087 -0.01300096 0.13270619 0.25490196 0.25490196 0.25490196
v -0.02409457 -0.01300096 0.14981036 0.25490196 0.25490196 0.25490196
v -0.02176867 -0.01300096 0.14645248 0.25490196 0.25490196 0.25490196
v -0.02183612 -0.01300096 0.14655741 0.25490196 0.25490196 0.25490196
v -0.02192607 -0.01300096 0.14663238 0.25490196 0.25490196 0.25490196
v -0.02203850 -0.01300096 0.14669233 0.25490196 0.25490196 0.25490196
v -0.02202351 -0.01300096 0.14966046 0.25490196 0.25490196 0.25490196
v -0.02215842 -0.01300096 0.14672232 0.25490196 0.25490196 0.25490196
v -0.02227835 -0.01300096 0.14672232 0.25490196 0.25490196 0.25490196
v -0.02226335 -0.01300096 0.14996026 0.25490196 0.25490196 0.25490196
v -0.02239827 -0.01300096 0.14669233 0.25490196 0.25490196 0.25490196
v -0.02293793 -0.01300096 0.15032003 0.25490196 0.25490196 0.25490196
v -0.02257815 -0.01300096 0.15018513 0.25490196 0.25490196 0.25490196
v -0.02271307 -0.01300096 0.14620515 0.25490196 0.25490196 0.25490196
v -0.02270557 -0.01300096 0.14633256 0.25490196 0.25490196 0.25490196
v -0.02250320 -0.01300096 0.14663238 0.25490196 0.25490196 0.25490196
v -0.02259314 -0.01300096 0.14654992 0.25490196 0.25490196 0.25490196
v -0.02266060 -0.01300096 0.14644499 0.25490196 0.25490196 0.25490196
v -0.02332019 -0.01300096 0.15036502 0.25490196 0.25490196 0.25490196
v -0.02370244 -0.01300096 0.15030505 0.25490196 0.25490196 0.25490196
v -0.02406222 -0.01300096 0.15015515 0.25490196 0.25490196 0.25490196
v -0.02444137 -0.01300096 0.14981036 0.25490196 0.25490196 0.25490196
v -0.02436203 -0.01300096 0.14991529 0.25490196 0.25490196 0.25490196
v -0.02436203 -0.01053544 0.14991529 0.25490196 0.25490196 0.25490196
v -0.02444137 -0.01053544 0.14981036 0.25490196 0.25490196 0.25490196
v -0.02427208 -0.01053544 0.14999774 0.25490196 0.25490196 0.25490196
v -0.02429457 -0.01053544 0.14981036 0.25490196 0.25490196 0.25490196
v -0.01940016 0.01299904 0.08792949 0.25490196 0.25490196 0.25490196
v -0.01956506 0.01299904 0.09400065 0.25490196 0.25490196 0.25490196
v -0.01979741 0.01299904 0.10159336 0.25490196 0.25490196 0.25490196
v -0.01933271 0.01299904 0.09257655 0.25490196 0.25490196 0.25490196
v -0.01972996 0.01299904 0.09388072 0.25490196 0.25490196 0.25490196
v -0.01991734 0.01299904 0.09381327 0.25490196 0.25490196 0.25490196
v -0.02043451 0.01299904 0.09155721 0.25490196 0.25490196 0.25490196
v -0.02063688 0.01299904 0.09134734 0.25490196 0.25490196 0.25490196
v -0.02052445 0.01299904 0.09147476 0.25490196 0.25490196 0.25490196
v -0.02077929 0.01299904 0.09089012 0.25490196 0.25490196 0.25490196
v -0.02071184 0.01299904 0.09120493 0.25490196 0.25490196 0.25490196
v -0.02076430 0.01299904 0.09105502 0.25490196 0.25490196 0.25490196
v -0.02011971 0.01299904 0.09379078 0.25490196 0.25490196 0.25490196
v -0.02032208 0.01299904 0.09381327 0.25490196 0.25490196 0.25490196
v -0.02043451 0.01299904 0.09386574 0.25490196 0.25490196 0.25490196
v -0.02050946 0.01299904 0.09389572 0.25490196 0.25490196 0.25490196
v -0.02067436 0.01299904 0.09401564 0.25490196 0.25490196 0.25490196
v -0.02079428 0.01299904 0.09417304 0.25490196 0.25490196 0.25490196
v -0.02087673 0.01299904 0.09436042 0.25490196 0.25490196 0.25490196
v -0.02091421 0.01299904 0.09456280 0.25490196 0.25490196 0.25490196
v -0.01985738 0.01299904 0.09977950 0.25490196 0.25490196 0.25490196
v -0.01995482 0.01299904 0.10146594 0.25490196 0.25490196 0.25490196
v -0.02043451 0.01299904 0.09916489 0.25490196 0.25490196 0.25490196
v -0.02093669 0.01299904 0.09860274 0.25490196 0.25490196 0.25490196
v -0.02104163 0.01299904 0.09821298 0.25490196 0.25490196 0.25490196
v -0.02101165 0.01299904 0.09841536 0.25490196 0.25490196 0.25490196
v -0.02081677 0.01299904 0.09876014 0.25490196 0.25490196 0.25490196
v -0.02014219 0.01299904 0.10138349 0.25490196 0.25490196 0.25490196
v -0.02035206 0.01299904 0.10134602 0.25490196 0.25490196 0.25490196
v -0.02043451 0.01299904 0.10135351 0.25490196 0.25490196 0.25490196
v -0.02055444 0.01299904 0.10136850 0.25490196 0.25490196 0.25490196
v -0.02074931 0.01299904 0.10144345 0.25490196 0.25490196 0.25490196
v -0.02092170 0.01299904 0.10156338 0.25490196 0.25490196 0.25490196
v -0.02105662 0.01299904 0.10172078 0.25490196 0.25490196 0.25490196
v -0.02113907 0.01299904 0.10191566 0.25490196 0.25490196 0.25490196
v -0.02117654 0.01299904 0.10211801 0.25490196 0.25490196 0.25490196
v -0.02005975 0.01299904 0.11026538 0.25490196 0.25490196 0.25490196
v -0.02043451 0.01299904 0.10792684 0.25490196 0.25490196 0.25490196
v -0.02065187 0.01299904 0.10766451 0.25490196 0.25490196 0.25490196
v -0.02114656 0.01299904 0.10706489 0.25490196 0.25490196 0.25490196
v -0.02124400 0.01299904 0.10691498 0.25490196 0.25490196 0.25490196
v -0.02036705 0.01299904 0.11004051 0.25490196 0.25490196 0.25490196
v -0.02043451 0.01299904 0.11001803 0.25490196 0.25490196 0.25490196
v -0.02055444 0.01299904 0.10998805 0.25490196 0.25490196 0.25490196
v -0.02020216 0.01299904 0.11013046 0.25490196 0.25490196 0.25490196
v -0.02074931 0.01299904 0.10998056 0.25490196 0.25490196 0.25490196
v -0.02093669 0.01299904 0.11001803 0.25490196 0.25490196 0.25490196
v -0.02110909 0.01299904 0.11010047 0.25490196 0.25490196 0.25490196
v -0.02125899 0.01299904 0.11022790 0.25490196 0.25490196 0.25490196
v -0.01926525 0.01299904 0.11983683 0.25490196 0.25490196 0.25490196
v -0.02043451 0.01299904 0.11821035 0.25490196 0.25490196 0.25490196
v -0.02132645 0.01299904 0.10655522 0.25490196 0.25490196 0.25490196
v -0.02131145 0.01299904 0.10674259 0.25490196 0.25490196 0.25490196
v -0.02137142 0.01299904 0.11037780 0.25490196 0.25490196 0.25490196
v -0.02144637 0.01299904 0.11055769 0.25490196 0.25490196 0.25490196
v -0.02147635 0.01299904 0.11074507 0.25490196 0.25490196 0.25490196
v -0.02156629 0.01299904 0.11337590 0.25490196 0.25490196 0.25490196
v -0.02166373 0.01299904 0.11621660 0.25490196 0.25490196 0.25490196
v -0.02151383 0.01299904 0.11671129 0.25490196 0.25490196 0.25490196
v -0.02156629 0.01299904 0.11662135 0.25490196 0.25490196 0.25490196
v -0.02167123 0.01299904 0.11624658 0.25490196 0.25490196 0.25490196
v -0.02159627 0.01299904 0.11656888 0.25490196 0.25490196 0.25490196
v -0.02164874 0.01299904 0.11641148 0.25490196 0.25490196 0.25490196
v -0.01764627 0.01299904 0.13504469 0.25490196 0.25490196 0.25490196
v -0.02043451 0.01299904 0.12027904 0.25490196 0.25490196 0.25490196
v -0.02050946 0.01299904 0.12019660 0.25490196 0.25490196 0.25490196
v -0.02068185 0.01299904 0.12009166 0.25490196 0.25490196 0.25490196
v -0.02086924 0.01299904 0.12002420 0.25490196 0.25490196 0.25490196
v -0.02106411 0.01299904 0.12000921 0.25490196 0.25490196 0.25490196
v -0.02125899 0.01299904 0.12004669 0.25490196 0.25490196 0.25490196
v -0.02043451 0.01299904 0.13283360 0.25490196 0.25490196 0.25490196
v -0.02043451 0.01299904 0.13057002 0.25490196 0.25490196 0.25490196
v -0.02101914 0.01299904 0.12964062 0.25490196 0.25490196 0.25490196
v -0.02076430 0.01299904 0.13230892 0.25490196 0.25490196 0.25490196
v -0.02089172 0.01299904 0.13215153 0.25490196 0.25490196 0.25490196
v -0.02105662 0.01299904 0.13203161 0.25490196 0.25490196 0.25490196
v -0.02124400 0.01299904 0.13196415 0.25490196 0.25490196 0.25490196
v -0.01633460 0.01299904 0.13511215 0.25490196 0.25490196 0.25490196
v -0.01646952 0.01299904 0.13524707 0.25490196 0.25490196 0.25490196
v -0.01663441 0.01299904 0.13534451 0.25490196 0.25490196 0.25490196
v -0.01682179 0.01299904 0.13540448 0.25490196 0.25490196 0.25490196
v -0.01700918 0.01299904 0.13541946 0.25490196 0.25490196 0.25490196
v -0.01719656 0.01299904 0.13538198 0.25490196 0.25490196 0.25490196
v -0.01737644 0.01299904 0.13530703 0.25490196 0.25490196 0.25490196
v -0.01752635 0.01299904 0.13519461 0.25490196 0.25490196 0.25490196
v -0.01769124 0.01299904 0.13723332 0.25490196 0.25490196 0.25490196
v -0.01757882 0.01299904 0.13751065 0.25490196 0.25490196 0.25490196
v -0.01762379 0.01299904 0.13736824 0.25490196 0.25490196 0.25490196
v -0.01757132 0.01299904 0.13766055 0.25490196 0.25490196 0.25490196
v -0.01758631 0.01299904 0.13783294 0.25490196 0.25490196 0.25490196
v -0.01764627 0.01299904 0.13799783 0.25490196 0.25490196 0.25490196
v -0.02043451 0.01299904 0.14700714 0.25490196 0.25490196 0.25490196
v -0.02043451 0.01299904 0.14372422 0.25490196 0.25490196 0.25490196
v -0.02156629 0.01299904 0.14890344 0.25490196 0.25490196 0.25490196
v -0.02143887 0.01299904 0.12012914 0.25490196 0.25490196 0.25490196
v -0.02156629 0.01299904 0.12022658 0.25490196 0.25490196 0.25490196
v -0.02159627 0.01299904 0.12024906 0.25490196 0.25490196 0.25490196
v -0.02171620 0.01299904 0.12040647 0.25490196 0.25490196 0.25490196
v -0.02179865 0.01299904 0.12058635 0.25490196 0.25490196 0.25490196
v -0.02182863 0.01299904 0.12078123 0.25490196 0.25490196 0.25490196
v -0.02156629 0.01299904 0.12876368 0.25490196 0.25490196 0.25490196
v -0.02206848 0.01299904 0.12772933 0.25490196 0.25490196 0.25490196
v -0.02194855 0.01299904 0.12815655 0.25490196 0.25490196 0.25490196
v -0.02201601 0.01299904 0.12802165 0.25490196 0.25490196 0.25490196
v -0.02205349 0.01299904 0.12787923 0.25490196 0.25490196 0.25490196
v -0.02144637 0.01299904 0.13193417 0.25490196 0.25490196 0.25490196
v -0.02156629 0.01299904 0.13194915 0.25490196 0.25490196 0.25490196
v -0.02164874 0.01299904 0.13196415 0.25490196 0.25490196 0.25490196
v -0.02183612 0.01299904 0.13203910 0.25490196 0.25490196 0.25490196
v -0.02200102 0.01299904 0.13215902 0.25490196 0.25490196 0.25490196
v -0.02212844 0.01299904 0.13232392 0.25490196 0.25490196 0.25490196
v -0.02221089 0.01299904 0.13250381 0.25490196 0.25490196 0.25490196
v -0.02224087 0.01299904 0.13270619 0.25490196 0.25490196 0.25490196
v -0.02156629 0.01299904 0.14604025 0.25490196 0.25490196 0.25490196
v -0.02176867 0.01299904 0.14645248 0.25490196 0.25490196 0.25490196
v -0.02183612 0.01299904 0.14655741 0.25490196 0.25490196 0.25490196
v -0.02202351 0.01299904 0.14966046 0.25490196 0.25490196 0.25490196
v -0.02192607 0.01299904 0.14663238 0.25490196 0.25490196 0.25490196
v -0.02203850 0.01299904 0.14669233 0.25490196 0.25490196 0.25490196
v -0.02215842 0.01299904 0.14672232 0.25490196 0.25490196 0.25490196
v -0.02227835 0.01299904 0.14672232 0.25490196 0.25490196 0.25490196
v -0.02239827 0.01299904 0.14669233 0.25490196 0.25490196 0.25490196
v -0.02250320 0.01299904 0.14663238 0.25490196 0.25490196 0.25490196
v -0.02226335 0.01299904 0.14996026 0.25490196 0.25490196 0.25490196
v -0.02259314 0.01299904 0.14654992 0.25490196 0.25490196 0.25490196
v -0.02266060 0.01299904 0.14644499 0.25490196 0.25490196 0.25490196
v -0.02270557 0.01299904 0.14633256 0.25490196 0.25490196 0.25490196
v -0.02257815 0.01299904 0.15018513 0.25490196 0.25490196 0.25490196
v -0.02293793 0.01299904 0.15032003 0.25490196 0.25490196 0.25490196
v -0.02332019 0.01299904 0.15036502 0.25490196 0.25490196 0.25490196
v -0.02370244 0.01299904 0.15030505 0.25490196 0.25490196 0.25490196
v -0.02406222 0.01299904 0.15015515 0.25490196 0.25490196 0.25490196
v -0.02427208 0.01053352 0.14999774 0.25490196 0.25490196 0.25490196
v -0.00916913 0.01299904 0.03345394 0.25490196 0.25490196 0.25490196
v -0.01301420 0.00649904 0.03223971 0.25490196 0.25490196 0.25490196
v -0.01287179 0.00649904 0.03335650 0.25490196 0.25490196 0.25490196
v -0.01344143 0.00649904 0.03120536 0.25490196 0.25490196 0.25490196
v -0.01301420 0.00649904 0.03446580 0.25490196 0.25490196 0.25490196
v -0.01344143 0.00649904 0.03550764 0.25490196 0.25490196 0.25490196
v -0.01486553 0.01299904 0.02757016 0.25490196 0.25490196 0.25490196
v -0.01413100 0.00649904 0.03031342 0.25490196 0.25490196 0.25490196
v -0.01501544 0.00649904 0.02963136 0.25490196 0.25490196 0.25490196
v -0.01605728 0.00649904 0.02920413 0.25490196 0.25490196 0.25490196
v -0.01413100 0.00649904 0.03639208 0.25490196 0.25490196 0.25490196
v -0.01501544 0.00649904 0.03708164 0.25490196 0.25490196 0.25490196
v -0.01605728 0.00649904 0.03750888 0.25490196 0.25490196 0.25490196
v -0.01591487 0.01299904 0.04603849 0.25490196 0.25490196 0.25490196
v -0.01844827 0.01299904 0.04785234 0.25490196 0.25490196 0.25490196
v -0.01301420 0.01299904 0.03223971 0.25490196 0.25490196 0.25490196
v -0.01287179 0.01299904 0.03335650 0.25490196 0.25490196 0.25490196
v -0.01301420 0.01299904 0.03446580 0.25490196 0.25490196 0.25490196
v -0.02043451 0.01299904 0.04010224 0.25490196 0.25490196 0.25490196
v -0.02043451 0.01299904 0.04694541 0.25490196 0.25490196 0.25490196
v -0.02043451 0.01299904 0.05204219 0.25490196 0.25490196 0.25490196
v -0.01344143 0.01299904 0.03120536 0.25490196 0.25490196 0.25490196
v -0.01344143 0.01299904 0.03550764 0.25490196 0.25490196 0.25490196
v -0.01413100 0.01299904 0.03031342 0.25490196 0.25490196 0.25490196
v -0.01501544 0.01299904 0.02963136 0.25490196 0.25490196 0.25490196
v -0.01605728 0.01299904 0.02920413 0.25490196 0.25490196 0.25490196
v -0.01413100 0.01299904 0.03639208 0.25490196 0.25490196 0.25490196
v -0.01501544 0.01299904 0.03708164 0.25490196 0.25490196 0.25490196
v -0.01605728 0.01299904 0.03750888 0.25490196 0.25490196 0.25490196
v -0.01716658 0.01299904 0.02905422 0.25490196 0.25490196 0.25490196
v -0.02043451 0.01299904 0.04311533 0.25490196 0.25490196 0.25490196
v -0.01679181 0.01299904 0.04377492 0.25490196 0.25490196 0.25490196
v -0.01716658 0.00649904 0.02905422 0.25490196 0.25490196 0.25490196
v -0.01828337 0.00649904 0.02920413 0.25490196 0.25490196 0.25490196
v -0.01931772 0.00649904 0.02963136 0.25490196 0.25490196 0.25490196
v -0.01716658 0.00649904 0.03765878 0.25490196 0.25490196 0.25490196
v -0.01828337 0.00649904 0.03750888 0.25490196 0.25490196 0.25490196
v -0.01931772 0.00649904 0.03708164 0.25490196 0.25490196 0.25490196
v -0.02020965 0.00649904 0.03031342 0.25490196 0.25490196 0.25490196
v -0.02089172 0.00649904 0.03120536 0.25490196 0.25490196 0.25490196
v -0.02131895 0.00649904 0.03223971 0.25490196 0.25490196 0.25490196
v -0.02089172 0.00649904 0.03550764 0.25490196 0.25490196 0.25490196
v -0.02146886 0.00649904 0.03335650 0.25490196 0.25490196 0.25490196
v -0.02131895 0.00649904 0.03446580 0.25490196 0.25490196 0.25490196
v -0.02020965 0.00649904 0.03639208 0.25490196 0.25490196 0.25490196
v -0.01835832 0.01299904 0.04366998 0.25490196 0.25490196 0.25490196
v -0.01918280 0.01299904 0.04502662 0.25490196 0.25490196 0.25490196
v -0.01932521 0.01299904 0.04922397 0.25490196 0.25490196 0.25490196
v -0.01947512 0.01299904 0.05349627 0.25490196 0.25490196 0.25490196
v -0.01963252 0.01299904 0.05788849 0.25490196 0.25490196 0.25490196
v -0.02332768 0.01299904 0.02903174 0.25490196 0.25490196 0.25490196
v -0.01978992 0.01299904 0.06245310 0.25490196 0.25490196 0.25490196
v -0.01995482 0.01299904 0.06726506 0.25490196 0.25490196 0.25490196
v -0.02013470 0.01299904 0.07239182 0.25490196 0.25490196 0.25490196
v -0.02032958 0.01299904 0.07794580 0.25490196 0.25490196 0.25490196
v -0.02054694 0.01299904 0.08404695 0.25490196 0.25490196 0.25490196
v -0.02478925 0.01299904 0.08904629 0.25490196 0.25490196 0.25490196
v -0.01828337 0.01299904 0.02920413 0.25490196 0.25490196 0.25490196
v -0.01716658 0.01299904 0.03765878 0.25490196 0.25490196 0.25490196
v -0.01828337 0.01299904 0.03750888 0.25490196 0.25490196 0.25490196
v -0.01931772 0.01299904 0.02963136 0.25490196 0.25490196 0.25490196
v -0.02020965 0.01299904 0.03031342 0.25490196 0.25490196 0.25490196
v -0.02043451 0.01299904 0.03061324 0.25490196 0.25490196 0.25490196
v -0.02131895 0.01299904 0.03223971 0.25490196 0.25490196 0.25490196
v -0.02089172 0.01299904 0.03550764 0.25490196 0.25490196 0.25490196
v -0.01931772 0.01299904 0.03708164 0.25490196 0.25490196 0.25490196
v -0.02043451 0.01299904 0.03609977 0.25490196 0.25490196 0.25490196
v -0.02043451 0.01299904 0.02831219 0.25490196 0.25490196 0.25490196
v -0.02089172 0.01299904 0.03120536 0.25490196 0.25490196 0.25490196
v -0.02131895 0.01299904 0.03446580 0.25490196 0.25490196 0.25490196
v -0.02020965 0.01299904 0.03639208 0.25490196 0.25490196 0.25490196
v -0.02156629 0.01299904 0.02831219 0.25490196 0.25490196 0.25490196
v -0.02156629 0.01299904 0.04010224 0.25490196 0.25490196 0.25490196
v -0.02156629 0.01299904 0.04311533 0.25490196 0.25490196 0.25490196
v -0.02156629 0.01299904 0.04694541 0.25490196 0.25490196 0.25490196
v -0.02156629 0.01299904 0.05204219 0.25490196 0.25490196 0.25490196
v -0.02043451 0.01299904 0.05423080 0.25490196 0.25490196 0.25490196
v -0.02156629 0.01299904 0.05423080 0.25490196 0.25490196 0.25490196
v -0.02043451 0.01299904 0.06036193 0.25490196 0.25490196 0.25490196
v -0.02146886 0.01299904 0.03335650 0.25490196 0.25490196 0.25490196
v -0.02156629 0.01299904 0.06036193 0.25490196 0.25490196 0.25490196
v -0.02043451 0.01299904 0.06819448 0.25490196 0.25490196 0.25490196
v -0.02156629 0.01299904 0.06819448 0.25490196 0.25490196 0.25490196
v -0.02043451 0.01299904 0.07390586 0.25490196 0.25490196 0.25490196
v -0.02156629 0.01299904 0.07390586 0.25490196 0.25490196 0.25490196
v -0.02043451 0.01299904 0.07989458 0.25490196 0.25490196 0.25490196
v -0.02156629 0.01299904 0.07989458 0.25490196 0.25490196 0.25490196
v -0.02043451 0.01299904 0.08626554 0.25490196 0.25490196 0.25490196
v -0.02156629 0.01299904 0.08626554 0.25490196 0.25490196 0.25490196
v -0.02156629 0.01299904 0.09257655 0.25490196 0.25490196 0.25490196
v -0.02409457 0.01299904 0.08904629 0.25490196 0.25490196 0.25490196
v -0.01694172 0.01299904 0.14113835 0.25490196 0.25490196 0.25490196
v -0.02077929 0.01299904 0.09086014 0.25490196 0.25490196 0.25490196
v -0.02103413 0.01299904 0.09818301 0.25490196 0.25490196 0.25490196
v -0.02132645 0.01299904 0.10653274 0.25490196 0.25490196 0.25490196
v -0.02037455 0.01299904 0.12034650 0.25490196 0.25490196 0.25490196
v -0.02206848 0.01299904 0.12770684 0.25490196 0.25490196 0.25490196
v -0.02271307 0.01299904 0.14620515 0.25490196 0.25490196 0.25490196
v -0.02429457 0.01053352 0.14981036 0.25490196 0.25490196 0.25490196
v -0.02043451 0.01299904 0.09257655 0.25490196 0.25490196 0.25490196
v -0.02043451 0.01299904 0.09977950 0.25490196 0.25490196 0.25490196
v -0.02156629 0.01299904 0.09977950 0.25490196 0.25490196 0.25490196
v -0.02156629 0.01299904 0.10766451 0.25490196 0.25490196 0.25490196
v -0.02043451 0.01299904 0.11983683 0.25490196 0.25490196 0.25490196
v -0.02156629 0.01299904 0.11983683 0.25490196 0.25490196 0.25490196
v -0.02409457 0.01299904 0.11844422 0.25490196 0.25490196 0.25490196
v -0.02156629 0.01299904 0.12964062 0.25490196 0.25490196 0.25490196
v -0.02409457 0.01299904 0.12919335 0.25490196 0.25490196 0.25490196
v -0.02409457 0.01299904 0.14981036 0.25490196 0.25490196 0.25490196
v -0.02436203 0.01053352 0.14991529 0.25490196 0.25490196 0.25490196
v -0.02444137 0.01053352 0.14981036 0.25490196 0.25490196 0.25490196
v -0.02444137 0.01299904 0.14981036 0.25490196 0.25490196 0.25490196
v -0.02436203 0.01299904 0.14991529 0.25490196 0.25490196 0.25490196
v -0.02629457 -0.01300096 0.08904629 0.25490196 0.25490196 0.25490196
v -0.02629457 -0.01300096 0.14981036 0.25490196 0.25490196 0.25490196
v -0.02629457 0.01299904 0.08904629 0.25490196 0.25490196 0.25490196
v -0.02629457 0.01299904 0.14981036 0.25490196 0.25490196 0.25490196
f 3 2 1
f 6 5 4
f 5 7 4
f 5 8 7
f 9 5 6
f 10 5 9
f 12 11 10
f 11 5 10
f 5 13 8
f 5 14 13
f 11 15 5
f 17 16 12
f 16 11 12
f 18 16 17
f 18 19 16
f 21 20 13
f 14 22 13
f 23 14 5
f 20 3 1
f 22 21 13
f 24 23 5
f 15 24 5
f 25 15 11
f 26 25 11
f 21 27 20
f 27 3 20
f 16 28 11
f 19 29 16
f 30 26 11
f 28 30 11
f 23 31 14
f 32 22 14
f 24 33 23
f 15 34 24
f 25 34 15
f 35 21 22
f 26 36 25
f 30 37 26
f 33 31 23
f 31 32 14
f 34 33 24
f 36 34 25
f 32 35 22
f 35 38 21
f 37 36 26
f 33 39 31
f 34 40 33
f 41 32 31
f 40 39 33
f 39 41 31
f 42 35 32
f 41 42 32
f 43 40 34
f 36 43 34
f 44 43 36
f 37 44 36
f 37 45 44
f 46 45 37
f 2 47 1
f 48 47 2
f 50 49 47
f 48 50 47
f 48 51 50
f 3 52 2
f 52 48 2
f 53 51 48
f 50 54 49
f 51 55 50
f 55 56 50
f 56 54 50
f 57 56 55
f 56 58 54
f 57 59 56
f 59 58 56
f 60 55 51
f 61 28 16
f 63 62 16
f 64 61 16
f 62 64 16
f 29 63 16
f 19 65 29
f 19 66 65
f 28 67 30
f 28 68 67
f 28 69 68
f 64 70 61
f 38 27 21
f 38 3 27
f 67 46 30
f 68 71 67
f 69 72 68
f 28 73 69
f 61 73 28
f 73 74 69
f 70 75 61
f 73 76 74
f 77 73 61
f 76 79 78
f 73 79 76
f 77 79 73
f 75 77 61
f 75 80 77
f 81 57 55
f 81 59 57
f 81 82 59
f 84 83 78
f 74 72 69
f 76 85 74
f 83 76 78
f 52 53 48
f 53 60 51
f 60 81 55
f 38 52 3
f 30 46 37
f 71 46 67
f 72 71 68
f 86 38 35
f 42 86 35
f 86 87 38
f 38 87 52
f 46 88 45
f 71 88 46
f 87 89 52
f 89 53 52
f 71 90 88
f 72 91 90
f 71 72 90
f 81 92 82
f 85 72 74
f 83 85 76
f 89 93 53
f 93 60 53
f 93 94 60
f 85 95 91
f 94 81 60
f 96 81 94
f 96 92 81
f 85 83 95
f 83 97 95
f 99 98 97
f 83 99 97
f 72 85 91
f 19 100 66
f 102 101 100
f 104 103 102
f 100 105 66
f 106 105 100
f 107 106 100
f 101 107 100
f 103 101 102
f 101 108 107
f 101 109 108
f 101 110 109
f 103 111 101
f 113 112 104
f 112 103 104
f 101 114 110
f 101 115 114
f 117 116 101
f 111 117 101
f 116 118 101
f 118 119 101
f 119 120 101
f 120 121 101
f 123 122 115
f 123 115 101
f 121 124 101
f 103 125 111
f 103 126 125
f 123 127 122
f 124 123 101
f 123 128 127
f 124 129 123
f 103 130 126
f 103 131 130
f 133 132 130
f 133 134 132
f 136 135 103
f 135 137 103
f 138 136 103
f 137 131 103
f 112 138 103
f 112 139 138
f 112 140 139
f 133 141 134
f 133 142 141
f 133 143 142
f 131 144 130
f 144 133 130
f 143 146 145
f 133 147 143
f 147 146 143
f 146 148 145
f 146 149 148
f 112 150 140
f 150 151 140
f 150 152 151
f 150 153 152
f 154 153 150
f 155 154 150
f 156 112 113
f 157 112 156
f 158 112 157
f 159 158 157
f 158 150 112
f 161 160 150
f 160 162 150
f 163 161 150
f 164 163 150
f 164 150 158
f 159 164 158
f 166 165 159
f 167 165 166
f 159 165 164
f 165 168 164
f 169 165 167
f 169 170 165
f 47 171 1
f 7 172 4
f 173 6 4
f 8 174 7
f 175 9 6
f 176 10 9
f 177 12 10
f 13 174 8
f 20 178 13
f 179 20 1
f 180 17 12
f 181 18 17
f 182 19 18
f 40 183 39
f 184 42 41
f 185 41 39
f 43 186 40
f 44 187 43
f 45 188 44
f 49 189 47
f 54 190 49
f 192 191 54
f 63 193 62
f 65 194 29
f 66 195 65
f 196 63 29
f 197 64 62
f 64 198 70
f 199 75 70
f 200 86 42
f 88 201 45
f 90 202 88
f 203 87 86
f 204 89 87
f 91 205 90
f 206 93 89
f 95 207 91
f 97 208 95
f 209 94 93
f 210 96 94
f 98 211 97
f 213 212 98
f 214 100 19
f 215 102 100
f 216 104 102
f 217 113 104
f 218 156 113
f 105 219 66
f 106 220 105
f 107 221 106
f 108 222 107
f 109 223 108
f 110 224 109
f 114 225 110
f 115 226 114
f 122 227 115
f 118 228 119
f 127 229 122
f 230 120 119
f 231 121 120
f 111 232 117
f 233 116 117
f 125 234 111
f 235 118 116
f 126 236 125
f 130 237 126
f 132 238 130
f 134 239 132
f 141 240 134
f 142 241 141
f 242 124 121
f 128 243 127
f 148 244 145
f 149 245 148
f 143 246 142
f 247 143 145
f 138 248 136
f 249 135 136
f 250 131 137
f 135 251 137
f 139 252 138
f 253 144 131
f 254 133 144
f 255 147 133
f 256 146 147
f 140 257 139
f 151 258 140
f 152 259 151
f 153 260 152
f 154 261 153
f 155 262 154
f 263 157 156
f 264 159 157
f 265 166 159
f 266 167 166
f 58 192 54
f 58 267 192
f 58 268 267
f 58 269 268
f 58 270 269
f 58 271 270
f 58 272 271
f 275 274 273
f 58 276 272
f 58 273 276
f 277 275 273
f 278 58 59
f 58 277 273
f 279 277 58
f 280 279 58
f 281 280 58
f 278 281 58
f 278 282 281
f 278 283 282
f 278 284 283
f 278 285 284
f 278 286 285
f 278 287 286
f 287 288 286
f 290 289 288
f 290 291 289
f 287 290 288
f 82 278 59
f 292 278 82
f 293 278 292
f 293 294 278
f 79 295 84
f 79 84 78
f 296 79 77
f 80 297 77
f 297 298 77
f 298 296 77
f 298 299 296
f 92 292 82
f 92 293 292
f 300 294 293
f 295 99 84
f 302 301 295
f 304 303 294
f 306 305 303
f 307 301 302
f 309 308 307
f 306 309 305
f 294 287 278
f 303 287 294
f 305 287 303
f 310 302 295
f 310 307 302
f 309 311 305
f 311 309 307
f 311 287 305
f 310 311 307
f 79 310 295
f 296 310 79
f 299 312 296
f 312 310 296
f 313 312 299
f 92 300 293
f 84 99 83
f 301 99 295
f 300 304 294
f 304 306 303
f 308 301 307
f 306 308 309
f 314 92 96
f 314 300 92
f 315 300 314
f 304 300 315
f 316 304 315
f 301 213 98
f 99 301 98
f 308 317 213
f 306 316 317
f 301 308 213
f 306 304 316
f 308 306 317
f 290 318 291
f 319 318 290
f 287 319 290
f 287 320 319
f 311 320 287
f 321 320 311
f 310 321 311
f 322 321 310
f 312 322 310
f 313 323 312
f 323 322 312
f 324 323 313
f 322 325 321
f 325 326 321
f 326 327 321
f 327 328 321
f 328 329 321
f 323 330 322
f 330 323 324
f 331 325 322
f 332 331 322
f 333 332 322
f 334 333 322
f 335 334 322
f 336 335 322
f 337 336 322
f 129 128 123
f 338 129 124
f 129 339 128
f 338 339 129
f 340 149 146
f 341 155 150
f 341 342 155
f 341 343 342
f 341 344 343
f 341 345 344
f 340 346 149
f 128 339 347
f 348 346 340
f 345 349 344
f 350 349 345
f 162 351 150
f 351 352 150
f 352 353 150
f 353 354 150
f 354 341 150
f 354 345 341
f 355 163 164
f 356 355 164
f 168 356 164
f 168 357 356
f 168 358 357
f 359 358 168
f 360 359 168
f 361 360 168
f 363 362 168
f 365 364 168
f 366 365 168
f 364 367 168
f 367 368 168
f 368 363 168
f 369 361 168
f 369 370 361
f 369 371 370
f 362 369 168
f 170 168 165
f 170 366 168
f 372 366 170
f 373 372 170
f 374 373 170
f 375 374 170
f 377 376 170
f 378 375 170
f 379 378 170
f 381 380 170
f 380 382 170
f 383 381 170
f 376 383 170
f 369 384 371
f 384 385 371
f 386 379 170
f 382 387 170
f 387 388 170
f 388 386 170
f 386 389 379
f 386 390 389
f 386 391 390
f 386 392 391
f 339 393 347
f 393 394 347
f 393 395 394
f 348 396 346
f 397 396 348
f 350 398 349
f 399 398 350
f 399 400 398
f 384 401 385
f 402 401 384
f 392 403 391
f 392 404 403
f 405 404 392
f 402 406 401
f 405 407 404
f 267 408 192
f 268 409 267
f 269 410 268
f 270 411 269
f 271 412 270
f 272 413 271
f 276 414 272
f 273 414 276
f 274 415 273
f 275 416 274
f 277 417 275
f 279 417 277
f 280 418 279
f 281 419 280
f 282 420 281
f 283 421 282
f 284 422 283
f 285 423 284
f 286 424 285
f 288 425 286
f 289 426 288
f 291 427 289
f 428 80 75
f 429 298 297
f 80 430 297
f 431 299 298
f 432 313 299
f 433 314 96
f 434 315 314
f 435 316 315
f 317 436 213
f 316 437 317
f 318 438 291
f 440 439 318
f 441 324 313
f 394 442 347
f 327 443 328
f 443 329 328
f 444 330 324
f 331 445 325
f 332 446 331
f 447 326 325
f 448 327 326
f 333 449 332
f 334 450 333
f 335 451 334
f 336 452 335
f 337 453 336
f 455 454 337
f 456 338 124
f 457 340 146
f 342 458 155
f 343 459 342
f 344 460 343
f 461 128 347
f 462 339 338
f 346 463 149
f 349 464 344
f 465 348 340
f 466 350 345
f 160 467 162
f 468 351 162
f 161 469 160
f 163 470 161
f 471 352 351
f 472 353 352
f 355 473 163
f 474 354 353
f 475 345 354
f 356 476 355
f 357 477 356
f 358 478 357
f 359 479 358
f 360 480 359
f 361 481 360
f 370 482 361
f 371 483 370
f 365 484 364
f 366 485 365
f 486 368 367
f 487 367 364
f 488 363 368
f 489 362 363
f 372 490 366
f 373 491 372
f 374 492 373
f 375 493 374
f 494 369 362
f 385 495 371
f 378 496 375
f 379 497 378
f 389 498 379
f 390 499 389
f 391 500 390
f 382 501 387
f 502 388 387
f 383 503 381
f 381 504 380
f 505 382 380
f 376 506 383
f 508 507 376
f 403 509 391
f 510 386 388
f 511 393 339
f 512 395 393
f 396 513 346
f 514 397 348
f 398 515 349
f 516 399 350
f 400 517 398
f 518 384 369
f 401 519 385
f 520 402 384
f 521 392 386
f 404 522 403
f 523 405 392
f 406 524 401
f 407 525 404
f 528 527 526
f 529 377 169
f 530 169 167
f 531 529 169
f 169 377 170
f 532 377 529
f 532 533 377
f 533 534 377
f 377 508 376
f 535 508 377
f 536 535 377
f 537 536 377
f 538 537 377
f 540 539 377
f 534 540 377
f 539 541 377
f 542 534 533
f 543 542 533
f 544 538 377
f 545 544 377
f 541 546 377
f 546 545 377
f 547 543 533
f 548 543 547
f 549 548 547
f 550 549 547
f 551 549 550
f 544 552 538
f 544 553 552
f 544 554 553
f 544 555 554
f 544 556 555
f 544 557 556
f 545 557 544
f 557 558 556
f 558 526 556
f 549 559 548
f 559 549 560
f 549 561 560
f 549 562 561
f 563 562 549
f 564 563 549
f 565 564 549
f 567 566 549
f 566 568 549
f 565 569 564
f 568 570 549
f 570 565 549
f 565 571 569
f 565 572 571
f 574 573 549
f 575 574 549
f 573 567 549
f 576 575 549
f 576 577 575
f 576 578 577
f 558 528 526
f 565 579 572
f 565 580 579
f 570 580 565
f 551 576 549
f 581 576 551
f 576 582 578
f 581 583 576
f 583 582 576
f 582 584 578
f 585 584 582
f 586 585 582
f 587 586 582
f 588 587 582
f 589 588 582
f 590 589 582
f 591 590 582
f 592 591 582
f 593 592 582
f 595 594 589
f 595 596 594
f 598 597 589
f 590 598 589
f 597 599 589
f 599 600 589
f 600 595 589
f 595 601 596
f 593 602 592
f 583 593 582
f 603 602 593
f 604 603 593
f 605 604 593
f 606 532 529
f 607 533 532
f 608 547 533
f 535 609 508
f 536 610 535
f 537 611 536
f 538 612 537
f 552 613 538
f 553 614 552
f 554 615 553
f 534 616 540
f 542 617 534
f 543 618 542
f 619 550 547
f 620 551 550
f 555 621 554
f 556 622 555
f 539 623 541
f 624 546 541
f 625 539 540
f 548 626 543
f 627 545 546
f 526 628 556
f 545 629 557
f 630 558 557
f 559 631 548
f 632 559 560
f 561 633 560
f 562 634 561
f 563 635 562
f 564 636 563
f 569 637 564
f 571 638 569
f 572 639 571
f 579 640 572
f 641 567 573
f 642 566 567
f 574 643 573
f 575 644 574
f 577 645 575
f 646 568 566
f 578 647 577
f 649 648 579
f 568 650 570
f 651 580 570
f 584 652 578
f 653 581 551
f 654 583 581
f 585 655 584
f 586 656 585
f 587 657 586
f 588 658 587
f 589 659 588
f 594 660 589
f 596 661 594
f 662 600 599
f 663 595 600
f 598 664 597
f 590 665 598
f 591 666 590
f 597 667 599
f 592 668 591
f 601 669 596
f 602 670 592
f 671 593 583
f 672 605 593
f 186 183 40
f 183 185 39
f 185 184 41
f 187 186 43
f 188 187 44
f 201 188 45
f 171 179 1
f 173 673 6
f 172 173 4
f 174 172 7
f 673 175 6
f 175 176 9
f 176 177 10
f 178 174 13
f 179 178 20
f 177 180 12
f 180 181 17
f 181 182 18
f 186 675 674
f 187 676 675
f 678 185 677
f 677 183 674
f 183 186 674
f 185 183 677
f 679 184 678
f 184 185 678
f 186 187 675
f 188 680 676
f 187 188 676
f 188 201 680
f 201 681 680
f 184 200 42
f 200 203 86
f 202 201 88
f 203 204 87
f 205 202 90
f 207 205 91
f 204 206 89
f 206 209 93
f 208 207 95
f 209 210 94
f 210 433 96
f 211 208 97
f 212 211 98
f 189 171 47
f 190 189 49
f 191 190 54
f 682 191 192
f 194 196 29
f 195 194 65
f 219 195 66
f 196 193 63
f 193 197 62
f 197 198 64
f 200 184 679
f 200 679 683
f 201 202 681
f 202 684 681
f 202 205 684
f 205 685 684
f 203 200 683
f 686 203 683
f 204 203 686
f 207 685 205
f 207 687 685
f 198 199 70
f 199 428 75
f 688 204 686
f 206 204 688
f 208 687 207
f 211 689 208
f 690 206 688
f 690 209 206
f 690 691 209
f 691 210 209
f 692 689 211
f 212 692 211
f 212 693 692
f 689 687 208
f 182 214 19
f 214 215 100
f 215 216 102
f 216 217 104
f 217 218 113
f 220 219 105
f 221 220 106
f 222 221 107
f 223 222 108
f 224 223 109
f 225 224 110
f 226 225 114
f 227 226 115
f 229 227 122
f 235 228 118
f 228 230 119
f 230 231 120
f 231 242 121
f 232 233 117
f 234 232 111
f 236 234 125
f 233 235 116
f 237 236 126
f 238 237 130
f 239 238 132
f 240 239 134
f 241 240 141
f 243 229 127
f 242 456 124
f 246 241 142
f 244 247 145
f 245 244 148
f 247 246 143
f 248 249 136
f 251 250 137
f 249 251 135
f 252 248 138
f 250 253 131
f 253 254 144
f 254 255 133
f 256 457 146
f 255 256 147
f 257 252 139
f 258 257 140
f 259 258 151
f 260 259 152
f 261 260 153
f 262 261 154
f 218 263 156
f 263 264 157
f 264 265 159
f 265 266 166
f 266 530 167
f 675 694 674
f 695 677 674
f 676 696 675
f 680 697 676
f 698 678 677
f 681 699 680
f 684 700 681
f 189 701 171
f 702 673 173
f 172 702 173
f 174 702 172
f 702 175 673
f 702 176 175
f 703 177 176
f 702 703 176
f 178 702 174
f 179 695 178
f 704 702 178
f 699 703 702
f 703 180 177
f 703 705 180
f 705 181 180
f 182 181 705
f 704 694 675
f 694 695 674
f 696 704 675
f 697 696 676
f 699 697 680
f 695 698 677
f 698 706 678
f 700 699 681
f 695 694 178
f 694 704 178
f 701 179 171
f 698 695 179
f 704 696 702
f 696 697 702
f 697 699 702
f 699 700 703
f 706 698 179
f 701 706 179
f 707 705 703
f 195 182 705
f 700 708 703
f 708 709 703
f 710 686 683
f 711 688 686
f 706 679 678
f 679 701 683
f 685 708 684
f 687 712 685
f 713 690 688
f 693 714 692
f 689 715 687
f 716 689 692
f 701 717 683
f 717 710 683
f 710 718 686
f 701 189 717
f 189 719 717
f 190 719 189
f 719 710 717
f 718 710 719
f 718 711 686
f 711 713 688
f 720 719 190
f 720 718 719
f 720 711 718
f 682 720 191
f 191 720 190
f 720 713 711
f 721 713 720
f 722 721 720
f 706 701 679
f 708 700 684
f 709 708 685
f 712 709 685
f 715 712 687
f 709 707 703
f 707 723 705
f 193 196 705
f 723 193 705
f 194 195 705
f 196 194 705
f 219 182 195
f 712 707 709
f 715 707 712
f 723 197 193
f 198 197 723
f 713 721 690
f 721 724 690
f 724 725 690
f 726 715 689
f 716 726 689
f 714 716 692
f 726 707 715
f 727 723 707
f 726 727 707
f 728 198 723
f 716 727 726
f 727 728 723
f 727 716 714
f 729 727 714
f 729 728 727
f 728 199 198
f 428 199 728
f 220 214 182
f 730 215 214
f 731 216 215
f 220 182 219
f 220 221 214
f 221 222 214
f 222 223 214
f 223 730 214
f 730 731 215
f 224 730 223
f 225 730 224
f 234 731 730
f 731 217 216
f 731 732 217
f 226 730 225
f 227 730 226
f 227 229 730
f 233 232 730
f 232 234 730
f 235 233 730
f 228 235 730
f 230 228 730
f 231 230 730
f 229 733 730
f 733 231 730
f 236 731 234
f 237 731 236
f 243 733 229
f 733 242 231
f 734 733 243
f 456 242 733
f 253 731 237
f 238 253 237
f 239 254 238
f 240 254 239
f 249 248 731
f 251 249 731
f 248 252 731
f 250 251 731
f 253 250 731
f 252 257 731
f 257 732 731
f 258 732 257
f 241 254 240
f 246 254 241
f 247 254 246
f 254 253 238
f 255 247 244
f 255 254 247
f 245 256 244
f 256 255 244
f 457 256 245
f 259 732 258
f 735 732 259
f 260 735 259
f 261 735 260
f 261 262 735
f 262 458 735
f 458 459 735
f 732 218 217
f 736 263 218
f 732 736 218
f 736 264 263
f 735 736 732
f 469 470 735
f 467 469 735
f 470 473 735
f 473 737 735
f 735 737 736
f 737 264 736
f 738 265 264
f 738 266 265
f 738 264 737
f 739 738 737
f 738 530 266
f 740 530 738
f 433 434 314
f 434 435 315
f 437 436 317
f 436 212 213
f 435 437 316
f 408 682 192
f 409 408 267
f 410 409 268
f 411 410 269
f 412 411 270
f 413 412 271
f 414 413 272
f 415 414 273
f 416 741 274
f 741 415 274
f 417 416 275
f 418 417 279
f 419 418 280
f 420 419 281
f 421 420 282
f 422 421 283
f 423 422 284
f 424 423 285
f 425 424 286
f 426 425 288
f 427 426 289
f 438 427 291
f 428 430 80
f 430 429 297
f 429 431 298
f 742 433 210
f 691 742 210
f 743 434 433
f 742 743 433
f 744 435 434
f 436 693 212
f 437 745 436
f 435 746 437
f 746 745 437
f 745 693 436
f 743 744 434
f 744 746 435
f 431 432 299
f 439 438 318
f 432 441 313
f 747 442 394
f 441 444 324
f 446 445 331
f 449 446 332
f 445 447 325
f 447 448 326
f 450 449 333
f 448 443 327
f 451 450 334
f 452 451 335
f 453 452 336
f 454 453 337
f 455 748 454
f 461 243 128
f 463 245 149
f 456 462 338
f 458 262 155
f 459 458 342
f 460 459 343
f 464 460 344
f 442 461 347
f 513 463 346
f 457 465 340
f 475 466 345
f 515 464 349
f 467 468 162
f 470 469 161
f 473 470 163
f 469 467 160
f 468 471 351
f 471 472 352
f 476 473 355
f 472 474 353
f 474 475 354
f 477 476 356
f 478 477 357
f 479 478 358
f 480 479 359
f 481 480 360
f 482 481 361
f 483 482 370
f 495 483 371
f 485 484 365
f 490 485 366
f 487 486 367
f 484 487 364
f 486 488 368
f 488 489 363
f 489 494 362
f 491 490 372
f 492 491 373
f 493 492 374
f 496 493 375
f 519 495 385
f 494 518 369
f 497 496 378
f 498 497 379
f 499 498 389
f 500 499 390
f 509 500 391
f 501 502 387
f 503 504 381
f 504 505 380
f 506 503 383
f 507 506 376
f 505 501 382
f 502 510 388
f 462 511 339
f 511 512 393
f 465 514 348
f 749 513 396
f 517 515 398
f 466 516 350
f 400 750 517
f 524 519 401
f 518 520 384
f 522 509 403
f 510 521 386
f 525 522 404
f 521 523 392
f 406 751 524
f 725 691 690
f 752 742 691
f 745 753 693
f 754 743 742
f 755 744 743
f 746 756 745
f 744 757 746
f 408 722 682
f 409 722 408
f 410 722 409
f 411 722 410
f 412 722 411
f 413 722 412
f 741 416 415
f 414 722 413
f 415 722 414
f 416 417 415
f 682 722 720
f 722 758 721
f 417 722 415
f 417 418 722
f 418 419 722
f 419 420 722
f 420 421 722
f 421 758 722
f 422 758 421
f 423 758 422
f 424 758 423
f 425 758 424
f 426 758 425
f 759 758 426
f 427 759 426
f 438 760 427
f 760 759 427
f 725 752 691
f 752 761 742
f 693 762 714
f 753 762 693
f 756 753 745
f 761 754 742
f 754 755 743
f 763 756 746
f 757 763 746
f 755 757 744
f 758 724 721
f 758 725 724
f 758 752 725
f 753 729 762
f 756 729 753
f 762 729 714
f 729 764 728
f 430 428 728
f 764 430 728
f 429 430 764
f 431 429 764
f 759 752 758
f 759 761 752
f 759 754 761
f 765 755 754
f 763 766 756
f 765 757 755
f 757 766 763
f 759 765 754
f 765 766 757
f 766 729 756
f 766 764 729
f 432 431 764
f 766 767 764
f 767 432 764
f 439 768 438
f 768 760 438
f 768 759 760
f 769 759 768
f 770 768 439
f 769 765 759
f 769 771 765
f 771 766 765
f 771 772 766
f 772 767 766
f 441 432 767
f 772 773 767
f 773 441 767
f 445 772 771
f 447 445 771
f 448 447 771
f 443 448 771
f 774 443 771
f 444 773 772
f 773 444 441
f 445 446 772
f 446 449 772
f 449 450 772
f 450 451 772
f 451 452 772
f 452 453 772
f 453 454 772
f 461 734 243
f 734 456 733
f 462 734 461
f 462 456 734
f 463 457 245
f 459 775 735
f 460 775 459
f 464 775 460
f 475 775 464
f 462 461 442
f 513 465 463
f 465 457 463
f 515 475 464
f 515 466 475
f 468 467 735
f 471 468 735
f 472 471 735
f 775 472 735
f 775 474 472
f 475 474 775
f 473 476 737
f 476 477 737
f 477 478 737
f 478 739 737
f 479 739 478
f 479 480 739
f 480 481 739
f 481 482 739
f 482 483 739
f 489 488 739
f 484 485 739
f 485 490 739
f 487 484 739
f 486 487 739
f 488 486 739
f 483 494 739
f 495 494 483
f 494 489 739
f 739 740 738
f 490 740 739
f 490 491 740
f 491 492 740
f 492 493 740
f 493 496 740
f 496 497 740
f 497 498 740
f 498 499 740
f 504 503 740
f 505 504 740
f 503 506 740
f 506 507 740
f 519 494 495
f 501 505 740
f 502 501 740
f 499 510 740
f 510 502 740
f 507 609 740
f 500 510 499
f 522 510 509
f 509 510 500
f 511 462 442
f 512 511 442
f 747 512 442
f 514 465 513
f 749 514 513
f 516 466 515
f 517 516 515
f 519 518 494
f 524 520 519
f 520 518 519
f 522 521 510
f 523 521 522
f 525 523 522
f 530 531 169
f 531 606 529
f 776 531 530
f 606 607 532
f 607 608 533
f 609 507 508
f 610 609 535
f 611 610 536
f 612 611 537
f 613 612 538
f 614 613 552
f 615 614 553
f 621 615 554
f 617 616 534
f 618 617 542
f 626 618 543
f 608 619 547
f 619 620 550
f 622 621 555
f 628 622 556
f 623 624 541
f 616 625 540
f 625 623 539
f 624 627 546
f 631 626 548
f 527 628 526
f 629 630 557
f 627 629 545
f 633 632 560
f 632 631 559
f 634 633 561
f 635 634 562
f 636 635 563
f 637 636 564
f 638 637 569
f 639 638 571
f 640 639 572
f 646 650 568
f 643 641 573
f 641 642 567
f 644 643 574
f 645 644 575
f 647 645 577
f 642 646 566
f 652 647 578
f 648 640 579
f 650 651 570
f 620 653 551
f 653 654 581
f 655 652 584
f 656 655 585
f 657 656 586
f 658 657 587
f 659 658 588
f 660 659 589
f 661 660 594
f 596 669 661
f 667 662 599
f 662 663 600
f 665 664 598
f 666 665 590
f 668 666 591
f 664 667 597
f 670 668 592
f 777 669 601
f 654 671 583
f 671 672 593
f 776 530 740
f 776 606 531
f 607 606 776
f 609 776 740
f 618 607 776
f 609 610 776
f 610 611 776
f 611 612 776
f 612 613 776
f 613 614 776
f 617 618 776
f 625 616 776
f 616 617 776
f 623 625 776
f 618 626 607
f 614 778 776
f 624 623 776
f 778 624 776
f 626 631 607
f 631 608 607
f 631 632 608
f 632 779 608
f 779 619 608
f 780 620 619
f 615 778 614
f 621 778 615
f 622 778 621
f 628 778 622
f 778 627 624
f 629 778 628
f 629 627 778
f 527 629 628
f 527 630 629
f 779 632 633
f 634 779 633
f 635 779 634
f 635 636 779
f 779 780 619
f 636 637 779
f 637 638 779
f 638 781 779
f 642 641 779
f 646 642 779
f 781 646 779
f 639 781 638
f 640 781 639
f 644 645 779
f 643 644 779
f 645 647 779
f 641 643 779
f 647 780 779
f 652 780 647
f 648 781 640
f 650 646 781
f 651 781 648
f 651 650 781
f 782 651 648
f 780 653 620
f 783 780 652
f 783 653 780
f 783 654 653
f 655 783 652
f 655 656 783
f 656 657 783
f 657 658 783
f 658 659 783
f 659 665 783
f 666 668 783
f 665 666 783
f 668 670 783
f 784 671 783
f 660 665 659
f 661 662 660
f 669 663 661
f 664 665 660
f 667 664 660
f 662 667 660
f 663 662 661
f 777 663 669
f 670 784 783
f 671 654 783
f 784 785 671
f 785 786 671
f 786 787 671
f 787 672 671
f 790 789 788
f 789 791 788
f 793 792 791
f 794 789 790
f 795 789 794
f 797 795 796
f 800 799 798
f 799 796 798
f 319 801 318
f 320 801 319
f 801 440 318
f 329 802 321
f 802 803 321
f 321 804 320
f 803 805 321
f 330 806 322
f 807 337 322
f 395 808 394
f 807 455 337
f 810 809 792
f 793 810 792
f 789 793 791
f 797 789 795
f 799 797 796
f 811 799 800
f 812 811 800
f 813 812 800
f 801 800 440
f 797 814 789
f 799 815 797
f 811 816 799
f 789 817 793
f 812 818 811
f 810 819 809
f 819 820 809
f 820 821 809
f 823 822 809
f 801 813 800
f 824 801 320
f 825 810 793
f 826 819 810
f 827 820 819
f 813 828 812
f 830 829 813
f 804 831 320
f 831 832 320
f 832 833 320
f 834 804 321
f 835 834 321
f 836 835 321
f 837 836 321
f 838 837 321
f 839 838 321
f 840 839 321
f 833 841 320
f 841 842 320
f 842 843 320
f 844 840 321
f 806 845 322
f 843 824 320
f 805 844 321
f 845 807 322
f 807 846 455
f 808 847 394
f 817 825 793
f 814 817 789
f 815 814 797
f 816 815 799
f 818 816 811
f 815 848 814
f 814 849 817
f 848 849 814
f 850 848 815
f 816 850 815
f 851 850 816
f 818 851 816
f 825 826 810
f 826 827 819
f 828 818 812
f 829 828 813
f 830 852 829
f 853 825 817
f 849 853 817
f 854 826 825
f 853 854 825
f 818 855 851
f 854 856 826
f 856 827 826
f 818 828 855
f 828 857 855
f 829 857 828
f 829 858 857
f 852 858 829
f 852 859 858
f 860 400 399
f 397 861 396
f 862 406 402
f 863 407 405
f 864 528 558
f 861 865 396
f 860 866 400
f 862 867 406
f 866 868 400
f 867 869 406
f 863 870 407
f 864 871 528
f 870 872 407
f 871 873 528
f 649 875 874
f 876 794 790
f 877 790 788
f 791 878 788
f 792 879 791
f 880 795 794
f 800 770 440
f 881 800 798
f 796 882 798
f 795 883 796
f 809 879 792
f 329 884 802
f 885 803 802
f 847 747 394
f 822 886 809
f 885 805 803
f 887 806 330
f 888 808 395
f 889 832 831
f 890 833 832
f 834 891 804
f 835 892 834
f 893 831 804
f 836 894 835
f 837 895 836
f 838 896 837
f 839 897 838
f 840 898 839
f 890 841 833
f 900 899 840
f 846 901 455
f 849 902 853
f 903 848 850
f 904 849 848
f 851 905 850
f 855 906 851
f 857 907 855
f 908 854 853
f 909 856 854
f 858 910 857
f 859 911 858
f 865 749 396
f 912 860 399
f 868 750 400
f 869 751 406
f 913 862 402
f 914 863 405
f 915 864 558
f 916 861 397
f 918 917 865
f 872 919 407
f 873 920 528
f 821 823 809
f 823 921 822
f 922 823 821
f 801 830 813
f 801 923 830
f 801 924 923
f 925 821 820
f 926 922 821
f 923 852 830
f 924 927 923
f 929 928 924
f 930 823 922
f 931 823 930
f 823 932 921
f 823 933 932
f 931 934 823
f 934 935 823
f 935 936 823
f 936 933 823
f 937 936 935
f 801 929 924
f 801 938 929
f 801 939 938
f 942 941 940
f 941 942 939
f 801 941 939
f 824 941 801
f 824 943 941
f 944 930 922
f 945 931 930
f 945 934 931
f 946 935 934
f 947 937 935
f 948 942 940
f 938 949 929
f 939 950 938
f 942 948 939
f 844 900 840
f 951 824 843
f 844 952 900
f 953 847 808
f 954 824 951
f 955 824 954
f 956 824 955
f 844 957 952
f 844 958 957
f 844 959 958
f 960 824 956
f 961 824 960
f 962 824 961
f 963 824 962
f 964 824 963
f 965 844 964
f 844 966 959
f 966 844 965
f 844 824 964
f 967 844 805
f 968 844 967
f 969 844 968
f 970 844 969
f 971 844 970
f 972 844 971
f 973 844 972
f 974 844 973
f 975 844 974
f 807 977 976
f 977 807 978
f 807 979 978
f 807 975 979
f 844 943 824
f 980 943 844
f 807 844 975
f 807 980 844
f 807 981 980
f 807 982 846
f 807 976 982
f 983 807 845
f 984 807 983
f 985 807 984
f 986 807 985
f 987 807 986
f 990 989 988
f 990 991 989
f 990 992 991
f 993 807 987
f 994 807 993
f 990 995 992
f 995 990 996
f 996 990 994
f 998 997 847
f 998 988 997
f 953 998 847
f 998 999 988
f 999 990 988
f 1000 990 999
f 1001 990 1000
f 1002 990 1001
f 1003 990 1002
f 1004 990 1003
f 990 807 994
f 990 981 807
f 1005 981 990
f 1006 990 1004
f 1006 1005 990
f 827 925 820
f 925 926 821
f 926 944 922
f 927 852 923
f 928 927 924
f 1007 925 827
f 856 1007 827
f 1007 1008 925
f 1008 926 925
f 1009 926 1008
f 1009 944 926
f 927 1010 859
f 852 927 859
f 927 928 1010
f 928 1011 1010
f 928 949 1011
f 949 1012 1011
f 944 945 930
f 945 946 934
f 946 947 935
f 1013 948 940
f 949 928 929
f 938 950 949
f 948 950 939
f 1014 944 1009
f 1014 945 944
f 1015 945 1014
f 1015 946 945
f 1015 1016 946
f 1013 1018 1017
f 1016 947 946
f 1019 947 1016
f 1020 947 1019
f 1018 1020 1019
f 948 1013 1017
f 1013 1020 1018
f 950 1021 1012
f 949 950 1012
f 948 1017 1021
f 950 948 1021
f 936 1022 933
f 936 1023 1022
f 937 1024 936
f 1025 1023 936
f 1026 1025 936
f 1024 941 936
f 1027 1026 936
f 1028 1027 936
f 1029 1028 936
f 941 1029 936
f 940 941 1024
f 1030 1029 941
f 943 1030 941
f 943 1031 1030
f 1020 1024 937
f 1013 940 1024
f 980 1031 943
f 1032 1031 980
f 981 1032 980
f 1033 1032 981
f 1005 1033 981
f 1034 1033 1005
f 1035 1034 1005
f 947 1020 937
f 1020 1013 1024
f 861 1036 865
f 1006 918 865
f 1036 1006 865
f 1006 1037 918
f 1006 1038 1037
f 1006 1039 1038
f 1039 1006 1040
f 1006 1041 1040
f 1041 1006 1004
f 1042 1006 1036
f 1043 1006 1042
f 1044 1006 1043
f 1045 1006 1044
f 1046 1006 1045
f 1047 1006 1046
f 1048 1006 1047
f 1049 1006 1048
f 1050 1006 1049
f 1052 1051 868
f 866 1053 868
f 1053 1052 868
f 1054 1051 1052
f 1054 1055 1051
f 1055 1056 1051
f 1056 1057 1051
f 1057 1058 1051
f 1051 1060 1059
f 1061 1060 1050
f 1060 1062 1059
f 1060 1061 1062
f 1058 1060 1051
f 1006 1035 1005
f 1060 1006 1050
f 1060 1035 1006
f 1060 1063 1035
f 867 1064 869
f 1064 1065 869
f 1065 1066 869
f 1060 1067 869
f 1066 1060 869
f 1060 1068 1067
f 1068 1060 1069
f 1060 1070 1069
f 1071 1060 1066
f 1072 1060 1071
f 1075 1074 1073
f 1076 1060 1058
f 1077 1060 1076
f 1078 1060 1077
f 1060 1079 1070
f 1079 1060 1078
f 1080 1060 1072
f 1080 1081 1060
f 1081 1082 1060
f 1082 1083 1060
f 1083 1075 1060
f 1075 1084 1074
f 1075 1085 1084
f 1075 1087 1086
f 1087 1075 1083
f 1085 1075 1086
f 1075 1063 1060
f 1075 1088 1063
f 870 1089 872
f 1089 1090 872
f 872 1075 1073
f 1090 1075 872
f 1091 1075 1090
f 1092 1075 1091
f 871 1093 873
f 1093 1094 873
f 1094 1095 873
f 1097 1096 873
f 1095 1097 873
f 1098 1075 1092
f 1098 1099 1075
f 1099 1100 1075
f 1100 1101 1075
f 1101 1102 1075
f 1102 1103 1075
f 1103 1097 1075
f 1097 1088 1075
f 1097 1104 1096
f 1097 1103 1105
f 1097 1105 1106
f 1104 1097 1106
f 1107 1097 1095
f 1108 1097 1107
f 1108 1109 1097
f 1109 1110 1097
f 1110 1111 1097
f 1112 1088 1097
f 1113 1112 1097
f 875 1114 874
f 1114 1115 874
f 1115 1116 874
f 1118 1117 874
f 1116 1118 874
f 1111 1113 1097
f 1118 1120 1119
f 1113 1121 1112
f 1121 1122 1112
f 1124 1123 1120
f 1126 1124 1125
f 1125 1124 1122
f 1124 1126 1123
f 1122 1124 1112
f 1118 1119 1117
f 1127 1118 1116
f 1127 1128 1118
f 1128 1129 1118
f 1129 1130 1118
f 1118 1124 1120
f 1130 1124 1118
f 1131 1124 1130
f 1132 1124 1131
f 1133 1124 1132
f 1134 1124 1133
f 1035 1135 1034
f 1063 1135 1035
f 1136 1135 1063
f 1088 1136 1063
f 1088 1137 1136
f 1112 1137 1088
f 1138 1137 1112
f 1124 1138 1112
f 1139 1138 1124
f 1140 1139 1124
f 1142 1141 1139
f 921 1143 822
f 932 1143 921
f 933 1144 932
f 1022 1145 933
f 1146 842 841
f 1147 843 842
f 1147 951 843
f 952 1148 900
f 1149 954 951
f 1150 955 954
f 958 1151 957
f 957 1148 952
f 1152 967 805
f 1153 968 967
f 982 901 846
f 1154 845 806
f 1155 953 808
f 1156 956 955
f 1157 960 956
f 1158 961 960
f 1159 962 961
f 1159 963 962
f 959 1160 958
f 966 1161 959
f 1162 966 965
f 1163 964 963
f 1164 965 964
f 1165 969 968
f 1166 970 969
f 1167 971 970
f 1168 972 971
f 1169 973 972
f 976 1170 982
f 977 1171 976
f 979 1172 978
f 1169 974 973
f 1173 975 974
f 975 1174 979
f 1175 977 978
f 1176 983 845
f 1177 984 983
f 1178 985 984
f 1179 986 985
f 997 1180 847
f 988 1181 997
f 989 1182 988
f 1183 987 986
f 991 1184 989
f 995 1185 992
f 992 1186 991
f 1187 993 987
f 1187 994 993
f 1188 996 994
f 1189 995 996
f 1190 998 953
f 1191 999 998
f 1192 1000 999
f 1193 1001 1000
f 1194 1002 1001
f 1195 1003 1002
f 1196 1039 1040
f 1195 1004 1003
f 1197 1041 1004
f 1041 1198 1040
f 1199 1007 856
f 1200 1008 1007
f 1201 1009 1008
f 1010 1202 859
f 1011 1203 1010
f 1012 1204 1011
f 1205 1014 1009
f 1206 1015 1014
f 1207 1016 1015
f 1208 1019 1016
f 1209 1018 1019
f 1018 1210 1017
f 1021 1211 1012
f 1017 1212 1021
f 1023 1213 1022
f 1025 1214 1023
f 1026 1215 1025
f 1027 1216 1026
f 1028 1217 1027
f 1029 1218 1028
f 1030 1218 1029
f 1031 1219 1030
f 1032 1220 1031
f 1033 1221 1032
f 1034 1222 1033
f 1135 1223 1034
f 1224 866 860
f 1225 867 862
f 1037 1226 918
f 1038 1227 1037
f 1228 1036 861
f 1229 1042 1036
f 1230 1043 1042
f 1231 1044 1043
f 1039 1232 1038
f 1233 1045 1044
f 1234 1046 1045
f 1235 1047 1046
f 1236 1048 1047
f 1236 1049 1048
f 1051 1237 868
f 1238 1053 866
f 1239 1052 1053
f 1240 1054 1052
f 1062 1241 1059
f 1061 1242 1062
f 1243 1051 1059
f 1244 1050 1049
f 1245 1061 1050
f 1246 1055 1054
f 1247 1056 1055
f 1248 1057 1056
f 1067 1249 869
f 1250 1058 1057
f 1251 1076 1058
f 1251 1077 1076
f 1070 1252 1069
f 1253 1078 1077
f 1079 1254 1070
f 1255 1079 1078
f 1068 1256 1067
f 1257 1068 1069
f 1258 1064 867
f 1259 1065 1064
f 1260 1066 1065
f 1261 1071 1066
f 1262 1072 1071
f 1263 1080 1072
f 1264 1081 1080
f 1074 1265 1073
f 1084 1266 1074
f 1085 1267 1084
f 1268 1082 1081
f 1268 1083 1082
f 1087 1269 1086
f 1270 1087 1083
f 1271 1085 1086
f 1272 870 863
f 1096 1273 873
f 1274 871 864
f 1275 872 1073
f 1276 1089 870
f 1277 1090 1089
f 1278 1091 1090
f 1279 1092 1091
f 1280 1098 1092
f 1104 1281 1096
f 1282 1099 1098
f 1283 1100 1099
f 1284 1101 1100
f 1284 1102 1101
f 1105 1285 1106
f 1103 1286 1105
f 1287 1103 1102
f 1288 1104 1106
f 1289 1093 871
f 1290 1094 1093
f 1291 1095 1094
f 1292 1107 1095
f 1117 1293 874
f 1294 1114 875
f 1295 1115 1114
f 1296 1116 1115
f 1297 1108 1107
f 1298 1109 1108
f 1299 1110 1109
f 1300 1111 1110
f 1301 1113 1111
f 1302 1121 1113
f 1302 1122 1121
f 1119 1303 1117
f 1304 1125 1122
f 1120 1305 1119
f 1126 1306 1123
f 1123 1307 1120
f 1308 1126 1125
f 1309 1127 1116
f 1310 1128 1127
f 1311 1129 1128
f 1312 1130 1129
f 1313 1131 1130
f 1314 1132 1131
f 1315 1133 1132
f 1136 1316 1135
f 1137 1317 1136
f 1138 1318 1137
f 1139 1319 1138
f 1141 1320 1139
f 580 1321 579
f 595 1322 601
f 1321 649 579
f 1322 1323 601
f 605 1324 604
f 605 1325 1324
f 605 1326 1325
f 605 1327 1326
f 605 1328 1327
f 1328 605 1329
f 605 1330 1329
f 605 1331 1330
f 605 1332 1331
f 1334 1333 1328
f 1335 1328 1329
f 1335 1334 1328
f 605 1336 1332
f 605 1337 1336
f 605 1338 1337
f 605 1339 1338
f 1334 1340 1333
f 1343 1342 1341
f 649 1321 875
f 1322 1344 1323
f 1340 1345 1333
f 1343 1346 1342
f 1340 1347 1345
f 1343 1348 1346
f 1350 1349 605
f 605 1351 1339
f 605 1352 1351
f 1354 1353 605
f 1349 1354 605
f 1353 1355 605
f 605 1343 1352
f 1355 1343 605
f 1356 1349 1350
f 1357 1356 1350
f 1358 1357 1350
f 1343 1341 1352
f 1358 1359 1357
f 1358 1360 1359
f 1361 1360 1358
f 1362 1361 1358
f 1364 1363 1358
f 1365 1362 1358
f 1366 1365 1358
f 1363 1366 1358
f 1365 1367 1362
f 1365 1368 1367
f 1368 1370 1369
f 1372 1371 1368
f 1373 1372 1368
f 1365 1373 1368
f 1370 1375 1374
f 1370 1376 1369
f 1370 1377 1376
f 1370 1374 1377
f 1371 1370 1368
f 1378 1363 1364
f 1379 1378 1364
f 1323 777 601
f 1380 1321 580
f 1381 1322 595
f 603 784 602
f 604 785 603
f 1324 786 604
f 1325 787 1324
f 1326 1382 1325
f 1327 1383 1326
f 1328 1384 1327
f 1333 1385 1328
f 1330 1386 1329
f 1387 1335 1329
f 1331 1388 1330
f 1332 1389 1331
f 1390 1334 1335
f 1336 1391 1332
f 1345 1392 1333
f 1337 1393 1336
f 1338 1394 1337
f 1339 1395 1338
f 1351 1396 1339
f 1352 1397 1351
f 1341 1398 1352
f 1342 1399 1341
f 1346 1400 1342
f 782 649 874
f 1402 1401 1323
f 1403 1340 1334
f 1405 1404 1345
f 1407 1406 1346
f 1408 1350 605
f 1354 1409 1353
f 1410 1355 1353
f 1411 1354 1349
f 1356 1412 1349
f 1357 1413 1356
f 1414 1358 1350
f 1415 1343 1355
f 1359 1416 1357
f 1360 1417 1359
f 1361 1418 1360
f 1362 1419 1361
f 1367 1420 1362
f 1368 1421 1367
f 1422 1368 1369
f 1376 1423 1369
f 1424 1364 1358
f 1377 1425 1376
f 1374 1426 1377
f 1428 1427 1374
f 1429 1375 1370
f 1429 1370 1371
f 1373 1430 1372
f 1365 1431 1373
f 1366 1432 1365
f 1363 1433 1366
f 1434 1371 1372
f 1378 1435 1363
f 1437 1436 1378
f 1424 1379 1364
f 1344 1402 1323
f 1347 1405 1345
f 1344 1438 1402
f 1438 1439 1402
f 1439 1440 1402
f 1440 1441 1402
f 1441 1442 1402
f 1140 1444 1443
f 1140 1445 1444
f 1441 1140 1442
f 1140 1443 1442
f 1446 1140 1134
f 1140 1446 1447
f 1140 1447 1445
f 1440 1448 1441
f 1448 1449 1441
f 1449 1450 1441
f 1450 1140 1441
f 1451 1140 1450
f 1452 1140 1451
f 1453 1140 1452
f 1454 1140 1453
f 1455 1140 1454
f 1347 1456 1405
f 1456 1457 1405
f 1459 1458 1405
f 1460 1459 1405
f 1462 1461 1458
f 1459 1462 1458
f 1463 1462 1459
f 1462 1464 1461
f 1465 1462 1455
f 1464 1462 1466
f 1462 1465 1466
f 1457 1460 1405
f 1460 1467 1459
f 1467 1468 1459
f 1468 1463 1459
f 1469 1462 1463
f 1470 1462 1469
f 1471 1462 1470
f 1472 1462 1471
f 1348 1407 1346
f 1475 1474 1473
f 1348 1476 1407
f 1476 1477 1407
f 1478 1473 1407
f 1477 1479 1407
f 1479 1480 1407
f 1480 1478 1407
f 1478 1481 1473
f 1481 1475 1473
f 1482 1475 1481
f 1428 1484 1483
f 1484 1485 1483
f 1485 1486 1483
f 1134 1140 1124
f 1140 1142 1139
f 1455 1462 1140
f 1487 1462 1472
f 1488 1142 1140
f 1487 1475 1462
f 1475 1490 1489
f 1475 1487 1491
f 1490 1475 1491
f 1475 1489 1474
f 1462 1488 1140
f 1492 1475 1482
f 1492 1493 1475
f 1493 1494 1475
f 1494 1495 1475
f 1495 1496 1475
f 1475 1488 1462
f 1496 1497 1475
f 1497 1488 1475
f 1485 1498 1486
f 1488 1497 1499
f 1500 1488 1499
f 1488 1501 1498
f 1488 1500 1501
f 1485 1488 1498
f 1375 1428 1374
f 1502 1484 1428
f 1375 1502 1428
f 1502 1503 1484
f 1503 1504 1484
f 1504 1505 1484
f 1505 1506 1484
f 1506 1485 1484
f 1507 1485 1506
f 1510 1509 1508
f 1512 1511 1509
f 1510 1513 1509
f 1515 1514 1509
f 1513 1515 1509
f 1514 1512 1509
f 1512 1516 1511
f 1379 1437 1378
f 1379 1517 1437
f 1379 1518 1517
f 1379 1519 1518
f 1379 1520 1519
f 1523 1522 1521
f 1523 1524 1522
f 1523 1521 1520
f 1526 1525 1520
f 1527 1523 1520
f 1525 1527 1520
f 1379 1526 1520
f 1379 1528 1526
f 1529 1528 1379
f 1523 1508 1524
f 1523 1510 1508
f 1530 1529 1379
f 1530 1531 1529
f 1530 1532 1531
f 1533 1532 1530
f 1534 1485 1507
f 1535 1485 1534
f 1535 1536 1485
f 1536 1488 1485
f 1537 1488 1536
f 1538 1488 1537
f 1539 1488 1538
f 1540 1488 1539
f 1541 1488 1540
f 1543 1542 1511
f 1516 1543 1511
f 1516 1544 1543
f 1541 1545 1542
f 1543 1541 1542
f 1546 1541 1543
f 1544 1547 1543
f 1547 1546 1543
f 1541 1548 1545
f 1550 1541 1549
f 1541 1540 1549
f 1541 1550 1548
f 1551 1541 1546
f 1552 1541 1551
f 1553 1541 1552
f 1554 1541 1553
f 1555 1541 1554
f 1533 1556 1532
f 1533 1557 1556
f 1558 1557 1533
f 1559 1558 1533
f 1560 1559 1533
f 1560 1561 1559
f 1563 1562 1561
f 1565 1564 1562
f 1560 1563 1561
f 1563 1566 1562
f 1567 1555 1554
f 1568 1555 1567
f 1555 1569 1564
f 1555 1570 1569
f 1570 1555 1571
f 1555 1568 1571
f 1566 1565 1562
f 1565 1572 1564
f 1572 1573 1564
f 1573 1574 1564
f 1574 1555 1564
f 1575 1555 1574
f 1576 1575 1574
f 1577 1576 1574
f 1578 1575 1576
f 1579 1577 1574
f 1577 1578 1576
f 1580 1578 1577
f 1580 1577 1579
f 1321 1581 875
f 1582 1344 1322
f 1583 1347 1340
f 1442 1584 1402
f 1585 1438 1344
f 1586 1439 1438
f 1443 1587 1442
f 1445 1588 1444
f 1444 1589 1443
f 1315 1134 1133
f 1590 1446 1134
f 1447 1591 1445
f 1446 1592 1447
f 1593 1440 1439
f 1594 1448 1440
f 1595 1449 1448
f 1596 1450 1449
f 1597 1451 1450
f 1598 1452 1451
f 1599 1453 1452
f 1600 1454 1453
f 1600 1455 1454
f 1458 1601 1405
f 1602 1456 1347
f 1461 1603 1458
f 1604 1464 1466
f 1605 1465 1455
f 1465 1606 1466
f 1464 1607 1461
f 1608 1457 1456
f 1609 1460 1457
f 1610 1467 1460
f 1611 1468 1467
f 1612 1463 1468
f 1613 1469 1463
f 1614 1470 1469
f 1615 1471 1470
f 1616 1472 1471
f 1616 1487 1472
f 1617 1348 1343
f 1473 1618 1407
f 1474 1619 1473
f 1489 1620 1474
f 1490 1621 1489
f 1476 1622 1477
f 1623 1479 1477
f 1624 1480 1479
f 1625 1476 1348
f 1626 1478 1480
f 1627 1481 1478
f 1628 1482 1481
f 1629 1492 1482
f 1630 1428 1483
f 1486 1631 1483
f 1487 1632 1491
f 1633 1490 1491
f 1634 1493 1492
f 1635 1494 1493
f 1636 1495 1494
f 1637 1496 1495
f 1638 1497 1496
f 1498 1639 1486
f 1501 1640 1498
f 1497 1641 1499
f 1500 1642 1501
f 1643 1500 1499
f 1509 1644 1508
f 1645 1502 1375
f 1646 1503 1502
f 1647 1504 1503
f 1648 1505 1504
f 1649 1506 1505
f 1650 1507 1506
f 1651 1510 1523
f 1511 1652 1509
f 1542 1653 1511
f 1654 1513 1510
f 1655 1515 1513
f 1515 1656 1514
f 1657 1512 1514
f 1517 1658 1437
f 1518 1659 1517
f 1519 1660 1518
f 1520 1661 1519
f 1521 1662 1520
f 1522 1663 1521
f 1524 1664 1522
f 1508 1665 1524
f 1666 1523 1527
f 1667 1525 1526
f 1525 1668 1527
f 1528 1669 1526
f 1529 1670 1528
f 1531 1671 1529
f 1672 1530 1379
f 1532 1673 1531
f 1674 1533 1530
f 1675 1534 1507
f 1676 1535 1534
f 1677 1536 1535
f 1678 1537 1536
f 1679 1538 1537
f 1680 1539 1538
f 1680 1540 1539
f 1545 1681 1542
f 1540 1682 1549
f 1548 1683 1545
f 1550 1684 1548
f 1685 1550 1549
f 1686 1516 1512
f 1687 1544 1516
f 1688 1547 1544
f 1689 1546 1547
f 1690 1551 1546
f 1691 1552 1551
f 1692 1553 1552
f 1693 1554 1553
f 1693 1567 1554
f 1556 1694 1532
f 1557 1695 1556
f 1558 1696 1557
f 1697 1560 1533
f 1559 1698 1558
f 1561 1699 1559
f 1562 1700 1561
f 1564 1701 1562
f 1569 1702 1564
f 1570 1703 1569
f 1697 1563 1560
f 1704 1566 1563
f 1705 1570 1571
f 1568 1706 1571
f 1707 1568 1567
f 1708 1565 1566
f 1709 1572 1565
f 1710 1573 1572
f 1711 1574 1573
f 1712 1579 1574
f 1713 1580 1579
f 440 770 439
f 878 877 788
f 876 880 794
f 877 876 790
f 879 878 791
f 880 1714 795
f 882 881 798
f 881 770 800
f 1714 883 795
f 883 882 796
f 774 329 443
f 774 884 329
f 884 885 802
f 444 887 330
f 901 748 455
f 905 903 850
f 903 904 848
f 906 905 851
f 907 906 855
f 904 902 849
f 902 908 853
f 908 909 854
f 910 907 857
f 911 910 858
f 1202 911 859
f 886 879 809
f 905 1716 1715
f 903 1715 1717
f 903 905 1715
f 906 1718 1716
f 905 906 1716
f 907 1719 1718
f 906 907 1718
f 1720 886 822
f 1721 904 1717
f 1722 902 1721
f 902 904 1721
f 904 903 1717
f 1722 908 902
f 1723 908 1722
f 1723 909 908
f 910 1719 907
f 910 1724 1719
f 910 911 1724
f 911 1725 1724
f 911 1202 1725
f 1202 1726 1725
f 893 889 831
f 889 890 832
f 891 893 804
f 892 891 834
f 894 892 835
f 895 894 836
f 896 895 837
f 897 896 838
f 898 897 839
f 899 898 840
f 1727 899 900
f 885 1728 805
f 847 1180 747
f 516 912 399
f 512 888 395
f 514 916 397
f 865 917 749
f 520 913 402
f 407 919 525
f 523 914 405
f 528 920 527
f 1237 750 868
f 912 1224 860
f 913 1225 862
f 1249 751 869
f 1275 919 872
f 914 1272 863
f 1273 920 873
f 915 1274 864
f 1293 782 874
f 1729 876 877
f 878 1729 877
f 879 1729 878
f 1729 880 876
f 1730 1714 880
f 1731 881 882
f 883 1731 882
f 1714 1731 883
f 1732 769 768
f 770 1732 768
f 884 774 771
f 885 884 771
f 892 771 769
f 1733 885 771
f 887 444 772
f 454 1734 772
f 1180 512 747
f 748 1734 454
f 1716 1729 1715
f 1718 1730 1716
f 1719 1731 1718
f 1715 1735 1717
f 1724 1736 1719
f 1737 1721 1717
f 1738 1722 1721
f 1739 1723 1722
f 1725 1740 1724
f 1726 1741 1725
f 1735 1737 1717
f 1729 1735 1715
f 1730 1729 1716
f 1731 1730 1718
f 1736 1731 1719
f 886 1735 879
f 1735 1729 879
f 1729 1730 880
f 1730 1731 1714
f 1731 1736 881
f 1736 1740 881
f 1737 1735 886
f 1740 1741 881
f 881 1732 770
f 1737 1738 1721
f 1738 1739 1722
f 1740 1736 1724
f 1741 1740 1725
f 1726 1742 1741
f 1738 1737 886
f 1739 1738 886
f 1743 1739 886
f 1720 1143 886
f 1741 1732 881
f 1732 1744 769
f 893 891 769
f 891 892 769
f 889 893 769
f 890 889 769
f 892 894 771
f 894 895 771
f 895 896 771
f 896 897 771
f 897 898 771
f 898 899 771
f 1745 890 769
f 1146 1745 769
f 1147 1146 769
f 899 1733 771
f 1154 887 772
f 1744 1147 769
f 1733 1728 885
f 1734 1154 772
f 901 1734 748
f 1180 888 512
f 917 514 749
f 912 516 517
f 750 912 517
f 913 520 524
f 751 913 524
f 919 914 525
f 914 523 525
f 920 915 527
f 917 916 514
f 1237 912 750
f 1249 913 751
f 1275 914 919
f 1273 915 920
f 909 1199 856
f 1199 1200 1007
f 1200 1201 1008
f 1203 1202 1010
f 1204 1203 1011
f 1211 1204 1012
f 1201 1205 1009
f 1205 1206 1014
f 1210 1212 1017
f 1206 1207 1015
f 1207 1208 1016
f 1209 1210 1018
f 1208 1209 1019
f 1212 1211 1021
f 1143 1720 822
f 1746 909 1723
f 1746 1199 909
f 1747 1199 1746
f 1747 1200 1199
f 1747 1748 1200
f 1748 1201 1200
f 1203 1726 1202
f 1203 1749 1726
f 1204 1749 1203
f 1204 1750 1749
f 1211 1750 1204
f 1211 1751 1750
f 1144 1143 932
f 1145 1144 933
f 1748 1752 1201
f 1752 1205 1201
f 1752 1753 1205
f 1753 1206 1205
f 1754 1207 1206
f 1209 1755 1210
f 1754 1206 1753
f 1756 1208 1207
f 1754 1756 1207
f 1757 1209 1208
f 1757 1755 1209
f 1756 1757 1208
f 1212 1751 1211
f 1212 1758 1751
f 1210 1758 1212
f 1755 1758 1210
f 890 1745 841
f 1745 1146 841
f 1148 1727 900
f 1146 1147 842
f 1147 1759 951
f 1759 1149 951
f 1149 1150 954
f 1160 1151 958
f 1151 1148 957
f 1728 1152 805
f 1152 1153 967
f 1170 901 982
f 887 1154 806
f 1154 1176 845
f 888 1155 808
f 1150 1156 955
f 1156 1157 956
f 1157 1158 960
f 1158 1159 961
f 1159 1760 963
f 1161 1160 959
f 1162 1161 966
f 1760 1163 963
f 1164 1162 965
f 1163 1164 964
f 1153 1165 968
f 1165 1166 969
f 1166 1167 970
f 1167 1168 971
f 1168 1169 972
f 1171 1170 976
f 1175 1171 977
f 1169 1761 974
f 1761 1173 974
f 1173 1174 975
f 1174 1172 979
f 1172 1175 978
f 1176 1177 983
f 1177 1178 984
f 1178 1179 985
f 1181 1180 997
f 1182 1181 988
f 1179 1183 986
f 1184 1182 989
f 1186 1184 991
f 1185 1186 992
f 1183 1187 987
f 1187 1762 994
f 1762 1188 994
f 1188 1189 996
f 1189 1185 995
f 1155 1190 953
f 1190 1191 998
f 1191 1192 999
f 1192 1193 1000
f 1193 1194 1001
f 1194 1195 1002
f 1198 1196 1040
f 1195 1763 1004
f 1763 1197 1004
f 1197 1198 1041
f 1213 1145 1022
f 1214 1213 1023
f 1215 1214 1025
f 1764 1215 1026
f 1216 1764 1026
f 1217 1216 1027
f 1218 1217 1028
f 1219 1218 1030
f 1220 1219 1031
f 1221 1220 1032
f 1222 1221 1033
f 1223 1222 1034
f 1226 917 918
f 916 1228 861
f 1227 1226 1037
f 1232 1227 1038
f 1228 1229 1036
f 1229 1230 1042
f 1230 1231 1043
f 1196 1232 1039
f 1231 1233 1044
f 1233 1234 1045
f 1234 1235 1046
f 1235 1236 1047
f 1243 1237 1051
f 1224 1238 866
f 1238 1239 1053
f 1239 1240 1052
f 1241 1243 1059
f 1242 1241 1062
f 1236 1765 1049
f 1765 1244 1049
f 1244 1245 1050
f 1245 1242 1061
f 1240 1246 1054
f 1246 1247 1055
f 1247 1248 1056
f 1256 1249 1067
f 1248 1250 1057
f 1250 1251 1058
f 1252 1257 1069
f 1254 1252 1070
f 1251 1766 1077
f 1766 1253 1077
f 1253 1255 1078
f 1255 1254 1079
f 1257 1256 1068
f 1225 1258 867
f 1258 1259 1064
f 1259 1260 1065
f 1265 1275 1073
f 1260 1261 1066
f 1261 1262 1071
f 1262 1263 1072
f 1263 1264 1080
f 1266 1265 1074
f 1267 1266 1084
f 1271 1267 1085
f 1264 1268 1081
f 1268 1767 1083
f 1269 1271 1086
f 1767 1270 1083
f 1270 1269 1087
f 1272 1276 870
f 1276 1277 1089
f 1277 1278 1090
f 1278 1279 1091
f 1279 1280 1092
f 1281 1273 1096
f 1280 1282 1098
f 1282 1283 1099
f 1283 1284 1100
f 1284 1768 1102
f 1285 1288 1106
f 1287 1286 1103
f 1768 1287 1102
f 1286 1285 1105
f 1288 1281 1104
f 1274 1289 871
f 1289 1290 1093
f 1290 1291 1094
f 1291 1292 1095
f 1292 1297 1107
f 1303 1293 1117
f 1581 1294 875
f 1294 1295 1114
f 1295 1296 1115
f 1296 1309 1116
f 1297 1298 1108
f 1298 1299 1109
f 1299 1300 1110
f 1300 1301 1111
f 1301 1302 1113
f 1305 1303 1119
f 1302 1769 1122
f 1304 1308 1125
f 1769 1304 1122
f 1307 1305 1120
f 1308 1306 1126
f 1306 1307 1123
f 1309 1310 1127
f 1310 1311 1128
f 1311 1312 1129
f 1312 1313 1130
f 1313 1314 1131
f 1314 1315 1132
f 1316 1223 1135
f 1317 1316 1136
f 1318 1317 1137
f 1319 1318 1138
f 1320 1319 1139
f 1141 1770 1320
f 1743 1746 1723
f 1771 1747 1746
f 1749 1742 1726
f 1750 1772 1749
f 1751 1773 1750
f 1774 1748 1747
f 1775 1752 1748
f 1776 1753 1752
f 1777 1754 1753
f 1778 1755 1757
f 1758 1779 1751
f 1755 1780 1758
f 1739 1743 1723
f 1743 1771 1746
f 1771 1774 1747
f 1772 1742 1749
f 1773 1772 1750
f 1781 1743 886
f 1143 1781 886
f 1781 1771 1743
f 1742 1732 1741
f 1772 1732 1742
f 1773 1732 1772
f 1774 1775 1748
f 1775 1776 1752
f 1776 1782 1753
f 1782 1777 1753
f 1783 1778 1757
f 1779 1773 1751
f 1784 1779 1758
f 1780 1784 1758
f 1778 1780 1755
f 1781 1774 1771
f 1781 1775 1774
f 1144 1781 1143
f 1145 1781 1144
f 1776 1775 1781
f 1785 1776 1781
f 1145 1785 1781
f 1785 1782 1776
f 1785 1777 1782
f 1779 1732 1773
f 1784 1732 1779
f 1780 1732 1784
f 1778 1732 1780
f 1786 1778 1783
f 1786 1732 1778
f 1786 1744 1732
f 1787 1744 1786
f 1727 1733 899
f 1744 1759 1147
f 1148 1733 1727
f 1180 1155 888
f 1744 1149 1759
f 1744 1150 1149
f 1744 1156 1150
f 1151 1733 1148
f 1160 1733 1151
f 1161 1733 1160
f 1744 1157 1156
f 1744 1158 1157
f 1744 1159 1158
f 1744 1760 1159
f 1733 1163 1760
f 1733 1164 1163
f 1162 1733 1161
f 1733 1162 1164
f 1744 1733 1760
f 1733 1152 1728
f 1733 1153 1152
f 1733 1165 1153
f 1733 1166 1165
f 1733 1167 1166
f 1733 1168 1167
f 1733 1169 1168
f 1733 1761 1169
f 1175 1734 1171
f 1734 1175 1172
f 1174 1734 1172
f 1734 1173 1761
f 1173 1734 1174
f 1787 1733 1744
f 1787 1788 1733
f 1733 1734 1761
f 1788 1734 1733
f 1789 1734 1788
f 1170 1734 901
f 1171 1734 1170
f 1734 1176 1154
f 1734 1177 1176
f 1734 1178 1177
f 1734 1179 1178
f 1734 1183 1179
f 1184 1790 1182
f 1186 1790 1184
f 1185 1790 1186
f 1734 1187 1183
f 1790 1762 1187
f 1189 1790 1185
f 1790 1189 1188
f 1790 1188 1762
f 1181 1155 1180
f 1182 1190 1181
f 1190 1155 1181
f 1790 1190 1182
f 1790 1191 1190
f 1790 1192 1191
f 1790 1193 1192
f 1790 1194 1193
f 1790 1195 1194
f 1790 1763 1195
f 1734 1790 1187
f 1789 1790 1734
f 1789 1791 1790
f 1790 1792 1763
f 1791 1792 1790
f 1793 1756 1754
f 1783 1757 1756
f 1777 1793 1754
f 1793 1783 1756
f 1213 1785 1145
f 1214 1785 1213
f 1793 1777 1785
f 1214 1215 1785
f 1215 1764 1785
f 1786 1793 1785
f 1764 1216 1785
f 1216 1217 1785
f 1217 1218 1785
f 1218 1219 1785
f 1786 1783 1793
f 1219 1786 1785
f 1219 1787 1786
f 1220 1787 1219
f 1220 1788 1787
f 1220 1221 1788
f 1221 1789 1788
f 1221 1222 1789
f 1222 1791 1789
f 1222 1223 1791
f 1223 1794 1791
f 1228 916 917
f 1237 1224 912
f 1226 1792 917
f 1792 1228 917
f 1249 1225 913
f 1227 1792 1226
f 1232 1792 1227
f 1196 1792 1232
f 1792 1196 1198
f 1197 1792 1198
f 1792 1197 1763
f 1792 1229 1228
f 1792 1230 1229
f 1792 1231 1230
f 1792 1233 1231
f 1792 1234 1233
f 1792 1235 1234
f 1792 1236 1235
f 1792 1765 1236
f 1792 1244 1765
f 1243 1238 1237
f 1238 1224 1237
f 1243 1239 1238
f 1243 1240 1239
f 1246 1240 1243
f 1247 1246 1243
f 1248 1247 1243
f 1250 1248 1243
f 1795 1243 1241
f 1795 1245 1244
f 1242 1795 1241
f 1245 1795 1242
f 1795 1250 1243
f 1794 1792 1791
f 1792 1795 1244
f 1794 1795 1792
f 1796 1795 1794
f 1258 1225 1249
f 1259 1258 1249
f 1256 1795 1249
f 1795 1259 1249
f 1257 1795 1256
f 1795 1257 1252
f 1254 1795 1252
f 1795 1260 1259
f 1795 1261 1260
f 1795 1262 1261
f 1266 1797 1265
f 1795 1251 1250
f 1795 1766 1251
f 1795 1253 1766
f 1255 1795 1254
f 1795 1255 1253
f 1795 1263 1262
f 1264 1263 1795
f 1268 1264 1795
f 1797 1268 1795
f 1797 1767 1268
f 1267 1797 1266
f 1271 1797 1267
f 1797 1270 1767
f 1270 1797 1269
f 1797 1271 1269
f 1796 1797 1795
f 1798 1797 1796
f 1275 1272 914
f 1273 1274 915
f 1581 1380 1293
f 1276 1272 1275
f 1797 1276 1275
f 1797 1275 1265
f 1797 1277 1276
f 1797 1278 1277
f 1797 1279 1278
f 1289 1274 1273
f 1290 1289 1273
f 1799 1290 1273
f 1281 1799 1273
f 1799 1291 1290
f 1797 1280 1279
f 1282 1280 1797
f 1283 1282 1797
f 1284 1283 1797
f 1768 1284 1797
f 1287 1768 1797
f 1799 1287 1797
f 1798 1799 1797
f 1288 1799 1281
f 1287 1799 1286
f 1286 1799 1285
f 1799 1288 1285
f 1799 1292 1291
f 1799 1297 1292
f 1298 1297 1799
f 1299 1298 1799
f 1300 1299 1799
f 1798 1800 1799
f 1800 1300 1799
f 1294 1581 1293
f 1295 1294 1293
f 1303 1801 1293
f 1801 1295 1293
f 1801 1296 1295
f 1307 1801 1305
f 1306 1801 1307
f 1301 1300 1800
f 1302 1301 1800
f 1802 1302 1800
f 1802 1769 1302
f 1802 1308 1304
f 1802 1304 1769
f 1308 1802 1306
f 1305 1801 1303
f 1801 1309 1296
f 1310 1309 1801
f 1311 1310 1801
f 1802 1801 1306
f 1802 1311 1801
f 1802 1312 1311
f 1802 1313 1312
f 1802 1314 1313
f 1802 1315 1314
f 1316 1794 1223
f 1316 1796 1794
f 1316 1317 1796
f 1317 1798 1796
f 1318 1798 1317
f 1318 1800 1798
f 1318 1319 1800
f 1319 1802 1800
f 1319 1320 1802
f 1320 1803 1802
f 1770 1804 1320
f 630 915 558
f 649 782 648
f 651 1380 580
f 1401 777 1323
f 602 784 670
f 785 784 603
f 663 1381 595
f 786 785 604
f 787 786 1324
f 1382 787 1325
f 1383 1382 1326
f 1384 1383 1327
f 1385 1384 1328
f 1392 1385 1333
f 1386 1387 1329
f 1388 1386 1330
f 1389 1388 1331
f 1391 1389 1332
f 1387 1390 1335
f 1390 1403 1334
f 1404 1392 1345
f 1393 1391 1336
f 1394 1393 1337
f 1395 1394 1338
f 1396 1395 1339
f 1397 1396 1351
f 1398 1397 1352
f 1399 1398 1341
f 1400 1399 1342
f 1406 1400 1346
f 1380 1581 1321
f 1381 1582 1322
f 1403 1583 1340
f 1415 1617 1343
f 672 1408 605
f 1408 1414 1350
f 1409 1410 1353
f 1412 1411 1349
f 1413 1412 1356
f 1411 1409 1354
f 1416 1413 1357
f 1414 1424 1358
f 1410 1415 1355
f 1417 1416 1359
f 1418 1417 1360
f 1419 1418 1361
f 1420 1419 1362
f 1421 1420 1367
f 1422 1421 1368
f 1423 1422 1369
f 1425 1423 1376
f 1426 1425 1377
f 1427 1426 1374
f 1434 1429 1371
f 1430 1434 1372
f 1431 1430 1373
f 1432 1431 1365
f 1433 1432 1366
f 1435 1433 1363
f 1436 1435 1378
f 1424 1805 1379
f 1658 1436 1437
f 915 630 527
f 1401 663 777
f 782 1380 651
f 1401 1381 663
f 1382 672 787
f 1389 672 1382
f 1391 672 1389
f 1383 1388 1382
f 1384 1388 1383
f 1388 1389 1382
f 1385 1387 1384
f 1392 1390 1385
f 1387 1386 1384
f 1386 1388 1384
f 1390 1387 1385
f 1393 672 1391
f 1394 672 1393
f 1395 672 1394
f 1396 672 1395
f 1404 1390 1392
f 1400 1415 1399
f 1380 782 1293
f 1584 1381 1401
f 1404 1403 1390
f 1406 1415 1400
f 1601 1403 1404
f 1618 1415 1406
f 1413 1408 672
f 1397 672 1396
f 1398 672 1397
f 1409 1411 672
f 1411 1412 672
f 1412 1413 672
f 1410 1409 672
f 1415 672 1398
f 1415 1410 672
f 1413 1416 1408
f 1399 1415 1398
f 1416 1417 1408
f 1417 1414 1408
f 1418 1414 1417
f 1418 1419 1414
f 1419 1420 1414
f 1420 1421 1414
f 1421 1432 1414
f 1432 1433 1414
f 1433 1435 1414
f 1422 1432 1421
f 1434 1422 1423
f 1434 1430 1422
f 1430 1431 1422
f 1431 1432 1422
f 1436 1424 1414
f 1435 1436 1414
f 1630 1429 1427
f 1425 1429 1423
f 1426 1429 1425
f 1427 1429 1426
f 1429 1434 1423
f 1436 1658 1424
f 1658 1805 1424
f 1584 1401 1402
f 1601 1404 1405
f 1582 1585 1344
f 1585 1586 1438
f 1586 1593 1439
f 1587 1584 1442
f 1589 1587 1443
f 1588 1589 1444
f 1315 1806 1134
f 1806 1590 1134
f 1592 1591 1447
f 1591 1588 1445
f 1590 1592 1446
f 1593 1594 1440
f 1594 1595 1448
f 1595 1596 1449
f 1596 1597 1450
f 1597 1598 1451
f 1598 1599 1452
f 1599 1600 1453
f 1602 1608 1456
f 1583 1602 1347
f 1603 1601 1458
f 1606 1604 1466
f 1600 1807 1455
f 1807 1605 1455
f 1605 1606 1465
f 1607 1603 1461
f 1604 1607 1464
f 1608 1609 1457
f 1609 1610 1460
f 1610 1611 1467
f 1611 1612 1468
f 1612 1613 1463
f 1613 1614 1469
f 1614 1615 1470
f 1615 1616 1471
f 1618 1406 1407
f 1619 1618 1473
f 1616 1808 1487
f 1620 1619 1474
f 1621 1620 1489
f 1633 1621 1490
f 1622 1623 1477
f 1623 1624 1479
f 1624 1626 1480
f 1617 1625 1348
f 1625 1622 1476
f 1626 1627 1478
f 1627 1628 1481
f 1628 1629 1482
f 1629 1634 1492
f 1631 1630 1483
f 1639 1631 1486
f 1808 1632 1487
f 1632 1633 1491
f 1634 1635 1493
f 1635 1636 1494
f 1636 1637 1495
f 1637 1638 1496
f 1640 1639 1498
f 1642 1640 1501
f 1641 1643 1499
f 1638 1641 1497
f 1643 1642 1500
f 1630 1427 1428
f 1429 1809 1375
f 1809 1645 1375
f 1645 1646 1502
f 1646 1647 1503
f 1647 1648 1504
f 1648 1649 1505
f 1649 1650 1506
f 1652 1644 1509
f 1653 1652 1511
f 1651 1654 1510
f 1655 1656 1515
f 1654 1655 1513
f 1656 1657 1514
f 1659 1658 1517
f 1660 1659 1518
f 1661 1660 1519
f 1662 1661 1520
f 1663 1662 1521
f 1664 1663 1522
f 1665 1664 1524
f 1644 1665 1508
f 1668 1666 1527
f 1669 1667 1526
f 1667 1668 1525
f 1670 1669 1528
f 1671 1670 1529
f 1666 1651 1523
f 1805 1672 1379
f 1673 1671 1531
f 1694 1673 1532
f 1672 1674 1530
f 1650 1675 1507
f 1675 1676 1534
f 1676 1677 1535
f 1677 1678 1536
f 1678 1679 1537
f 1679 1680 1538
f 1680 1810 1540
f 1681 1653 1542
f 1683 1681 1545
f 1682 1685 1549
f 1810 1682 1540
f 1684 1683 1548
f 1685 1684 1550
f 1657 1686 1512
f 1686 1687 1516
f 1687 1688 1544
f 1688 1689 1547
f 1689 1690 1546
f 1690 1691 1551
f 1691 1692 1552
f 1692 1693 1553
f 1693 1811 1567
f 1695 1694 1556
f 1696 1695 1557
f 1698 1696 1558
f 1674 1697 1533
f 1699 1698 1559
f 1700 1699 1561
f 1701 1700 1562
f 1702 1701 1564
f 1703 1702 1569
f 1697 1704 1563
f 1704 1708 1566
f 1706 1705 1571
f 1707 1706 1568
f 1811 1707 1567
f 1705 1703 1570
f 1708 1709 1565
f 1709 1710 1572
f 1710 1711 1573
f 1812 1580 1713
f 1711 1712 1574
f 1712 1713 1579
f 1584 1582 1381
f 1601 1583 1403
f 1585 1582 1584
f 1586 1585 1584
f 1813 1586 1584
f 1587 1813 1584
f 1589 1813 1587
f 1802 1803 1315
f 1803 1806 1315
f 1588 1803 1589
f 1591 1803 1588
f 1803 1813 1589
f 1803 1590 1806
f 1590 1803 1592
f 1592 1803 1591
f 1813 1593 1586
f 1594 1593 1813
f 1595 1594 1813
f 1803 1595 1813
f 1803 1596 1595
f 1803 1597 1596
f 1803 1598 1597
f 1803 1599 1598
f 1803 1600 1599
f 1803 1807 1600
f 1602 1583 1601
f 1608 1602 1601
f 1814 1608 1601
f 1603 1814 1601
f 1607 1814 1603
f 1607 1815 1814
f 1815 1611 1814
f 1604 1815 1607
f 1815 1605 1807
f 1815 1604 1606
f 1605 1815 1606
f 1609 1608 1814
f 1610 1609 1814
f 1611 1610 1814
f 1815 1612 1611
f 1815 1613 1612
f 1815 1614 1613
f 1815 1615 1614
f 1815 1616 1615
f 1618 1617 1415
f 1620 1816 1619
f 1625 1617 1618
f 1622 1625 1618
f 1619 1624 1618
f 1623 1622 1618
f 1624 1623 1618
f 1626 1624 1619
f 1816 1626 1619
f 1816 1627 1626
f 1816 1628 1627
f 1817 1630 1631
f 1639 1817 1631
f 1818 1817 1639
f 1804 1815 1803
f 1804 1803 1320
f 1815 1807 1803
f 1804 1816 1815
f 1815 1808 1616
f 1804 1637 1816
f 1816 1808 1815
f 1633 1816 1621
f 1808 1816 1632
f 1816 1633 1632
f 1621 1816 1620
f 1816 1629 1628
f 1634 1629 1816
f 1635 1634 1816
f 1636 1635 1816
f 1637 1636 1816
f 1804 1819 1637
f 1640 1818 1639
f 1818 1640 1642
f 1819 1638 1637
f 1643 1819 1642
f 1819 1641 1638
f 1819 1643 1641
f 1819 1818 1642
f 1819 1676 1818
f 1819 1677 1676
f 1630 1809 1429
f 1652 1666 1644
f 1817 1809 1630
f 1646 1645 1817
f 1817 1645 1809
f 1647 1646 1817
f 1648 1647 1817
f 1649 1648 1817
f 1818 1649 1817
f 1818 1650 1649
f 1652 1651 1666
f 1653 1656 1652
f 1820 1657 1653
f 1654 1651 1652
f 1656 1655 1652
f 1655 1654 1652
f 1657 1656 1653
f 1659 1805 1658
f 1660 1805 1659
f 1661 1805 1660
f 1662 1805 1661
f 1664 1669 1663
f 1665 1669 1664
f 1663 1805 1662
f 1669 1805 1663
f 1670 1805 1669
f 1670 1671 1805
f 1644 1668 1665
f 1668 1667 1665
f 1667 1669 1665
f 1666 1668 1644
f 1671 1673 1805
f 1673 1672 1805
f 1694 1674 1673
f 1674 1672 1673
f 1818 1675 1650
f 1818 1676 1675
f 1819 1678 1677
f 1819 1679 1678
f 1819 1680 1679
f 1819 1810 1680
f 1819 1685 1682
f 1819 1682 1810
f 1819 1821 1685
f 1683 1820 1681
f 1681 1820 1653
f 1687 1686 1820
f 1683 1821 1820
f 1821 1688 1820
f 1821 1689 1688
f 1686 1657 1820
f 1688 1687 1820
f 1684 1821 1683
f 1685 1821 1684
f 1821 1690 1689
f 1821 1691 1690
f 1821 1692 1691
f 1821 1693 1692
f 1821 1811 1693
f 1821 1707 1811
f 1821 1822 1707
f 1695 1674 1694
f 1696 1674 1695
f 1696 1698 1674
f 1698 1699 1674
f 1699 1700 1674
f 1700 1697 1674
f 1701 1697 1700
f 1702 1708 1701
f 1704 1697 1701
f 1708 1704 1701
f 1703 1822 1702
f 1705 1822 1703
f 1822 1705 1706
f 1707 1822 1706
f 1709 1708 1702
f 1710 1709 1702
f 1711 1710 1702
f 1712 1711 1702
f 1822 1712 1702
f 1824 1812 1823
f 1823 1812 1713
f 1825 1824 1823
f 1826 1823 1713
f 1712 1826 1713
f 1826 1825 1823
f 1822 1826 1712
f 1822 1825 1826
f 1141 1142 1488
f 1141 1488 1827
f 1488 1541 1827
f 1541 1555 1827
f 1555 1575 1827
f 1827 1575 1828
f 1575 1578 1828
f 1829 1141 1827
f 1828 1829 1827
f 1578 1830 1828
f 1578 1580 1830
f 1770 1141 1829
f 1830 1829 1828
f 1824 1580 1812
f 1580 1824 1830
f 1830 1804 1770
f 1830 1770 1829
f 1819 1804 1830
f 1821 1819 1830
f 1825 1822 1821
f 1825 1821 1830
f 1824 1825 1830

